restaurant_id,date,hour,day_of_week,is_weekend,weather_type,rain_mm,temperature_c,promo_type,event_type,expected_covers,actual_covers,prediction_error
R001,2025-01-01,8,2,0,Cloudy,2.77,21.1,FestivalOffer,LocalEvent,7,9,2
R001,2025-01-01,9,2,0,Cloudy,2.77,21.1,FestivalOffer,LocalEvent,18,17,-1
R001,2025-01-01,10,2,0,Cloudy,2.77,21.1,FestivalOffer,LocalEvent,35,32,-3
R001,2025-01-01,11,2,0,Cloudy,2.77,21.1,FestivalOffer,LocalEvent,58,64,6
R001,2025-01-01,12,2,0,Cloudy,2.77,21.1,FestivalOffer,LocalEvent,77,78,1
R001,2025-01-01,13,2,0,Cloudy,2.77,21.1,FestivalOffer,LocalEvent,85,93,8
R001,2025-01-01,14,2,0,Cloudy,2.77,21.1,FestivalOffer,LocalEvent,77,67,-10
R001,2025-01-01,15,2,0,Cloudy,2.77,21.1,FestivalOffer,LocalEvent,58,65,7
R001,2025-01-01,16,2,0,Cloudy,2.77,21.1,FestivalOffer,LocalEvent,38,33,-5
R001,2025-01-01,17,2,0,Cloudy,2.77,21.1,FestivalOffer,LocalEvent,29,28,-1
R001,2025-01-01,18,2,0,Cloudy,2.77,21.1,FestivalOffer,LocalEvent,37,34,-3
R001,2025-01-01,19,2,0,Cloudy,2.77,21.1,FestivalOffer,LocalEvent,58,57,-1
R001,2025-01-01,20,2,0,Cloudy,2.77,21.1,FestivalOffer,LocalEvent,69,65,-4
R001,2025-01-01,21,2,0,Cloudy,2.77,21.1,FestivalOffer,LocalEvent,56,53,-3
R001,2025-01-01,22,2,0,Cloudy,2.77,21.1,FestivalOffer,LocalEvent,30,30,0
R001,2025-01-02,8,3,0,Storm,12.98,34.9,FestivalOffer,Festival,5,7,2
R001,2025-01-02,9,3,0,Storm,12.98,34.9,FestivalOffer,Festival,13,14,1
R001,2025-01-02,10,3,0,Storm,12.98,34.9,FestivalOffer,Festival,25,25,0
R001,2025-01-02,11,3,0,Storm,12.98,34.9,FestivalOffer,Festival,40,49,9
R001,2025-01-02,12,3,0,Storm,12.98,34.9,FestivalOffer,Festival,54,51,-3
R001,2025-01-02,13,3,0,Storm,12.98,34.9,FestivalOffer,Festival,60,60,0
R001,2025-01-02,14,3,0,Storm,12.98,34.9,FestivalOffer,Festival,54,54,0
R001,2025-01-02,15,3,0,Storm,12.98,34.9,FestivalOffer,Festival,41,41,0
R001,2025-01-02,16,3,0,Storm,12.98,34.9,FestivalOffer,Festival,27,32,5
R001,2025-01-02,17,3,0,Storm,12.98,34.9,FestivalOffer,Festival,20,20,0
R001,2025-01-02,18,3,0,Storm,12.98,34.9,FestivalOffer,Festival,26,24,-2
R001,2025-01-02,19,3,0,Storm,12.98,34.9,FestivalOffer,Festival,41,34,-7
R001,2025-01-02,20,3,0,Storm,12.98,34.9,FestivalOffer,Festival,48,35,-13
R001,2025-01-02,21,3,0,Storm,12.98,34.9,FestivalOffer,Festival,39,32,-7
R001,2025-01-02,22,3,0,Storm,12.98,34.9,FestivalOffer,Festival,21,22,1
R001,2025-01-03,8,4,0,Cloudy,1.84,26.6,WeekendDeal,Festival,8,7,-1
R001,2025-01-03,9,4,0,Cloudy,1.84,26.6,WeekendDeal,Festival,18,21,3
R001,2025-01-03,10,4,0,Cloudy,1.84,26.6,WeekendDeal,Festival,36,32,-4
R001,2025-01-03,11,4,0,Cloudy,1.84,26.6,WeekendDeal,Festival,59,66,7
R001,2025-01-03,12,4,0,Cloudy,1.84,26.6,WeekendDeal,Festival,79,97,18
R001,2025-01-03,13,4,0,Cloudy,1.84,26.6,WeekendDeal,Festival,87,91,4
R001,2025-01-03,14,4,0,Cloudy,1.84,26.6,WeekendDeal,Festival,79,98,19
R001,2025-01-03,15,4,0,Cloudy,1.84,26.6,WeekendDeal,Festival,59,66,7
R001,2025-01-03,16,4,0,Cloudy,1.84,26.6,WeekendDeal,Festival,39,34,-5
R001,2025-01-03,17,4,0,Cloudy,1.84,26.6,WeekendDeal,Festival,29,35,6
R001,2025-01-03,18,4,0,Cloudy,1.84,26.6,WeekendDeal,Festival,38,43,5
R001,2025-01-03,19,4,0,Cloudy,1.84,26.6,WeekendDeal,Festival,59,55,-4
R001,2025-01-03,20,4,0,Cloudy,1.84,26.6,WeekendDeal,Festival,70,75,5
R001,2025-01-03,21,4,0,Cloudy,1.84,26.6,WeekendDeal,Festival,57,61,4
R001,2025-01-03,22,4,0,Cloudy,1.84,26.6,WeekendDeal,Festival,31,33,2
R001,2025-01-04,8,5,1,Storm,10.55,30.4,FestivalOffer,LocalEvent,6,8,2
R001,2025-01-04,9,5,1,Storm,10.55,30.4,FestivalOffer,LocalEvent,14,18,4
R001,2025-01-04,10,5,1,Storm,10.55,30.4,FestivalOffer,LocalEvent,27,28,1
R001,2025-01-04,11,5,1,Storm,10.55,30.4,FestivalOffer,LocalEvent,44,57,13
R001,2025-01-04,12,5,1,Storm,10.55,30.4,FestivalOffer,LocalEvent,59,64,5
R001,2025-01-04,13,5,1,Storm,10.55,30.4,FestivalOffer,LocalEvent,65,79,14
R001,2025-01-04,14,5,1,Storm,10.55,30.4,FestivalOffer,LocalEvent,59,51,-8
R001,2025-01-04,15,5,1,Storm,10.55,30.4,FestivalOffer,LocalEvent,45,48,3
R001,2025-01-04,16,5,1,Storm,10.55,30.4,FestivalOffer,LocalEvent,29,35,6
R001,2025-01-04,17,5,1,Storm,10.55,30.4,FestivalOffer,LocalEvent,22,23,1
R001,2025-01-04,18,5,1,Storm,10.55,30.4,FestivalOffer,LocalEvent,29,32,3
R001,2025-01-04,19,5,1,Storm,10.55,30.4,FestivalOffer,LocalEvent,45,39,-6
R001,2025-01-04,20,5,1,Storm,10.55,30.4,FestivalOffer,LocalEvent,53,55,2
R001,2025-01-04,21,5,1,Storm,10.55,30.4,FestivalOffer,LocalEvent,43,47,4
R001,2025-01-04,22,5,1,Storm,10.55,30.4,FestivalOffer,LocalEvent,23,24,1
R001,2025-01-05,8,6,1,Rain,34.46,25.2,None,SportsMatch,6,10,4
R001,2025-01-05,9,6,1,Rain,34.46,25.2,None,SportsMatch,14,16,2
R001,2025-01-05,10,6,1,Rain,34.46,25.2,None,SportsMatch,28,25,-3
R001,2025-01-05,11,6,1,Rain,34.46,25.2,None,SportsMatch,46,48,2
R001,2025-01-05,12,6,1,Rain,34.46,25.2,None,SportsMatch,61,55,-6
R001,2025-01-05,13,6,1,Rain,34.46,25.2,None,SportsMatch,68,63,-5
R001,2025-01-05,14,6,1,Rain,34.46,25.2,None,SportsMatch,62,58,-4
R001,2025-01-05,15,6,1,Rain,34.46,25.2,None,SportsMatch,46,50,4
R001,2025-01-05,16,6,1,Rain,34.46,25.2,None,SportsMatch,30,33,3
R001,2025-01-05,17,6,1,Rain,34.46,25.2,None,SportsMatch,23,22,-1
R001,2025-01-05,18,6,1,Rain,34.46,25.2,None,SportsMatch,30,35,5
R001,2025-01-05,19,6,1,Rain,34.46,25.2,None,SportsMatch,46,34,-12
R001,2025-01-05,20,6,1,Rain,34.46,25.2,None,SportsMatch,55,49,-6
R001,2025-01-05,21,6,1,Rain,34.46,25.2,None,SportsMatch,44,47,3
R001,2025-01-05,22,6,1,Rain,34.46,25.2,None,SportsMatch,24,22,-2
R001,2025-01-06,8,0,0,Storm,5.27,20.9,HappyHour,LocalEvent,4,4,0
R001,2025-01-06,9,0,0,Storm,5.27,20.9,HappyHour,LocalEvent,11,13,2
R001,2025-01-06,10,0,0,Storm,5.27,20.9,HappyHour,LocalEvent,21,23,2
R001,2025-01-06,11,0,0,Storm,5.27,20.9,HappyHour,LocalEvent,34,43,9
R001,2025-01-06,12,0,0,Storm,5.27,20.9,HappyHour,LocalEvent,46,50,4
R001,2025-01-06,13,0,0,Storm,5.27,20.9,HappyHour,LocalEvent,51,41,-10
R001,2025-01-06,14,0,0,Storm,5.27,20.9,HappyHour,LocalEvent,46,47,1
R001,2025-01-06,15,0,0,Storm,5.27,20.9,HappyHour,LocalEvent,35,44,9
R001,2025-01-06,16,0,0,Storm,5.27,20.9,HappyHour,LocalEvent,23,22,-1
R001,2025-01-06,17,0,0,Storm,5.27,20.9,HappyHour,LocalEvent,17,20,3
R001,2025-01-06,18,0,0,Storm,5.27,20.9,HappyHour,LocalEvent,22,23,1
R001,2025-01-06,19,0,0,Storm,5.27,20.9,HappyHour,LocalEvent,35,34,-1
R001,2025-01-06,20,0,0,Storm,5.27,20.9,HappyHour,LocalEvent,41,43,2
R001,2025-01-06,21,0,0,Storm,5.27,20.9,HappyHour,LocalEvent,33,27,-6
R001,2025-01-06,22,0,0,Storm,5.27,20.9,HappyHour,LocalEvent,18,11,-7
R001,2025-01-07,8,1,0,Storm,10.32,33.8,HappyHour,Festival,5,5,0
R001,2025-01-07,9,1,0,Storm,10.32,33.8,HappyHour,Festival,11,13,2
R001,2025-01-07,10,1,0,Storm,10.32,33.8,HappyHour,Festival,23,23,0
R001,2025-01-07,11,1,0,Storm,10.32,33.8,HappyHour,Festival,37,39,2
R001,2025-01-07,12,1,0,Storm,10.32,33.8,HappyHour,Festival,50,40,-10
R001,2025-01-07,13,1,0,Storm,10.32,33.8,HappyHour,Festival,55,63,8
R001,2025-01-07,14,1,0,Storm,10.32,33.8,HappyHour,Festival,50,48,-2
R001,2025-01-07,15,1,0,Storm,10.32,33.8,HappyHour,Festival,37,39,2
R001,2025-01-07,16,1,0,Storm,10.32,33.8,HappyHour,Festival,24,25,1
R001,2025-01-07,17,1,0,Storm,10.32,33.8,HappyHour,Festival,18,20,2
R001,2025-01-07,18,1,0,Storm,10.32,33.8,HappyHour,Festival,24,25,1
R001,2025-01-07,19,1,0,Storm,10.32,33.8,HappyHour,Festival,37,45,8
R001,2025-01-07,20,1,0,Storm,10.32,33.8,HappyHour,Festival,44,37,-7
R001,2025-01-07,21,1,0,Storm,10.32,33.8,HappyHour,Festival,36,36,0
R001,2025-01-07,22,1,0,Storm,10.32,33.8,HappyHour,Festival,19,22,3
R001,2025-01-08,8,2,0,Cloudy,1.01,29.8,HappyHour,None,6,2,-4
R001,2025-01-08,9,2,0,Cloudy,1.01,29.8,HappyHour,None,15,15,0
R001,2025-01-08,10,2,0,Cloudy,1.01,29.8,HappyHour,None,30,34,4
R001,2025-01-08,11,2,0,Cloudy,1.01,29.8,HappyHour,None,49,43,-6
R001,2025-01-08,12,2,0,Cloudy,1.01,29.8,HappyHour,None,66,67,1
R001,2025-01-08,13,2,0,Cloudy,1.01,29.8,HappyHour,None,73,78,5
R001,2025-01-08,14,2,0,Cloudy,1.01,29.8,HappyHour,None,66,55,-11
R001,2025-01-08,15,2,0,Cloudy,1.01,29.8,HappyHour,None,50,38,-12
R001,2025-01-08,16,2,0,Cloudy,1.01,29.8,HappyHour,None,32,33,1
R001,2025-01-08,17,2,0,Cloudy,1.01,29.8,HappyHour,None,24,18,-6
R001,2025-01-08,18,2,0,Cloudy,1.01,29.8,HappyHour,None,32,29,-3
R001,2025-01-08,19,2,0,Cloudy,1.01,29.8,HappyHour,None,50,58,8
R001,2025-01-08,20,2,0,Cloudy,1.01,29.8,HappyHour,None,59,52,-7
R001,2025-01-08,21,2,0,Cloudy,1.01,29.8,HappyHour,None,48,49,1
R001,2025-01-08,22,2,0,Cloudy,1.01,29.8,HappyHour,None,26,26,0
R001,2025-01-09,8,3,0,Clear,3.01,28.8,HappyHour,LocalEvent,7,7,0
R001,2025-01-09,9,3,0,Clear,3.01,28.8,HappyHour,LocalEvent,16,17,1
R001,2025-01-09,10,3,0,Clear,3.01,28.8,HappyHour,LocalEvent,32,30,-2
R001,2025-01-09,11,3,0,Clear,3.01,28.8,HappyHour,LocalEvent,53,59,6
R001,2025-01-09,12,3,0,Clear,3.01,28.8,HappyHour,LocalEvent,71,57,-14
R001,2025-01-09,13,3,0,Clear,3.01,28.8,HappyHour,LocalEvent,78,68,-10
R001,2025-01-09,14,3,0,Clear,3.01,28.8,HappyHour,LocalEvent,71,43,-28
R001,2025-01-09,15,3,0,Clear,3.01,28.8,HappyHour,LocalEvent,53,63,10
R001,2025-01-09,16,3,0,Clear,3.01,28.8,HappyHour,LocalEvent,35,38,3
R001,2025-01-09,17,3,0,Clear,3.01,28.8,HappyHour,LocalEvent,26,26,0
R001,2025-01-09,18,3,0,Clear,3.01,28.8,HappyHour,LocalEvent,34,41,7
R001,2025-01-09,19,3,0,Clear,3.01,28.8,HappyHour,LocalEvent,53,39,-14
R001,2025-01-09,20,3,0,Clear,3.01,28.8,HappyHour,LocalEvent,63,56,-7
R001,2025-01-09,21,3,0,Clear,3.01,28.8,HappyHour,LocalEvent,51,52,1
R001,2025-01-09,22,3,0,Clear,3.01,28.8,HappyHour,LocalEvent,27,30,3
R001,2025-01-10,8,4,0,Rain,0.84,29.4,WeekendDeal,SportsMatch,6,3,-3
R001,2025-01-10,9,4,0,Rain,0.84,29.4,WeekendDeal,SportsMatch,13,15,2
R001,2025-01-10,10,4,0,Rain,0.84,29.4,WeekendDeal,SportsMatch,27,31,4
R001,2025-01-10,11,4,0,Rain,0.84,29.4,WeekendDeal,SportsMatch,44,43,-1
R001,2025-01-10,12,4,0,Rain,0.84,29.4,WeekendDeal,SportsMatch,58,61,3
R001,2025-01-10,13,4,0,Rain,0.84,29.4,WeekendDeal,SportsMatch,64,67,3
R001,2025-01-10,14,4,0,Rain,0.84,29.4,WeekendDeal,SportsMatch,58,55,-3
R001,2025-01-10,15,4,0,Rain,0.84,29.4,WeekendDeal,SportsMatch,44,53,9
R001,2025-01-10,16,4,0,Rain,0.84,29.4,WeekendDeal,SportsMatch,29,29,0
R001,2025-01-10,17,4,0,Rain,0.84,29.4,WeekendDeal,SportsMatch,22,13,-9
R001,2025-01-10,18,4,0,Rain,0.84,29.4,WeekendDeal,SportsMatch,28,29,1
R001,2025-01-10,19,4,0,Rain,0.84,29.4,WeekendDeal,SportsMatch,44,56,12
R001,2025-01-10,20,4,0,Rain,0.84,29.4,WeekendDeal,SportsMatch,52,50,-2
R001,2025-01-10,21,4,0,Rain,0.84,29.4,WeekendDeal,SportsMatch,42,45,3
R001,2025-01-10,22,4,0,Rain,0.84,29.4,WeekendDeal,SportsMatch,23,31,8
R001,2025-01-11,8,5,1,Clear,4.06,29.1,WeekendDeal,Festival,9,6,-3
R001,2025-01-11,9,5,1,Clear,4.06,29.1,WeekendDeal,Festival,22,15,-7
R001,2025-01-11,10,5,1,Clear,4.06,29.1,WeekendDeal,Festival,43,46,3
R001,2025-01-11,11,5,1,Clear,4.06,29.1,WeekendDeal,Festival,69,55,-14
R001,2025-01-11,12,5,1,Clear,4.06,29.1,WeekendDeal,Festival,93,88,-5
R001,2025-01-11,13,5,1,Clear,4.06,29.1,WeekendDeal,Festival,103,93,-10
R001,2025-01-11,14,5,1,Clear,4.06,29.1,WeekendDeal,Festival,93,121,28
R001,2025-01-11,15,5,1,Clear,4.06,29.1,WeekendDeal,Festival,70,72,2
R001,2025-01-11,16,5,1,Clear,4.06,29.1,WeekendDeal,Festival,46,44,-2
R001,2025-01-11,17,5,1,Clear,4.06,29.1,WeekendDeal,Festival,34,37,3
R001,2025-01-11,18,5,1,Clear,4.06,29.1,WeekendDeal,Festival,45,50,5
R001,2025-01-11,19,5,1,Clear,4.06,29.1,WeekendDeal,Festival,70,69,-1
R001,2025-01-11,20,5,1,Clear,4.06,29.1,WeekendDeal,Festival,83,63,-20
R001,2025-01-11,21,5,1,Clear,4.06,29.1,WeekendDeal,Festival,67,75,8
R001,2025-01-11,22,5,1,Clear,4.06,29.1,WeekendDeal,Festival,36,31,-5
R001,2025-01-12,8,6,1,Storm,4.73,37.0,WeekendDeal,Festival,6,7,1
R001,2025-01-12,9,6,1,Storm,4.73,37.0,WeekendDeal,Festival,14,16,2
R001,2025-01-12,10,6,1,Storm,4.73,37.0,WeekendDeal,Festival,28,33,5
R001,2025-01-12,11,6,1,Storm,4.73,37.0,WeekendDeal,Festival,45,33,-12
R001,2025-01-12,12,6,1,Storm,4.73,37.0,WeekendDeal,Festival,61,57,-4
R001,2025-01-12,13,6,1,Storm,4.73,37.0,WeekendDeal,Festival,67,60,-7
R001,2025-01-12,14,6,1,Storm,4.73,37.0,WeekendDeal,Festival,61,65,4
R001,2025-01-12,15,6,1,Storm,4.73,37.0,WeekendDeal,Festival,45,57,12
R001,2025-01-12,16,6,1,Storm,4.73,37.0,WeekendDeal,Festival,30,30,0
R001,2025-01-12,17,6,1,Storm,4.73,37.0,WeekendDeal,Festival,22,23,1
R001,2025-01-12,18,6,1,Storm,4.73,37.0,WeekendDeal,Festival,29,26,-3
R001,2025-01-12,19,6,1,Storm,4.73,37.0,WeekendDeal,Festival,45,34,-11
R001,2025-01-12,20,6,1,Storm,4.73,37.0,WeekendDeal,Festival,54,73,19
R001,2025-01-12,21,6,1,Storm,4.73,37.0,WeekendDeal,Festival,44,46,2
R001,2025-01-12,22,6,1,Storm,4.73,37.0,WeekendDeal,Festival,23,15,-8
R001,2025-01-13,8,0,0,Clear,0.68,32.5,FestivalOffer,None,7,5,-2
R001,2025-01-13,9,0,0,Clear,0.68,32.5,FestivalOffer,None,17,15,-2
R001,2025-01-13,10,0,0,Clear,0.68,32.5,FestivalOffer,None,33,41,8
R001,2025-01-13,11,0,0,Clear,0.68,32.5,FestivalOffer,None,54,61,7
R001,2025-01-13,12,0,0,Clear,0.68,32.5,FestivalOffer,None,72,55,-17
R001,2025-01-13,13,0,0,Clear,0.68,32.5,FestivalOffer,None,80,58,-22
R001,2025-01-13,14,0,0,Clear,0.68,32.5,FestivalOffer,None,72,77,5
R001,2025-01-13,15,0,0,Clear,0.68,32.5,FestivalOffer,None,54,54,0
R001,2025-01-13,16,0,0,Clear,0.68,32.5,FestivalOffer,None,35,33,-2
R001,2025-01-13,17,0,0,Clear,0.68,32.5,FestivalOffer,None,27,32,5
R001,2025-01-13,18,0,0,Clear,0.68,32.5,FestivalOffer,None,35,34,-1
R001,2025-01-13,19,0,0,Clear,0.68,32.5,FestivalOffer,None,54,56,2
R001,2025-01-13,20,0,0,Clear,0.68,32.5,FestivalOffer,None,64,50,-14
R001,2025-01-13,21,0,0,Clear,0.68,32.5,FestivalOffer,None,52,47,-5
R001,2025-01-13,22,0,0,Clear,0.68,32.5,FestivalOffer,None,28,32,4
R001,2025-01-14,8,1,0,Rain,33.32,20.2,FestivalOffer,None,5,5,0
R001,2025-01-14,9,1,0,Rain,33.32,20.2,FestivalOffer,None,13,15,2
R001,2025-01-14,10,1,0,Rain,33.32,20.2,FestivalOffer,None,26,30,4
R001,2025-01-14,11,1,0,Rain,33.32,20.2,FestivalOffer,None,42,47,5
R001,2025-01-14,12,1,0,Rain,33.32,20.2,FestivalOffer,None,56,69,13
R001,2025-01-14,13,1,0,Rain,33.32,20.2,FestivalOffer,None,62,51,-11
R001,2025-01-14,14,1,0,Rain,33.32,20.2,FestivalOffer,None,56,73,17
R001,2025-01-14,15,1,0,Rain,33.32,20.2,FestivalOffer,None,42,48,6
R001,2025-01-14,16,1,0,Rain,33.32,20.2,FestivalOffer,None,28,27,-1
R001,2025-01-14,17,1,0,Rain,33.32,20.2,FestivalOffer,None,21,20,-1
R001,2025-01-14,18,1,0,Rain,33.32,20.2,FestivalOffer,None,27,28,1
R001,2025-01-14,19,1,0,Rain,33.32,20.2,FestivalOffer,None,42,37,-5
R001,2025-01-14,20,1,0,Rain,33.32,20.2,FestivalOffer,None,50,54,4
R001,2025-01-14,21,1,0,Rain,33.32,20.2,FestivalOffer,None,41,38,-3
R001,2025-01-14,22,1,0,Rain,33.32,20.2,FestivalOffer,None,22,26,4
R001,2025-01-15,8,2,0,Rain,4.58,34.5,None,Festival,5,4,-1
R001,2025-01-15,9,2,0,Rain,4.58,34.5,None,Festival,13,14,1
R001,2025-01-15,10,2,0,Rain,4.58,34.5,None,Festival,25,24,-1
R001,2025-01-15,11,2,0,Rain,4.58,34.5,None,Festival,41,41,0
R001,2025-01-15,12,2,0,Rain,4.58,34.5,None,Festival,55,56,1
R001,2025-01-15,13,2,0,Rain,4.58,34.5,None,Festival,61,63,2
R001,2025-01-15,14,2,0,Rain,4.58,34.5,None,Festival,55,48,-7
R001,2025-01-15,15,2,0,Rain,4.58,34.5,None,Festival,41,39,-2
R001,2025-01-15,16,2,0,Rain,4.58,34.5,None,Festival,27,29,2
R001,2025-01-15,17,2,0,Rain,4.58,34.5,None,Festival,20,21,1
R001,2025-01-15,18,2,0,Rain,4.58,34.5,None,Festival,27,28,1
R001,2025-01-15,19,2,0,Rain,4.58,34.5,None,Festival,41,39,-2
R001,2025-01-15,20,2,0,Rain,4.58,34.5,None,Festival,49,58,9
R001,2025-01-15,21,2,0,Rain,4.58,34.5,None,Festival,40,34,-6
R001,2025-01-15,22,2,0,Rain,4.58,34.5,None,Festival,21,18,-3
R001,2025-01-16,8,3,0,Clear,3.86,26.8,None,SportsMatch,6,7,1
R001,2025-01-16,9,3,0,Clear,3.86,26.8,None,SportsMatch,15,17,2
R001,2025-01-16,10,3,0,Clear,3.86,26.8,None,SportsMatch,31,31,0
R001,2025-01-16,11,3,0,Clear,3.86,26.8,None,SportsMatch,50,42,-8
R001,2025-01-16,12,3,0,Clear,3.86,26.8,None,SportsMatch,67,56,-11
R001,2025-01-16,13,3,0,Clear,3.86,26.8,None,SportsMatch,74,64,-10
R001,2025-01-16,14,3,0,Clear,3.86,26.8,None,SportsMatch,67,61,-6
R001,2025-01-16,15,3,0,Clear,3.86,26.8,None,SportsMatch,50,55,5
R001,2025-01-16,16,3,0,Clear,3.86,26.8,None,SportsMatch,33,36,3
R001,2025-01-16,17,3,0,Clear,3.86,26.8,None,SportsMatch,25,27,2
R001,2025-01-16,18,3,0,Clear,3.86,26.8,None,SportsMatch,32,36,4
R001,2025-01-16,19,3,0,Clear,3.86,26.8,None,SportsMatch,50,59,9
R001,2025-01-16,20,3,0,Clear,3.86,26.8,None,SportsMatch,60,80,20
R001,2025-01-16,21,3,0,Clear,3.86,26.8,None,SportsMatch,48,56,8
R001,2025-01-16,22,3,0,Clear,3.86,26.8,None,SportsMatch,26,23,-3
R001,2025-01-17,8,4,0,Clear,2.98,34.3,HappyHour,Festival,7,7,0
R001,2025-01-17,9,4,0,Clear,2.98,34.3,HappyHour,Festival,18,22,4
R001,2025-01-17,10,4,0,Clear,2.98,34.3,HappyHour,Festival,35,41,6
R001,2025-01-17,11,4,0,Clear,2.98,34.3,HappyHour,Festival,57,71,14
R001,2025-01-17,12,4,0,Clear,2.98,34.3,HappyHour,Festival,76,73,-3
R001,2025-01-17,13,4,0,Clear,2.98,34.3,HappyHour,Festival,84,92,8
R001,2025-01-17,14,4,0,Clear,2.98,34.3,HappyHour,Festival,76,66,-10
R001,2025-01-17,15,4,0,Clear,2.98,34.3,HappyHour,Festival,57,65,8
R001,2025-01-17,16,4,0,Clear,2.98,34.3,HappyHour,Festival,37,39,2
R001,2025-01-17,17,4,0,Clear,2.98,34.3,HappyHour,Festival,28,22,-6
R001,2025-01-17,18,4,0,Clear,2.98,34.3,HappyHour,Festival,37,27,-10
R001,2025-01-17,19,4,0,Clear,2.98,34.3,HappyHour,Festival,57,52,-5
R001,2025-01-17,20,4,0,Clear,2.98,34.3,HappyHour,Festival,68,66,-2
R001,2025-01-17,21,4,0,Clear,2.98,34.3,HappyHour,Festival,55,54,-1
R001,2025-01-17,22,4,0,Clear,2.98,34.3,HappyHour,Festival,29,27,-2
R001,2025-01-18,8,5,1,Clear,2.72,29.0,FestivalOffer,SportsMatch,9,9,0
R001,2025-01-18,9,5,1,Clear,2.72,29.0,FestivalOffer,SportsMatch,21,23,2
R001,2025-01-18,10,5,1,Clear,2.72,29.0,FestivalOffer,SportsMatch,43,39,-4
R001,2025-01-18,11,5,1,Clear,2.72,29.0,FestivalOffer,SportsMatch,69,84,15
R001,2025-01-18,12,5,1,Clear,2.72,29.0,FestivalOffer,SportsMatch,93,90,-3
R001,2025-01-18,13,5,1,Clear,2.72,29.0,FestivalOffer,SportsMatch,103,95,-8
R001,2025-01-18,14,5,1,Clear,2.72,29.0,FestivalOffer,SportsMatch,93,81,-12
R001,2025-01-18,15,5,1,Clear,2.72,29.0,FestivalOffer,SportsMatch,70,67,-3
R001,2025-01-18,16,5,1,Clear,2.72,29.0,FestivalOffer,SportsMatch,46,49,3
R001,2025-01-18,17,5,1,Clear,2.72,29.0,FestivalOffer,SportsMatch,34,23,-11
R001,2025-01-18,18,5,1,Clear,2.72,29.0,FestivalOffer,SportsMatch,45,56,11
R001,2025-01-18,19,5,1,Clear,2.72,29.0,FestivalOffer,SportsMatch,70,94,24
R001,2025-01-18,20,5,1,Clear,2.72,29.0,FestivalOffer,SportsMatch,83,71,-12
R001,2025-01-18,21,5,1,Clear,2.72,29.0,FestivalOffer,SportsMatch,67,72,5
R001,2025-01-18,22,5,1,Clear,2.72,29.0,FestivalOffer,SportsMatch,36,48,12
R001,2025-01-19,8,6,1,Storm,30.48,32.4,WeekendDeal,None,5,6,1
R001,2025-01-19,9,6,1,Storm,30.48,32.4,WeekendDeal,None,12,11,-1
R001,2025-01-19,10,6,1,Storm,30.48,32.4,WeekendDeal,None,24,21,-3
R001,2025-01-19,11,6,1,Storm,30.48,32.4,WeekendDeal,None,39,33,-6
R001,2025-01-19,12,6,1,Storm,30.48,32.4,WeekendDeal,None,53,51,-2
R001,2025-01-19,13,6,1,Storm,30.48,32.4,WeekendDeal,None,58,56,-2
R001,2025-01-19,14,6,1,Storm,30.48,32.4,WeekendDeal,None,53,51,-2
R001,2025-01-19,15,6,1,Storm,30.48,32.4,WeekendDeal,None,40,48,8
R001,2025-01-19,16,6,1,Storm,30.48,32.4,WeekendDeal,None,26,30,4
R001,2025-01-19,17,6,1,Storm,30.48,32.4,WeekendDeal,None,19,21,2
R001,2025-01-19,18,6,1,Storm,30.48,32.4,WeekendDeal,None,25,25,0
R001,2025-01-19,19,6,1,Storm,30.48,32.4,WeekendDeal,None,39,40,1
R001,2025-01-19,20,6,1,Storm,30.48,32.4,WeekendDeal,None,47,48,1
R001,2025-01-19,21,6,1,Storm,30.48,32.4,WeekendDeal,None,38,31,-7
R001,2025-01-19,22,6,1,Storm,30.48,32.4,WeekendDeal,None,20,19,-1
R001,2025-01-20,8,0,0,Rain,2.25,33.8,HappyHour,LocalEvent,5,5,0
R001,2025-01-20,9,0,0,Rain,2.25,33.8,HappyHour,LocalEvent,13,12,-1
R001,2025-01-20,10,0,0,Rain,2.25,33.8,HappyHour,LocalEvent,25,23,-2
R001,2025-01-20,11,0,0,Rain,2.25,33.8,HappyHour,LocalEvent,41,52,11
R001,2025-01-20,12,0,0,Rain,2.25,33.8,HappyHour,LocalEvent,55,52,-3
R001,2025-01-20,13,0,0,Rain,2.25,33.8,HappyHour,LocalEvent,61,69,8
R001,2025-01-20,14,0,0,Rain,2.25,33.8,HappyHour,LocalEvent,55,70,15
R001,2025-01-20,15,0,0,Rain,2.25,33.8,HappyHour,LocalEvent,42,36,-6
R001,2025-01-20,16,0,0,Rain,2.25,33.8,HappyHour,LocalEvent,27,26,-1
R001,2025-01-20,17,0,0,Rain,2.25,33.8,HappyHour,LocalEvent,20,18,-2
R001,2025-01-20,18,0,0,Rain,2.25,33.8,HappyHour,LocalEvent,27,24,-3
R001,2025-01-20,19,0,0,Rain,2.25,33.8,HappyHour,LocalEvent,41,45,4
R001,2025-01-20,20,0,0,Rain,2.25,33.8,HappyHour,LocalEvent,49,49,0
R001,2025-01-20,21,0,0,Rain,2.25,33.8,HappyHour,LocalEvent,40,27,-13
R001,2025-01-20,22,0,0,Rain,2.25,33.8,HappyHour,LocalEvent,21,23,2
R001,2025-01-21,8,1,0,Cloudy,4.9,21.8,WeekendDeal,None,7,9,2
R001,2025-01-21,9,1,0,Cloudy,4.9,21.8,WeekendDeal,None,16,20,4
R001,2025-01-21,10,1,0,Cloudy,4.9,21.8,WeekendDeal,None,31,33,2
R001,2025-01-21,11,1,0,Cloudy,4.9,21.8,WeekendDeal,None,51,32,-19
R001,2025-01-21,12,1,0,Cloudy,4.9,21.8,WeekendDeal,None,69,56,-13
R001,2025-01-21,13,1,0,Cloudy,4.9,21.8,WeekendDeal,None,76,68,-8
R001,2025-01-21,14,1,0,Cloudy,4.9,21.8,WeekendDeal,None,69,70,1
R001,2025-01-21,15,1,0,Cloudy,4.9,21.8,WeekendDeal,None,52,70,18
R001,2025-01-21,16,1,0,Cloudy,4.9,21.8,WeekendDeal,None,34,41,7
R001,2025-01-21,17,1,0,Cloudy,4.9,21.8,WeekendDeal,None,25,25,0
R001,2025-01-21,18,1,0,Cloudy,4.9,21.8,WeekendDeal,None,33,31,-2
R001,2025-01-21,19,1,0,Cloudy,4.9,21.8,WeekendDeal,None,52,37,-15
R001,2025-01-21,20,1,0,Cloudy,4.9,21.8,WeekendDeal,None,61,62,1
R001,2025-01-21,21,1,0,Cloudy,4.9,21.8,WeekendDeal,None,49,45,-4
R001,2025-01-21,22,1,0,Cloudy,4.9,21.8,WeekendDeal,None,27,27,0
R001,2025-01-22,8,2,0,Rain,24.91,35.5,None,None,5,3,-2
R001,2025-01-22,9,2,0,Rain,24.91,35.5,None,None,11,11,0
R001,2025-01-22,10,2,0,Rain,24.91,35.5,None,None,22,25,3
R001,2025-01-22,11,2,0,Rain,24.91,35.5,None,None,36,43,7
R001,2025-01-22,12,2,0,Rain,24.91,35.5,None,None,48,56,8
R001,2025-01-22,13,2,0,Rain,24.91,35.5,None,None,53,55,2
R001,2025-01-22,14,2,0,Rain,24.91,35.5,None,None,48,47,-1
R001,2025-01-22,15,2,0,Rain,24.91,35.5,None,None,36,37,1
R001,2025-01-22,16,2,0,Rain,24.91,35.5,None,None,23,21,-2
R001,2025-01-22,17,2,0,Rain,24.91,35.5,None,None,18,19,1
R001,2025-01-22,18,2,0,Rain,24.91,35.5,None,None,23,22,-1
R001,2025-01-22,19,2,0,Rain,24.91,35.5,None,None,36,31,-5
R001,2025-01-22,20,2,0,Rain,24.91,35.5,None,None,43,34,-9
R001,2025-01-22,21,2,0,Rain,24.91,35.5,None,None,34,36,2
R001,2025-01-22,22,2,0,Rain,24.91,35.5,None,None,18,21,3
R001,2025-01-23,8,3,0,Storm,33.82,33.6,HappyHour,None,4,1,-3
R001,2025-01-23,9,3,0,Storm,33.82,33.6,HappyHour,None,10,7,-3
R001,2025-01-23,10,3,0,Storm,33.82,33.6,HappyHour,None,20,19,-1
R001,2025-01-23,11,3,0,Storm,33.82,33.6,HappyHour,None,32,28,-4
R001,2025-01-23,12,3,0,Storm,33.82,33.6,HappyHour,None,43,49,6
R001,2025-01-23,13,3,0,Storm,33.82,33.6,HappyHour,None,47,49,2
R001,2025-01-23,14,3,0,Storm,33.82,33.6,HappyHour,None,43,45,2
R001,2025-01-23,15,3,0,Storm,33.82,33.6,HappyHour,None,32,28,-4
R001,2025-01-23,16,3,0,Storm,33.82,33.6,HappyHour,None,21,24,3
R001,2025-01-23,17,3,0,Storm,33.82,33.6,HappyHour,None,16,19,3
R001,2025-01-23,18,3,0,Storm,33.82,33.6,HappyHour,None,21,20,-1
R001,2025-01-23,19,3,0,Storm,33.82,33.6,HappyHour,None,32,32,0
R001,2025-01-23,20,3,0,Storm,33.82,33.6,HappyHour,None,38,56,18
R001,2025-01-23,21,3,0,Storm,33.82,33.6,HappyHour,None,31,34,3
R001,2025-01-23,22,3,0,Storm,33.82,33.6,HappyHour,None,17,20,3
R001,2025-01-24,8,4,0,Cloudy,4.39,26.1,WeekendDeal,SportsMatch,7,8,1
R001,2025-01-24,9,4,0,Cloudy,4.39,26.1,WeekendDeal,SportsMatch,17,15,-2
R001,2025-01-24,10,4,0,Cloudy,4.39,26.1,WeekendDeal,SportsMatch,34,44,10
R001,2025-01-24,11,4,0,Cloudy,4.39,26.1,WeekendDeal,SportsMatch,56,52,-4
R001,2025-01-24,12,4,0,Cloudy,4.39,26.1,WeekendDeal,SportsMatch,75,65,-10
R001,2025-01-24,13,4,0,Cloudy,4.39,26.1,WeekendDeal,SportsMatch,83,96,13
R001,2025-01-24,14,4,0,Cloudy,4.39,26.1,WeekendDeal,SportsMatch,75,81,6
R001,2025-01-24,15,4,0,Cloudy,4.39,26.1,WeekendDeal,SportsMatch,56,53,-3
R001,2025-01-24,16,4,0,Cloudy,4.39,26.1,WeekendDeal,SportsMatch,37,37,0
R001,2025-01-24,17,4,0,Cloudy,4.39,26.1,WeekendDeal,SportsMatch,28,30,2
R001,2025-01-24,18,4,0,Cloudy,4.39,26.1,WeekendDeal,SportsMatch,36,29,-7
R001,2025-01-24,19,4,0,Cloudy,4.39,26.1,WeekendDeal,SportsMatch,56,56,0
R001,2025-01-24,20,4,0,Cloudy,4.39,26.1,WeekendDeal,SportsMatch,67,62,-5
R001,2025-01-24,21,4,0,Cloudy,4.39,26.1,WeekendDeal,SportsMatch,54,47,-7
R001,2025-01-24,22,4,0,Cloudy,4.39,26.1,WeekendDeal,SportsMatch,29,23,-6
R001,2025-01-25,8,5,1,Storm,28.21,21.6,None,SportsMatch,5,4,-1
R001,2025-01-25,9,5,1,Storm,28.21,21.6,None,SportsMatch,12,12,0
R001,2025-01-25,10,5,1,Storm,28.21,21.6,None,SportsMatch,23,20,-3
R001,2025-01-25,11,5,1,Storm,28.21,21.6,None,SportsMatch,38,37,-1
R001,2025-01-25,12,5,1,Storm,28.21,21.6,None,SportsMatch,51,58,7
R001,2025-01-25,13,5,1,Storm,28.21,21.6,None,SportsMatch,56,51,-5
R001,2025-01-25,14,5,1,Storm,28.21,21.6,None,SportsMatch,51,59,8
R001,2025-01-25,15,5,1,Storm,28.21,21.6,None,SportsMatch,38,33,-5
R001,2025-01-25,16,5,1,Storm,28.21,21.6,None,SportsMatch,25,28,3
R001,2025-01-25,17,5,1,Storm,28.21,21.6,None,SportsMatch,19,19,0
R001,2025-01-25,18,5,1,Storm,28.21,21.6,None,SportsMatch,25,27,2
R001,2025-01-25,19,5,1,Storm,28.21,21.6,None,SportsMatch,38,39,1
R001,2025-01-25,20,5,1,Storm,28.21,21.6,None,SportsMatch,46,43,-3
R001,2025-01-25,21,5,1,Storm,28.21,21.6,None,SportsMatch,37,50,13
R001,2025-01-25,22,5,1,Storm,28.21,21.6,None,SportsMatch,20,22,2
R001,2025-01-26,8,6,1,Rain,29.98,29.2,HappyHour,Festival,7,11,4
R001,2025-01-26,9,6,1,Rain,29.98,29.2,HappyHour,Festival,16,16,0
R001,2025-01-26,10,6,1,Rain,29.98,29.2,HappyHour,Festival,32,35,3
R001,2025-01-26,11,6,1,Rain,29.98,29.2,HappyHour,Festival,52,47,-5
R001,2025-01-26,12,6,1,Rain,29.98,29.2,HappyHour,Festival,70,73,3
R001,2025-01-26,13,6,1,Rain,29.98,29.2,HappyHour,Festival,77,55,-22
R001,2025-01-26,14,6,1,Rain,29.98,29.2,HappyHour,Festival,70,57,-13
R001,2025-01-26,15,6,1,Rain,29.98,29.2,HappyHour,Festival,53,52,-1
R001,2025-01-26,16,6,1,Rain,29.98,29.2,HappyHour,Festival,34,34,0
R001,2025-01-26,17,6,1,Rain,29.98,29.2,HappyHour,Festival,26,26,0
R001,2025-01-26,18,6,1,Rain,29.98,29.2,HappyHour,Festival,34,37,3
R001,2025-01-26,19,6,1,Rain,29.98,29.2,HappyHour,Festival,53,54,1
R001,2025-01-26,20,6,1,Rain,29.98,29.2,HappyHour,Festival,62,55,-7
R001,2025-01-26,21,6,1,Rain,29.98,29.2,HappyHour,Festival,50,45,-5
R001,2025-01-26,22,6,1,Rain,29.98,29.2,HappyHour,Festival,27,25,-2
R001,2025-01-27,8,0,0,Storm,4.99,31.9,WeekendDeal,None,4,4,0
R001,2025-01-27,9,0,0,Storm,4.99,31.9,WeekendDeal,None,10,11,1
R001,2025-01-27,10,0,0,Storm,4.99,31.9,WeekendDeal,None,20,18,-2
R001,2025-01-27,11,0,0,Storm,4.99,31.9,WeekendDeal,None,33,33,0
R001,2025-01-27,12,0,0,Storm,4.99,31.9,WeekendDeal,None,45,37,-8
R001,2025-01-27,13,0,0,Storm,4.99,31.9,WeekendDeal,None,49,53,4
R001,2025-01-27,14,0,0,Storm,4.99,31.9,WeekendDeal,None,45,57,12
R001,2025-01-27,15,0,0,Storm,4.99,31.9,WeekendDeal,None,34,37,3
R001,2025-01-27,16,0,0,Storm,4.99,31.9,WeekendDeal,None,22,22,0
R001,2025-01-27,17,0,0,Storm,4.99,31.9,WeekendDeal,None,16,12,-4
R001,2025-01-27,18,0,0,Storm,4.99,31.9,WeekendDeal,None,22,19,-3
R001,2025-01-27,19,0,0,Storm,4.99,31.9,WeekendDeal,None,33,35,2
R001,2025-01-27,20,0,0,Storm,4.99,31.9,WeekendDeal,None,40,35,-5
R001,2025-01-27,21,0,0,Storm,4.99,31.9,WeekendDeal,None,32,25,-7
R001,2025-01-27,22,0,0,Storm,4.99,31.9,WeekendDeal,None,17,15,-2
R001,2025-01-28,8,1,0,Cloudy,1.89,34.8,None,None,6,2,-4
R001,2025-01-28,9,1,0,Cloudy,1.89,34.8,None,None,14,14,0
R001,2025-01-28,10,1,0,Cloudy,1.89,34.8,None,None,28,34,6
R001,2025-01-28,11,1,0,Cloudy,1.89,34.8,None,None,46,42,-4
R001,2025-01-28,12,1,0,Cloudy,1.89,34.8,None,None,61,64,3
R001,2025-01-28,13,1,0,Cloudy,1.89,34.8,None,None,68,64,-4
R001,2025-01-28,14,1,0,Cloudy,1.89,34.8,None,None,61,53,-8
R001,2025-01-28,15,1,0,Cloudy,1.89,34.8,None,None,46,53,7
R001,2025-01-28,16,1,0,Cloudy,1.89,34.8,None,None,30,40,10
R001,2025-01-28,17,1,0,Cloudy,1.89,34.8,None,None,23,24,1
R001,2025-01-28,18,1,0,Cloudy,1.89,34.8,None,None,30,34,4
R001,2025-01-28,19,1,0,Cloudy,1.89,34.8,None,None,46,40,-6
R001,2025-01-28,20,1,0,Cloudy,1.89,34.8,None,None,55,51,-4
R001,2025-01-28,21,1,0,Cloudy,1.89,34.8,None,None,44,39,-5
R001,2025-01-28,22,1,0,Cloudy,1.89,34.8,None,None,24,23,-1
R001,2025-01-29,8,2,0,Cloudy,0.4,33.0,None,None,6,7,1
R001,2025-01-29,9,2,0,Cloudy,0.4,33.0,None,None,14,18,4
R001,2025-01-29,10,2,0,Cloudy,0.4,33.0,None,None,28,30,2
R001,2025-01-29,11,2,0,Cloudy,0.4,33.0,None,None,46,53,7
R001,2025-01-29,12,2,0,Cloudy,0.4,33.0,None,None,61,68,7
R001,2025-01-29,13,2,0,Cloudy,0.4,33.0,None,None,68,60,-8
R001,2025-01-29,14,2,0,Cloudy,0.4,33.0,None,None,61,52,-9
R001,2025-01-29,15,2,0,Cloudy,0.4,33.0,None,None,46,56,10
R001,2025-01-29,16,2,0,Cloudy,0.4,33.0,None,None,30,37,7
R001,2025-01-29,17,2,0,Cloudy,0.4,33.0,None,None,23,27,4
R001,2025-01-29,18,2,0,Cloudy,0.4,33.0,None,None,30,31,1
R001,2025-01-29,19,2,0,Cloudy,0.4,33.0,None,None,46,47,1
R001,2025-01-29,20,2,0,Cloudy,0.4,33.0,None,None,55,58,3
R001,2025-01-29,21,2,0,Cloudy,0.4,33.0,None,None,44,44,0
R001,2025-01-29,22,2,0,Cloudy,0.4,33.0,None,None,24,27,3
R001,2025-01-30,8,3,0,Rain,28.41,22.3,FestivalOffer,LocalEvent,6,4,-2
R001,2025-01-30,9,3,0,Rain,28.41,22.3,FestivalOffer,LocalEvent,14,13,-1
R001,2025-01-30,10,3,0,Rain,28.41,22.3,FestivalOffer,LocalEvent,28,32,4
R001,2025-01-30,11,3,0,Rain,28.41,22.3,FestivalOffer,LocalEvent,45,42,-3
R001,2025-01-30,12,3,0,Rain,28.41,22.3,FestivalOffer,LocalEvent,60,58,-2
R001,2025-01-30,13,3,0,Rain,28.41,22.3,FestivalOffer,LocalEvent,67,75,8
R001,2025-01-30,14,3,0,Rain,28.41,22.3,FestivalOffer,LocalEvent,60,56,-4
R001,2025-01-30,15,3,0,Rain,28.41,22.3,FestivalOffer,LocalEvent,45,42,-3
R001,2025-01-30,16,3,0,Rain,28.41,22.3,FestivalOffer,LocalEvent,30,27,-3
R001,2025-01-30,17,3,0,Rain,28.41,22.3,FestivalOffer,LocalEvent,22,22,0
R001,2025-01-30,18,3,0,Rain,28.41,22.3,FestivalOffer,LocalEvent,29,29,0
R001,2025-01-30,19,3,0,Rain,28.41,22.3,FestivalOffer,LocalEvent,45,41,-4
R001,2025-01-30,20,3,0,Rain,28.41,22.3,FestivalOffer,LocalEvent,54,46,-8
R001,2025-01-30,21,3,0,Rain,28.41,22.3,FestivalOffer,LocalEvent,43,35,-8
R001,2025-01-30,22,3,0,Rain,28.41,22.3,FestivalOffer,LocalEvent,23,23,0
R001,2025-01-31,8,4,0,Rain,29.77,37.9,None,None,5,8,3
R001,2025-01-31,9,4,0,Rain,29.77,37.9,None,None,11,11,0
R001,2025-01-31,10,4,0,Rain,29.77,37.9,None,None,22,27,5
R001,2025-01-31,11,4,0,Rain,29.77,37.9,None,None,36,44,8
R001,2025-01-31,12,4,0,Rain,29.77,37.9,None,None,48,50,2
R001,2025-01-31,13,4,0,Rain,29.77,37.9,None,None,53,45,-8
R001,2025-01-31,14,4,0,Rain,29.77,37.9,None,None,48,36,-12
R001,2025-01-31,15,4,0,Rain,29.77,37.9,None,None,36,40,4
R001,2025-01-31,16,4,0,Rain,29.77,37.9,None,None,23,23,0
R001,2025-01-31,17,4,0,Rain,29.77,37.9,None,None,18,17,-1
R001,2025-01-31,18,4,0,Rain,29.77,37.9,None,None,23,21,-2
R001,2025-01-31,19,4,0,Rain,29.77,37.9,None,None,36,39,3
R001,2025-01-31,20,4,0,Rain,29.77,37.9,None,None,43,55,12
R001,2025-01-31,21,4,0,Rain,29.77,37.9,None,None,34,36,2
R001,2025-01-31,22,4,0,Rain,29.77,37.9,None,None,18,23,5
R001,2025-02-01,8,5,1,Cloudy,1.1,23.6,FestivalOffer,SportsMatch,9,9,0
R001,2025-02-01,9,5,1,Cloudy,1.1,23.6,FestivalOffer,SportsMatch,21,22,1
R001,2025-02-01,10,5,1,Cloudy,1.1,23.6,FestivalOffer,SportsMatch,43,51,8
R001,2025-02-01,11,5,1,Cloudy,1.1,23.6,FestivalOffer,SportsMatch,69,87,18
R001,2025-02-01,12,5,1,Cloudy,1.1,23.6,FestivalOffer,SportsMatch,93,89,-4
R001,2025-02-01,13,5,1,Cloudy,1.1,23.6,FestivalOffer,SportsMatch,103,56,-47
R001,2025-02-01,14,5,1,Cloudy,1.1,23.6,FestivalOffer,SportsMatch,93,116,23
R001,2025-02-01,15,5,1,Cloudy,1.1,23.6,FestivalOffer,SportsMatch,70,61,-9
R001,2025-02-01,16,5,1,Cloudy,1.1,23.6,FestivalOffer,SportsMatch,46,55,9
R001,2025-02-01,17,5,1,Cloudy,1.1,23.6,FestivalOffer,SportsMatch,34,33,-1
R001,2025-02-01,18,5,1,Cloudy,1.1,23.6,FestivalOffer,SportsMatch,45,50,5
R001,2025-02-01,19,5,1,Cloudy,1.1,23.6,FestivalOffer,SportsMatch,70,70,0
R001,2025-02-01,20,5,1,Cloudy,1.1,23.6,FestivalOffer,SportsMatch,83,69,-14
R001,2025-02-01,21,5,1,Cloudy,1.1,23.6,FestivalOffer,SportsMatch,67,84,17
R001,2025-02-01,22,5,1,Cloudy,1.1,23.6,FestivalOffer,SportsMatch,36,36,0
R001,2025-02-02,8,6,1,Rain,4.79,32.3,WeekendDeal,Festival,7,8,1
R001,2025-02-02,9,6,1,Rain,4.79,32.3,WeekendDeal,Festival,17,14,-3
R001,2025-02-02,10,6,1,Rain,4.79,32.3,WeekendDeal,Festival,33,27,-6
R001,2025-02-02,11,6,1,Rain,4.79,32.3,WeekendDeal,Festival,54,48,-6
R001,2025-02-02,12,6,1,Rain,4.79,32.3,WeekendDeal,Festival,73,82,9
R001,2025-02-02,13,6,1,Rain,4.79,32.3,WeekendDeal,Festival,80,76,-4
R001,2025-02-02,14,6,1,Rain,4.79,32.3,WeekendDeal,Festival,73,67,-6
R001,2025-02-02,15,6,1,Rain,4.79,32.3,WeekendDeal,Festival,55,48,-7
R001,2025-02-02,16,6,1,Rain,4.79,32.3,WeekendDeal,Festival,36,38,2
R001,2025-02-02,17,6,1,Rain,4.79,32.3,WeekendDeal,Festival,27,27,0
R001,2025-02-02,18,6,1,Rain,4.79,32.3,WeekendDeal,Festival,35,34,-1
R001,2025-02-02,19,6,1,Rain,4.79,32.3,WeekendDeal,Festival,54,40,-14
R001,2025-02-02,20,6,1,Rain,4.79,32.3,WeekendDeal,Festival,65,67,2
R001,2025-02-02,21,6,1,Rain,4.79,32.3,WeekendDeal,Festival,52,65,13
R001,2025-02-02,22,6,1,Rain,4.79,32.3,WeekendDeal,Festival,28,29,1
R001,2025-02-03,8,0,0,Clear,1.82,33.0,HappyHour,LocalEvent,7,7,0
R001,2025-02-03,9,0,0,Clear,1.82,33.0,HappyHour,LocalEvent,16,18,2
R001,2025-02-03,10,0,0,Clear,1.82,33.0,HappyHour,LocalEvent,32,23,-9
R001,2025-02-03,11,0,0,Clear,1.82,33.0,HappyHour,LocalEvent,53,63,10
R001,2025-02-03,12,0,0,Clear,1.82,33.0,HappyHour,LocalEvent,71,80,9
R001,2025-02-03,13,0,0,Clear,1.82,33.0,HappyHour,LocalEvent,78,102,24
R001,2025-02-03,14,0,0,Clear,1.82,33.0,HappyHour,LocalEvent,71,69,-2
R001,2025-02-03,15,0,0,Clear,1.82,33.0,HappyHour,LocalEvent,53,46,-7
R001,2025-02-03,16,0,0,Clear,1.82,33.0,HappyHour,LocalEvent,35,29,-6
R001,2025-02-03,17,0,0,Clear,1.82,33.0,HappyHour,LocalEvent,26,24,-2
R001,2025-02-03,18,0,0,Clear,1.82,33.0,HappyHour,LocalEvent,34,42,8
R001,2025-02-03,19,0,0,Clear,1.82,33.0,HappyHour,LocalEvent,53,46,-7
R001,2025-02-03,20,0,0,Clear,1.82,33.0,HappyHour,LocalEvent,63,64,1
R001,2025-02-03,21,0,0,Clear,1.82,33.0,HappyHour,LocalEvent,51,47,-4
R001,2025-02-03,22,0,0,Clear,1.82,33.0,HappyHour,LocalEvent,27,27,0
R001,2025-02-04,8,1,0,Rain,14.48,34.1,FestivalOffer,Festival,6,5,-1
R001,2025-02-04,9,1,0,Rain,14.48,34.1,FestivalOffer,Festival,15,9,-6
R001,2025-02-04,10,1,0,Rain,14.48,34.1,FestivalOffer,Festival,30,33,3
R001,2025-02-04,11,1,0,Rain,14.48,34.1,FestivalOffer,Festival,48,50,2
R001,2025-02-04,12,1,0,Rain,14.48,34.1,FestivalOffer,Festival,65,69,4
R001,2025-02-04,13,1,0,Rain,14.48,34.1,FestivalOffer,Festival,72,69,-3
R001,2025-02-04,14,1,0,Rain,14.48,34.1,FestivalOffer,Festival,65,57,-8
R001,2025-02-04,15,1,0,Rain,14.48,34.1,FestivalOffer,Festival,49,52,3
R001,2025-02-04,16,1,0,Rain,14.48,34.1,FestivalOffer,Festival,32,37,5
R001,2025-02-04,17,1,0,Rain,14.48,34.1,FestivalOffer,Festival,24,27,3
R001,2025-02-04,18,1,0,Rain,14.48,34.1,FestivalOffer,Festival,31,24,-7
R001,2025-02-04,19,1,0,Rain,14.48,34.1,FestivalOffer,Festival,49,52,3
R001,2025-02-04,20,1,0,Rain,14.48,34.1,FestivalOffer,Festival,58,58,0
R001,2025-02-04,21,1,0,Rain,14.48,34.1,FestivalOffer,Festival,47,47,0
R001,2025-02-04,22,1,0,Rain,14.48,34.1,FestivalOffer,Festival,25,21,-4
R001,2025-02-05,8,2,0,Clear,2.03,32.8,WeekendDeal,SportsMatch,7,7,0
R001,2025-02-05,9,2,0,Clear,2.03,32.8,WeekendDeal,SportsMatch,17,19,2
R001,2025-02-05,10,2,0,Clear,2.03,32.8,WeekendDeal,SportsMatch,34,36,2
R001,2025-02-05,11,2,0,Clear,2.03,32.8,WeekendDeal,SportsMatch,56,45,-11
R001,2025-02-05,12,2,0,Clear,2.03,32.8,WeekendDeal,SportsMatch,75,73,-2
R001,2025-02-05,13,2,0,Clear,2.03,32.8,WeekendDeal,SportsMatch,83,74,-9
R001,2025-02-05,14,2,0,Clear,2.03,32.8,WeekendDeal,SportsMatch,75,82,7
R001,2025-02-05,15,2,0,Clear,2.03,32.8,WeekendDeal,SportsMatch,56,44,-12
R001,2025-02-05,16,2,0,Clear,2.03,32.8,WeekendDeal,SportsMatch,37,43,6
R001,2025-02-05,17,2,0,Clear,2.03,32.8,WeekendDeal,SportsMatch,28,27,-1
R001,2025-02-05,18,2,0,Clear,2.03,32.8,WeekendDeal,SportsMatch,36,36,0
R001,2025-02-05,19,2,0,Clear,2.03,32.8,WeekendDeal,SportsMatch,56,62,6
R001,2025-02-05,20,2,0,Clear,2.03,32.8,WeekendDeal,SportsMatch,67,81,14
R001,2025-02-05,21,2,0,Clear,2.03,32.8,WeekendDeal,SportsMatch,54,50,-4
R001,2025-02-05,22,2,0,Clear,2.03,32.8,WeekendDeal,SportsMatch,29,27,-2
R001,2025-02-06,8,3,0,Rain,27.42,23.4,HappyHour,None,5,2,-3
R001,2025-02-06,9,3,0,Rain,27.42,23.4,HappyHour,None,12,12,0
R001,2025-02-06,10,3,0,Rain,27.42,23.4,HappyHour,None,24,22,-2
R001,2025-02-06,11,3,0,Rain,27.42,23.4,HappyHour,None,39,51,12
R001,2025-02-06,12,3,0,Rain,27.42,23.4,HappyHour,None,52,45,-7
R001,2025-02-06,13,3,0,Rain,27.42,23.4,HappyHour,None,57,78,21
R001,2025-02-06,14,3,0,Rain,27.42,23.4,HappyHour,None,52,46,-6
R001,2025-02-06,15,3,0,Rain,27.42,23.4,HappyHour,None,39,37,-2
R001,2025-02-06,16,3,0,Rain,27.42,23.4,HappyHour,None,25,25,0
R001,2025-02-06,17,3,0,Rain,27.42,23.4,HappyHour,None,19,15,-4
R001,2025-02-06,18,3,0,Rain,27.42,23.4,HappyHour,None,25,27,2
R001,2025-02-06,19,3,0,Rain,27.42,23.4,HappyHour,None,39,33,-6
R001,2025-02-06,20,3,0,Rain,27.42,23.4,HappyHour,None,46,47,1
R001,2025-02-06,21,3,0,Rain,27.42,23.4,HappyHour,None,37,37,0
R001,2025-02-06,22,3,0,Rain,27.42,23.4,HappyHour,None,20,23,3
R001,2025-02-07,8,4,0,Cloudy,4.21,29.3,HappyHour,SportsMatch,7,8,1
R001,2025-02-07,9,4,0,Cloudy,4.21,29.3,HappyHour,SportsMatch,17,14,-3
R001,2025-02-07,10,4,0,Cloudy,4.21,29.3,HappyHour,SportsMatch,33,25,-8
R001,2025-02-07,11,4,0,Cloudy,4.21,29.3,HappyHour,SportsMatch,54,53,-1
R001,2025-02-07,12,4,0,Cloudy,4.21,29.3,HappyHour,SportsMatch,72,97,25
R001,2025-02-07,13,4,0,Cloudy,4.21,29.3,HappyHour,SportsMatch,80,73,-7
R001,2025-02-07,14,4,0,Cloudy,4.21,29.3,HappyHour,SportsMatch,72,71,-1
R001,2025-02-07,15,4,0,Cloudy,4.21,29.3,HappyHour,SportsMatch,54,52,-2
R001,2025-02-07,16,4,0,Cloudy,4.21,29.3,HappyHour,SportsMatch,35,42,7
R001,2025-02-07,17,4,0,Cloudy,4.21,29.3,HappyHour,SportsMatch,27,23,-4
R001,2025-02-07,18,4,0,Cloudy,4.21,29.3,HappyHour,SportsMatch,35,32,-3
R001,2025-02-07,19,4,0,Cloudy,4.21,29.3,HappyHour,SportsMatch,54,61,7
R001,2025-02-07,20,4,0,Cloudy,4.21,29.3,HappyHour,SportsMatch,64,72,8
R001,2025-02-07,21,4,0,Cloudy,4.21,29.3,HappyHour,SportsMatch,52,50,-2
R001,2025-02-07,22,4,0,Cloudy,4.21,29.3,HappyHour,SportsMatch,28,25,-3
R001,2025-02-08,8,5,1,Cloudy,1.87,23.1,WeekendDeal,None,8,6,-2
R001,2025-02-08,9,5,1,Cloudy,1.87,23.1,WeekendDeal,None,19,20,1
R001,2025-02-08,10,5,1,Cloudy,1.87,23.1,WeekendDeal,None,37,39,2
R001,2025-02-08,11,5,1,Cloudy,1.87,23.1,WeekendDeal,None,60,62,2
R001,2025-02-08,12,5,1,Cloudy,1.87,23.1,WeekendDeal,None,81,86,5
R001,2025-02-08,13,5,1,Cloudy,1.87,23.1,WeekendDeal,None,89,75,-14
R001,2025-02-08,14,5,1,Cloudy,1.87,23.1,WeekendDeal,None,81,82,1
R001,2025-02-08,15,5,1,Cloudy,1.87,23.1,WeekendDeal,None,61,54,-7
R001,2025-02-08,16,5,1,Cloudy,1.87,23.1,WeekendDeal,None,40,39,-1
R001,2025-02-08,17,5,1,Cloudy,1.87,23.1,WeekendDeal,None,30,27,-3
R001,2025-02-08,18,5,1,Cloudy,1.87,23.1,WeekendDeal,None,39,39,0
R001,2025-02-08,19,5,1,Cloudy,1.87,23.1,WeekendDeal,None,61,72,11
R001,2025-02-08,20,5,1,Cloudy,1.87,23.1,WeekendDeal,None,72,50,-22
R001,2025-02-08,21,5,1,Cloudy,1.87,23.1,WeekendDeal,None,58,68,10
R001,2025-02-08,22,5,1,Cloudy,1.87,23.1,WeekendDeal,None,31,36,5
R001,2025-02-09,8,6,1,Rain,23.48,25.4,WeekendDeal,Festival,7,11,4
R001,2025-02-09,9,6,1,Rain,23.48,25.4,WeekendDeal,Festival,17,19,2
R001,2025-02-09,10,6,1,Rain,23.48,25.4,WeekendDeal,Festival,33,29,-4
R001,2025-02-09,11,6,1,Rain,23.48,25.4,WeekendDeal,Festival,54,54,0
R001,2025-02-09,12,6,1,Rain,23.48,25.4,WeekendDeal,Festival,73,108,35
R001,2025-02-09,13,6,1,Rain,23.48,25.4,WeekendDeal,Festival,80,54,-26
R001,2025-02-09,14,6,1,Rain,23.48,25.4,WeekendDeal,Festival,73,80,7
R001,2025-02-09,15,6,1,Rain,23.48,25.4,WeekendDeal,Festival,55,59,4
R001,2025-02-09,16,6,1,Rain,23.48,25.4,WeekendDeal,Festival,36,38,2
R001,2025-02-09,17,6,1,Rain,23.48,25.4,WeekendDeal,Festival,27,28,1
R001,2025-02-09,18,6,1,Rain,23.48,25.4,WeekendDeal,Festival,35,36,1
R001,2025-02-09,19,6,1,Rain,23.48,25.4,WeekendDeal,Festival,54,54,0
R001,2025-02-09,20,6,1,Rain,23.48,25.4,WeekendDeal,Festival,65,59,-6
R001,2025-02-09,21,6,1,Rain,23.48,25.4,WeekendDeal,Festival,52,56,4
R001,2025-02-09,22,6,1,Rain,23.48,25.4,WeekendDeal,Festival,28,33,5
R001,2025-02-10,8,0,0,Cloudy,0.8,32.0,FestivalOffer,None,7,7,0
R001,2025-02-10,9,0,0,Cloudy,0.8,32.0,FestivalOffer,None,17,17,0
R001,2025-02-10,10,0,0,Cloudy,0.8,32.0,FestivalOffer,None,33,37,4
R001,2025-02-10,11,0,0,Cloudy,0.8,32.0,FestivalOffer,None,54,58,4
R001,2025-02-10,12,0,0,Cloudy,0.8,32.0,FestivalOffer,None,72,74,2
R001,2025-02-10,13,0,0,Cloudy,0.8,32.0,FestivalOffer,None,80,72,-8
R001,2025-02-10,14,0,0,Cloudy,0.8,32.0,FestivalOffer,None,72,80,8
R001,2025-02-10,15,0,0,Cloudy,0.8,32.0,FestivalOffer,None,54,68,14
R001,2025-02-10,16,0,0,Cloudy,0.8,32.0,FestivalOffer,None,35,44,9
R001,2025-02-10,17,0,0,Cloudy,0.8,32.0,FestivalOffer,None,27,26,-1
R001,2025-02-10,18,0,0,Cloudy,0.8,32.0,FestivalOffer,None,35,42,7
R001,2025-02-10,19,0,0,Cloudy,0.8,32.0,FestivalOffer,None,54,54,0
R001,2025-02-10,20,0,0,Cloudy,0.8,32.0,FestivalOffer,None,64,52,-12
R001,2025-02-10,21,0,0,Cloudy,0.8,32.0,FestivalOffer,None,52,56,4
R001,2025-02-10,22,0,0,Cloudy,0.8,32.0,FestivalOffer,None,28,31,3
R001,2025-02-11,8,1,0,Clear,3.21,33.1,None,SportsMatch,6,6,0
R001,2025-02-11,9,1,0,Clear,3.21,33.1,None,SportsMatch,15,12,-3
R001,2025-02-11,10,1,0,Clear,3.21,33.1,None,SportsMatch,31,35,4
R001,2025-02-11,11,1,0,Clear,3.21,33.1,None,SportsMatch,50,53,3
R001,2025-02-11,12,1,0,Clear,3.21,33.1,None,SportsMatch,67,77,10
R001,2025-02-11,13,1,0,Clear,3.21,33.1,None,SportsMatch,74,60,-14
R001,2025-02-11,14,1,0,Clear,3.21,33.1,None,SportsMatch,67,45,-22
R001,2025-02-11,15,1,0,Clear,3.21,33.1,None,SportsMatch,50,48,-2
R001,2025-02-11,16,1,0,Clear,3.21,33.1,None,SportsMatch,33,26,-7
R001,2025-02-11,17,1,0,Clear,3.21,33.1,None,SportsMatch,25,22,-3
R001,2025-02-11,18,1,0,Clear,3.21,33.1,None,SportsMatch,32,35,3
R001,2025-02-11,19,1,0,Clear,3.21,33.1,None,SportsMatch,50,51,1
R001,2025-02-11,20,1,0,Clear,3.21,33.1,None,SportsMatch,60,66,6
R001,2025-02-11,21,1,0,Clear,3.21,33.1,None,SportsMatch,48,49,1
R001,2025-02-11,22,1,0,Clear,3.21,33.1,None,SportsMatch,26,17,-9
R001,2025-02-12,8,2,0,Clear,0.3,33.9,None,LocalEvent,6,6,0
R001,2025-02-12,9,2,0,Clear,0.3,33.9,None,LocalEvent,15,10,-5
R001,2025-02-12,10,2,0,Clear,0.3,33.9,None,LocalEvent,30,34,4
R001,2025-02-12,11,2,0,Clear,0.3,33.9,None,LocalEvent,49,47,-2
R001,2025-02-12,12,2,0,Clear,0.3,33.9,None,LocalEvent,66,50,-16
R001,2025-02-12,13,2,0,Clear,0.3,33.9,None,LocalEvent,72,67,-5
R001,2025-02-12,14,2,0,Clear,0.3,33.9,None,LocalEvent,66,79,13
R001,2025-02-12,15,2,0,Clear,0.3,33.9,None,LocalEvent,49,52,3
R001,2025-02-12,16,2,0,Clear,0.3,33.9,None,LocalEvent,32,23,-9
R001,2025-02-12,17,2,0,Clear,0.3,33.9,None,LocalEvent,24,23,-1
R001,2025-02-12,18,2,0,Clear,0.3,33.9,None,LocalEvent,32,30,-2
R001,2025-02-12,19,2,0,Clear,0.3,33.9,None,LocalEvent,49,50,1
R001,2025-02-12,20,2,0,Clear,0.3,33.9,None,LocalEvent,58,70,12
R001,2025-02-12,21,2,0,Clear,0.3,33.9,None,LocalEvent,47,56,9
R001,2025-02-12,22,2,0,Clear,0.3,33.9,None,LocalEvent,25,28,3
R001,2025-02-13,8,3,0,Cloudy,1.97,28.4,WeekendDeal,None,7,7,0
R001,2025-02-13,9,3,0,Cloudy,1.97,28.4,WeekendDeal,None,16,16,0
R001,2025-02-13,10,3,0,Cloudy,1.97,28.4,WeekendDeal,None,31,34,3
R001,2025-02-13,11,3,0,Cloudy,1.97,28.4,WeekendDeal,None,51,44,-7
R001,2025-02-13,12,3,0,Cloudy,1.97,28.4,WeekendDeal,None,69,56,-13
R001,2025-02-13,13,3,0,Cloudy,1.97,28.4,WeekendDeal,None,76,64,-12
R001,2025-02-13,14,3,0,Cloudy,1.97,28.4,WeekendDeal,None,69,82,13
R001,2025-02-13,15,3,0,Cloudy,1.97,28.4,WeekendDeal,None,52,66,14
R001,2025-02-13,16,3,0,Cloudy,1.97,28.4,WeekendDeal,None,34,33,-1
R001,2025-02-13,17,3,0,Cloudy,1.97,28.4,WeekendDeal,None,25,29,4
R001,2025-02-13,18,3,0,Cloudy,1.97,28.4,WeekendDeal,None,33,24,-9
R001,2025-02-13,19,3,0,Cloudy,1.97,28.4,WeekendDeal,None,52,57,5
R001,2025-02-13,20,3,0,Cloudy,1.97,28.4,WeekendDeal,None,61,61,0
R001,2025-02-13,21,3,0,Cloudy,1.97,28.4,WeekendDeal,None,49,55,6
R001,2025-02-13,22,3,0,Cloudy,1.97,28.4,WeekendDeal,None,27,26,-1
R001,2025-02-14,8,4,0,Cloudy,2.22,33.6,None,Festival,7,5,-2
R001,2025-02-14,9,4,0,Cloudy,2.22,33.6,None,Festival,16,16,0
R001,2025-02-14,10,4,0,Cloudy,2.22,33.6,None,Festival,32,37,5
R001,2025-02-14,11,4,0,Cloudy,2.22,33.6,None,Festival,53,55,2
R001,2025-02-14,12,4,0,Cloudy,2.22,33.6,None,Festival,71,79,8
R001,2025-02-14,13,4,0,Cloudy,2.22,33.6,None,Festival,78,98,20
R001,2025-02-14,14,4,0,Cloudy,2.22,33.6,None,Festival,71,68,-3
R001,2025-02-14,15,4,0,Cloudy,2.22,33.6,None,Festival,53,60,7
R001,2025-02-14,16,4,0,Cloudy,2.22,33.6,None,Festival,35,39,4
R001,2025-02-14,17,4,0,Cloudy,2.22,33.6,None,Festival,26,22,-4
R001,2025-02-14,18,4,0,Cloudy,2.22,33.6,None,Festival,34,33,-1
R001,2025-02-14,19,4,0,Cloudy,2.22,33.6,None,Festival,53,53,0
R001,2025-02-14,20,4,0,Cloudy,2.22,33.6,None,Festival,63,64,1
R001,2025-02-14,21,4,0,Cloudy,2.22,33.6,None,Festival,51,62,11
R001,2025-02-14,22,4,0,Cloudy,2.22,33.6,None,Festival,27,24,-3
R001,2025-02-15,8,5,1,Rain,14.84,27.0,HappyHour,None,6,5,-1
R001,2025-02-15,9,5,1,Rain,14.84,27.0,HappyHour,None,14,15,1
R001,2025-02-15,10,5,1,Rain,14.84,27.0,HappyHour,None,28,34,6
R001,2025-02-15,11,5,1,Rain,14.84,27.0,HappyHour,None,45,48,3
R001,2025-02-15,12,5,1,Rain,14.84,27.0,HappyHour,None,61,69,8
R001,2025-02-15,13,5,1,Rain,14.84,27.0,HappyHour,None,67,79,12
R001,2025-02-15,14,5,1,Rain,14.84,27.0,HappyHour,None,61,69,8
R001,2025-02-15,15,5,1,Rain,14.84,27.0,HappyHour,None,46,46,0
R001,2025-02-15,16,5,1,Rain,14.84,27.0,HappyHour,None,30,38,8
R001,2025-02-15,17,5,1,Rain,14.84,27.0,HappyHour,None,22,18,-4
R001,2025-02-15,18,5,1,Rain,14.84,27.0,HappyHour,None,29,28,-1
R001,2025-02-15,19,5,1,Rain,14.84,27.0,HappyHour,None,46,47,1
R001,2025-02-15,20,5,1,Rain,14.84,27.0,HappyHour,None,54,52,-2
R001,2025-02-15,21,5,1,Rain,14.84,27.0,HappyHour,None,44,38,-6
R001,2025-02-15,22,5,1,Rain,14.84,27.0,HappyHour,None,24,29,5
R001,2025-02-16,8,6,1,Storm,7.93,29.0,WeekendDeal,LocalEvent,5,4,-1
R001,2025-02-16,9,6,1,Storm,7.93,29.0,WeekendDeal,LocalEvent,13,11,-2
R001,2025-02-16,10,6,1,Storm,7.93,29.0,WeekendDeal,LocalEvent,26,32,6
R001,2025-02-16,11,6,1,Storm,7.93,29.0,WeekendDeal,LocalEvent,42,41,-1
R001,2025-02-16,12,6,1,Storm,7.93,29.0,WeekendDeal,LocalEvent,56,61,5
R001,2025-02-16,13,6,1,Storm,7.93,29.0,WeekendDeal,LocalEvent,62,76,14
R001,2025-02-16,14,6,1,Storm,7.93,29.0,WeekendDeal,LocalEvent,56,53,-3
R001,2025-02-16,15,6,1,Storm,7.93,29.0,WeekendDeal,LocalEvent,42,46,4
R001,2025-02-16,16,6,1,Storm,7.93,29.0,WeekendDeal,LocalEvent,28,32,4
R001,2025-02-16,17,6,1,Storm,7.93,29.0,WeekendDeal,LocalEvent,21,21,0
R001,2025-02-16,18,6,1,Storm,7.93,29.0,WeekendDeal,LocalEvent,27,22,-5
R001,2025-02-16,19,6,1,Storm,7.93,29.0,WeekendDeal,LocalEvent,42,42,0
R001,2025-02-16,20,6,1,Storm,7.93,29.0,WeekendDeal,LocalEvent,50,39,-11
R001,2025-02-16,21,6,1,Storm,7.93,29.0,WeekendDeal,LocalEvent,41,38,-3
R001,2025-02-16,22,6,1,Storm,7.93,29.0,WeekendDeal,LocalEvent,22,25,3
R001,2025-02-17,8,0,0,Storm,11.8,28.7,HappyHour,None,4,8,4
R001,2025-02-17,9,0,0,Storm,11.8,28.7,HappyHour,None,10,14,4
R001,2025-02-17,10,0,0,Storm,11.8,28.7,HappyHour,None,20,21,1
R001,2025-02-17,11,0,0,Storm,11.8,28.7,HappyHour,None,32,38,6
R001,2025-02-17,12,0,0,Storm,11.8,28.7,HappyHour,None,43,43,0
R001,2025-02-17,13,0,0,Storm,11.8,28.7,HappyHour,None,47,48,1
R001,2025-02-17,14,0,0,Storm,11.8,28.7,HappyHour,None,43,34,-9
R001,2025-02-17,15,0,0,Storm,11.8,28.7,HappyHour,None,32,27,-5
R001,2025-02-17,16,0,0,Storm,11.8,28.7,HappyHour,None,21,23,2
R001,2025-02-17,17,0,0,Storm,11.8,28.7,HappyHour,None,16,18,2
R001,2025-02-17,18,0,0,Storm,11.8,28.7,HappyHour,None,21,17,-4
R001,2025-02-17,19,0,0,Storm,11.8,28.7,HappyHour,None,32,26,-6
R001,2025-02-17,20,0,0,Storm,11.8,28.7,HappyHour,None,38,39,1
R001,2025-02-17,21,0,0,Storm,11.8,28.7,HappyHour,None,31,27,-4
R001,2025-02-17,22,0,0,Storm,11.8,28.7,HappyHour,None,17,19,2
R001,2025-02-18,8,1,0,Clear,3.68,31.7,None,SportsMatch,6,4,-2
R001,2025-02-18,9,1,0,Clear,3.68,31.7,None,SportsMatch,15,13,-2
R001,2025-02-18,10,1,0,Clear,3.68,31.7,None,SportsMatch,31,28,-3
R001,2025-02-18,11,1,0,Clear,3.68,31.7,None,SportsMatch,50,44,-6
R001,2025-02-18,12,1,0,Clear,3.68,31.7,None,SportsMatch,67,67,0
R001,2025-02-18,13,1,0,Clear,3.68,31.7,None,SportsMatch,74,93,19
R001,2025-02-18,14,1,0,Clear,3.68,31.7,None,SportsMatch,67,78,11
R001,2025-02-18,15,1,0,Clear,3.68,31.7,None,SportsMatch,50,51,1
R001,2025-02-18,16,1,0,Clear,3.68,31.7,None,SportsMatch,33,36,3
R001,2025-02-18,17,1,0,Clear,3.68,31.7,None,SportsMatch,25,25,0
R001,2025-02-18,18,1,0,Clear,3.68,31.7,None,SportsMatch,32,36,4
R001,2025-02-18,19,1,0,Clear,3.68,31.7,None,SportsMatch,50,50,0
R001,2025-02-18,20,1,0,Clear,3.68,31.7,None,SportsMatch,60,71,11
R001,2025-02-18,21,1,0,Clear,3.68,31.7,None,SportsMatch,48,43,-5
R001,2025-02-18,22,1,0,Clear,3.68,31.7,None,SportsMatch,26,27,1
R001,2025-02-19,8,2,0,Cloudy,0.18,27.1,None,Festival,7,6,-1
R001,2025-02-19,9,2,0,Cloudy,0.18,27.1,None,Festival,16,19,3
R001,2025-02-19,10,2,0,Cloudy,0.18,27.1,None,Festival,32,26,-6
R001,2025-02-19,11,2,0,Cloudy,0.18,27.1,None,Festival,53,58,5
R001,2025-02-19,12,2,0,Cloudy,0.18,27.1,None,Festival,71,66,-5
R001,2025-02-19,13,2,0,Cloudy,0.18,27.1,None,Festival,78,76,-2
R001,2025-02-19,14,2,0,Cloudy,0.18,27.1,None,Festival,71,79,8
R001,2025-02-19,15,2,0,Cloudy,0.18,27.1,None,Festival,53,47,-6
R001,2025-02-19,16,2,0,Cloudy,0.18,27.1,None,Festival,35,39,4
R001,2025-02-19,17,2,0,Cloudy,0.18,27.1,None,Festival,26,23,-3
R001,2025-02-19,18,2,0,Cloudy,0.18,27.1,None,Festival,34,26,-8
R001,2025-02-19,19,2,0,Cloudy,0.18,27.1,None,Festival,53,58,5
R001,2025-02-19,20,2,0,Cloudy,0.18,27.1,None,Festival,63,68,5
R001,2025-02-19,21,2,0,Cloudy,0.18,27.1,None,Festival,51,54,3
R001,2025-02-19,22,2,0,Cloudy,0.18,27.1,None,Festival,27,23,-4
R001,2025-02-20,8,3,0,Clear,2.99,23.2,HappyHour,LocalEvent,7,9,2
R001,2025-02-20,9,3,0,Clear,2.99,23.2,HappyHour,LocalEvent,16,15,-1
R001,2025-02-20,10,3,0,Clear,2.99,23.2,HappyHour,LocalEvent,32,29,-3
R001,2025-02-20,11,3,0,Clear,2.99,23.2,HappyHour,LocalEvent,53,54,1
R001,2025-02-20,12,3,0,Clear,2.99,23.2,HappyHour,LocalEvent,71,66,-5
R001,2025-02-20,13,3,0,Clear,2.99,23.2,HappyHour,LocalEvent,78,65,-13
R001,2025-02-20,14,3,0,Clear,2.99,23.2,HappyHour,LocalEvent,71,60,-11
R001,2025-02-20,15,3,0,Clear,2.99,23.2,HappyHour,LocalEvent,53,64,11
R001,2025-02-20,16,3,0,Clear,2.99,23.2,HappyHour,LocalEvent,35,34,-1
R001,2025-02-20,17,3,0,Clear,2.99,23.2,HappyHour,LocalEvent,26,28,2
R001,2025-02-20,18,3,0,Clear,2.99,23.2,HappyHour,LocalEvent,34,35,1
R001,2025-02-20,19,3,0,Clear,2.99,23.2,HappyHour,LocalEvent,53,63,10
R001,2025-02-20,20,3,0,Clear,2.99,23.2,HappyHour,LocalEvent,63,69,6
R001,2025-02-20,21,3,0,Clear,2.99,23.2,HappyHour,LocalEvent,51,37,-14
R001,2025-02-20,22,3,0,Clear,2.99,23.2,HappyHour,LocalEvent,27,31,4
R001,2025-02-21,8,4,0,Cloudy,3.63,35.2,WeekendDeal,None,7,5,-2
R001,2025-02-21,9,4,0,Cloudy,3.63,35.2,WeekendDeal,None,16,15,-1
R001,2025-02-21,10,4,0,Cloudy,3.63,35.2,WeekendDeal,None,31,36,5
R001,2025-02-21,11,4,0,Cloudy,3.63,35.2,WeekendDeal,None,51,54,3
R001,2025-02-21,12,4,0,Cloudy,3.63,35.2,WeekendDeal,None,69,80,11
R001,2025-02-21,13,4,0,Cloudy,3.63,35.2,WeekendDeal,None,76,78,2
R001,2025-02-21,14,4,0,Cloudy,3.63,35.2,WeekendDeal,None,69,76,7
R001,2025-02-21,15,4,0,Cloudy,3.63,35.2,WeekendDeal,None,52,53,1
R001,2025-02-21,16,4,0,Cloudy,3.63,35.2,WeekendDeal,None,34,33,-1
R001,2025-02-21,17,4,0,Cloudy,3.63,35.2,WeekendDeal,None,25,24,-1
R001,2025-02-21,18,4,0,Cloudy,3.63,35.2,WeekendDeal,None,33,33,0
R001,2025-02-21,19,4,0,Cloudy,3.63,35.2,WeekendDeal,None,52,60,8
R001,2025-02-21,20,4,0,Cloudy,3.63,35.2,WeekendDeal,None,61,59,-2
R001,2025-02-21,21,4,0,Cloudy,3.63,35.2,WeekendDeal,None,49,45,-4
R001,2025-02-21,22,4,0,Cloudy,3.63,35.2,WeekendDeal,None,27,24,-3
R001,2025-02-22,8,5,1,Rain,13.21,37.6,None,SportsMatch,6,8,2
R001,2025-02-22,9,5,1,Rain,13.21,37.6,None,SportsMatch,14,12,-2
R001,2025-02-22,10,5,1,Rain,13.21,37.6,None,SportsMatch,28,23,-5
R001,2025-02-22,11,5,1,Rain,13.21,37.6,None,SportsMatch,46,52,6
R001,2025-02-22,12,5,1,Rain,13.21,37.6,None,SportsMatch,61,61,0
R001,2025-02-22,13,5,1,Rain,13.21,37.6,None,SportsMatch,68,82,14
R001,2025-02-22,14,5,1,Rain,13.21,37.6,None,SportsMatch,62,65,3
R001,2025-02-22,15,5,1,Rain,13.21,37.6,None,SportsMatch,46,53,7
R001,2025-02-22,16,5,1,Rain,13.21,37.6,None,SportsMatch,30,33,3
R001,2025-02-22,17,5,1,Rain,13.21,37.6,None,SportsMatch,23,25,2
R001,2025-02-22,18,5,1,Rain,13.21,37.6,None,SportsMatch,30,23,-7
R001,2025-02-22,19,5,1,Rain,13.21,37.6,None,SportsMatch,46,46,0
R001,2025-02-22,20,5,1,Rain,13.21,37.6,None,SportsMatch,55,64,9
R001,2025-02-22,21,5,1,Rain,13.21,37.6,None,SportsMatch,44,51,7
R001,2025-02-22,22,5,1,Rain,13.21,37.6,None,SportsMatch,24,22,-2
R001,2025-02-23,8,6,1,Clear,4.9,35.9,WeekendDeal,None,8,11,3
R001,2025-02-23,9,6,1,Clear,4.9,35.9,WeekendDeal,None,19,23,4
R001,2025-02-23,10,6,1,Clear,4.9,35.9,WeekendDeal,None,37,40,3
R001,2025-02-23,11,6,1,Clear,4.9,35.9,WeekendDeal,None,60,48,-12
R001,2025-02-23,12,6,1,Clear,4.9,35.9,WeekendDeal,None,81,81,0
R001,2025-02-23,13,6,1,Clear,4.9,35.9,WeekendDeal,None,89,91,2
R001,2025-02-23,14,6,1,Clear,4.9,35.9,WeekendDeal,None,81,63,-18
R001,2025-02-23,15,6,1,Clear,4.9,35.9,WeekendDeal,None,61,60,-1
R001,2025-02-23,16,6,1,Clear,4.9,35.9,WeekendDeal,None,40,39,-1
R001,2025-02-23,17,6,1,Clear,4.9,35.9,WeekendDeal,None,30,28,-2
R001,2025-02-23,18,6,1,Clear,4.9,35.9,WeekendDeal,None,39,32,-7
R001,2025-02-23,19,6,1,Clear,4.9,35.9,WeekendDeal,None,61,66,5
R001,2025-02-23,20,6,1,Clear,4.9,35.9,WeekendDeal,None,72,76,4
R001,2025-02-23,21,6,1,Clear,4.9,35.9,WeekendDeal,None,58,53,-5
R001,2025-02-23,22,6,1,Clear,4.9,35.9,WeekendDeal,None,31,36,5
R001,2025-02-24,8,0,0,Cloudy,4.7,22.8,None,LocalEvent,6,6,0
R001,2025-02-24,9,0,0,Cloudy,4.7,22.8,None,LocalEvent,15,17,2
R001,2025-02-24,10,0,0,Cloudy,4.7,22.8,None,LocalEvent,30,27,-3
R001,2025-02-24,11,0,0,Cloudy,4.7,22.8,None,LocalEvent,49,45,-4
R001,2025-02-24,12,0,0,Cloudy,4.7,22.8,None,LocalEvent,66,61,-5
R001,2025-02-24,13,0,0,Cloudy,4.7,22.8,None,LocalEvent,72,57,-15
R001,2025-02-24,14,0,0,Cloudy,4.7,22.8,None,LocalEvent,66,55,-11
R001,2025-02-24,15,0,0,Cloudy,4.7,22.8,None,LocalEvent,49,57,8
R001,2025-02-24,16,0,0,Cloudy,4.7,22.8,None,LocalEvent,32,23,-9
R001,2025-02-24,17,0,0,Cloudy,4.7,22.8,None,LocalEvent,24,21,-3
R001,2025-02-24,18,0,0,Cloudy,4.7,22.8,None,LocalEvent,32,36,4
R001,2025-02-24,19,0,0,Cloudy,4.7,22.8,None,LocalEvent,49,58,9
R001,2025-02-24,20,0,0,Cloudy,4.7,22.8,None,LocalEvent,58,57,-1
R001,2025-02-24,21,0,0,Cloudy,4.7,22.8,None,LocalEvent,47,39,-8
R001,2025-02-24,22,0,0,Cloudy,4.7,22.8,None,LocalEvent,25,25,0
R001,2025-02-25,8,1,0,Storm,23.37,30.9,None,None,4,7,3
R001,2025-02-25,9,1,0,Storm,23.37,30.9,None,None,9,10,1
R001,2025-02-25,10,1,0,Storm,23.37,30.9,None,None,18,19,1
R001,2025-02-25,11,1,0,Storm,23.37,30.9,None,None,30,37,7
R001,2025-02-25,12,1,0,Storm,23.37,30.9,None,None,40,23,-17
R001,2025-02-25,13,1,0,Storm,23.37,30.9,None,None,44,48,4
R001,2025-02-25,14,1,0,Storm,23.37,30.9,None,None,40,38,-2
R001,2025-02-25,15,1,0,Storm,23.37,30.9,None,None,30,27,-3
R001,2025-02-25,16,1,0,Storm,23.37,30.9,None,None,20,16,-4
R001,2025-02-25,17,1,0,Storm,23.37,30.9,None,None,15,21,6
R001,2025-02-25,18,1,0,Storm,23.37,30.9,None,None,19,22,3
R001,2025-02-25,19,1,0,Storm,23.37,30.9,None,None,30,33,3
R001,2025-02-25,20,1,0,Storm,23.37,30.9,None,None,36,36,0
R001,2025-02-25,21,1,0,Storm,23.37,30.9,None,None,29,21,-8
R001,2025-02-25,22,1,0,Storm,23.37,30.9,None,None,15,14,-1
R001,2025-02-26,8,2,0,Rain,6.01,36.2,FestivalOffer,LocalEvent,6,9,3
R001,2025-02-26,9,2,0,Rain,6.01,36.2,FestivalOffer,LocalEvent,14,11,-3
R001,2025-02-26,10,2,0,Rain,6.01,36.2,FestivalOffer,LocalEvent,28,23,-5
R001,2025-02-26,11,2,0,Rain,6.01,36.2,FestivalOffer,LocalEvent,45,48,3
R001,2025-02-26,12,2,0,Rain,6.01,36.2,FestivalOffer,LocalEvent,60,62,2
R001,2025-02-26,13,2,0,Rain,6.01,36.2,FestivalOffer,LocalEvent,67,69,2
R001,2025-02-26,14,2,0,Rain,6.01,36.2,FestivalOffer,LocalEvent,60,53,-7
R001,2025-02-26,15,2,0,Rain,6.01,36.2,FestivalOffer,LocalEvent,45,45,0
R001,2025-02-26,16,2,0,Rain,6.01,36.2,FestivalOffer,LocalEvent,30,25,-5
R001,2025-02-26,17,2,0,Rain,6.01,36.2,FestivalOffer,LocalEvent,22,25,3
R001,2025-02-26,18,2,0,Rain,6.01,36.2,FestivalOffer,LocalEvent,29,29,0
R001,2025-02-26,19,2,0,Rain,6.01,36.2,FestivalOffer,LocalEvent,45,48,3
R001,2025-02-26,20,2,0,Rain,6.01,36.2,FestivalOffer,LocalEvent,54,51,-3
R001,2025-02-26,21,2,0,Rain,6.01,36.2,FestivalOffer,LocalEvent,43,39,-4
R001,2025-02-26,22,2,0,Rain,6.01,36.2,FestivalOffer,LocalEvent,23,20,-3
R001,2025-02-27,8,3,0,Cloudy,4.3,25.2,None,Festival,7,6,-1
R001,2025-02-27,9,3,0,Cloudy,4.3,25.2,None,Festival,16,17,1
R001,2025-02-27,10,3,0,Cloudy,4.3,25.2,None,Festival,32,23,-9
R001,2025-02-27,11,3,0,Cloudy,4.3,25.2,None,Festival,53,47,-6
R001,2025-02-27,12,3,0,Cloudy,4.3,25.2,None,Festival,71,70,-1
R001,2025-02-27,13,3,0,Cloudy,4.3,25.2,None,Festival,78,64,-14
R001,2025-02-27,14,3,0,Cloudy,4.3,25.2,None,Festival,71,56,-15
R001,2025-02-27,15,3,0,Cloudy,4.3,25.2,None,Festival,53,67,14
R001,2025-02-27,16,3,0,Cloudy,4.3,25.2,None,Festival,35,40,5
R001,2025-02-27,17,3,0,Cloudy,4.3,25.2,None,Festival,26,22,-4
R001,2025-02-27,18,3,0,Cloudy,4.3,25.2,None,Festival,34,25,-9
R001,2025-02-27,19,3,0,Cloudy,4.3,25.2,None,Festival,53,47,-6
R001,2025-02-27,20,3,0,Cloudy,4.3,25.2,None,Festival,63,60,-3
R001,2025-02-27,21,3,0,Cloudy,4.3,25.2,None,Festival,51,55,4
R001,2025-02-27,22,3,0,Cloudy,4.3,25.2,None,Festival,27,30,3
R001,2025-02-28,8,4,0,Clear,2.45,30.1,None,LocalEvent,6,7,1
R001,2025-02-28,9,4,0,Clear,2.45,30.1,None,LocalEvent,15,14,-1
R001,2025-02-28,10,4,0,Clear,2.45,30.1,None,LocalEvent,30,25,-5
R001,2025-02-28,11,4,0,Clear,2.45,30.1,None,LocalEvent,49,51,2
R001,2025-02-28,12,4,0,Clear,2.45,30.1,None,LocalEvent,66,67,1
R001,2025-02-28,13,4,0,Clear,2.45,30.1,None,LocalEvent,72,65,-7
R001,2025-02-28,14,4,0,Clear,2.45,30.1,None,LocalEvent,66,64,-2
R001,2025-02-28,15,4,0,Clear,2.45,30.1,None,LocalEvent,49,43,-6
R001,2025-02-28,16,4,0,Clear,2.45,30.1,None,LocalEvent,32,30,-2
R001,2025-02-28,17,4,0,Clear,2.45,30.1,None,LocalEvent,24,17,-7
R001,2025-02-28,18,4,0,Clear,2.45,30.1,None,LocalEvent,32,30,-2
R001,2025-02-28,19,4,0,Clear,2.45,30.1,None,LocalEvent,49,54,5
R001,2025-02-28,20,4,0,Clear,2.45,30.1,None,LocalEvent,58,76,18
R001,2025-02-28,21,4,0,Clear,2.45,30.1,None,LocalEvent,47,57,10
R001,2025-02-28,22,4,0,Clear,2.45,30.1,None,LocalEvent,25,26,1
R001,2025-03-01,8,5,1,Rain,19.24,20.4,HappyHour,Festival,7,9,2
R001,2025-03-01,9,5,1,Rain,19.24,20.4,HappyHour,Festival,16,15,-1
R001,2025-03-01,10,5,1,Rain,19.24,20.4,HappyHour,Festival,32,30,-2
R001,2025-03-01,11,5,1,Rain,19.24,20.4,HappyHour,Festival,52,51,-1
R001,2025-03-01,12,5,1,Rain,19.24,20.4,HappyHour,Festival,70,85,15
R001,2025-03-01,13,5,1,Rain,19.24,20.4,HappyHour,Festival,77,80,3
R001,2025-03-01,14,5,1,Rain,19.24,20.4,HappyHour,Festival,70,51,-19
R001,2025-03-01,15,5,1,Rain,19.24,20.4,HappyHour,Festival,53,52,-1
R001,2025-03-01,16,5,1,Rain,19.24,20.4,HappyHour,Festival,34,26,-8
R001,2025-03-01,17,5,1,Rain,19.24,20.4,HappyHour,Festival,26,28,2
R001,2025-03-01,18,5,1,Rain,19.24,20.4,HappyHour,Festival,34,38,4
R001,2025-03-01,19,5,1,Rain,19.24,20.4,HappyHour,Festival,53,30,-23
R001,2025-03-01,20,5,1,Rain,19.24,20.4,HappyHour,Festival,62,62,0
R001,2025-03-01,21,5,1,Rain,19.24,20.4,HappyHour,Festival,50,43,-7
R001,2025-03-01,22,5,1,Rain,19.24,20.4,HappyHour,Festival,27,26,-1
R001,2025-03-02,8,6,1,Clear,2.37,26.7,FestivalOffer,LocalEvent,9,12,3
R001,2025-03-02,9,6,1,Clear,2.37,26.7,FestivalOffer,LocalEvent,21,19,-2
R001,2025-03-02,10,6,1,Clear,2.37,26.7,FestivalOffer,LocalEvent,42,51,9
R001,2025-03-02,11,6,1,Clear,2.37,26.7,FestivalOffer,LocalEvent,68,69,1
R001,2025-03-02,12,6,1,Clear,2.37,26.7,FestivalOffer,LocalEvent,91,68,-23
R001,2025-03-02,13,6,1,Clear,2.37,26.7,FestivalOffer,LocalEvent,101,108,7
R001,2025-03-02,14,6,1,Clear,2.37,26.7,FestivalOffer,LocalEvent,91,72,-19
R001,2025-03-02,15,6,1,Clear,2.37,26.7,FestivalOffer,LocalEvent,69,83,14
R001,2025-03-02,16,6,1,Clear,2.37,26.7,FestivalOffer,LocalEvent,45,44,-1
R001,2025-03-02,17,6,1,Clear,2.37,26.7,FestivalOffer,LocalEvent,34,36,2
R001,2025-03-02,18,6,1,Clear,2.37,26.7,FestivalOffer,LocalEvent,44,43,-1
R001,2025-03-02,19,6,1,Clear,2.37,26.7,FestivalOffer,LocalEvent,68,67,-1
R001,2025-03-02,20,6,1,Clear,2.37,26.7,FestivalOffer,LocalEvent,81,61,-20
R001,2025-03-02,21,6,1,Clear,2.37,26.7,FestivalOffer,LocalEvent,66,62,-4
R001,2025-03-02,22,6,1,Clear,2.37,26.7,FestivalOffer,LocalEvent,35,42,7
R001,2025-03-03,8,0,0,Clear,3.65,33.1,WeekendDeal,LocalEvent,7,10,3
R001,2025-03-03,9,0,0,Clear,3.65,33.1,WeekendDeal,LocalEvent,17,13,-4
R001,2025-03-03,10,0,0,Clear,3.65,33.1,WeekendDeal,LocalEvent,34,24,-10
R001,2025-03-03,11,0,0,Clear,3.65,33.1,WeekendDeal,LocalEvent,55,60,5
R001,2025-03-03,12,0,0,Clear,3.65,33.1,WeekendDeal,LocalEvent,73,76,3
R001,2025-03-03,13,0,0,Clear,3.65,33.1,WeekendDeal,LocalEvent,81,92,11
R001,2025-03-03,14,0,0,Clear,3.65,33.1,WeekendDeal,LocalEvent,74,89,15
R001,2025-03-03,15,0,0,Clear,3.65,33.1,WeekendDeal,LocalEvent,55,48,-7
R001,2025-03-03,16,0,0,Clear,3.65,33.1,WeekendDeal,LocalEvent,36,41,5
R001,2025-03-03,17,0,0,Clear,3.65,33.1,WeekendDeal,LocalEvent,27,31,4
R001,2025-03-03,18,0,0,Clear,3.65,33.1,WeekendDeal,LocalEvent,35,45,10
R001,2025-03-03,19,0,0,Clear,3.65,33.1,WeekendDeal,LocalEvent,55,44,-11
R001,2025-03-03,20,0,0,Clear,3.65,33.1,WeekendDeal,LocalEvent,66,46,-20
R001,2025-03-03,21,0,0,Clear,3.65,33.1,WeekendDeal,LocalEvent,53,63,10
R001,2025-03-03,22,0,0,Clear,3.65,33.1,WeekendDeal,LocalEvent,28,26,-2
R001,2025-03-04,8,1,0,Cloudy,3.52,34.0,None,Festival,7,9,2
R001,2025-03-04,9,1,0,Cloudy,3.52,34.0,None,Festival,16,17,1
R001,2025-03-04,10,1,0,Cloudy,3.52,34.0,None,Festival,32,30,-2
R001,2025-03-04,11,1,0,Cloudy,3.52,34.0,None,Festival,53,56,3
R001,2025-03-04,12,1,0,Cloudy,3.52,34.0,None,Festival,71,61,-10
R001,2025-03-04,13,1,0,Cloudy,3.52,34.0,None,Festival,78,65,-13
R001,2025-03-04,14,1,0,Cloudy,3.52,34.0,None,Festival,71,91,20
R001,2025-03-04,15,1,0,Cloudy,3.52,34.0,None,Festival,53,43,-10
R001,2025-03-04,16,1,0,Cloudy,3.52,34.0,None,Festival,35,41,6
R001,2025-03-04,17,1,0,Cloudy,3.52,34.0,None,Festival,26,23,-3
R001,2025-03-04,18,1,0,Cloudy,3.52,34.0,None,Festival,34,38,4
R001,2025-03-04,19,1,0,Cloudy,3.52,34.0,None,Festival,53,56,3
R001,2025-03-04,20,1,0,Cloudy,3.52,34.0,None,Festival,63,53,-10
R001,2025-03-04,21,1,0,Cloudy,3.52,34.0,None,Festival,51,45,-6
R001,2025-03-04,22,1,0,Cloudy,3.52,34.0,None,Festival,27,23,-4
R001,2025-03-05,8,2,0,Cloudy,3.31,29.5,FestivalOffer,Festival,8,10,2
R001,2025-03-05,9,2,0,Cloudy,3.31,29.5,FestivalOffer,Festival,19,15,-4
R001,2025-03-05,10,2,0,Cloudy,3.31,29.5,FestivalOffer,Festival,38,33,-5
R001,2025-03-05,11,2,0,Cloudy,3.31,29.5,FestivalOffer,Festival,62,32,-30
R001,2025-03-05,12,2,0,Cloudy,3.31,29.5,FestivalOffer,Festival,83,109,26
R001,2025-03-05,13,2,0,Cloudy,3.31,29.5,FestivalOffer,Festival,92,95,3
R001,2025-03-05,14,2,0,Cloudy,3.31,29.5,FestivalOffer,Festival,83,78,-5
R001,2025-03-05,15,2,0,Cloudy,3.31,29.5,FestivalOffer,Festival,63,71,8
R001,2025-03-05,16,2,0,Cloudy,3.31,29.5,FestivalOffer,Festival,41,46,5
R001,2025-03-05,17,2,0,Cloudy,3.31,29.5,FestivalOffer,Festival,31,37,6
R001,2025-03-05,18,2,0,Cloudy,3.31,29.5,FestivalOffer,Festival,40,45,5
R001,2025-03-05,19,2,0,Cloudy,3.31,29.5,FestivalOffer,Festival,62,84,22
R001,2025-03-05,20,2,0,Cloudy,3.31,29.5,FestivalOffer,Festival,74,72,-2
R001,2025-03-05,21,2,0,Cloudy,3.31,29.5,FestivalOffer,Festival,60,45,-15
R001,2025-03-05,22,2,0,Cloudy,3.31,29.5,FestivalOffer,Festival,32,33,1
R001,2025-03-06,8,3,0,Storm,5.17,36.5,None,Festival,4,0,-4
R001,2025-03-06,9,3,0,Storm,5.17,36.5,None,Festival,11,11,0
R001,2025-03-06,10,3,0,Storm,5.17,36.5,None,Festival,21,19,-2
R001,2025-03-06,11,3,0,Storm,5.17,36.5,None,Festival,34,32,-2
R001,2025-03-06,12,3,0,Storm,5.17,36.5,None,Festival,46,41,-5
R001,2025-03-06,13,3,0,Storm,5.17,36.5,None,Festival,51,57,6
R001,2025-03-06,14,3,0,Storm,5.17,36.5,None,Festival,46,45,-1
R001,2025-03-06,15,3,0,Storm,5.17,36.5,None,Festival,34,35,1
R001,2025-03-06,16,3,0,Storm,5.17,36.5,None,Festival,22,21,-1
R001,2025-03-06,17,3,0,Storm,5.17,36.5,None,Festival,17,15,-2
R001,2025-03-06,18,3,0,Storm,5.17,36.5,None,Festival,22,24,2
R001,2025-03-06,19,3,0,Storm,5.17,36.5,None,Festival,34,29,-5
R001,2025-03-06,20,3,0,Storm,5.17,36.5,None,Festival,41,40,-1
R001,2025-03-06,21,3,0,Storm,5.17,36.5,None,Festival,33,32,-1
R001,2025-03-06,22,3,0,Storm,5.17,36.5,None,Festival,18,14,-4
R001,2025-03-07,8,4,0,Clear,0.77,24.0,FestivalOffer,SportsMatch,8,7,-1
R001,2025-03-07,9,4,0,Clear,0.77,24.0,FestivalOffer,SportsMatch,18,17,-1
R001,2025-03-07,10,4,0,Clear,0.77,24.0,FestivalOffer,SportsMatch,36,36,0
R001,2025-03-07,11,4,0,Clear,0.77,24.0,FestivalOffer,SportsMatch,59,68,9
R001,2025-03-07,12,4,0,Clear,0.77,24.0,FestivalOffer,SportsMatch,79,90,11
R001,2025-03-07,13,4,0,Clear,0.77,24.0,FestivalOffer,SportsMatch,87,108,21
R001,2025-03-07,14,4,0,Clear,0.77,24.0,FestivalOffer,SportsMatch,79,74,-5
R001,2025-03-07,15,4,0,Clear,0.77,24.0,FestivalOffer,SportsMatch,59,58,-1
R001,2025-03-07,16,4,0,Clear,0.77,24.0,FestivalOffer,SportsMatch,39,27,-12
R001,2025-03-07,17,4,0,Clear,0.77,24.0,FestivalOffer,SportsMatch,29,26,-3
R001,2025-03-07,18,4,0,Clear,0.77,24.0,FestivalOffer,SportsMatch,38,29,-9
R001,2025-03-07,19,4,0,Clear,0.77,24.0,FestivalOffer,SportsMatch,59,55,-4
R001,2025-03-07,20,4,0,Clear,0.77,24.0,FestivalOffer,SportsMatch,70,68,-2
R001,2025-03-07,21,4,0,Clear,0.77,24.0,FestivalOffer,SportsMatch,57,62,5
R001,2025-03-07,22,4,0,Clear,0.77,24.0,FestivalOffer,SportsMatch,30,33,3
R001,2025-03-08,8,5,1,Rain,13.64,26.8,WeekendDeal,None,6,7,1
R001,2025-03-08,9,5,1,Rain,13.64,26.8,WeekendDeal,None,15,17,2
R001,2025-03-08,10,5,1,Rain,13.64,26.8,WeekendDeal,None,29,27,-2
R001,2025-03-08,11,5,1,Rain,13.64,26.8,WeekendDeal,None,47,43,-4
R001,2025-03-08,12,5,1,Rain,13.64,26.8,WeekendDeal,None,63,50,-13
R001,2025-03-08,13,5,1,Rain,13.64,26.8,WeekendDeal,None,70,77,7
R001,2025-03-08,14,5,1,Rain,13.64,26.8,WeekendDeal,None,63,63,0
R001,2025-03-08,15,5,1,Rain,13.64,26.8,WeekendDeal,None,47,54,7
R001,2025-03-08,16,5,1,Rain,13.64,26.8,WeekendDeal,None,31,37,6
R001,2025-03-08,17,5,1,Rain,13.64,26.8,WeekendDeal,None,23,23,0
R001,2025-03-08,18,5,1,Rain,13.64,26.8,WeekendDeal,None,30,29,-1
R001,2025-03-08,19,5,1,Rain,13.64,26.8,WeekendDeal,None,47,50,3
R001,2025-03-08,20,5,1,Rain,13.64,26.8,WeekendDeal,None,56,61,5
R001,2025-03-08,21,5,1,Rain,13.64,26.8,WeekendDeal,None,45,43,-2
R001,2025-03-08,22,5,1,Rain,13.64,26.8,WeekendDeal,None,24,18,-6
R001,2025-03-09,8,6,1,Rain,15.64,25.6,FestivalOffer,LocalEvent,7,6,-1
R001,2025-03-09,9,6,1,Rain,15.64,25.6,FestivalOffer,LocalEvent,16,17,1
R001,2025-03-09,10,6,1,Rain,15.64,25.6,FestivalOffer,LocalEvent,33,32,-1
R001,2025-03-09,11,6,1,Rain,15.64,25.6,FestivalOffer,LocalEvent,53,55,2
R001,2025-03-09,12,6,1,Rain,15.64,25.6,FestivalOffer,LocalEvent,71,70,-1
R001,2025-03-09,13,6,1,Rain,15.64,25.6,FestivalOffer,LocalEvent,79,63,-16
R001,2025-03-09,14,6,1,Rain,15.64,25.6,FestivalOffer,LocalEvent,71,81,10
R001,2025-03-09,15,6,1,Rain,15.64,25.6,FestivalOffer,LocalEvent,53,54,1
R001,2025-03-09,16,6,1,Rain,15.64,25.6,FestivalOffer,LocalEvent,35,33,-2
R001,2025-03-09,17,6,1,Rain,15.64,25.6,FestivalOffer,LocalEvent,26,26,0
R001,2025-03-09,18,6,1,Rain,15.64,25.6,FestivalOffer,LocalEvent,34,32,-2
R001,2025-03-09,19,6,1,Rain,15.64,25.6,FestivalOffer,LocalEvent,53,51,-2
R001,2025-03-09,20,6,1,Rain,15.64,25.6,FestivalOffer,LocalEvent,63,53,-10
R001,2025-03-09,21,6,1,Rain,15.64,25.6,FestivalOffer,LocalEvent,51,48,-3
R001,2025-03-09,22,6,1,Rain,15.64,25.6,FestivalOffer,LocalEvent,28,28,0
R001,2025-03-10,8,0,0,Cloudy,2.59,36.6,HappyHour,SportsMatch,7,7,0
R001,2025-03-10,9,0,0,Cloudy,2.59,36.6,HappyHour,SportsMatch,17,22,5
R001,2025-03-10,10,0,0,Cloudy,2.59,36.6,HappyHour,SportsMatch,33,31,-2
R001,2025-03-10,11,0,0,Cloudy,2.59,36.6,HappyHour,SportsMatch,54,58,4
R001,2025-03-10,12,0,0,Cloudy,2.59,36.6,HappyHour,SportsMatch,72,78,6
R001,2025-03-10,13,0,0,Cloudy,2.59,36.6,HappyHour,SportsMatch,80,75,-5
R001,2025-03-10,14,0,0,Cloudy,2.59,36.6,HappyHour,SportsMatch,72,42,-30
R001,2025-03-10,15,0,0,Cloudy,2.59,36.6,HappyHour,SportsMatch,54,52,-2
R001,2025-03-10,16,0,0,Cloudy,2.59,36.6,HappyHour,SportsMatch,35,33,-2
R001,2025-03-10,17,0,0,Cloudy,2.59,36.6,HappyHour,SportsMatch,27,24,-3
R001,2025-03-10,18,0,0,Cloudy,2.59,36.6,HappyHour,SportsMatch,35,30,-5
R001,2025-03-10,19,0,0,Cloudy,2.59,36.6,HappyHour,SportsMatch,54,65,11
R001,2025-03-10,20,0,0,Cloudy,2.59,36.6,HappyHour,SportsMatch,64,63,-1
R001,2025-03-10,21,0,0,Cloudy,2.59,36.6,HappyHour,SportsMatch,52,59,7
R001,2025-03-10,22,0,0,Cloudy,2.59,36.6,HappyHour,SportsMatch,28,21,-7
R001,2025-03-11,8,1,0,Clear,4.23,26.3,WeekendDeal,Festival,8,6,-2
R001,2025-03-11,9,1,0,Clear,4.23,26.3,WeekendDeal,Festival,18,14,-4
R001,2025-03-11,10,1,0,Clear,4.23,26.3,WeekendDeal,Festival,36,40,4
R001,2025-03-11,11,1,0,Clear,4.23,26.3,WeekendDeal,Festival,59,73,14
R001,2025-03-11,12,1,0,Clear,4.23,26.3,WeekendDeal,Festival,79,72,-7
R001,2025-03-11,13,1,0,Clear,4.23,26.3,WeekendDeal,Festival,87,85,-2
R001,2025-03-11,14,1,0,Clear,4.23,26.3,WeekendDeal,Festival,79,115,36
R001,2025-03-11,15,1,0,Clear,4.23,26.3,WeekendDeal,Festival,59,42,-17
R001,2025-03-11,16,1,0,Clear,4.23,26.3,WeekendDeal,Festival,39,38,-1
R001,2025-03-11,17,1,0,Clear,4.23,26.3,WeekendDeal,Festival,29,31,2
R001,2025-03-11,18,1,0,Clear,4.23,26.3,WeekendDeal,Festival,38,29,-9
R001,2025-03-11,19,1,0,Clear,4.23,26.3,WeekendDeal,Festival,59,58,-1
R001,2025-03-11,20,1,0,Clear,4.23,26.3,WeekendDeal,Festival,70,71,1
R001,2025-03-11,21,1,0,Clear,4.23,26.3,WeekendDeal,Festival,57,52,-5
R001,2025-03-11,22,1,0,Clear,4.23,26.3,WeekendDeal,Festival,31,35,4
R001,2025-03-12,8,2,0,Rain,21.66,29.8,FestivalOffer,None,5,4,-1
R001,2025-03-12,9,2,0,Rain,21.66,29.8,FestivalOffer,None,13,13,0
R001,2025-03-12,10,2,0,Rain,21.66,29.8,FestivalOffer,None,26,26,0
R001,2025-03-12,11,2,0,Rain,21.66,29.8,FestivalOffer,None,42,42,0
R001,2025-03-12,12,2,0,Rain,21.66,29.8,FestivalOffer,None,56,68,12
R001,2025-03-12,13,2,0,Rain,21.66,29.8,FestivalOffer,None,62,73,11
R001,2025-03-12,14,2,0,Rain,21.66,29.8,FestivalOffer,None,56,66,10
R001,2025-03-12,15,2,0,Rain,21.66,29.8,FestivalOffer,None,42,40,-2
R001,2025-03-12,16,2,0,Rain,21.66,29.8,FestivalOffer,None,28,31,3
R001,2025-03-12,17,2,0,Rain,21.66,29.8,FestivalOffer,None,21,20,-1
R001,2025-03-12,18,2,0,Rain,21.66,29.8,FestivalOffer,None,27,25,-2
R001,2025-03-12,19,2,0,Rain,21.66,29.8,FestivalOffer,None,42,40,-2
R001,2025-03-12,20,2,0,Rain,21.66,29.8,FestivalOffer,None,50,51,1
R001,2025-03-12,21,2,0,Rain,21.66,29.8,FestivalOffer,None,41,47,6
R001,2025-03-12,22,2,0,Rain,21.66,29.8,FestivalOffer,None,22,21,-1
R001,2025-03-13,8,3,0,Clear,4.04,31.1,WeekendDeal,Festival,8,8,0
R001,2025-03-13,9,3,0,Clear,4.04,31.1,WeekendDeal,Festival,18,12,-6
R001,2025-03-13,10,3,0,Clear,4.04,31.1,WeekendDeal,Festival,36,32,-4
R001,2025-03-13,11,3,0,Clear,4.04,31.1,WeekendDeal,Festival,59,73,14
R001,2025-03-13,12,3,0,Clear,4.04,31.1,WeekendDeal,Festival,79,87,8
R001,2025-03-13,13,3,0,Clear,4.04,31.1,WeekendDeal,Festival,87,113,26
R001,2025-03-13,14,3,0,Clear,4.04,31.1,WeekendDeal,Festival,79,88,9
R001,2025-03-13,15,3,0,Clear,4.04,31.1,WeekendDeal,Festival,59,63,4
R001,2025-03-13,16,3,0,Clear,4.04,31.1,WeekendDeal,Festival,39,31,-8
R001,2025-03-13,17,3,0,Clear,4.04,31.1,WeekendDeal,Festival,29,27,-2
R001,2025-03-13,18,3,0,Clear,4.04,31.1,WeekendDeal,Festival,38,36,-2
R001,2025-03-13,19,3,0,Clear,4.04,31.1,WeekendDeal,Festival,59,49,-10
R001,2025-03-13,20,3,0,Clear,4.04,31.1,WeekendDeal,Festival,70,70,0
R001,2025-03-13,21,3,0,Clear,4.04,31.1,WeekendDeal,Festival,57,49,-8
R001,2025-03-13,22,3,0,Clear,4.04,31.1,WeekendDeal,Festival,31,32,1
R001,2025-03-14,8,4,0,Storm,13.24,36.9,None,None,4,4,0
R001,2025-03-14,9,4,0,Storm,13.24,36.9,None,None,9,10,1
R001,2025-03-14,10,4,0,Storm,13.24,36.9,None,None,18,21,3
R001,2025-03-14,11,4,0,Storm,13.24,36.9,None,None,30,23,-7
R001,2025-03-14,12,4,0,Storm,13.24,36.9,None,None,40,48,8
R001,2025-03-14,13,4,0,Storm,13.24,36.9,None,None,44,45,1
R001,2025-03-14,14,4,0,Storm,13.24,36.9,None,None,40,49,9
R001,2025-03-14,15,4,0,Storm,13.24,36.9,None,None,30,30,0
R001,2025-03-14,16,4,0,Storm,13.24,36.9,None,None,20,16,-4
R001,2025-03-14,17,4,0,Storm,13.24,36.9,None,None,15,14,-1
R001,2025-03-14,18,4,0,Storm,13.24,36.9,None,None,19,22,3
R001,2025-03-14,19,4,0,Storm,13.24,36.9,None,None,30,25,-5
R001,2025-03-14,20,4,0,Storm,13.24,36.9,None,None,36,34,-2
R001,2025-03-14,21,4,0,Storm,13.24,36.9,None,None,29,27,-2
R001,2025-03-14,22,4,0,Storm,13.24,36.9,None,None,15,15,0
R001,2025-03-15,8,5,1,Storm,10.21,24.4,HappyHour,Festival,6,8,2
R001,2025-03-15,9,5,1,Storm,10.21,24.4,HappyHour,Festival,13,16,3
R001,2025-03-15,10,5,1,Storm,10.21,24.4,HappyHour,Festival,27,25,-2
R001,2025-03-15,11,5,1,Storm,10.21,24.4,HappyHour,Festival,44,46,2
R001,2025-03-15,12,5,1,Storm,10.21,24.4,HappyHour,Festival,58,51,-7
R001,2025-03-15,13,5,1,Storm,10.21,24.4,HappyHour,Festival,64,71,7
R001,2025-03-15,14,5,1,Storm,10.21,24.4,HappyHour,Festival,58,55,-3
R001,2025-03-15,15,5,1,Storm,10.21,24.4,HappyHour,Festival,44,49,5
R001,2025-03-15,16,5,1,Storm,10.21,24.4,HappyHour,Festival,29,32,3
R001,2025-03-15,17,5,1,Storm,10.21,24.4,HappyHour,Festival,22,28,6
R001,2025-03-15,18,5,1,Storm,10.21,24.4,HappyHour,Festival,28,19,-9
R001,2025-03-15,19,5,1,Storm,10.21,24.4,HappyHour,Festival,44,46,2
R001,2025-03-15,20,5,1,Storm,10.21,24.4,HappyHour,Festival,52,58,6
R001,2025-03-15,21,5,1,Storm,10.21,24.4,HappyHour,Festival,42,41,-1
R001,2025-03-15,22,5,1,Storm,10.21,24.4,HappyHour,Festival,23,31,8
R001,2025-03-16,8,6,1,Cloudy,2.76,35.3,None,SportsMatch,8,5,-3
R001,2025-03-16,9,6,1,Cloudy,2.76,35.3,None,SportsMatch,18,20,2
R001,2025-03-16,10,6,1,Cloudy,2.76,35.3,None,SportsMatch,36,31,-5
R001,2025-03-16,11,6,1,Cloudy,2.76,35.3,None,SportsMatch,59,55,-4
R001,2025-03-16,12,6,1,Cloudy,2.76,35.3,None,SportsMatch,79,72,-7
R001,2025-03-16,13,6,1,Cloudy,2.76,35.3,None,SportsMatch,87,101,14
R001,2025-03-16,14,6,1,Cloudy,2.76,35.3,None,SportsMatch,79,72,-7
R001,2025-03-16,15,6,1,Cloudy,2.76,35.3,None,SportsMatch,59,51,-8
R001,2025-03-16,16,6,1,Cloudy,2.76,35.3,None,SportsMatch,39,41,2
R001,2025-03-16,17,6,1,Cloudy,2.76,35.3,None,SportsMatch,29,24,-5
R001,2025-03-16,18,6,1,Cloudy,2.76,35.3,None,SportsMatch,38,38,0
R001,2025-03-16,19,6,1,Cloudy,2.76,35.3,None,SportsMatch,59,49,-10
R001,2025-03-16,20,6,1,Cloudy,2.76,35.3,None,SportsMatch,70,58,-12
R001,2025-03-16,21,6,1,Cloudy,2.76,35.3,None,SportsMatch,57,55,-2
R001,2025-03-16,22,6,1,Cloudy,2.76,35.3,None,SportsMatch,30,25,-5
R001,2025-03-17,8,0,0,Storm,17.56,24.0,HappyHour,Festival,5,8,3
R001,2025-03-17,9,0,0,Storm,17.56,24.0,HappyHour,Festival,11,10,-1
R001,2025-03-17,10,0,0,Storm,17.56,24.0,HappyHour,Festival,23,24,1
R001,2025-03-17,11,0,0,Storm,17.56,24.0,HappyHour,Festival,37,42,5
R001,2025-03-17,12,0,0,Storm,17.56,24.0,HappyHour,Festival,50,50,0
R001,2025-03-17,13,0,0,Storm,17.56,24.0,HappyHour,Festival,55,68,13
R001,2025-03-17,14,0,0,Storm,17.56,24.0,HappyHour,Festival,50,32,-18
R001,2025-03-17,15,0,0,Storm,17.56,24.0,HappyHour,Festival,37,25,-12
R001,2025-03-17,16,0,0,Storm,17.56,24.0,HappyHour,Festival,24,20,-4
R001,2025-03-17,17,0,0,Storm,17.56,24.0,HappyHour,Festival,18,23,5
R001,2025-03-17,18,0,0,Storm,17.56,24.0,HappyHour,Festival,24,23,-1
R001,2025-03-17,19,0,0,Storm,17.56,24.0,HappyHour,Festival,37,32,-5
R001,2025-03-17,20,0,0,Storm,17.56,24.0,HappyHour,Festival,44,38,-6
R001,2025-03-17,21,0,0,Storm,17.56,24.0,HappyHour,Festival,36,42,6
R001,2025-03-17,22,0,0,Storm,17.56,24.0,HappyHour,Festival,19,23,4
R001,2025-03-18,8,1,0,Storm,1.24,24.4,None,LocalEvent,4,9,5
R001,2025-03-18,9,1,0,Storm,1.24,24.4,None,LocalEvent,10,8,-2
R001,2025-03-18,10,1,0,Storm,1.24,24.4,None,LocalEvent,20,19,-1
R001,2025-03-18,11,1,0,Storm,1.24,24.4,None,LocalEvent,32,38,6
R001,2025-03-18,12,1,0,Storm,1.24,24.4,None,LocalEvent,43,47,4
R001,2025-03-18,13,1,0,Storm,1.24,24.4,None,LocalEvent,47,47,0
R001,2025-03-18,14,1,0,Storm,1.24,24.4,None,LocalEvent,43,40,-3
R001,2025-03-18,15,1,0,Storm,1.24,24.4,None,LocalEvent,32,34,2
R001,2025-03-18,16,1,0,Storm,1.24,24.4,None,LocalEvent,21,20,-1
R001,2025-03-18,17,1,0,Storm,1.24,24.4,None,LocalEvent,16,17,1
R001,2025-03-18,18,1,0,Storm,1.24,24.4,None,LocalEvent,21,17,-4
R001,2025-03-18,19,1,0,Storm,1.24,24.4,None,LocalEvent,32,34,2
R001,2025-03-18,20,1,0,Storm,1.24,24.4,None,LocalEvent,38,43,5
R001,2025-03-18,21,1,0,Storm,1.24,24.4,None,LocalEvent,31,25,-6
R001,2025-03-18,22,1,0,Storm,1.24,24.4,None,LocalEvent,16,18,2
R001,2025-03-19,8,2,0,Rain,18.17,37.2,WeekendDeal,None,5,2,-3
R001,2025-03-19,9,2,0,Rain,18.17,37.2,WeekendDeal,None,12,9,-3
R001,2025-03-19,10,2,0,Rain,18.17,37.2,WeekendDeal,None,25,23,-2
R001,2025-03-19,11,2,0,Rain,18.17,37.2,WeekendDeal,None,40,38,-2
R001,2025-03-19,12,2,0,Rain,18.17,37.2,WeekendDeal,None,54,51,-3
R001,2025-03-19,13,2,0,Rain,18.17,37.2,WeekendDeal,None,59,56,-3
R001,2025-03-19,14,2,0,Rain,18.17,37.2,WeekendDeal,None,54,53,-1
R001,2025-03-19,15,2,0,Rain,18.17,37.2,WeekendDeal,None,40,44,4
R001,2025-03-19,16,2,0,Rain,18.17,37.2,WeekendDeal,None,26,29,3
R001,2025-03-19,17,2,0,Rain,18.17,37.2,WeekendDeal,None,20,19,-1
R001,2025-03-19,18,2,0,Rain,18.17,37.2,WeekendDeal,None,26,20,-6
R001,2025-03-19,19,2,0,Rain,18.17,37.2,WeekendDeal,None,40,32,-8
R001,2025-03-19,20,2,0,Rain,18.17,37.2,WeekendDeal,None,48,51,3
R001,2025-03-19,21,2,0,Rain,18.17,37.2,WeekendDeal,None,39,35,-4
R001,2025-03-19,22,2,0,Rain,18.17,37.2,WeekendDeal,None,21,28,7
R001,2025-03-20,8,3,0,Rain,17.88,33.9,WeekendDeal,SportsMatch,6,4,-2
R001,2025-03-20,9,3,0,Rain,17.88,33.9,WeekendDeal,SportsMatch,13,12,-1
R001,2025-03-20,10,3,0,Rain,17.88,33.9,WeekendDeal,SportsMatch,27,29,2
R001,2025-03-20,11,3,0,Rain,17.88,33.9,WeekendDeal,SportsMatch,44,45,1
R001,2025-03-20,12,3,0,Rain,17.88,33.9,WeekendDeal,SportsMatch,58,54,-4
R001,2025-03-20,13,3,0,Rain,17.88,33.9,WeekendDeal,SportsMatch,64,61,-3
R001,2025-03-20,14,3,0,Rain,17.88,33.9,WeekendDeal,SportsMatch,58,43,-15
R001,2025-03-20,15,3,0,Rain,17.88,33.9,WeekendDeal,SportsMatch,44,38,-6
R001,2025-03-20,16,3,0,Rain,17.88,33.9,WeekendDeal,SportsMatch,29,30,1
R001,2025-03-20,17,3,0,Rain,17.88,33.9,WeekendDeal,SportsMatch,22,23,1
R001,2025-03-20,18,3,0,Rain,17.88,33.9,WeekendDeal,SportsMatch,28,31,3
R001,2025-03-20,19,3,0,Rain,17.88,33.9,WeekendDeal,SportsMatch,44,50,6
R001,2025-03-20,20,3,0,Rain,17.88,33.9,WeekendDeal,SportsMatch,52,46,-6
R001,2025-03-20,21,3,0,Rain,17.88,33.9,WeekendDeal,SportsMatch,42,36,-6
R001,2025-03-20,22,3,0,Rain,17.88,33.9,WeekendDeal,SportsMatch,23,24,1
R001,2025-03-21,8,4,0,Rain,22.36,20.1,FestivalOffer,SportsMatch,6,6,0
R001,2025-03-21,9,4,0,Rain,22.36,20.1,FestivalOffer,SportsMatch,14,16,2
R001,2025-03-21,10,4,0,Rain,22.36,20.1,FestivalOffer,SportsMatch,28,28,0
R001,2025-03-21,11,4,0,Rain,22.36,20.1,FestivalOffer,SportsMatch,46,47,1
R001,2025-03-21,12,4,0,Rain,22.36,20.1,FestivalOffer,SportsMatch,62,73,11
R001,2025-03-21,13,4,0,Rain,22.36,20.1,FestivalOffer,SportsMatch,68,83,15
R001,2025-03-21,14,4,0,Rain,22.36,20.1,FestivalOffer,SportsMatch,62,58,-4
R001,2025-03-21,15,4,0,Rain,22.36,20.1,FestivalOffer,SportsMatch,46,44,-2
R001,2025-03-21,16,4,0,Rain,22.36,20.1,FestivalOffer,SportsMatch,30,32,2
R001,2025-03-21,17,4,0,Rain,22.36,20.1,FestivalOffer,SportsMatch,23,23,0
R001,2025-03-21,18,4,0,Rain,22.36,20.1,FestivalOffer,SportsMatch,30,33,3
R001,2025-03-21,19,4,0,Rain,22.36,20.1,FestivalOffer,SportsMatch,46,54,8
R001,2025-03-21,20,4,0,Rain,22.36,20.1,FestivalOffer,SportsMatch,55,44,-11
R001,2025-03-21,21,4,0,Rain,22.36,20.1,FestivalOffer,SportsMatch,44,40,-4
R001,2025-03-21,22,4,0,Rain,22.36,20.1,FestivalOffer,SportsMatch,24,23,-1
R001,2025-03-22,8,5,1,Storm,22.51,36.1,WeekendDeal,SportsMatch,6,4,-2
R001,2025-03-22,9,5,1,Storm,22.51,36.1,WeekendDeal,SportsMatch,13,12,-1
R001,2025-03-22,10,5,1,Storm,22.51,36.1,WeekendDeal,SportsMatch,26,25,-1
R001,2025-03-22,11,5,1,Storm,22.51,36.1,WeekendDeal,SportsMatch,43,43,0
R001,2025-03-22,12,5,1,Storm,22.51,36.1,WeekendDeal,SportsMatch,57,73,16
R001,2025-03-22,13,5,1,Storm,22.51,36.1,WeekendDeal,SportsMatch,63,55,-8
R001,2025-03-22,14,5,1,Storm,22.51,36.1,WeekendDeal,SportsMatch,57,48,-9
R001,2025-03-22,15,5,1,Storm,22.51,36.1,WeekendDeal,SportsMatch,43,41,-2
R001,2025-03-22,16,5,1,Storm,22.51,36.1,WeekendDeal,SportsMatch,28,25,-3
R001,2025-03-22,17,5,1,Storm,22.51,36.1,WeekendDeal,SportsMatch,21,18,-3
R001,2025-03-22,18,5,1,Storm,22.51,36.1,WeekendDeal,SportsMatch,28,26,-2
R001,2025-03-22,19,5,1,Storm,22.51,36.1,WeekendDeal,SportsMatch,43,50,7
R001,2025-03-22,20,5,1,Storm,22.51,36.1,WeekendDeal,SportsMatch,51,37,-14
R001,2025-03-22,21,5,1,Storm,22.51,36.1,WeekendDeal,SportsMatch,41,42,1
R001,2025-03-22,22,5,1,Storm,22.51,36.1,WeekendDeal,SportsMatch,22,21,-1
R001,2025-03-23,8,6,1,Clear,0.76,21.3,FestivalOffer,LocalEvent,9,10,1
R001,2025-03-23,9,6,1,Clear,0.76,21.3,FestivalOffer,LocalEvent,21,21,0
R001,2025-03-23,10,6,1,Clear,0.76,21.3,FestivalOffer,LocalEvent,42,33,-9
R001,2025-03-23,11,6,1,Clear,0.76,21.3,FestivalOffer,LocalEvent,68,77,9
R001,2025-03-23,12,6,1,Clear,0.76,21.3,FestivalOffer,LocalEvent,91,69,-22
R001,2025-03-23,13,6,1,Clear,0.76,21.3,FestivalOffer,LocalEvent,101,89,-12
R001,2025-03-23,14,6,1,Clear,0.76,21.3,FestivalOffer,LocalEvent,91,81,-10
R001,2025-03-23,15,6,1,Clear,0.76,21.3,FestivalOffer,LocalEvent,69,79,10
R001,2025-03-23,16,6,1,Clear,0.76,21.3,FestivalOffer,LocalEvent,45,51,6
R001,2025-03-23,17,6,1,Clear,0.76,21.3,FestivalOffer,LocalEvent,34,36,2
R001,2025-03-23,18,6,1,Clear,0.76,21.3,FestivalOffer,LocalEvent,44,35,-9
R001,2025-03-23,19,6,1,Clear,0.76,21.3,FestivalOffer,LocalEvent,68,81,13
R001,2025-03-23,20,6,1,Clear,0.76,21.3,FestivalOffer,LocalEvent,81,75,-6
R001,2025-03-23,21,6,1,Clear,0.76,21.3,FestivalOffer,LocalEvent,66,77,11
R001,2025-03-23,22,6,1,Clear,0.76,21.3,FestivalOffer,LocalEvent,35,38,3
R001,2025-03-24,8,0,0,Clear,3.41,24.4,HappyHour,Festival,7,4,-3
R001,2025-03-24,9,0,0,Clear,3.41,24.4,HappyHour,Festival,18,22,4
R001,2025-03-24,10,0,0,Clear,3.41,24.4,HappyHour,Festival,35,36,1
R001,2025-03-24,11,0,0,Clear,3.41,24.4,HappyHour,Festival,57,56,-1
R001,2025-03-24,12,0,0,Clear,3.41,24.4,HappyHour,Festival,76,77,1
R001,2025-03-24,13,0,0,Clear,3.41,24.4,HappyHour,Festival,84,82,-2
R001,2025-03-24,14,0,0,Clear,3.41,24.4,HappyHour,Festival,76,86,10
R001,2025-03-24,15,0,0,Clear,3.41,24.4,HappyHour,Festival,57,59,2
R001,2025-03-24,16,0,0,Clear,3.41,24.4,HappyHour,Festival,37,39,2
R001,2025-03-24,17,0,0,Clear,3.41,24.4,HappyHour,Festival,28,20,-8
R001,2025-03-24,18,0,0,Clear,3.41,24.4,HappyHour,Festival,37,40,3
R001,2025-03-24,19,0,0,Clear,3.41,24.4,HappyHour,Festival,57,65,8
R001,2025-03-24,20,0,0,Clear,3.41,24.4,HappyHour,Festival,68,81,13
R001,2025-03-24,21,0,0,Clear,3.41,24.4,HappyHour,Festival,55,46,-9
R001,2025-03-24,22,0,0,Clear,3.41,24.4,HappyHour,Festival,29,23,-6
R001,2025-03-25,8,1,0,Clear,1.91,23.4,HappyHour,None,6,4,-2
R001,2025-03-25,9,1,0,Clear,1.91,23.4,HappyHour,None,15,12,-3
R001,2025-03-25,10,1,0,Clear,1.91,23.4,HappyHour,None,30,32,2
R001,2025-03-25,11,1,0,Clear,1.91,23.4,HappyHour,None,49,51,2
R001,2025-03-25,12,1,0,Clear,1.91,23.4,HappyHour,None,66,83,17
R001,2025-03-25,13,1,0,Clear,1.91,23.4,HappyHour,None,73,67,-6
R001,2025-03-25,14,1,0,Clear,1.91,23.4,HappyHour,None,66,72,6
R001,2025-03-25,15,1,0,Clear,1.91,23.4,HappyHour,None,50,33,-17
R001,2025-03-25,16,1,0,Clear,1.91,23.4,HappyHour,None,32,23,-9
R001,2025-03-25,17,1,0,Clear,1.91,23.4,HappyHour,None,24,24,0
R001,2025-03-25,18,1,0,Clear,1.91,23.4,HappyHour,None,32,35,3
R001,2025-03-25,19,1,0,Clear,1.91,23.4,HappyHour,None,50,42,-8
R001,2025-03-25,20,1,0,Clear,1.91,23.4,HappyHour,None,59,46,-13
R001,2025-03-25,21,1,0,Clear,1.91,23.4,HappyHour,None,48,52,4
R001,2025-03-25,22,1,0,Clear,1.91,23.4,HappyHour,None,26,25,-1
R001,2025-03-26,8,2,0,Rain,16.5,25.6,FestivalOffer,Festival,6,8,2
R001,2025-03-26,9,2,0,Rain,16.5,25.6,FestivalOffer,Festival,15,17,2
R001,2025-03-26,10,2,0,Rain,16.5,25.6,FestivalOffer,Festival,30,28,-2
R001,2025-03-26,11,2,0,Rain,16.5,25.6,FestivalOffer,Festival,48,46,-2
R001,2025-03-26,12,2,0,Rain,16.5,25.6,FestivalOffer,Festival,65,77,12
R001,2025-03-26,13,2,0,Rain,16.5,25.6,FestivalOffer,Festival,72,70,-2
R001,2025-03-26,14,2,0,Rain,16.5,25.6,FestivalOffer,Festival,65,42,-23
R001,2025-03-26,15,2,0,Rain,16.5,25.6,FestivalOffer,Festival,49,50,1
R001,2025-03-26,16,2,0,Rain,16.5,25.6,FestivalOffer,Festival,32,43,11
R001,2025-03-26,17,2,0,Rain,16.5,25.6,FestivalOffer,Festival,24,23,-1
R001,2025-03-26,18,2,0,Rain,16.5,25.6,FestivalOffer,Festival,31,31,0
R001,2025-03-26,19,2,0,Rain,16.5,25.6,FestivalOffer,Festival,49,49,0
R001,2025-03-26,20,2,0,Rain,16.5,25.6,FestivalOffer,Festival,58,66,8
R001,2025-03-26,21,2,0,Rain,16.5,25.6,FestivalOffer,Festival,47,49,2
R001,2025-03-26,22,2,0,Rain,16.5,25.6,FestivalOffer,Festival,25,20,-5
R001,2025-03-27,8,3,0,Storm,11.06,20.6,HappyHour,None,4,3,-1
R001,2025-03-27,9,3,0,Storm,11.06,20.6,HappyHour,None,10,12,2
R001,2025-03-27,10,3,0,Storm,11.06,20.6,HappyHour,None,20,20,0
R001,2025-03-27,11,3,0,Storm,11.06,20.6,HappyHour,None,32,32,0
R001,2025-03-27,12,3,0,Storm,11.06,20.6,HappyHour,None,43,29,-14
R001,2025-03-27,13,3,0,Storm,11.06,20.6,HappyHour,None,47,49,2
R001,2025-03-27,14,3,0,Storm,11.06,20.6,HappyHour,None,43,47,4
R001,2025-03-27,15,3,0,Storm,11.06,20.6,HappyHour,None,32,34,2
R001,2025-03-27,16,3,0,Storm,11.06,20.6,HappyHour,None,21,22,1
R001,2025-03-27,17,3,0,Storm,11.06,20.6,HappyHour,None,16,14,-2
R001,2025-03-27,18,3,0,Storm,11.06,20.6,HappyHour,None,21,22,1
R001,2025-03-27,19,3,0,Storm,11.06,20.6,HappyHour,None,32,35,3
R001,2025-03-27,20,3,0,Storm,11.06,20.6,HappyHour,None,38,37,-1
R001,2025-03-27,21,3,0,Storm,11.06,20.6,HappyHour,None,31,35,4
R001,2025-03-27,22,3,0,Storm,11.06,20.6,HappyHour,None,17,17,0
R001,2025-03-28,8,4,0,Rain,5.49,24.9,FestivalOffer,Festival,6,6,0
R001,2025-03-28,9,4,0,Rain,5.49,24.9,FestivalOffer,Festival,15,13,-2
R001,2025-03-28,10,4,0,Rain,5.49,24.9,FestivalOffer,Festival,30,39,9
R001,2025-03-28,11,4,0,Rain,5.49,24.9,FestivalOffer,Festival,48,51,3
R001,2025-03-28,12,4,0,Rain,5.49,24.9,FestivalOffer,Festival,65,62,-3
R001,2025-03-28,13,4,0,Rain,5.49,24.9,FestivalOffer,Festival,72,75,3
R001,2025-03-28,14,4,0,Rain,5.49,24.9,FestivalOffer,Festival,65,74,9
R001,2025-03-28,15,4,0,Rain,5.49,24.9,FestivalOffer,Festival,49,44,-5
R001,2025-03-28,16,4,0,Rain,5.49,24.9,FestivalOffer,Festival,32,27,-5
R001,2025-03-28,17,4,0,Rain,5.49,24.9,FestivalOffer,Festival,24,23,-1
R001,2025-03-28,18,4,0,Rain,5.49,24.9,FestivalOffer,Festival,31,32,1
R001,2025-03-28,19,4,0,Rain,5.49,24.9,FestivalOffer,Festival,49,43,-6
R001,2025-03-28,20,4,0,Rain,5.49,24.9,FestivalOffer,Festival,58,60,2
R001,2025-03-28,21,4,0,Rain,5.49,24.9,FestivalOffer,Festival,47,48,1
R001,2025-03-28,22,4,0,Rain,5.49,24.9,FestivalOffer,Festival,25,22,-3
R001,2025-03-29,8,5,1,Clear,0.39,33.5,FestivalOffer,None,8,5,-3
R001,2025-03-29,9,5,1,Clear,0.39,33.5,FestivalOffer,None,20,15,-5
R001,2025-03-29,10,5,1,Clear,0.39,33.5,FestivalOffer,None,39,33,-6
R001,2025-03-29,11,5,1,Clear,0.39,33.5,FestivalOffer,None,64,60,-4
R001,2025-03-29,12,5,1,Clear,0.39,33.5,FestivalOffer,None,85,106,21
R001,2025-03-29,13,5,1,Clear,0.39,33.5,FestivalOffer,None,94,91,-3
R001,2025-03-29,14,5,1,Clear,0.39,33.5,FestivalOffer,None,85,79,-6
R001,2025-03-29,15,5,1,Clear,0.39,33.5,FestivalOffer,None,64,83,19
R001,2025-03-29,16,5,1,Clear,0.39,33.5,FestivalOffer,None,42,31,-11
R001,2025-03-29,17,5,1,Clear,0.39,33.5,FestivalOffer,None,31,24,-7
R001,2025-03-29,18,5,1,Clear,0.39,33.5,FestivalOffer,None,41,42,1
R001,2025-03-29,19,5,1,Clear,0.39,33.5,FestivalOffer,None,64,55,-9
R001,2025-03-29,20,5,1,Clear,0.39,33.5,FestivalOffer,None,76,68,-8
R001,2025-03-29,21,5,1,Clear,0.39,33.5,FestivalOffer,None,61,64,3
R001,2025-03-29,22,5,1,Clear,0.39,33.5,FestivalOffer,None,33,37,4
R001,2025-03-30,8,6,1,Rain,22.89,34.4,FestivalOffer,LocalEvent,7,3,-4
R001,2025-03-30,9,6,1,Rain,22.89,34.4,FestivalOffer,LocalEvent,16,18,2
R001,2025-03-30,10,6,1,Rain,22.89,34.4,FestivalOffer,LocalEvent,33,27,-6
R001,2025-03-30,11,6,1,Rain,22.89,34.4,FestivalOffer,LocalEvent,53,59,6
R001,2025-03-30,12,6,1,Rain,22.89,34.4,FestivalOffer,LocalEvent,71,75,4
R001,2025-03-30,13,6,1,Rain,22.89,34.4,FestivalOffer,LocalEvent,79,67,-12
R001,2025-03-30,14,6,1,Rain,22.89,34.4,FestivalOffer,LocalEvent,71,70,-1
R001,2025-03-30,15,6,1,Rain,22.89,34.4,FestivalOffer,LocalEvent,53,45,-8
R001,2025-03-30,16,6,1,Rain,22.89,34.4,FestivalOffer,LocalEvent,35,30,-5
R001,2025-03-30,17,6,1,Rain,22.89,34.4,FestivalOffer,LocalEvent,26,26,0
R001,2025-03-30,18,6,1,Rain,22.89,34.4,FestivalOffer,LocalEvent,34,31,-3
R001,2025-03-30,19,6,1,Rain,22.89,34.4,FestivalOffer,LocalEvent,53,49,-4
R001,2025-03-30,20,6,1,Rain,22.89,34.4,FestivalOffer,LocalEvent,63,56,-7
R001,2025-03-30,21,6,1,Rain,22.89,34.4,FestivalOffer,LocalEvent,51,33,-18
R001,2025-03-30,22,6,1,Rain,22.89,34.4,FestivalOffer,LocalEvent,28,24,-4
R001,2025-03-31,8,0,0,Clear,1.55,30.2,FestivalOffer,None,7,5,-2
R001,2025-03-31,9,0,0,Clear,1.55,30.2,FestivalOffer,None,17,15,-2
R001,2025-03-31,10,0,0,Clear,1.55,30.2,FestivalOffer,None,33,32,-1
R001,2025-03-31,11,0,0,Clear,1.55,30.2,FestivalOffer,None,54,57,3
R001,2025-03-31,12,0,0,Clear,1.55,30.2,FestivalOffer,None,72,70,-2
R001,2025-03-31,13,0,0,Clear,1.55,30.2,FestivalOffer,None,80,91,11
R001,2025-03-31,14,0,0,Clear,1.55,30.2,FestivalOffer,None,72,75,3
R001,2025-03-31,15,0,0,Clear,1.55,30.2,FestivalOffer,None,54,55,1
R001,2025-03-31,16,0,0,Clear,1.55,30.2,FestivalOffer,None,35,29,-6
R001,2025-03-31,17,0,0,Clear,1.55,30.2,FestivalOffer,None,27,30,3
R001,2025-03-31,18,0,0,Clear,1.55,30.2,FestivalOffer,None,35,47,12
R001,2025-03-31,19,0,0,Clear,1.55,30.2,FestivalOffer,None,54,66,12
R001,2025-03-31,20,0,0,Clear,1.55,30.2,FestivalOffer,None,64,61,-3
R001,2025-03-31,21,0,0,Clear,1.55,30.2,FestivalOffer,None,52,45,-7
R001,2025-03-31,22,0,0,Clear,1.55,30.2,FestivalOffer,None,28,28,0
R002,2025-01-01,8,2,0,Storm,33.92,37.3,HappyHour,LocalEvent,4,5,1
R002,2025-01-01,9,2,0,Storm,33.92,37.3,HappyHour,LocalEvent,10,11,1
R002,2025-01-01,10,2,0,Storm,33.92,37.3,HappyHour,LocalEvent,20,19,-1
R002,2025-01-01,11,2,0,Storm,33.92,37.3,HappyHour,LocalEvent,32,37,5
R002,2025-01-01,12,2,0,Storm,33.92,37.3,HappyHour,LocalEvent,43,55,12
R002,2025-01-01,13,2,0,Storm,33.92,37.3,HappyHour,LocalEvent,47,39,-8
R002,2025-01-01,14,2,0,Storm,33.92,37.3,HappyHour,LocalEvent,43,43,0
R002,2025-01-01,15,2,0,Storm,33.92,37.3,HappyHour,LocalEvent,32,29,-3
R002,2025-01-01,16,2,0,Storm,33.92,37.3,HappyHour,LocalEvent,21,21,0
R002,2025-01-01,17,2,0,Storm,33.92,37.3,HappyHour,LocalEvent,16,21,5
R002,2025-01-01,18,2,0,Storm,33.92,37.3,HappyHour,LocalEvent,21,19,-2
R002,2025-01-01,19,2,0,Storm,33.92,37.3,HappyHour,LocalEvent,32,30,-2
R002,2025-01-01,20,2,0,Storm,33.92,37.3,HappyHour,LocalEvent,38,31,-7
R002,2025-01-01,21,2,0,Storm,33.92,37.3,HappyHour,LocalEvent,31,29,-2
R002,2025-01-01,22,2,0,Storm,33.92,37.3,HappyHour,LocalEvent,17,15,-2
R002,2025-01-02,8,3,0,Rain,30.02,25.0,WeekendDeal,None,5,3,-2
R002,2025-01-02,9,3,0,Rain,30.02,25.0,WeekendDeal,None,12,13,1
R002,2025-01-02,10,3,0,Rain,30.02,25.0,WeekendDeal,None,23,22,-1
R002,2025-01-02,11,3,0,Rain,30.02,25.0,WeekendDeal,None,37,41,4
R002,2025-01-02,12,3,0,Rain,30.02,25.0,WeekendDeal,None,50,51,1
R002,2025-01-02,13,3,0,Rain,30.02,25.0,WeekendDeal,None,55,55,0
R002,2025-01-02,14,3,0,Rain,30.02,25.0,WeekendDeal,None,50,46,-4
R002,2025-01-02,15,3,0,Rain,30.02,25.0,WeekendDeal,None,37,41,4
R002,2025-01-02,16,3,0,Rain,30.02,25.0,WeekendDeal,None,24,24,0
R002,2025-01-02,17,3,0,Rain,30.02,25.0,WeekendDeal,None,18,17,-1
R002,2025-01-02,18,3,0,Rain,30.02,25.0,WeekendDeal,None,24,22,-2
R002,2025-01-02,19,3,0,Rain,30.02,25.0,WeekendDeal,None,37,47,10
R002,2025-01-02,20,3,0,Rain,30.02,25.0,WeekendDeal,None,44,43,-1
R002,2025-01-02,21,3,0,Rain,30.02,25.0,WeekendDeal,None,36,32,-4
R002,2025-01-02,22,3,0,Rain,30.02,25.0,WeekendDeal,None,19,16,-3
R002,2025-01-03,8,4,0,Cloudy,0.09,36.3,WeekendDeal,LocalEvent,7,4,-3
R002,2025-01-03,9,4,0,Cloudy,0.09,36.3,WeekendDeal,LocalEvent,16,12,-4
R002,2025-01-03,10,4,0,Cloudy,0.09,36.3,WeekendDeal,LocalEvent,31,29,-2
R002,2025-01-03,11,4,0,Cloudy,0.09,36.3,WeekendDeal,LocalEvent,51,48,-3
R002,2025-01-03,12,4,0,Cloudy,0.09,36.3,WeekendDeal,LocalEvent,68,77,9
R002,2025-01-03,13,4,0,Cloudy,0.09,36.3,WeekendDeal,LocalEvent,75,92,17
R002,2025-01-03,14,4,0,Cloudy,0.09,36.3,WeekendDeal,LocalEvent,68,72,4
R002,2025-01-03,15,4,0,Cloudy,0.09,36.3,WeekendDeal,LocalEvent,51,40,-11
R002,2025-01-03,16,4,0,Cloudy,0.09,36.3,WeekendDeal,LocalEvent,33,38,5
R002,2025-01-03,17,4,0,Cloudy,0.09,36.3,WeekendDeal,LocalEvent,25,24,-1
R002,2025-01-03,18,4,0,Cloudy,0.09,36.3,WeekendDeal,LocalEvent,33,29,-4
R002,2025-01-03,19,4,0,Cloudy,0.09,36.3,WeekendDeal,LocalEvent,51,53,2
R002,2025-01-03,20,4,0,Cloudy,0.09,36.3,WeekendDeal,LocalEvent,61,60,-1
R002,2025-01-03,21,4,0,Cloudy,0.09,36.3,WeekendDeal,LocalEvent,49,53,4
R002,2025-01-03,22,4,0,Cloudy,0.09,36.3,WeekendDeal,LocalEvent,26,27,1
R002,2025-01-04,8,5,1,Cloudy,3.9,25.8,WeekendDeal,SportsMatch,8,10,2
R002,2025-01-04,9,5,1,Cloudy,3.9,25.8,WeekendDeal,SportsMatch,19,18,-1
R002,2025-01-04,10,5,1,Cloudy,3.9,25.8,WeekendDeal,SportsMatch,38,40,2
R002,2025-01-04,11,5,1,Cloudy,3.9,25.8,WeekendDeal,SportsMatch,61,48,-13
R002,2025-01-04,12,5,1,Cloudy,3.9,25.8,WeekendDeal,SportsMatch,82,90,8
R002,2025-01-04,13,5,1,Cloudy,3.9,25.8,WeekendDeal,SportsMatch,90,91,1
R002,2025-01-04,14,5,1,Cloudy,3.9,25.8,WeekendDeal,SportsMatch,82,72,-10
R002,2025-01-04,15,5,1,Cloudy,3.9,25.8,WeekendDeal,SportsMatch,62,77,15
R002,2025-01-04,16,5,1,Cloudy,3.9,25.8,WeekendDeal,SportsMatch,40,46,6
R002,2025-01-04,17,5,1,Cloudy,3.9,25.8,WeekendDeal,SportsMatch,30,28,-2
R002,2025-01-04,18,5,1,Cloudy,3.9,25.8,WeekendDeal,SportsMatch,40,36,-4
R002,2025-01-04,19,5,1,Cloudy,3.9,25.8,WeekendDeal,SportsMatch,62,60,-2
R002,2025-01-04,20,5,1,Cloudy,3.9,25.8,WeekendDeal,SportsMatch,73,68,-5
R002,2025-01-04,21,5,1,Cloudy,3.9,25.8,WeekendDeal,SportsMatch,59,61,2
R002,2025-01-04,22,5,1,Cloudy,3.9,25.8,WeekendDeal,SportsMatch,32,25,-7
R002,2025-01-05,8,6,1,Cloudy,3.66,33.6,HappyHour,LocalEvent,7,7,0
R002,2025-01-05,9,6,1,Cloudy,3.66,33.6,HappyHour,LocalEvent,18,17,-1
R002,2025-01-05,10,6,1,Cloudy,3.66,33.6,HappyHour,LocalEvent,36,32,-4
R002,2025-01-05,11,6,1,Cloudy,3.66,33.6,HappyHour,LocalEvent,58,64,6
R002,2025-01-05,12,6,1,Cloudy,3.66,33.6,HappyHour,LocalEvent,78,66,-12
R002,2025-01-05,13,6,1,Cloudy,3.66,33.6,HappyHour,LocalEvent,86,58,-28
R002,2025-01-05,14,6,1,Cloudy,3.66,33.6,HappyHour,LocalEvent,78,98,20
R002,2025-01-05,15,6,1,Cloudy,3.66,33.6,HappyHour,LocalEvent,58,69,11
R002,2025-01-05,16,6,1,Cloudy,3.66,33.6,HappyHour,LocalEvent,38,37,-1
R002,2025-01-05,17,6,1,Cloudy,3.66,33.6,HappyHour,LocalEvent,29,31,2
R002,2025-01-05,18,6,1,Cloudy,3.66,33.6,HappyHour,LocalEvent,37,45,8
R002,2025-01-05,19,6,1,Cloudy,3.66,33.6,HappyHour,LocalEvent,58,67,9
R002,2025-01-05,20,6,1,Cloudy,3.66,33.6,HappyHour,LocalEvent,69,76,7
R002,2025-01-05,21,6,1,Cloudy,3.66,33.6,HappyHour,LocalEvent,56,53,-3
R002,2025-01-05,22,6,1,Cloudy,3.66,33.6,HappyHour,LocalEvent,30,31,1
R002,2025-01-06,8,0,0,Clear,4.09,28.3,HappyHour,LocalEvent,6,6,0
R002,2025-01-06,9,0,0,Clear,4.09,28.3,HappyHour,LocalEvent,15,14,-1
R002,2025-01-06,10,0,0,Clear,4.09,28.3,HappyHour,LocalEvent,30,29,-1
R002,2025-01-06,11,0,0,Clear,4.09,28.3,HappyHour,LocalEvent,49,51,2
R002,2025-01-06,12,0,0,Clear,4.09,28.3,HappyHour,LocalEvent,66,55,-11
R002,2025-01-06,13,0,0,Clear,4.09,28.3,HappyHour,LocalEvent,73,65,-8
R002,2025-01-06,14,0,0,Clear,4.09,28.3,HappyHour,LocalEvent,66,80,14
R002,2025-01-06,15,0,0,Clear,4.09,28.3,HappyHour,LocalEvent,49,52,3
R002,2025-01-06,16,0,0,Clear,4.09,28.3,HappyHour,LocalEvent,32,29,-3
R002,2025-01-06,17,0,0,Clear,4.09,28.3,HappyHour,LocalEvent,24,29,5
R002,2025-01-06,18,0,0,Clear,4.09,28.3,HappyHour,LocalEvent,32,30,-2
R002,2025-01-06,19,0,0,Clear,4.09,28.3,HappyHour,LocalEvent,49,49,0
R002,2025-01-06,20,0,0,Clear,4.09,28.3,HappyHour,LocalEvent,59,54,-5
R002,2025-01-06,21,0,0,Clear,4.09,28.3,HappyHour,LocalEvent,47,49,2
R002,2025-01-06,22,0,0,Clear,4.09,28.3,HappyHour,LocalEvent,25,27,2
R002,2025-01-07,8,1,0,Cloudy,1.57,23.2,FestivalOffer,None,6,9,3
R002,2025-01-07,9,1,0,Cloudy,1.57,23.2,FestivalOffer,None,16,14,-2
R002,2025-01-07,10,1,0,Cloudy,1.57,23.2,FestivalOffer,None,31,33,2
R002,2025-01-07,11,1,0,Cloudy,1.57,23.2,FestivalOffer,None,50,67,17
R002,2025-01-07,12,1,0,Cloudy,1.57,23.2,FestivalOffer,None,67,63,-4
R002,2025-01-07,13,1,0,Cloudy,1.57,23.2,FestivalOffer,None,74,83,9
R002,2025-01-07,14,1,0,Cloudy,1.57,23.2,FestivalOffer,None,67,66,-1
R002,2025-01-07,15,1,0,Cloudy,1.57,23.2,FestivalOffer,None,51,57,6
R002,2025-01-07,16,1,0,Cloudy,1.57,23.2,FestivalOffer,None,33,36,3
R002,2025-01-07,17,1,0,Cloudy,1.57,23.2,FestivalOffer,None,25,23,-2
R002,2025-01-07,18,1,0,Cloudy,1.57,23.2,FestivalOffer,None,32,30,-2
R002,2025-01-07,19,1,0,Cloudy,1.57,23.2,FestivalOffer,None,50,49,-1
R002,2025-01-07,20,1,0,Cloudy,1.57,23.2,FestivalOffer,None,60,71,11
R002,2025-01-07,21,1,0,Cloudy,1.57,23.2,FestivalOffer,None,48,44,-4
R002,2025-01-07,22,1,0,Cloudy,1.57,23.2,FestivalOffer,None,26,20,-6
R002,2025-01-08,8,2,0,Storm,14.1,34.3,FestivalOffer,None,4,5,1
R002,2025-01-08,9,2,0,Storm,14.1,34.3,FestivalOffer,None,10,11,1
R002,2025-01-08,10,2,0,Storm,14.1,34.3,FestivalOffer,None,20,21,1
R002,2025-01-08,11,2,0,Storm,14.1,34.3,FestivalOffer,None,33,19,-14
R002,2025-01-08,12,2,0,Storm,14.1,34.3,FestivalOffer,None,44,57,13
R002,2025-01-08,13,2,0,Storm,14.1,34.3,FestivalOffer,None,48,51,3
R002,2025-01-08,14,2,0,Storm,14.1,34.3,FestivalOffer,None,44,52,8
R002,2025-01-08,15,2,0,Storm,14.1,34.3,FestivalOffer,None,33,33,0
R002,2025-01-08,16,2,0,Storm,14.1,34.3,FestivalOffer,None,21,22,1
R002,2025-01-08,17,2,0,Storm,14.1,34.3,FestivalOffer,None,16,15,-1
R002,2025-01-08,18,2,0,Storm,14.1,34.3,FestivalOffer,None,21,21,0
R002,2025-01-08,19,2,0,Storm,14.1,34.3,FestivalOffer,None,33,30,-3
R002,2025-01-08,20,2,0,Storm,14.1,34.3,FestivalOffer,None,39,40,1
R002,2025-01-08,21,2,0,Storm,14.1,34.3,FestivalOffer,None,31,30,-1
R002,2025-01-08,22,2,0,Storm,14.1,34.3,FestivalOffer,None,17,12,-5
R002,2025-01-09,8,3,0,Rain,26.2,37.8,WeekendDeal,Festival,5,6,1
R002,2025-01-09,9,3,0,Rain,26.2,37.8,WeekendDeal,Festival,13,11,-2
R002,2025-01-09,10,3,0,Rain,26.2,37.8,WeekendDeal,Festival,26,26,0
R002,2025-01-09,11,3,0,Rain,26.2,37.8,WeekendDeal,Festival,43,40,-3
R002,2025-01-09,12,3,0,Rain,26.2,37.8,WeekendDeal,Festival,57,42,-15
R002,2025-01-09,13,3,0,Rain,26.2,37.8,WeekendDeal,Festival,63,61,-2
R002,2025-01-09,14,3,0,Rain,26.2,37.8,WeekendDeal,Festival,57,68,11
R002,2025-01-09,15,3,0,Rain,26.2,37.8,WeekendDeal,Festival,43,48,5
R002,2025-01-09,16,3,0,Rain,26.2,37.8,WeekendDeal,Festival,28,25,-3
R002,2025-01-09,17,3,0,Rain,26.2,37.8,WeekendDeal,Festival,21,22,1
R002,2025-01-09,18,3,0,Rain,26.2,37.8,WeekendDeal,Festival,28,30,2
R002,2025-01-09,19,3,0,Rain,26.2,37.8,WeekendDeal,Festival,43,40,-3
R002,2025-01-09,20,3,0,Rain,26.2,37.8,WeekendDeal,Festival,51,59,8
R002,2025-01-09,21,3,0,Rain,26.2,37.8,WeekendDeal,Festival,41,38,-3
R002,2025-01-09,22,3,0,Rain,26.2,37.8,WeekendDeal,Festival,22,29,7
R002,2025-01-10,8,4,0,Cloudy,2.28,25.4,None,LocalEvent,6,8,2
R002,2025-01-10,9,4,0,Cloudy,2.28,25.4,None,LocalEvent,14,10,-4
R002,2025-01-10,10,4,0,Cloudy,2.28,25.4,None,LocalEvent,28,34,6
R002,2025-01-10,11,4,0,Cloudy,2.28,25.4,None,LocalEvent,46,47,1
R002,2025-01-10,12,4,0,Cloudy,2.28,25.4,None,LocalEvent,61,54,-7
R002,2025-01-10,13,4,0,Cloudy,2.28,25.4,None,LocalEvent,67,68,1
R002,2025-01-10,14,4,0,Cloudy,2.28,25.4,None,LocalEvent,61,62,1
R002,2025-01-10,15,4,0,Cloudy,2.28,25.4,None,LocalEvent,46,44,-2
R002,2025-01-10,16,4,0,Cloudy,2.28,25.4,None,LocalEvent,30,32,2
R002,2025-01-10,17,4,0,Cloudy,2.28,25.4,None,LocalEvent,22,26,4
R002,2025-01-10,18,4,0,Cloudy,2.28,25.4,None,LocalEvent,29,31,2
R002,2025-01-10,19,4,0,Cloudy,2.28,25.4,None,LocalEvent,46,57,11
R002,2025-01-10,20,4,0,Cloudy,2.28,25.4,None,LocalEvent,54,44,-10
R002,2025-01-10,21,4,0,Cloudy,2.28,25.4,None,LocalEvent,44,44,0
R002,2025-01-10,22,4,0,Cloudy,2.28,25.4,None,LocalEvent,24,28,4
R002,2025-01-11,8,5,1,Rain,26.97,26.9,WeekendDeal,None,6,8,2
R002,2025-01-11,9,5,1,Rain,26.97,26.9,WeekendDeal,None,14,15,1
R002,2025-01-11,10,5,1,Rain,26.97,26.9,WeekendDeal,None,27,25,-2
R002,2025-01-11,11,5,1,Rain,26.97,26.9,WeekendDeal,None,44,41,-3
R002,2025-01-11,12,5,1,Rain,26.97,26.9,WeekendDeal,None,59,47,-12
R002,2025-01-11,13,5,1,Rain,26.97,26.9,WeekendDeal,None,65,65,0
R002,2025-01-11,14,5,1,Rain,26.97,26.9,WeekendDeal,None,59,68,9
R002,2025-01-11,15,5,1,Rain,26.97,26.9,WeekendDeal,None,44,48,4
R002,2025-01-11,16,5,1,Rain,26.97,26.9,WeekendDeal,None,29,26,-3
R002,2025-01-11,17,5,1,Rain,26.97,26.9,WeekendDeal,None,22,29,7
R002,2025-01-11,18,5,1,Rain,26.97,26.9,WeekendDeal,None,28,30,2
R002,2025-01-11,19,5,1,Rain,26.97,26.9,WeekendDeal,None,44,53,9
R002,2025-01-11,20,5,1,Rain,26.97,26.9,WeekendDeal,None,52,50,-2
R002,2025-01-11,21,5,1,Rain,26.97,26.9,WeekendDeal,None,42,37,-5
R002,2025-01-11,22,5,1,Rain,26.97,26.9,WeekendDeal,None,23,25,2
R002,2025-01-12,8,6,1,Rain,0.72,36.0,WeekendDeal,LocalEvent,6,5,-1
R002,2025-01-12,9,6,1,Rain,0.72,36.0,WeekendDeal,LocalEvent,15,13,-2
R002,2025-01-12,10,6,1,Rain,0.72,36.0,WeekendDeal,LocalEvent,29,30,1
R002,2025-01-12,11,6,1,Rain,0.72,36.0,WeekendDeal,LocalEvent,47,50,3
R002,2025-01-12,12,6,1,Rain,0.72,36.0,WeekendDeal,LocalEvent,63,62,-1
R002,2025-01-12,13,6,1,Rain,0.72,36.0,WeekendDeal,LocalEvent,69,88,19
R002,2025-01-12,14,6,1,Rain,0.72,36.0,WeekendDeal,LocalEvent,63,57,-6
R002,2025-01-12,15,6,1,Rain,0.72,36.0,WeekendDeal,LocalEvent,47,55,8
R002,2025-01-12,16,6,1,Rain,0.72,36.0,WeekendDeal,LocalEvent,31,27,-4
R002,2025-01-12,17,6,1,Rain,0.72,36.0,WeekendDeal,LocalEvent,23,21,-2
R002,2025-01-12,18,6,1,Rain,0.72,36.0,WeekendDeal,LocalEvent,30,34,4
R002,2025-01-12,19,6,1,Rain,0.72,36.0,WeekendDeal,LocalEvent,47,54,7
R002,2025-01-12,20,6,1,Rain,0.72,36.0,WeekendDeal,LocalEvent,56,60,4
R002,2025-01-12,21,6,1,Rain,0.72,36.0,WeekendDeal,LocalEvent,45,29,-16
R002,2025-01-12,22,6,1,Rain,0.72,36.0,WeekendDeal,LocalEvent,24,26,2
R002,2025-01-13,8,0,0,Cloudy,0.0,29.0,FestivalOffer,Festival,7,9,2
R002,2025-01-13,9,0,0,Cloudy,0.0,29.0,FestivalOffer,Festival,18,19,1
R002,2025-01-13,10,0,0,Cloudy,0.0,29.0,FestivalOffer,Festival,35,39,4
R002,2025-01-13,11,0,0,Cloudy,0.0,29.0,FestivalOffer,Festival,58,45,-13
R002,2025-01-13,12,0,0,Cloudy,0.0,29.0,FestivalOffer,Festival,77,66,-11
R002,2025-01-13,13,0,0,Cloudy,0.0,29.0,FestivalOffer,Festival,85,62,-23
R002,2025-01-13,14,0,0,Cloudy,0.0,29.0,FestivalOffer,Festival,77,78,1
R002,2025-01-13,15,0,0,Cloudy,0.0,29.0,FestivalOffer,Festival,58,49,-9
R002,2025-01-13,16,0,0,Cloudy,0.0,29.0,FestivalOffer,Festival,38,35,-3
R002,2025-01-13,17,0,0,Cloudy,0.0,29.0,FestivalOffer,Festival,29,33,4
R002,2025-01-13,18,0,0,Cloudy,0.0,29.0,FestivalOffer,Festival,37,44,7
R002,2025-01-13,19,0,0,Cloudy,0.0,29.0,FestivalOffer,Festival,58,43,-15
R002,2025-01-13,20,0,0,Cloudy,0.0,29.0,FestivalOffer,Festival,69,61,-8
R002,2025-01-13,21,0,0,Cloudy,0.0,29.0,FestivalOffer,Festival,56,34,-22
R002,2025-01-13,22,0,0,Cloudy,0.0,29.0,FestivalOffer,Festival,30,25,-5
R002,2025-01-14,8,1,0,Clear,2.84,25.4,FestivalOffer,None,6,7,1
R002,2025-01-14,9,1,0,Clear,2.84,25.4,FestivalOffer,None,16,18,2
R002,2025-01-14,10,1,0,Clear,2.84,25.4,FestivalOffer,None,31,33,2
R002,2025-01-14,11,1,0,Clear,2.84,25.4,FestivalOffer,None,50,62,12
R002,2025-01-14,12,1,0,Clear,2.84,25.4,FestivalOffer,None,67,66,-1
R002,2025-01-14,13,1,0,Clear,2.84,25.4,FestivalOffer,None,74,70,-4
R002,2025-01-14,14,1,0,Clear,2.84,25.4,FestivalOffer,None,67,55,-12
R002,2025-01-14,15,1,0,Clear,2.84,25.4,FestivalOffer,None,51,39,-12
R002,2025-01-14,16,1,0,Clear,2.84,25.4,FestivalOffer,None,33,32,-1
R002,2025-01-14,17,1,0,Clear,2.84,25.4,FestivalOffer,None,25,29,4
R002,2025-01-14,18,1,0,Clear,2.84,25.4,FestivalOffer,None,32,38,6
R002,2025-01-14,19,1,0,Clear,2.84,25.4,FestivalOffer,None,50,49,-1
R002,2025-01-14,20,1,0,Clear,2.84,25.4,FestivalOffer,None,60,52,-8
R002,2025-01-14,21,1,0,Clear,2.84,25.4,FestivalOffer,None,48,44,-4
R002,2025-01-14,22,1,0,Clear,2.84,25.4,FestivalOffer,None,26,30,4
R002,2025-01-15,8,2,0,Storm,9.4,30.3,FestivalOffer,SportsMatch,5,3,-2
R002,2025-01-15,9,2,0,Storm,9.4,30.3,FestivalOffer,SportsMatch,11,11,0
R002,2025-01-15,10,2,0,Storm,9.4,30.3,FestivalOffer,SportsMatch,22,24,2
R002,2025-01-15,11,2,0,Storm,9.4,30.3,FestivalOffer,SportsMatch,36,42,6
R002,2025-01-15,12,2,0,Storm,9.4,30.3,FestivalOffer,SportsMatch,48,35,-13
R002,2025-01-15,13,2,0,Storm,9.4,30.3,FestivalOffer,SportsMatch,53,60,7
R002,2025-01-15,14,2,0,Storm,9.4,30.3,FestivalOffer,SportsMatch,48,57,9
R002,2025-01-15,15,2,0,Storm,9.4,30.3,FestivalOffer,SportsMatch,36,43,7
R002,2025-01-15,16,2,0,Storm,9.4,30.3,FestivalOffer,SportsMatch,23,23,0
R002,2025-01-15,17,2,0,Storm,9.4,30.3,FestivalOffer,SportsMatch,18,14,-4
R002,2025-01-15,18,2,0,Storm,9.4,30.3,FestivalOffer,SportsMatch,23,24,1
R002,2025-01-15,19,2,0,Storm,9.4,30.3,FestivalOffer,SportsMatch,36,35,-1
R002,2025-01-15,20,2,0,Storm,9.4,30.3,FestivalOffer,SportsMatch,42,33,-9
R002,2025-01-15,21,2,0,Storm,9.4,30.3,FestivalOffer,SportsMatch,34,27,-7
R002,2025-01-15,22,2,0,Storm,9.4,30.3,FestivalOffer,SportsMatch,18,18,0
R002,2025-01-16,8,3,0,Storm,22.47,23.3,None,None,4,3,-1
R002,2025-01-16,9,3,0,Storm,22.47,23.3,None,None,9,9,0
R002,2025-01-16,10,3,0,Storm,22.47,23.3,None,None,17,20,3
R002,2025-01-16,11,3,0,Storm,22.47,23.3,None,None,28,24,-4
R002,2025-01-16,12,3,0,Storm,22.47,23.3,None,None,37,35,-2
R002,2025-01-16,13,3,0,Storm,22.47,23.3,None,None,41,39,-2
R002,2025-01-16,14,3,0,Storm,22.47,23.3,None,None,37,43,6
R002,2025-01-16,15,3,0,Storm,22.47,23.3,None,None,28,36,8
R002,2025-01-16,16,3,0,Storm,22.47,23.3,None,None,18,17,-1
R002,2025-01-16,17,3,0,Storm,22.47,23.3,None,None,14,12,-2
R002,2025-01-16,18,3,0,Storm,22.47,23.3,None,None,18,16,-2
R002,2025-01-16,19,3,0,Storm,22.47,23.3,None,None,28,27,-1
R002,2025-01-16,20,3,0,Storm,22.47,23.3,None,None,33,32,-1
R002,2025-01-16,21,3,0,Storm,22.47,23.3,None,None,27,33,6
R002,2025-01-16,22,3,0,Storm,22.47,23.3,None,None,14,14,0
R002,2025-01-17,8,4,0,Storm,34.05,21.7,None,SportsMatch,4,5,1
R002,2025-01-17,9,4,0,Storm,34.05,21.7,None,SportsMatch,9,9,0
R002,2025-01-17,10,4,0,Storm,34.05,21.7,None,SportsMatch,18,16,-2
R002,2025-01-17,11,4,0,Storm,34.05,21.7,None,SportsMatch,30,29,-1
R002,2025-01-17,12,4,0,Storm,34.05,21.7,None,SportsMatch,40,32,-8
R002,2025-01-17,13,4,0,Storm,34.05,21.7,None,SportsMatch,45,40,-5
R002,2025-01-17,14,4,0,Storm,34.05,21.7,None,SportsMatch,40,34,-6
R002,2025-01-17,15,4,0,Storm,34.05,21.7,None,SportsMatch,30,31,1
R002,2025-01-17,16,4,0,Storm,34.05,21.7,None,SportsMatch,20,14,-6
R002,2025-01-17,17,4,0,Storm,34.05,21.7,None,SportsMatch,15,14,-1
R002,2025-01-17,18,4,0,Storm,34.05,21.7,None,SportsMatch,19,22,3
R002,2025-01-17,19,4,0,Storm,34.05,21.7,None,SportsMatch,30,26,-4
R002,2025-01-17,20,4,0,Storm,34.05,21.7,None,SportsMatch,36,27,-9
R002,2025-01-17,21,4,0,Storm,34.05,21.7,None,SportsMatch,29,26,-3
R002,2025-01-17,22,4,0,Storm,34.05,21.7,None,SportsMatch,16,16,0
R002,2025-01-18,8,5,1,Rain,19.88,31.2,WeekendDeal,SportsMatch,6,9,3
R002,2025-01-18,9,5,1,Rain,19.88,31.2,WeekendDeal,SportsMatch,15,14,-1
R002,2025-01-18,10,5,1,Rain,19.88,31.2,WeekendDeal,SportsMatch,29,29,0
R002,2025-01-18,11,5,1,Rain,19.88,31.2,WeekendDeal,SportsMatch,48,47,-1
R002,2025-01-18,12,5,1,Rain,19.88,31.2,WeekendDeal,SportsMatch,64,57,-7
R002,2025-01-18,13,5,1,Rain,19.88,31.2,WeekendDeal,SportsMatch,71,66,-5
R002,2025-01-18,14,5,1,Rain,19.88,31.2,WeekendDeal,SportsMatch,64,77,13
R002,2025-01-18,15,5,1,Rain,19.88,31.2,WeekendDeal,SportsMatch,48,50,2
R002,2025-01-18,16,5,1,Rain,19.88,31.2,WeekendDeal,SportsMatch,31,38,7
R002,2025-01-18,17,5,1,Rain,19.88,31.2,WeekendDeal,SportsMatch,24,24,0
R002,2025-01-18,18,5,1,Rain,19.88,31.2,WeekendDeal,SportsMatch,31,41,10
R002,2025-01-18,19,5,1,Rain,19.88,31.2,WeekendDeal,SportsMatch,48,55,7
R002,2025-01-18,20,5,1,Rain,19.88,31.2,WeekendDeal,SportsMatch,57,55,-2
R002,2025-01-18,21,5,1,Rain,19.88,31.2,WeekendDeal,SportsMatch,46,50,4
R002,2025-01-18,22,5,1,Rain,19.88,31.2,WeekendDeal,SportsMatch,25,30,5
R002,2025-01-19,8,6,1,Storm,27.61,36.7,FestivalOffer,SportsMatch,5,4,-1
R002,2025-01-19,9,6,1,Storm,27.61,36.7,FestivalOffer,SportsMatch,13,14,1
R002,2025-01-19,10,6,1,Storm,27.61,36.7,FestivalOffer,SportsMatch,26,25,-1
R002,2025-01-19,11,6,1,Storm,27.61,36.7,FestivalOffer,SportsMatch,42,52,10
R002,2025-01-19,12,6,1,Storm,27.61,36.7,FestivalOffer,SportsMatch,56,50,-6
R002,2025-01-19,13,6,1,Storm,27.61,36.7,FestivalOffer,SportsMatch,62,74,12
R002,2025-01-19,14,6,1,Storm,27.61,36.7,FestivalOffer,SportsMatch,56,57,1
R002,2025-01-19,15,6,1,Storm,27.61,36.7,FestivalOffer,SportsMatch,42,40,-2
R002,2025-01-19,16,6,1,Storm,27.61,36.7,FestivalOffer,SportsMatch,28,30,2
R002,2025-01-19,17,6,1,Storm,27.61,36.7,FestivalOffer,SportsMatch,21,24,3
R002,2025-01-19,18,6,1,Storm,27.61,36.7,FestivalOffer,SportsMatch,27,29,2
R002,2025-01-19,19,6,1,Storm,27.61,36.7,FestivalOffer,SportsMatch,42,38,-4
R002,2025-01-19,20,6,1,Storm,27.61,36.7,FestivalOffer,SportsMatch,50,37,-13
R002,2025-01-19,21,6,1,Storm,27.61,36.7,FestivalOffer,SportsMatch,40,37,-3
R002,2025-01-19,22,6,1,Storm,27.61,36.7,FestivalOffer,SportsMatch,22,18,-4
R002,2025-01-20,8,0,0,Clear,0.4,36.0,FestivalOffer,SportsMatch,7,5,-2
R002,2025-01-20,9,0,0,Clear,0.4,36.0,FestivalOffer,SportsMatch,17,21,4
R002,2025-01-20,10,0,0,Clear,0.4,36.0,FestivalOffer,SportsMatch,34,35,1
R002,2025-01-20,11,0,0,Clear,0.4,36.0,FestivalOffer,SportsMatch,55,47,-8
R002,2025-01-20,12,0,0,Clear,0.4,36.0,FestivalOffer,SportsMatch,73,75,2
R002,2025-01-20,13,0,0,Clear,0.4,36.0,FestivalOffer,SportsMatch,81,99,18
R002,2025-01-20,14,0,0,Clear,0.4,36.0,FestivalOffer,SportsMatch,73,72,-1
R002,2025-01-20,15,0,0,Clear,0.4,36.0,FestivalOffer,SportsMatch,55,60,5
R002,2025-01-20,16,0,0,Clear,0.4,36.0,FestivalOffer,SportsMatch,36,31,-5
R002,2025-01-20,17,0,0,Clear,0.4,36.0,FestivalOffer,SportsMatch,27,24,-3
R002,2025-01-20,18,0,0,Clear,0.4,36.0,FestivalOffer,SportsMatch,35,37,2
R002,2025-01-20,19,0,0,Clear,0.4,36.0,FestivalOffer,SportsMatch,55,53,-2
R002,2025-01-20,20,0,0,Clear,0.4,36.0,FestivalOffer,SportsMatch,65,60,-5
R002,2025-01-20,21,0,0,Clear,0.4,36.0,FestivalOffer,SportsMatch,53,36,-17
R002,2025-01-20,22,0,0,Clear,0.4,36.0,FestivalOffer,SportsMatch,28,24,-4
R002,2025-01-21,8,1,0,Rain,26.6,31.9,FestivalOffer,None,5,7,2
R002,2025-01-21,9,1,0,Rain,26.6,31.9,FestivalOffer,None,12,17,5
R002,2025-01-21,10,1,0,Rain,26.6,31.9,FestivalOffer,None,24,31,7
R002,2025-01-21,11,1,0,Rain,26.6,31.9,FestivalOffer,None,39,29,-10
R002,2025-01-21,12,1,0,Rain,26.6,31.9,FestivalOffer,None,52,45,-7
R002,2025-01-21,13,1,0,Rain,26.6,31.9,FestivalOffer,None,58,56,-2
R002,2025-01-21,14,1,0,Rain,26.6,31.9,FestivalOffer,None,52,59,7
R002,2025-01-21,15,1,0,Rain,26.6,31.9,FestivalOffer,None,39,42,3
R002,2025-01-21,16,1,0,Rain,26.6,31.9,FestivalOffer,None,26,26,0
R002,2025-01-21,17,1,0,Rain,26.6,31.9,FestivalOffer,None,19,23,4
R002,2025-01-21,18,1,0,Rain,26.6,31.9,FestivalOffer,None,25,23,-2
R002,2025-01-21,19,1,0,Rain,26.6,31.9,FestivalOffer,None,39,37,-2
R002,2025-01-21,20,1,0,Rain,26.6,31.9,FestivalOffer,None,47,40,-7
R002,2025-01-21,21,1,0,Rain,26.6,31.9,FestivalOffer,None,38,43,5
R002,2025-01-21,22,1,0,Rain,26.6,31.9,FestivalOffer,None,20,19,-1
R002,2025-01-22,8,2,0,Clear,1.79,21.2,WeekendDeal,Festival,7,7,0
R002,2025-01-22,9,2,0,Clear,1.79,21.2,WeekendDeal,Festival,17,18,1
R002,2025-01-22,10,2,0,Clear,1.79,21.2,WeekendDeal,Festival,34,37,3
R002,2025-01-22,11,2,0,Clear,1.79,21.2,WeekendDeal,Festival,55,40,-15
R002,2025-01-22,12,2,0,Clear,1.79,21.2,WeekendDeal,Festival,73,56,-17
R002,2025-01-22,13,2,0,Clear,1.79,21.2,WeekendDeal,Festival,81,88,7
R002,2025-01-22,14,2,0,Clear,1.79,21.2,WeekendDeal,Festival,73,51,-22
R002,2025-01-22,15,2,0,Clear,1.79,21.2,WeekendDeal,Festival,55,68,13
R002,2025-01-22,16,2,0,Clear,1.79,21.2,WeekendDeal,Festival,36,34,-2
R002,2025-01-22,17,2,0,Clear,1.79,21.2,WeekendDeal,Festival,27,26,-1
R002,2025-01-22,18,2,0,Clear,1.79,21.2,WeekendDeal,Festival,35,35,0
R002,2025-01-22,19,2,0,Clear,1.79,21.2,WeekendDeal,Festival,55,64,9
R002,2025-01-22,20,2,0,Clear,1.79,21.2,WeekendDeal,Festival,65,74,9
R002,2025-01-22,21,2,0,Clear,1.79,21.2,WeekendDeal,Festival,53,65,12
R002,2025-01-22,22,2,0,Clear,1.79,21.2,WeekendDeal,Festival,28,33,5
R002,2025-01-23,8,3,0,Cloudy,2.71,23.0,HappyHour,SportsMatch,6,4,-2
R002,2025-01-23,9,3,0,Cloudy,2.71,23.0,HappyHour,SportsMatch,16,16,0
R002,2025-01-23,10,3,0,Cloudy,2.71,23.0,HappyHour,SportsMatch,31,29,-2
R002,2025-01-23,11,3,0,Cloudy,2.71,23.0,HappyHour,SportsMatch,50,53,3
R002,2025-01-23,12,3,0,Cloudy,2.71,23.0,HappyHour,SportsMatch,67,59,-8
R002,2025-01-23,13,3,0,Cloudy,2.71,23.0,HappyHour,SportsMatch,74,59,-15
R002,2025-01-23,14,3,0,Cloudy,2.71,23.0,HappyHour,SportsMatch,67,59,-8
R002,2025-01-23,15,3,0,Cloudy,2.71,23.0,HappyHour,SportsMatch,50,52,2
R002,2025-01-23,16,3,0,Cloudy,2.71,23.0,HappyHour,SportsMatch,33,34,1
R002,2025-01-23,17,3,0,Cloudy,2.71,23.0,HappyHour,SportsMatch,25,29,4
R002,2025-01-23,18,3,0,Cloudy,2.71,23.0,HappyHour,SportsMatch,32,36,4
R002,2025-01-23,19,3,0,Cloudy,2.71,23.0,HappyHour,SportsMatch,50,55,5
R002,2025-01-23,20,3,0,Cloudy,2.71,23.0,HappyHour,SportsMatch,60,51,-9
R002,2025-01-23,21,3,0,Cloudy,2.71,23.0,HappyHour,SportsMatch,48,37,-11
R002,2025-01-23,22,3,0,Cloudy,2.71,23.0,HappyHour,SportsMatch,26,23,-3
R002,2025-01-24,8,4,0,Clear,0.12,34.7,None,Festival,6,5,-1
R002,2025-01-24,9,4,0,Clear,0.12,34.7,None,Festival,15,12,-3
R002,2025-01-24,10,4,0,Clear,0.12,34.7,None,Festival,30,35,5
R002,2025-01-24,11,4,0,Clear,0.12,34.7,None,Festival,49,56,7
R002,2025-01-24,12,4,0,Clear,0.12,34.7,None,Festival,66,49,-17
R002,2025-01-24,13,4,0,Clear,0.12,34.7,None,Festival,72,74,2
R002,2025-01-24,14,4,0,Clear,0.12,34.7,None,Festival,66,68,2
R002,2025-01-24,15,4,0,Clear,0.12,34.7,None,Festival,49,40,-9
R002,2025-01-24,16,4,0,Clear,0.12,34.7,None,Festival,32,33,1
R002,2025-01-24,17,4,0,Clear,0.12,34.7,None,Festival,24,29,5
R002,2025-01-24,18,4,0,Clear,0.12,34.7,None,Festival,32,30,-2
R002,2025-01-24,19,4,0,Clear,0.12,34.7,None,Festival,49,53,4
R002,2025-01-24,20,4,0,Clear,0.12,34.7,None,Festival,58,50,-8
R002,2025-01-24,21,4,0,Clear,0.12,34.7,None,Festival,47,41,-6
R002,2025-01-24,22,4,0,Clear,0.12,34.7,None,Festival,25,27,2
R002,2025-01-25,8,5,1,Clear,3.19,25.4,None,LocalEvent,7,6,-1
R002,2025-01-25,9,5,1,Clear,3.19,25.4,None,LocalEvent,17,11,-6
R002,2025-01-25,10,5,1,Clear,3.19,25.4,None,LocalEvent,33,41,8
R002,2025-01-25,11,5,1,Clear,3.19,25.4,None,LocalEvent,54,48,-6
R002,2025-01-25,12,5,1,Clear,3.19,25.4,None,LocalEvent,72,51,-21
R002,2025-01-25,13,5,1,Clear,3.19,25.4,None,LocalEvent,79,62,-17
R002,2025-01-25,14,5,1,Clear,3.19,25.4,None,LocalEvent,72,65,-7
R002,2025-01-25,15,5,1,Clear,3.19,25.4,None,LocalEvent,54,68,14
R002,2025-01-25,16,5,1,Clear,3.19,25.4,None,LocalEvent,35,43,8
R002,2025-01-25,17,5,1,Clear,3.19,25.4,None,LocalEvent,26,25,-1
R002,2025-01-25,18,5,1,Clear,3.19,25.4,None,LocalEvent,35,18,-17
R002,2025-01-25,19,5,1,Clear,3.19,25.4,None,LocalEvent,54,57,3
R002,2025-01-25,20,5,1,Clear,3.19,25.4,None,LocalEvent,64,84,20
R002,2025-01-25,21,5,1,Clear,3.19,25.4,None,LocalEvent,52,42,-10
R002,2025-01-25,22,5,1,Clear,3.19,25.4,None,LocalEvent,28,33,5
R002,2025-01-26,8,6,1,Cloudy,4.85,30.5,None,None,6,5,-1
R002,2025-01-26,9,6,1,Cloudy,4.85,30.5,None,None,16,22,6
R002,2025-01-26,10,6,1,Cloudy,4.85,30.5,None,None,31,23,-8
R002,2025-01-26,11,6,1,Cloudy,4.85,30.5,None,None,50,55,5
R002,2025-01-26,12,6,1,Cloudy,4.85,30.5,None,None,67,80,13
R002,2025-01-26,13,6,1,Cloudy,4.85,30.5,None,None,74,81,7
R002,2025-01-26,14,6,1,Cloudy,4.85,30.5,None,None,67,70,3
R002,2025-01-26,15,6,1,Cloudy,4.85,30.5,None,None,50,39,-11
R002,2025-01-26,16,6,1,Cloudy,4.85,30.5,None,None,33,40,7
R002,2025-01-26,17,6,1,Cloudy,4.85,30.5,None,None,25,24,-1
R002,2025-01-26,18,6,1,Cloudy,4.85,30.5,None,None,32,37,5
R002,2025-01-26,19,6,1,Cloudy,4.85,30.5,None,None,50,49,-1
R002,2025-01-26,20,6,1,Cloudy,4.85,30.5,None,None,60,71,11
R002,2025-01-26,21,6,1,Cloudy,4.85,30.5,None,None,48,62,14
R002,2025-01-26,22,6,1,Cloudy,4.85,30.5,None,None,26,32,6
R002,2025-01-27,8,0,0,Storm,24.72,23.6,HappyHour,Festival,4,6,2
R002,2025-01-27,9,0,0,Storm,24.72,23.6,HappyHour,Festival,11,15,4
R002,2025-01-27,10,0,0,Storm,24.72,23.6,HappyHour,Festival,21,23,2
R002,2025-01-27,11,0,0,Storm,24.72,23.6,HappyHour,Festival,34,26,-8
R002,2025-01-27,12,0,0,Storm,24.72,23.6,HappyHour,Festival,46,56,10
R002,2025-01-27,13,0,0,Storm,24.72,23.6,HappyHour,Festival,51,46,-5
R002,2025-01-27,14,0,0,Storm,24.72,23.6,HappyHour,Festival,46,57,11
R002,2025-01-27,15,0,0,Storm,24.72,23.6,HappyHour,Festival,35,31,-4
R002,2025-01-27,16,0,0,Storm,24.72,23.6,HappyHour,Festival,23,28,5
R002,2025-01-27,17,0,0,Storm,24.72,23.6,HappyHour,Festival,17,19,2
R002,2025-01-27,18,0,0,Storm,24.72,23.6,HappyHour,Festival,22,21,-1
R002,2025-01-27,19,0,0,Storm,24.72,23.6,HappyHour,Festival,35,45,10
R002,2025-01-27,20,0,0,Storm,24.72,23.6,HappyHour,Festival,41,35,-6
R002,2025-01-27,21,0,0,Storm,24.72,23.6,HappyHour,Festival,33,27,-6
R002,2025-01-27,22,0,0,Storm,24.72,23.6,HappyHour,Festival,18,18,0
R002,2025-01-28,8,1,0,Rain,8.75,37.2,HappyHour,Festival,5,3,-2
R002,2025-01-28,9,1,0,Rain,8.75,37.2,HappyHour,Festival,13,12,-1
R002,2025-01-28,10,1,0,Rain,8.75,37.2,HappyHour,Festival,25,15,-10
R002,2025-01-28,11,1,0,Rain,8.75,37.2,HappyHour,Festival,41,34,-7
R002,2025-01-28,12,1,0,Rain,8.75,37.2,HappyHour,Festival,55,63,8
R002,2025-01-28,13,1,0,Rain,8.75,37.2,HappyHour,Festival,61,78,17
R002,2025-01-28,14,1,0,Rain,8.75,37.2,HappyHour,Festival,55,56,1
R002,2025-01-28,15,1,0,Rain,8.75,37.2,HappyHour,Festival,41,49,8
R002,2025-01-28,16,1,0,Rain,8.75,37.2,HappyHour,Festival,27,29,2
R002,2025-01-28,17,1,0,Rain,8.75,37.2,HappyHour,Festival,20,19,-1
R002,2025-01-28,18,1,0,Rain,8.75,37.2,HappyHour,Festival,27,33,6
R002,2025-01-28,19,1,0,Rain,8.75,37.2,HappyHour,Festival,41,33,-8
R002,2025-01-28,20,1,0,Rain,8.75,37.2,HappyHour,Festival,49,45,-4
R002,2025-01-28,21,1,0,Rain,8.75,37.2,HappyHour,Festival,40,44,4
R002,2025-01-28,22,1,0,Rain,8.75,37.2,HappyHour,Festival,21,19,-2
R002,2025-01-29,8,2,0,Clear,2.06,20.6,WeekendDeal,LocalEvent,7,5,-2
R002,2025-01-29,9,2,0,Clear,2.06,20.6,WeekendDeal,LocalEvent,16,17,1
R002,2025-01-29,10,2,0,Clear,2.06,20.6,WeekendDeal,LocalEvent,31,39,8
R002,2025-01-29,11,2,0,Clear,2.06,20.6,WeekendDeal,LocalEvent,51,44,-7
R002,2025-01-29,12,2,0,Clear,2.06,20.6,WeekendDeal,LocalEvent,68,72,4
R002,2025-01-29,13,2,0,Clear,2.06,20.6,WeekendDeal,LocalEvent,75,66,-9
R002,2025-01-29,14,2,0,Clear,2.06,20.6,WeekendDeal,LocalEvent,68,48,-20
R002,2025-01-29,15,2,0,Clear,2.06,20.6,WeekendDeal,LocalEvent,51,53,2
R002,2025-01-29,16,2,0,Clear,2.06,20.6,WeekendDeal,LocalEvent,33,30,-3
R002,2025-01-29,17,2,0,Clear,2.06,20.6,WeekendDeal,LocalEvent,25,27,2
R002,2025-01-29,18,2,0,Clear,2.06,20.6,WeekendDeal,LocalEvent,33,32,-1
R002,2025-01-29,19,2,0,Clear,2.06,20.6,WeekendDeal,LocalEvent,51,50,-1
R002,2025-01-29,20,2,0,Clear,2.06,20.6,WeekendDeal,LocalEvent,61,64,3
R002,2025-01-29,21,2,0,Clear,2.06,20.6,WeekendDeal,LocalEvent,49,41,-8
R002,2025-01-29,22,2,0,Clear,2.06,20.6,WeekendDeal,LocalEvent,26,23,-3
R002,2025-01-30,8,3,0,Storm,22.01,29.1,FestivalOffer,LocalEvent,4,5,1
R002,2025-01-30,9,3,0,Storm,22.01,29.1,FestivalOffer,LocalEvent,11,12,1
R002,2025-01-30,10,3,0,Storm,22.01,29.1,FestivalOffer,LocalEvent,21,23,2
R002,2025-01-30,11,3,0,Storm,22.01,29.1,FestivalOffer,LocalEvent,35,31,-4
R002,2025-01-30,12,3,0,Storm,22.01,29.1,FestivalOffer,LocalEvent,47,53,6
R002,2025-01-30,13,3,0,Storm,22.01,29.1,FestivalOffer,LocalEvent,52,42,-10
R002,2025-01-30,14,3,0,Storm,22.01,29.1,FestivalOffer,LocalEvent,47,41,-6
R002,2025-01-30,15,3,0,Storm,22.01,29.1,FestivalOffer,LocalEvent,35,35,0
R002,2025-01-30,16,3,0,Storm,22.01,29.1,FestivalOffer,LocalEvent,23,25,2
R002,2025-01-30,17,3,0,Storm,22.01,29.1,FestivalOffer,LocalEvent,17,18,1
R002,2025-01-30,18,3,0,Storm,22.01,29.1,FestivalOffer,LocalEvent,23,24,1
R002,2025-01-30,19,3,0,Storm,22.01,29.1,FestivalOffer,LocalEvent,35,45,10
R002,2025-01-30,20,3,0,Storm,22.01,29.1,FestivalOffer,LocalEvent,42,46,4
R002,2025-01-30,21,3,0,Storm,22.01,29.1,FestivalOffer,LocalEvent,34,27,-7
R002,2025-01-30,22,3,0,Storm,22.01,29.1,FestivalOffer,LocalEvent,18,18,0
R002,2025-01-31,8,4,0,Storm,26.38,33.2,FestivalOffer,None,4,4,0
R002,2025-01-31,9,4,0,Storm,26.38,33.2,FestivalOffer,None,10,6,-4
R002,2025-01-31,10,4,0,Storm,26.38,33.2,FestivalOffer,None,20,20,0
R002,2025-01-31,11,4,0,Storm,26.38,33.2,FestivalOffer,None,33,40,7
R002,2025-01-31,12,4,0,Storm,26.38,33.2,FestivalOffer,None,44,47,3
R002,2025-01-31,13,4,0,Storm,26.38,33.2,FestivalOffer,None,48,52,4
R002,2025-01-31,14,4,0,Storm,26.38,33.2,FestivalOffer,None,44,51,7
R002,2025-01-31,15,4,0,Storm,26.38,33.2,FestivalOffer,None,33,35,2
R002,2025-01-31,16,4,0,Storm,26.38,33.2,FestivalOffer,None,21,22,1
R002,2025-01-31,17,4,0,Storm,26.38,33.2,FestivalOffer,None,16,17,1
R002,2025-01-31,18,4,0,Storm,26.38,33.2,FestivalOffer,None,21,20,-1
R002,2025-01-31,19,4,0,Storm,26.38,33.2,FestivalOffer,None,33,45,12
R002,2025-01-31,20,4,0,Storm,26.38,33.2,FestivalOffer,None,39,38,-1
R002,2025-01-31,21,4,0,Storm,26.38,33.2,FestivalOffer,None,31,40,9
R002,2025-01-31,22,4,0,Storm,26.38,33.2,FestivalOffer,None,17,18,1
R002,2025-02-01,8,5,1,Cloudy,4.1,33.4,HappyHour,None,7,7,0
R002,2025-02-01,9,5,1,Cloudy,4.1,33.4,HappyHour,None,17,14,-3
R002,2025-02-01,10,5,1,Cloudy,4.1,33.4,HappyHour,None,33,37,4
R002,2025-02-01,11,5,1,Cloudy,4.1,33.4,HappyHour,None,54,59,5
R002,2025-02-01,12,5,1,Cloudy,4.1,33.4,HappyHour,None,73,57,-16
R002,2025-02-01,13,5,1,Cloudy,4.1,33.4,HappyHour,None,80,63,-17
R002,2025-02-01,14,5,1,Cloudy,4.1,33.4,HappyHour,None,73,74,1
R002,2025-02-01,15,5,1,Cloudy,4.1,33.4,HappyHour,None,55,68,13
R002,2025-02-01,16,5,1,Cloudy,4.1,33.4,HappyHour,None,36,36,0
R002,2025-02-01,17,5,1,Cloudy,4.1,33.4,HappyHour,None,27,27,0
R002,2025-02-01,18,5,1,Cloudy,4.1,33.4,HappyHour,None,35,35,0
R002,2025-02-01,19,5,1,Cloudy,4.1,33.4,HappyHour,None,54,49,-5
R002,2025-02-01,20,5,1,Cloudy,4.1,33.4,HappyHour,None,65,69,4
R002,2025-02-01,21,5,1,Cloudy,4.1,33.4,HappyHour,None,52,54,2
R002,2025-02-01,22,5,1,Cloudy,4.1,33.4,HappyHour,None,28,31,3
R002,2025-02-02,8,6,1,Storm,32.2,21.1,WeekendDeal,None,5,5,0
R002,2025-02-02,9,6,1,Storm,32.2,21.1,WeekendDeal,None,11,13,2
R002,2025-02-02,10,6,1,Storm,32.2,21.1,WeekendDeal,None,22,23,1
R002,2025-02-02,11,6,1,Storm,32.2,21.1,WeekendDeal,None,36,34,-2
R002,2025-02-02,12,6,1,Storm,32.2,21.1,WeekendDeal,None,49,48,-1
R002,2025-02-02,13,6,1,Storm,32.2,21.1,WeekendDeal,None,54,49,-5
R002,2025-02-02,14,6,1,Storm,32.2,21.1,WeekendDeal,None,49,55,6
R002,2025-02-02,15,6,1,Storm,32.2,21.1,WeekendDeal,None,37,43,6
R002,2025-02-02,16,6,1,Storm,32.2,21.1,WeekendDeal,None,24,28,4
R002,2025-02-02,17,6,1,Storm,32.2,21.1,WeekendDeal,None,18,19,1
R002,2025-02-02,18,6,1,Storm,32.2,21.1,WeekendDeal,None,24,25,1
R002,2025-02-02,19,6,1,Storm,32.2,21.1,WeekendDeal,None,37,28,-9
R002,2025-02-02,20,6,1,Storm,32.2,21.1,WeekendDeal,None,44,53,9
R002,2025-02-02,21,6,1,Storm,32.2,21.1,WeekendDeal,None,35,42,7
R002,2025-02-02,22,6,1,Storm,32.2,21.1,WeekendDeal,None,19,18,-1
R002,2025-02-03,8,0,0,Rain,8.42,22.1,WeekendDeal,LocalEvent,5,2,-3
R002,2025-02-03,9,0,0,Rain,8.42,22.1,WeekendDeal,LocalEvent,12,15,3
R002,2025-02-03,10,0,0,Rain,8.42,22.1,WeekendDeal,LocalEvent,24,27,3
R002,2025-02-03,11,0,0,Rain,8.42,22.1,WeekendDeal,LocalEvent,40,39,-1
R002,2025-02-03,12,0,0,Rain,8.42,22.1,WeekendDeal,LocalEvent,53,46,-7
R002,2025-02-03,13,0,0,Rain,8.42,22.1,WeekendDeal,LocalEvent,59,67,8
R002,2025-02-03,14,0,0,Rain,8.42,22.1,WeekendDeal,LocalEvent,53,48,-5
R002,2025-02-03,15,0,0,Rain,8.42,22.1,WeekendDeal,LocalEvent,40,51,11
R002,2025-02-03,16,0,0,Rain,8.42,22.1,WeekendDeal,LocalEvent,26,26,0
R002,2025-02-03,17,0,0,Rain,8.42,22.1,WeekendDeal,LocalEvent,20,18,-2
R002,2025-02-03,18,0,0,Rain,8.42,22.1,WeekendDeal,LocalEvent,26,26,0
R002,2025-02-03,19,0,0,Rain,8.42,22.1,WeekendDeal,LocalEvent,40,31,-9
R002,2025-02-03,20,0,0,Rain,8.42,22.1,WeekendDeal,LocalEvent,47,42,-5
R002,2025-02-03,21,0,0,Rain,8.42,22.1,WeekendDeal,LocalEvent,38,38,0
R002,2025-02-03,22,0,0,Rain,8.42,22.1,WeekendDeal,LocalEvent,21,19,-2
R002,2025-02-04,8,1,0,Storm,26.32,25.7,FestivalOffer,None,4,4,0
R002,2025-02-04,9,1,0,Storm,26.32,25.7,FestivalOffer,None,10,10,0
R002,2025-02-04,10,1,0,Storm,26.32,25.7,FestivalOffer,None,20,22,2
R002,2025-02-04,11,1,0,Storm,26.32,25.7,FestivalOffer,None,33,35,2
R002,2025-02-04,12,1,0,Storm,26.32,25.7,FestivalOffer,None,44,47,3
R002,2025-02-04,13,1,0,Storm,26.32,25.7,FestivalOffer,None,48,52,4
R002,2025-02-04,14,1,0,Storm,26.32,25.7,FestivalOffer,None,44,48,4
R002,2025-02-04,15,1,0,Storm,26.32,25.7,FestivalOffer,None,33,40,7
R002,2025-02-04,16,1,0,Storm,26.32,25.7,FestivalOffer,None,21,25,4
R002,2025-02-04,17,1,0,Storm,26.32,25.7,FestivalOffer,None,16,21,5
R002,2025-02-04,18,1,0,Storm,26.32,25.7,FestivalOffer,None,21,23,2
R002,2025-02-04,19,1,0,Storm,26.32,25.7,FestivalOffer,None,33,37,4
R002,2025-02-04,20,1,0,Storm,26.32,25.7,FestivalOffer,None,39,37,-2
R002,2025-02-04,21,1,0,Storm,26.32,25.7,FestivalOffer,None,31,27,-4
R002,2025-02-04,22,1,0,Storm,26.32,25.7,FestivalOffer,None,17,18,1
R002,2025-02-05,8,2,0,Clear,4.41,31.0,None,SportsMatch,6,5,-1
R002,2025-02-05,9,2,0,Clear,4.41,31.0,None,SportsMatch,14,13,-1
R002,2025-02-05,10,2,0,Clear,4.41,31.0,None,SportsMatch,28,32,4
R002,2025-02-05,11,2,0,Clear,4.41,31.0,None,SportsMatch,46,43,-3
R002,2025-02-05,12,2,0,Clear,4.41,31.0,None,SportsMatch,62,65,3
R002,2025-02-05,13,2,0,Clear,4.41,31.0,None,SportsMatch,69,57,-12
R002,2025-02-05,14,2,0,Clear,4.41,31.0,None,SportsMatch,62,43,-19
R002,2025-02-05,15,2,0,Clear,4.41,31.0,None,SportsMatch,47,43,-4
R002,2025-02-05,16,2,0,Clear,4.41,31.0,None,SportsMatch,30,29,-1
R002,2025-02-05,17,2,0,Clear,4.41,31.0,None,SportsMatch,23,25,2
R002,2025-02-05,18,2,0,Clear,4.41,31.0,None,SportsMatch,30,31,1
R002,2025-02-05,19,2,0,Clear,4.41,31.0,None,SportsMatch,47,49,2
R002,2025-02-05,20,2,0,Clear,4.41,31.0,None,SportsMatch,55,56,1
R002,2025-02-05,21,2,0,Clear,4.41,31.0,None,SportsMatch,45,54,9
R002,2025-02-05,22,2,0,Clear,4.41,31.0,None,SportsMatch,24,18,-6
R002,2025-02-06,8,3,0,Rain,12.43,27.6,FestivalOffer,SportsMatch,5,6,1
R002,2025-02-06,9,3,0,Rain,12.43,27.6,FestivalOffer,SportsMatch,13,14,1
R002,2025-02-06,10,3,0,Rain,12.43,27.6,FestivalOffer,SportsMatch,26,23,-3
R002,2025-02-06,11,3,0,Rain,12.43,27.6,FestivalOffer,SportsMatch,43,50,7
R002,2025-02-06,12,3,0,Rain,12.43,27.6,FestivalOffer,SportsMatch,57,61,4
R002,2025-02-06,13,3,0,Rain,12.43,27.6,FestivalOffer,SportsMatch,63,69,6
R002,2025-02-06,14,3,0,Rain,12.43,27.6,FestivalOffer,SportsMatch,57,60,3
R002,2025-02-06,15,3,0,Rain,12.43,27.6,FestivalOffer,SportsMatch,43,48,5
R002,2025-02-06,16,3,0,Rain,12.43,27.6,FestivalOffer,SportsMatch,28,27,-1
R002,2025-02-06,17,3,0,Rain,12.43,27.6,FestivalOffer,SportsMatch,21,24,3
R002,2025-02-06,18,3,0,Rain,12.43,27.6,FestivalOffer,SportsMatch,28,31,3
R002,2025-02-06,19,3,0,Rain,12.43,27.6,FestivalOffer,SportsMatch,43,42,-1
R002,2025-02-06,20,3,0,Rain,12.43,27.6,FestivalOffer,SportsMatch,51,53,2
R002,2025-02-06,21,3,0,Rain,12.43,27.6,FestivalOffer,SportsMatch,41,50,9
R002,2025-02-06,22,3,0,Rain,12.43,27.6,FestivalOffer,SportsMatch,22,26,4
R002,2025-02-07,8,4,0,Clear,1.97,36.6,HappyHour,SportsMatch,6,5,-1
R002,2025-02-07,9,4,0,Clear,1.97,36.6,HappyHour,SportsMatch,16,17,1
R002,2025-02-07,10,4,0,Clear,1.97,36.6,HappyHour,SportsMatch,31,33,2
R002,2025-02-07,11,4,0,Clear,1.97,36.6,HappyHour,SportsMatch,50,47,-3
R002,2025-02-07,12,4,0,Clear,1.97,36.6,HappyHour,SportsMatch,67,54,-13
R002,2025-02-07,13,4,0,Clear,1.97,36.6,HappyHour,SportsMatch,74,73,-1
R002,2025-02-07,14,4,0,Clear,1.97,36.6,HappyHour,SportsMatch,67,66,-1
R002,2025-02-07,15,4,0,Clear,1.97,36.6,HappyHour,SportsMatch,50,60,10
R002,2025-02-07,16,4,0,Clear,1.97,36.6,HappyHour,SportsMatch,33,30,-3
R002,2025-02-07,17,4,0,Clear,1.97,36.6,HappyHour,SportsMatch,25,33,8
R002,2025-02-07,18,4,0,Clear,1.97,36.6,HappyHour,SportsMatch,32,31,-1
R002,2025-02-07,19,4,0,Clear,1.97,36.6,HappyHour,SportsMatch,50,53,3
R002,2025-02-07,20,4,0,Clear,1.97,36.6,HappyHour,SportsMatch,60,70,10
R002,2025-02-07,21,4,0,Clear,1.97,36.6,HappyHour,SportsMatch,48,45,-3
R002,2025-02-07,22,4,0,Clear,1.97,36.6,HappyHour,SportsMatch,26,25,-1
R002,2025-02-08,8,5,1,Cloudy,1.36,20.9,FestivalOffer,SportsMatch,8,6,-2
R002,2025-02-08,9,5,1,Cloudy,1.36,20.9,FestivalOffer,SportsMatch,20,16,-4
R002,2025-02-08,10,5,1,Cloudy,1.36,20.9,FestivalOffer,SportsMatch,40,35,-5
R002,2025-02-08,11,5,1,Cloudy,1.36,20.9,FestivalOffer,SportsMatch,64,76,12
R002,2025-02-08,12,5,1,Cloudy,1.36,20.9,FestivalOffer,SportsMatch,86,91,5
R002,2025-02-08,13,5,1,Cloudy,1.36,20.9,FestivalOffer,SportsMatch,95,123,28
R002,2025-02-08,14,5,1,Cloudy,1.36,20.9,FestivalOffer,SportsMatch,86,78,-8
R002,2025-02-08,15,5,1,Cloudy,1.36,20.9,FestivalOffer,SportsMatch,65,77,12
R002,2025-02-08,16,5,1,Cloudy,1.36,20.9,FestivalOffer,SportsMatch,42,40,-2
R002,2025-02-08,17,5,1,Cloudy,1.36,20.9,FestivalOffer,SportsMatch,32,26,-6
R002,2025-02-08,18,5,1,Cloudy,1.36,20.9,FestivalOffer,SportsMatch,42,45,3
R002,2025-02-08,19,5,1,Cloudy,1.36,20.9,FestivalOffer,SportsMatch,65,66,1
R002,2025-02-08,20,5,1,Cloudy,1.36,20.9,FestivalOffer,SportsMatch,77,76,-1
R002,2025-02-08,21,5,1,Cloudy,1.36,20.9,FestivalOffer,SportsMatch,62,64,2
R002,2025-02-08,22,5,1,Cloudy,1.36,20.9,FestivalOffer,SportsMatch,33,43,10
R002,2025-02-09,8,6,1,Cloudy,3.58,22.0,FestivalOffer,Festival,9,8,-1
R002,2025-02-09,9,6,1,Cloudy,3.58,22.0,FestivalOffer,Festival,21,20,-1
R002,2025-02-09,10,6,1,Cloudy,3.58,22.0,FestivalOffer,Festival,42,50,8
R002,2025-02-09,11,6,1,Cloudy,3.58,22.0,FestivalOffer,Festival,68,54,-14
R002,2025-02-09,12,6,1,Cloudy,3.58,22.0,FestivalOffer,Festival,91,103,12
R002,2025-02-09,13,6,1,Cloudy,3.58,22.0,FestivalOffer,Festival,101,129,28
R002,2025-02-09,14,6,1,Cloudy,3.58,22.0,FestivalOffer,Festival,91,61,-30
R002,2025-02-09,15,6,1,Cloudy,3.58,22.0,FestivalOffer,Festival,68,68,0
R002,2025-02-09,16,6,1,Cloudy,3.58,22.0,FestivalOffer,Festival,45,51,6
R002,2025-02-09,17,6,1,Cloudy,3.58,22.0,FestivalOffer,Festival,34,34,0
R002,2025-02-09,18,6,1,Cloudy,3.58,22.0,FestivalOffer,Festival,44,38,-6
R002,2025-02-09,19,6,1,Cloudy,3.58,22.0,FestivalOffer,Festival,68,68,0
R002,2025-02-09,20,6,1,Cloudy,3.58,22.0,FestivalOffer,Festival,81,73,-8
R002,2025-02-09,21,6,1,Cloudy,3.58,22.0,FestivalOffer,Festival,66,71,5
R002,2025-02-09,22,6,1,Cloudy,3.58,22.0,FestivalOffer,Festival,35,39,4
R002,2025-02-10,8,0,0,Clear,2.1,21.6,WeekendDeal,Festival,7,9,2
R002,2025-02-10,9,0,0,Clear,2.1,21.6,WeekendDeal,Festival,17,20,3
R002,2025-02-10,10,0,0,Clear,2.1,21.6,WeekendDeal,Festival,34,41,7
R002,2025-02-10,11,0,0,Clear,2.1,21.6,WeekendDeal,Festival,55,49,-6
R002,2025-02-10,12,0,0,Clear,2.1,21.6,WeekendDeal,Festival,73,80,7
R002,2025-02-10,13,0,0,Clear,2.1,21.6,WeekendDeal,Festival,81,85,4
R002,2025-02-10,14,0,0,Clear,2.1,21.6,WeekendDeal,Festival,73,70,-3
R002,2025-02-10,15,0,0,Clear,2.1,21.6,WeekendDeal,Festival,55,55,0
R002,2025-02-10,16,0,0,Clear,2.1,21.6,WeekendDeal,Festival,36,33,-3
R002,2025-02-10,17,0,0,Clear,2.1,21.6,WeekendDeal,Festival,27,19,-8
R002,2025-02-10,18,0,0,Clear,2.1,21.6,WeekendDeal,Festival,35,30,-5
R002,2025-02-10,19,0,0,Clear,2.1,21.6,WeekendDeal,Festival,55,69,14
R002,2025-02-10,20,0,0,Clear,2.1,21.6,WeekendDeal,Festival,65,50,-15
R002,2025-02-10,21,0,0,Clear,2.1,21.6,WeekendDeal,Festival,53,51,-2
R002,2025-02-10,22,0,0,Clear,2.1,21.6,WeekendDeal,Festival,28,27,-1
R002,2025-02-11,8,1,0,Storm,5.89,35.8,None,None,4,2,-2
R002,2025-02-11,9,1,0,Storm,5.89,35.8,None,None,9,11,2
R002,2025-02-11,10,1,0,Storm,5.89,35.8,None,None,17,15,-2
R002,2025-02-11,11,1,0,Storm,5.89,35.8,None,None,28,29,1
R002,2025-02-11,12,1,0,Storm,5.89,35.8,None,None,37,33,-4
R002,2025-02-11,13,1,0,Storm,5.89,35.8,None,None,41,38,-3
R002,2025-02-11,14,1,0,Storm,5.89,35.8,None,None,37,42,5
R002,2025-02-11,15,1,0,Storm,5.89,35.8,None,None,28,21,-7
R002,2025-02-11,16,1,0,Storm,5.89,35.8,None,None,18,21,3
R002,2025-02-11,17,1,0,Storm,5.89,35.8,None,None,14,15,1
R002,2025-02-11,18,1,0,Storm,5.89,35.8,None,None,18,18,0
R002,2025-02-11,19,1,0,Storm,5.89,35.8,None,None,28,22,-6
R002,2025-02-11,20,1,0,Storm,5.89,35.8,None,None,33,37,4
R002,2025-02-11,21,1,0,Storm,5.89,35.8,None,None,27,32,5
R002,2025-02-11,22,1,0,Storm,5.89,35.8,None,None,14,13,-1
R002,2025-02-12,8,2,0,Cloudy,2.51,33.9,None,Festival,6,6,0
R002,2025-02-12,9,2,0,Cloudy,2.51,33.9,None,Festival,15,15,0
R002,2025-02-12,10,2,0,Cloudy,2.51,33.9,None,Festival,30,27,-3
R002,2025-02-12,11,2,0,Cloudy,2.51,33.9,None,Festival,49,38,-11
R002,2025-02-12,12,2,0,Cloudy,2.51,33.9,None,Festival,66,65,-1
R002,2025-02-12,13,2,0,Cloudy,2.51,33.9,None,Festival,72,87,15
R002,2025-02-12,14,2,0,Cloudy,2.51,33.9,None,Festival,66,57,-9
R002,2025-02-12,15,2,0,Cloudy,2.51,33.9,None,Festival,49,38,-11
R002,2025-02-12,16,2,0,Cloudy,2.51,33.9,None,Festival,32,34,2
R002,2025-02-12,17,2,0,Cloudy,2.51,33.9,None,Festival,24,28,4
R002,2025-02-12,18,2,0,Cloudy,2.51,33.9,None,Festival,32,30,-2
R002,2025-02-12,19,2,0,Cloudy,2.51,33.9,None,Festival,49,47,-2
R002,2025-02-12,20,2,0,Cloudy,2.51,33.9,None,Festival,58,52,-6
R002,2025-02-12,21,2,0,Cloudy,2.51,33.9,None,Festival,47,49,2
R002,2025-02-12,22,2,0,Cloudy,2.51,33.9,None,Festival,25,24,-1
R002,2025-02-13,8,3,0,Cloudy,2.65,37.2,FestivalOffer,Festival,7,11,4
R002,2025-02-13,9,3,0,Cloudy,2.65,37.2,FestivalOffer,Festival,18,18,0
R002,2025-02-13,10,3,0,Cloudy,2.65,37.2,FestivalOffer,Festival,35,34,-1
R002,2025-02-13,11,3,0,Cloudy,2.65,37.2,FestivalOffer,Festival,58,39,-19
R002,2025-02-13,12,3,0,Cloudy,2.65,37.2,FestivalOffer,Festival,77,63,-14
R002,2025-02-13,13,3,0,Cloudy,2.65,37.2,FestivalOffer,Festival,85,74,-11
R002,2025-02-13,14,3,0,Cloudy,2.65,37.2,FestivalOffer,Festival,77,82,5
R002,2025-02-13,15,3,0,Cloudy,2.65,37.2,FestivalOffer,Festival,58,75,17
R002,2025-02-13,16,3,0,Cloudy,2.65,37.2,FestivalOffer,Festival,38,37,-1
R002,2025-02-13,17,3,0,Cloudy,2.65,37.2,FestivalOffer,Festival,29,37,8
R002,2025-02-13,18,3,0,Cloudy,2.65,37.2,FestivalOffer,Festival,37,32,-5
R002,2025-02-13,19,3,0,Cloudy,2.65,37.2,FestivalOffer,Festival,58,71,13
R002,2025-02-13,20,3,0,Cloudy,2.65,37.2,FestivalOffer,Festival,69,75,6
R002,2025-02-13,21,3,0,Cloudy,2.65,37.2,FestivalOffer,Festival,56,48,-8
R002,2025-02-13,22,3,0,Cloudy,2.65,37.2,FestivalOffer,Festival,30,28,-2
R002,2025-02-14,8,4,0,Rain,23.34,23.7,None,SportsMatch,5,2,-3
R002,2025-02-14,9,4,0,Rain,23.34,23.7,None,SportsMatch,11,10,-1
R002,2025-02-14,10,4,0,Rain,23.34,23.7,None,SportsMatch,22,25,3
R002,2025-02-14,11,4,0,Rain,23.34,23.7,None,SportsMatch,36,29,-7
R002,2025-02-14,12,4,0,Rain,23.34,23.7,None,SportsMatch,48,45,-3
R002,2025-02-14,13,4,0,Rain,23.34,23.7,None,SportsMatch,53,59,6
R002,2025-02-14,14,4,0,Rain,23.34,23.7,None,SportsMatch,48,42,-6
R002,2025-02-14,15,4,0,Rain,23.34,23.7,None,SportsMatch,36,44,8
R002,2025-02-14,16,4,0,Rain,23.34,23.7,None,SportsMatch,24,23,-1
R002,2025-02-14,17,4,0,Rain,23.34,23.7,None,SportsMatch,18,19,1
R002,2025-02-14,18,4,0,Rain,23.34,23.7,None,SportsMatch,23,25,2
R002,2025-02-14,19,4,0,Rain,23.34,23.7,None,SportsMatch,36,31,-5
R002,2025-02-14,20,4,0,Rain,23.34,23.7,None,SportsMatch,43,53,10
R002,2025-02-14,21,4,0,Rain,23.34,23.7,None,SportsMatch,35,36,1
R002,2025-02-14,22,4,0,Rain,23.34,23.7,None,SportsMatch,19,18,-1
R002,2025-02-15,8,5,1,Clear,2.84,34.7,HappyHour,SportsMatch,8,7,-1
R002,2025-02-15,9,5,1,Clear,2.84,34.7,HappyHour,SportsMatch,18,19,1
R002,2025-02-15,10,5,1,Clear,2.84,34.7,HappyHour,SportsMatch,36,41,5
R002,2025-02-15,11,5,1,Clear,2.84,34.7,HappyHour,SportsMatch,59,61,2
R002,2025-02-15,12,5,1,Clear,2.84,34.7,HappyHour,SportsMatch,79,82,3
R002,2025-02-15,13,5,1,Clear,2.84,34.7,HappyHour,SportsMatch,87,102,15
R002,2025-02-15,14,5,1,Clear,2.84,34.7,HappyHour,SportsMatch,79,64,-15
R002,2025-02-15,15,5,1,Clear,2.84,34.7,HappyHour,SportsMatch,59,42,-17
R002,2025-02-15,16,5,1,Clear,2.84,34.7,HappyHour,SportsMatch,39,44,5
R002,2025-02-15,17,5,1,Clear,2.84,34.7,HappyHour,SportsMatch,29,24,-5
R002,2025-02-15,18,5,1,Clear,2.84,34.7,HappyHour,SportsMatch,38,38,0
R002,2025-02-15,19,5,1,Clear,2.84,34.7,HappyHour,SportsMatch,59,57,-2
R002,2025-02-15,20,5,1,Clear,2.84,34.7,HappyHour,SportsMatch,71,64,-7
R002,2025-02-15,21,5,1,Clear,2.84,34.7,HappyHour,SportsMatch,57,69,12
R002,2025-02-15,22,5,1,Clear,2.84,34.7,HappyHour,SportsMatch,31,29,-2
R002,2025-02-16,8,6,1,Cloudy,3.15,26.8,WeekendDeal,SportsMatch,8,6,-2
R002,2025-02-16,9,6,1,Cloudy,3.15,26.8,WeekendDeal,SportsMatch,19,17,-2
R002,2025-02-16,10,6,1,Cloudy,3.15,26.8,WeekendDeal,SportsMatch,38,44,6
R002,2025-02-16,11,6,1,Cloudy,3.15,26.8,WeekendDeal,SportsMatch,61,51,-10
R002,2025-02-16,12,6,1,Cloudy,3.15,26.8,WeekendDeal,SportsMatch,82,62,-20
R002,2025-02-16,13,6,1,Cloudy,3.15,26.8,WeekendDeal,SportsMatch,90,96,6
R002,2025-02-16,14,6,1,Cloudy,3.15,26.8,WeekendDeal,SportsMatch,82,82,0
R002,2025-02-16,15,6,1,Cloudy,3.15,26.8,WeekendDeal,SportsMatch,62,60,-2
R002,2025-02-16,16,6,1,Cloudy,3.15,26.8,WeekendDeal,SportsMatch,40,37,-3
R002,2025-02-16,17,6,1,Cloudy,3.15,26.8,WeekendDeal,SportsMatch,30,32,2
R002,2025-02-16,18,6,1,Cloudy,3.15,26.8,WeekendDeal,SportsMatch,40,38,-2
R002,2025-02-16,19,6,1,Cloudy,3.15,26.8,WeekendDeal,SportsMatch,62,67,5
R002,2025-02-16,20,6,1,Cloudy,3.15,26.8,WeekendDeal,SportsMatch,73,79,6
R002,2025-02-16,21,6,1,Cloudy,3.15,26.8,WeekendDeal,SportsMatch,59,84,25
R002,2025-02-16,22,6,1,Cloudy,3.15,26.8,WeekendDeal,SportsMatch,32,34,2
R002,2025-02-17,8,0,0,Rain,19.12,23.7,HappyHour,LocalEvent,5,6,1
R002,2025-02-17,9,0,0,Rain,19.12,23.7,HappyHour,LocalEvent,12,10,-2
R002,2025-02-17,10,0,0,Rain,19.12,23.7,HappyHour,LocalEvent,24,19,-5
R002,2025-02-17,11,0,0,Rain,19.12,23.7,HappyHour,LocalEvent,38,44,6
R002,2025-02-17,12,0,0,Rain,19.12,23.7,HappyHour,LocalEvent,51,48,-3
R002,2025-02-17,13,0,0,Rain,19.12,23.7,HappyHour,LocalEvent,57,64,7
R002,2025-02-17,14,0,0,Rain,19.12,23.7,HappyHour,LocalEvent,51,65,14
R002,2025-02-17,15,0,0,Rain,19.12,23.7,HappyHour,LocalEvent,39,39,0
R002,2025-02-17,16,0,0,Rain,19.12,23.7,HappyHour,LocalEvent,25,21,-4
R002,2025-02-17,17,0,0,Rain,19.12,23.7,HappyHour,LocalEvent,19,16,-3
R002,2025-02-17,18,0,0,Rain,19.12,23.7,HappyHour,LocalEvent,25,23,-2
R002,2025-02-17,19,0,0,Rain,19.12,23.7,HappyHour,LocalEvent,39,48,9
R002,2025-02-17,20,0,0,Rain,19.12,23.7,HappyHour,LocalEvent,46,54,8
R002,2025-02-17,21,0,0,Rain,19.12,23.7,HappyHour,LocalEvent,37,37,0
R002,2025-02-17,22,0,0,Rain,19.12,23.7,HappyHour,LocalEvent,20,19,-1
R002,2025-02-18,8,1,0,Clear,2.72,37.9,FestivalOffer,LocalEvent,7,8,1
R002,2025-02-18,9,1,0,Clear,2.72,37.9,FestivalOffer,LocalEvent,17,18,1
R002,2025-02-18,10,1,0,Clear,2.72,37.9,FestivalOffer,LocalEvent,33,31,-2
R002,2025-02-18,11,1,0,Clear,2.72,37.9,FestivalOffer,LocalEvent,54,40,-14
R002,2025-02-18,12,1,0,Clear,2.72,37.9,FestivalOffer,LocalEvent,72,59,-13
R002,2025-02-18,13,1,0,Clear,2.72,37.9,FestivalOffer,LocalEvent,79,91,12
R002,2025-02-18,14,1,0,Clear,2.72,37.9,FestivalOffer,LocalEvent,72,64,-8
R002,2025-02-18,15,1,0,Clear,2.72,37.9,FestivalOffer,LocalEvent,54,50,-4
R002,2025-02-18,16,1,0,Clear,2.72,37.9,FestivalOffer,LocalEvent,35,40,5
R002,2025-02-18,17,1,0,Clear,2.72,37.9,FestivalOffer,LocalEvent,27,31,4
R002,2025-02-18,18,1,0,Clear,2.72,37.9,FestivalOffer,LocalEvent,35,38,3
R002,2025-02-18,19,1,0,Clear,2.72,37.9,FestivalOffer,LocalEvent,54,52,-2
R002,2025-02-18,20,1,0,Clear,2.72,37.9,FestivalOffer,LocalEvent,64,49,-15
R002,2025-02-18,21,1,0,Clear,2.72,37.9,FestivalOffer,LocalEvent,52,60,8
R002,2025-02-18,22,1,0,Clear,2.72,37.9,FestivalOffer,LocalEvent,28,31,3
R002,2025-02-19,8,2,0,Storm,16.95,37.8,HappyHour,None,4,5,1
R002,2025-02-19,9,2,0,Storm,16.95,37.8,HappyHour,None,9,9,0
R002,2025-02-19,10,2,0,Storm,16.95,37.8,HappyHour,None,18,19,1
R002,2025-02-19,11,2,0,Storm,16.95,37.8,HappyHour,None,30,28,-2
R002,2025-02-19,12,2,0,Storm,16.95,37.8,HappyHour,None,40,34,-6
R002,2025-02-19,13,2,0,Storm,16.95,37.8,HappyHour,None,44,42,-2
R002,2025-02-19,14,2,0,Storm,16.95,37.8,HappyHour,None,40,33,-7
R002,2025-02-19,15,2,0,Storm,16.95,37.8,HappyHour,None,30,32,2
R002,2025-02-19,16,2,0,Storm,16.95,37.8,HappyHour,None,20,20,0
R002,2025-02-19,17,2,0,Storm,16.95,37.8,HappyHour,None,15,20,5
R002,2025-02-19,18,2,0,Storm,16.95,37.8,HappyHour,None,19,18,-1
R002,2025-02-19,19,2,0,Storm,16.95,37.8,HappyHour,None,30,30,0
R002,2025-02-19,20,2,0,Storm,16.95,37.8,HappyHour,None,36,33,-3
R002,2025-02-19,21,2,0,Storm,16.95,37.8,HappyHour,None,29,35,6
R002,2025-02-19,22,2,0,Storm,16.95,37.8,HappyHour,None,15,16,1
R002,2025-02-20,8,3,0,Storm,8.54,20.8,FestivalOffer,SportsMatch,5,8,3
R002,2025-02-20,9,3,0,Storm,8.54,20.8,FestivalOffer,SportsMatch,11,11,0
R002,2025-02-20,10,3,0,Storm,8.54,20.8,FestivalOffer,SportsMatch,22,18,-4
R002,2025-02-20,11,3,0,Storm,8.54,20.8,FestivalOffer,SportsMatch,36,35,-1
R002,2025-02-20,12,3,0,Storm,8.54,20.8,FestivalOffer,SportsMatch,48,48,0
R002,2025-02-20,13,3,0,Storm,8.54,20.8,FestivalOffer,SportsMatch,53,40,-13
R002,2025-02-20,14,3,0,Storm,8.54,20.8,FestivalOffer,SportsMatch,48,46,-2
R002,2025-02-20,15,3,0,Storm,8.54,20.8,FestivalOffer,SportsMatch,36,29,-7
R002,2025-02-20,16,3,0,Storm,8.54,20.8,FestivalOffer,SportsMatch,23,27,4
R002,2025-02-20,17,3,0,Storm,8.54,20.8,FestivalOffer,SportsMatch,18,17,-1
R002,2025-02-20,18,3,0,Storm,8.54,20.8,FestivalOffer,SportsMatch,23,19,-4
R002,2025-02-20,19,3,0,Storm,8.54,20.8,FestivalOffer,SportsMatch,36,39,3
R002,2025-02-20,20,3,0,Storm,8.54,20.8,FestivalOffer,SportsMatch,42,55,13
R002,2025-02-20,21,3,0,Storm,8.54,20.8,FestivalOffer,SportsMatch,34,41,7
R002,2025-02-20,22,3,0,Storm,8.54,20.8,FestivalOffer,SportsMatch,18,18,0
R002,2025-02-21,8,4,0,Rain,14.46,35.8,HappyHour,None,5,6,1
R002,2025-02-21,9,4,0,Rain,14.46,35.8,HappyHour,None,11,12,1
R002,2025-02-21,10,4,0,Rain,14.46,35.8,HappyHour,None,22,21,-1
R002,2025-02-21,11,4,0,Rain,14.46,35.8,HappyHour,None,36,28,-8
R002,2025-02-21,12,4,0,Rain,14.46,35.8,HappyHour,None,48,38,-10
R002,2025-02-21,13,4,0,Rain,14.46,35.8,HappyHour,None,53,52,-1
R002,2025-02-21,14,4,0,Rain,14.46,35.8,HappyHour,None,48,58,10
R002,2025-02-21,15,4,0,Rain,14.46,35.8,HappyHour,None,36,37,1
R002,2025-02-21,16,4,0,Rain,14.46,35.8,HappyHour,None,24,27,3
R002,2025-02-21,17,4,0,Rain,14.46,35.8,HappyHour,None,18,17,-1
R002,2025-02-21,18,4,0,Rain,14.46,35.8,HappyHour,None,23,26,3
R002,2025-02-21,19,4,0,Rain,14.46,35.8,HappyHour,None,36,34,-2
R002,2025-02-21,20,4,0,Rain,14.46,35.8,HappyHour,None,43,40,-3
R002,2025-02-21,21,4,0,Rain,14.46,35.8,HappyHour,None,35,32,-3
R002,2025-02-21,22,4,0,Rain,14.46,35.8,HappyHour,None,19,20,1
R002,2025-02-22,8,5,1,Rain,24.12,25.8,WeekendDeal,Festival,6,5,-1
R002,2025-02-22,9,5,1,Rain,24.12,25.8,WeekendDeal,Festival,16,15,-1
R002,2025-02-22,10,5,1,Rain,24.12,25.8,WeekendDeal,Festival,31,29,-2
R002,2025-02-22,11,5,1,Rain,24.12,25.8,WeekendDeal,Festival,50,50,0
R002,2025-02-22,12,5,1,Rain,24.12,25.8,WeekendDeal,Festival,68,66,-2
R002,2025-02-22,13,5,1,Rain,24.12,25.8,WeekendDeal,Festival,74,79,5
R002,2025-02-22,14,5,1,Rain,24.12,25.8,WeekendDeal,Festival,68,70,2
R002,2025-02-22,15,5,1,Rain,24.12,25.8,WeekendDeal,Festival,51,57,6
R002,2025-02-22,16,5,1,Rain,24.12,25.8,WeekendDeal,Festival,33,34,1
R002,2025-02-22,17,5,1,Rain,24.12,25.8,WeekendDeal,Festival,25,28,3
R002,2025-02-22,18,5,1,Rain,24.12,25.8,WeekendDeal,Festival,33,28,-5
R002,2025-02-22,19,5,1,Rain,24.12,25.8,WeekendDeal,Festival,51,45,-6
R002,2025-02-22,20,5,1,Rain,24.12,25.8,WeekendDeal,Festival,60,55,-5
R002,2025-02-22,21,5,1,Rain,24.12,25.8,WeekendDeal,Festival,49,46,-3
R002,2025-02-22,22,5,1,Rain,24.12,25.8,WeekendDeal,Festival,26,20,-6
R002,2025-02-23,8,6,1,Cloudy,1.0,35.8,None,Festival,7,9,2
R002,2025-02-23,9,6,1,Cloudy,1.0,35.8,None,Festival,18,23,5
R002,2025-02-23,10,6,1,Cloudy,1.0,35.8,None,Festival,35,40,5
R002,2025-02-23,11,6,1,Cloudy,1.0,35.8,None,Festival,58,57,-1
R002,2025-02-23,12,6,1,Cloudy,1.0,35.8,None,Festival,77,84,7
R002,2025-02-23,13,6,1,Cloudy,1.0,35.8,None,Festival,85,101,16
R002,2025-02-23,14,6,1,Cloudy,1.0,35.8,None,Festival,77,76,-1
R002,2025-02-23,15,6,1,Cloudy,1.0,35.8,None,Festival,58,65,7
R002,2025-02-23,16,6,1,Cloudy,1.0,35.8,None,Festival,38,28,-10
R002,2025-02-23,17,6,1,Cloudy,1.0,35.8,None,Festival,28,29,1
R002,2025-02-23,18,6,1,Cloudy,1.0,35.8,None,Festival,37,37,0
R002,2025-02-23,19,6,1,Cloudy,1.0,35.8,None,Festival,58,67,9
R002,2025-02-23,20,6,1,Cloudy,1.0,35.8,None,Festival,69,63,-6
R002,2025-02-23,21,6,1,Cloudy,1.0,35.8,None,Festival,56,58,2
R002,2025-02-23,22,6,1,Cloudy,1.0,35.8,None,Festival,30,30,0
R002,2025-02-24,8,0,0,Clear,2.83,36.6,WeekendDeal,SportsMatch,7,6,-1
R002,2025-02-24,9,0,0,Clear,2.83,36.6,WeekendDeal,SportsMatch,16,15,-1
R002,2025-02-24,10,0,0,Clear,2.83,36.6,WeekendDeal,SportsMatch,32,32,0
R002,2025-02-24,11,0,0,Clear,2.83,36.6,WeekendDeal,SportsMatch,52,46,-6
R002,2025-02-24,12,0,0,Clear,2.83,36.6,WeekendDeal,SportsMatch,70,86,16
R002,2025-02-24,13,0,0,Clear,2.83,36.6,WeekendDeal,SportsMatch,77,75,-2
R002,2025-02-24,14,0,0,Clear,2.83,36.6,WeekendDeal,SportsMatch,70,63,-7
R002,2025-02-24,15,0,0,Clear,2.83,36.6,WeekendDeal,SportsMatch,52,50,-2
R002,2025-02-24,16,0,0,Clear,2.83,36.6,WeekendDeal,SportsMatch,34,36,2
R002,2025-02-24,17,0,0,Clear,2.83,36.6,WeekendDeal,SportsMatch,26,27,1
R002,2025-02-24,18,0,0,Clear,2.83,36.6,WeekendDeal,SportsMatch,34,38,4
R002,2025-02-24,19,0,0,Clear,2.83,36.6,WeekendDeal,SportsMatch,52,43,-9
R002,2025-02-24,20,0,0,Clear,2.83,36.6,WeekendDeal,SportsMatch,62,76,14
R002,2025-02-24,21,0,0,Clear,2.83,36.6,WeekendDeal,SportsMatch,50,61,11
R002,2025-02-24,22,0,0,Clear,2.83,36.6,WeekendDeal,SportsMatch,27,26,-1
R002,2025-02-25,8,1,0,Clear,2.66,33.9,None,None,5,6,1
R002,2025-02-25,9,1,0,Clear,2.66,33.9,None,None,13,9,-4
R002,2025-02-25,10,1,0,Clear,2.66,33.9,None,None,26,27,1
R002,2025-02-25,11,1,0,Clear,2.66,33.9,None,None,43,39,-4
R002,2025-02-25,12,1,0,Clear,2.66,33.9,None,None,57,50,-7
R002,2025-02-25,13,1,0,Clear,2.66,33.9,None,None,63,70,7
R002,2025-02-25,14,1,0,Clear,2.66,33.9,None,None,57,42,-15
R002,2025-02-25,15,1,0,Clear,2.66,33.9,None,None,43,44,1
R002,2025-02-25,16,1,0,Clear,2.66,33.9,None,None,28,32,4
R002,2025-02-25,17,1,0,Clear,2.66,33.9,None,None,21,23,2
R002,2025-02-25,18,1,0,Clear,2.66,33.9,None,None,27,23,-4
R002,2025-02-25,19,1,0,Clear,2.66,33.9,None,None,43,49,6
R002,2025-02-25,20,1,0,Clear,2.66,33.9,None,None,51,50,-1
R002,2025-02-25,21,1,0,Clear,2.66,33.9,None,None,41,40,-1
R002,2025-02-25,22,1,0,Clear,2.66,33.9,None,None,22,20,-2
R002,2025-02-26,8,2,0,Rain,29.09,37.0,HappyHour,None,5,4,-1
R002,2025-02-26,9,2,0,Rain,29.09,37.0,HappyHour,None,11,9,-2
R002,2025-02-26,10,2,0,Rain,29.09,37.0,HappyHour,None,22,14,-8
R002,2025-02-26,11,2,0,Rain,29.09,37.0,HappyHour,None,36,35,-1
R002,2025-02-26,12,2,0,Rain,29.09,37.0,HappyHour,None,48,41,-7
R002,2025-02-26,13,2,0,Rain,29.09,37.0,HappyHour,None,53,59,6
R002,2025-02-26,14,2,0,Rain,29.09,37.0,HappyHour,None,48,54,6
R002,2025-02-26,15,2,0,Rain,29.09,37.0,HappyHour,None,36,47,11
R002,2025-02-26,16,2,0,Rain,29.09,37.0,HappyHour,None,24,26,2
R002,2025-02-26,17,2,0,Rain,29.09,37.0,HappyHour,None,18,19,1
R002,2025-02-26,18,2,0,Rain,29.09,37.0,HappyHour,None,23,25,2
R002,2025-02-26,19,2,0,Rain,29.09,37.0,HappyHour,None,36,36,0
R002,2025-02-26,20,2,0,Rain,29.09,37.0,HappyHour,None,43,47,4
R002,2025-02-26,21,2,0,Rain,29.09,37.0,HappyHour,None,35,28,-7
R002,2025-02-26,22,2,0,Rain,29.09,37.0,HappyHour,None,19,18,-1
R002,2025-02-27,8,3,0,Rain,1.3,22.7,FestivalOffer,None,5,5,0
R002,2025-02-27,9,3,0,Rain,1.3,22.7,FestivalOffer,None,12,11,-1
R002,2025-02-27,10,3,0,Rain,1.3,22.7,FestivalOffer,None,24,27,3
R002,2025-02-27,11,3,0,Rain,1.3,22.7,FestivalOffer,None,39,26,-13
R002,2025-02-27,12,3,0,Rain,1.3,22.7,FestivalOffer,None,52,53,1
R002,2025-02-27,13,3,0,Rain,1.3,22.7,FestivalOffer,None,58,52,-6
R002,2025-02-27,14,3,0,Rain,1.3,22.7,FestivalOffer,None,52,60,8
R002,2025-02-27,15,3,0,Rain,1.3,22.7,FestivalOffer,None,39,39,0
R002,2025-02-27,16,3,0,Rain,1.3,22.7,FestivalOffer,None,26,30,4
R002,2025-02-27,17,3,0,Rain,1.3,22.7,FestivalOffer,None,19,13,-6
R002,2025-02-27,18,3,0,Rain,1.3,22.7,FestivalOffer,None,25,32,7
R002,2025-02-27,19,3,0,Rain,1.3,22.7,FestivalOffer,None,39,40,1
R002,2025-02-27,20,3,0,Rain,1.3,22.7,FestivalOffer,None,47,44,-3
R002,2025-02-27,21,3,0,Rain,1.3,22.7,FestivalOffer,None,38,34,-4
R002,2025-02-27,22,3,0,Rain,1.3,22.7,FestivalOffer,None,20,25,5
R002,2025-02-28,8,4,0,Clear,2.09,28.3,FestivalOffer,Festival,7,9,2
R002,2025-02-28,9,4,0,Clear,2.09,28.3,FestivalOffer,Festival,18,19,1
R002,2025-02-28,10,4,0,Clear,2.09,28.3,FestivalOffer,Festival,35,39,4
R002,2025-02-28,11,4,0,Clear,2.09,28.3,FestivalOffer,Festival,58,61,3
R002,2025-02-28,12,4,0,Clear,2.09,28.3,FestivalOffer,Festival,77,70,-7
R002,2025-02-28,13,4,0,Clear,2.09,28.3,FestivalOffer,Festival,85,87,2
R002,2025-02-28,14,4,0,Clear,2.09,28.3,FestivalOffer,Festival,77,98,21
R002,2025-02-28,15,4,0,Clear,2.09,28.3,FestivalOffer,Festival,58,69,11
R002,2025-02-28,16,4,0,Clear,2.09,28.3,FestivalOffer,Festival,38,43,5
R002,2025-02-28,17,4,0,Clear,2.09,28.3,FestivalOffer,Festival,29,33,4
R002,2025-02-28,18,4,0,Clear,2.09,28.3,FestivalOffer,Festival,37,37,0
R002,2025-02-28,19,4,0,Clear,2.09,28.3,FestivalOffer,Festival,58,64,6
R002,2025-02-28,20,4,0,Clear,2.09,28.3,FestivalOffer,Festival,69,64,-5
R002,2025-02-28,21,4,0,Clear,2.09,28.3,FestivalOffer,Festival,56,57,1
R002,2025-02-28,22,4,0,Clear,2.09,28.3,FestivalOffer,Festival,30,28,-2
R002,2025-03-01,8,5,1,Rain,21.64,30.3,None,SportsMatch,5,4,-1
R002,2025-03-01,9,5,1,Rain,21.64,30.3,None,SportsMatch,13,12,-1
R002,2025-03-01,10,5,1,Rain,21.64,30.3,None,SportsMatch,26,30,4
R002,2025-03-01,11,5,1,Rain,21.64,30.3,None,SportsMatch,43,33,-10
R002,2025-03-01,12,5,1,Rain,21.64,30.3,None,SportsMatch,57,55,-2
R002,2025-03-01,13,5,1,Rain,21.64,30.3,None,SportsMatch,63,69,6
R002,2025-03-01,14,5,1,Rain,21.64,30.3,None,SportsMatch,57,45,-12
R002,2025-03-01,15,5,1,Rain,21.64,30.3,None,SportsMatch,43,50,7
R002,2025-03-01,16,5,1,Rain,21.64,30.3,None,SportsMatch,28,32,4
R002,2025-03-01,17,5,1,Rain,21.64,30.3,None,SportsMatch,21,20,-1
R002,2025-03-01,18,5,1,Rain,21.64,30.3,None,SportsMatch,28,26,-2
R002,2025-03-01,19,5,1,Rain,21.64,30.3,None,SportsMatch,43,42,-1
R002,2025-03-01,20,5,1,Rain,21.64,30.3,None,SportsMatch,51,33,-18
R002,2025-03-01,21,5,1,Rain,21.64,30.3,None,SportsMatch,41,26,-15
R002,2025-03-01,22,5,1,Rain,21.64,30.3,None,SportsMatch,22,23,1
R002,2025-03-02,8,6,1,Storm,16.5,33.0,None,None,4,1,-3
R002,2025-03-02,9,6,1,Storm,16.5,33.0,None,None,10,10,0
R002,2025-03-02,10,6,1,Storm,16.5,33.0,None,None,20,23,3
R002,2025-03-02,11,6,1,Storm,16.5,33.0,None,None,33,28,-5
R002,2025-03-02,12,6,1,Storm,16.5,33.0,None,None,44,55,11
R002,2025-03-02,13,6,1,Storm,16.5,33.0,None,None,48,42,-6
R002,2025-03-02,14,6,1,Storm,16.5,33.0,None,None,44,51,7
R002,2025-03-02,15,6,1,Storm,16.5,33.0,None,None,33,35,2
R002,2025-03-02,16,6,1,Storm,16.5,33.0,None,None,21,22,1
R002,2025-03-02,17,6,1,Storm,16.5,33.0,None,None,16,14,-2
R002,2025-03-02,18,6,1,Storm,16.5,33.0,None,None,21,23,2
R002,2025-03-02,19,6,1,Storm,16.5,33.0,None,None,33,45,12
R002,2025-03-02,20,6,1,Storm,16.5,33.0,None,None,39,45,6
R002,2025-03-02,21,6,1,Storm,16.5,33.0,None,None,31,38,7
R002,2025-03-02,22,6,1,Storm,16.5,33.0,None,None,17,12,-5
R002,2025-03-03,8,0,0,Rain,26.39,20.3,WeekendDeal,None,5,4,-1
R002,2025-03-03,9,0,0,Rain,26.39,20.3,WeekendDeal,None,12,11,-1
R002,2025-03-03,10,0,0,Rain,26.39,20.3,WeekendDeal,None,23,28,5
R002,2025-03-03,11,0,0,Rain,26.39,20.3,WeekendDeal,None,37,41,4
R002,2025-03-03,12,0,0,Rain,26.39,20.3,WeekendDeal,None,50,54,4
R002,2025-03-03,13,0,0,Rain,26.39,20.3,WeekendDeal,None,55,46,-9
R002,2025-03-03,14,0,0,Rain,26.39,20.3,WeekendDeal,None,50,52,2
R002,2025-03-03,15,0,0,Rain,26.39,20.3,WeekendDeal,None,37,44,7
R002,2025-03-03,16,0,0,Rain,26.39,20.3,WeekendDeal,None,24,27,3
R002,2025-03-03,17,0,0,Rain,26.39,20.3,WeekendDeal,None,18,16,-2
R002,2025-03-03,18,0,0,Rain,26.39,20.3,WeekendDeal,None,24,24,0
R002,2025-03-03,19,0,0,Rain,26.39,20.3,WeekendDeal,None,37,31,-6
R002,2025-03-03,20,0,0,Rain,26.39,20.3,WeekendDeal,None,44,43,-1
R002,2025-03-03,21,0,0,Rain,26.39,20.3,WeekendDeal,None,36,36,0
R002,2025-03-03,22,0,0,Rain,26.39,20.3,WeekendDeal,None,19,18,-1
R002,2025-03-04,8,1,0,Storm,14.83,28.7,None,LocalEvent,4,4,0
R002,2025-03-04,9,1,0,Storm,14.83,28.7,None,LocalEvent,9,11,2
R002,2025-03-04,10,1,0,Storm,14.83,28.7,None,LocalEvent,18,18,0
R002,2025-03-04,11,1,0,Storm,14.83,28.7,None,LocalEvent,30,38,8
R002,2025-03-04,12,1,0,Storm,14.83,28.7,None,LocalEvent,40,37,-3
R002,2025-03-04,13,1,0,Storm,14.83,28.7,None,LocalEvent,44,46,2
R002,2025-03-04,14,1,0,Storm,14.83,28.7,None,LocalEvent,40,43,3
R002,2025-03-04,15,1,0,Storm,14.83,28.7,None,LocalEvent,30,33,3
R002,2025-03-04,16,1,0,Storm,14.83,28.7,None,LocalEvent,19,18,-1
R002,2025-03-04,17,1,0,Storm,14.83,28.7,None,LocalEvent,15,18,3
R002,2025-03-04,18,1,0,Storm,14.83,28.7,None,LocalEvent,19,17,-2
R002,2025-03-04,19,1,0,Storm,14.83,28.7,None,LocalEvent,30,34,4
R002,2025-03-04,20,1,0,Storm,14.83,28.7,None,LocalEvent,35,31,-4
R002,2025-03-04,21,1,0,Storm,14.83,28.7,None,LocalEvent,29,31,2
R002,2025-03-04,22,1,0,Storm,14.83,28.7,None,LocalEvent,15,14,-1
R002,2025-03-05,8,2,0,Cloudy,3.67,20.9,FestivalOffer,None,6,7,1
R002,2025-03-05,9,2,0,Cloudy,3.67,20.9,FestivalOffer,None,16,14,-2
R002,2025-03-05,10,2,0,Cloudy,3.67,20.9,FestivalOffer,None,31,29,-2
R002,2025-03-05,11,2,0,Cloudy,3.67,20.9,FestivalOffer,None,50,47,-3
R002,2025-03-05,12,2,0,Cloudy,3.67,20.9,FestivalOffer,None,67,70,3
R002,2025-03-05,13,2,0,Cloudy,3.67,20.9,FestivalOffer,None,74,84,10
R002,2025-03-05,14,2,0,Cloudy,3.67,20.9,FestivalOffer,None,67,65,-2
R002,2025-03-05,15,2,0,Cloudy,3.67,20.9,FestivalOffer,None,51,43,-8
R002,2025-03-05,16,2,0,Cloudy,3.67,20.9,FestivalOffer,None,33,31,-2
R002,2025-03-05,17,2,0,Cloudy,3.67,20.9,FestivalOffer,None,25,29,4
R002,2025-03-05,18,2,0,Cloudy,3.67,20.9,FestivalOffer,None,32,28,-4
R002,2025-03-05,19,2,0,Cloudy,3.67,20.9,FestivalOffer,None,50,52,2
R002,2025-03-05,20,2,0,Cloudy,3.67,20.9,FestivalOffer,None,60,62,2
R002,2025-03-05,21,2,0,Cloudy,3.67,20.9,FestivalOffer,None,48,43,-5
R002,2025-03-05,22,2,0,Cloudy,3.67,20.9,FestivalOffer,None,26,27,1
R002,2025-03-06,8,3,0,Clear,3.38,34.0,None,SportsMatch,6,9,3
R002,2025-03-06,9,3,0,Clear,3.38,34.0,None,SportsMatch,14,14,0
R002,2025-03-06,10,3,0,Clear,3.38,34.0,None,SportsMatch,28,33,5
R002,2025-03-06,11,3,0,Clear,3.38,34.0,None,SportsMatch,46,39,-7
R002,2025-03-06,12,3,0,Clear,3.38,34.0,None,SportsMatch,62,66,4
R002,2025-03-06,13,3,0,Clear,3.38,34.0,None,SportsMatch,69,65,-4
R002,2025-03-06,14,3,0,Clear,3.38,34.0,None,SportsMatch,62,56,-6
R002,2025-03-06,15,3,0,Clear,3.38,34.0,None,SportsMatch,47,47,0
R002,2025-03-06,16,3,0,Clear,3.38,34.0,None,SportsMatch,30,26,-4
R002,2025-03-06,17,3,0,Clear,3.38,34.0,None,SportsMatch,23,25,2
R002,2025-03-06,18,3,0,Clear,3.38,34.0,None,SportsMatch,30,17,-13
R002,2025-03-06,19,3,0,Clear,3.38,34.0,None,SportsMatch,47,48,1
R002,2025-03-06,20,3,0,Clear,3.38,34.0,None,SportsMatch,55,53,-2
R002,2025-03-06,21,3,0,Clear,3.38,34.0,None,SportsMatch,45,49,4
R002,2025-03-06,22,3,0,Clear,3.38,34.0,None,SportsMatch,24,28,4
R002,2025-03-07,8,4,0,Clear,1.44,34.4,FestivalOffer,Festival,7,7,0
R002,2025-03-07,9,4,0,Clear,1.44,34.4,FestivalOffer,Festival,18,17,-1
R002,2025-03-07,10,4,0,Clear,1.44,34.4,FestivalOffer,Festival,35,20,-15
R002,2025-03-07,11,4,0,Clear,1.44,34.4,FestivalOffer,Festival,58,60,2
R002,2025-03-07,12,4,0,Clear,1.44,34.4,FestivalOffer,Festival,77,71,-6
R002,2025-03-07,13,4,0,Clear,1.44,34.4,FestivalOffer,Festival,85,66,-19
R002,2025-03-07,14,4,0,Clear,1.44,34.4,FestivalOffer,Festival,77,80,3
R002,2025-03-07,15,4,0,Clear,1.44,34.4,FestivalOffer,Festival,58,36,-22
R002,2025-03-07,16,4,0,Clear,1.44,34.4,FestivalOffer,Festival,38,41,3
R002,2025-03-07,17,4,0,Clear,1.44,34.4,FestivalOffer,Festival,29,34,5
R002,2025-03-07,18,4,0,Clear,1.44,34.4,FestivalOffer,Festival,37,39,2
R002,2025-03-07,19,4,0,Clear,1.44,34.4,FestivalOffer,Festival,58,62,4
R002,2025-03-07,20,4,0,Clear,1.44,34.4,FestivalOffer,Festival,69,61,-8
R002,2025-03-07,21,4,0,Clear,1.44,34.4,FestivalOffer,Festival,56,52,-4
R002,2025-03-07,22,4,0,Clear,1.44,34.4,FestivalOffer,Festival,30,27,-3
R002,2025-03-08,8,5,1,Clear,3.72,35.0,WeekendDeal,None,7,11,4
R002,2025-03-08,9,5,1,Clear,3.72,35.0,WeekendDeal,None,17,18,1
R002,2025-03-08,10,5,1,Clear,3.72,35.0,WeekendDeal,None,34,30,-4
R002,2025-03-08,11,5,1,Clear,3.72,35.0,WeekendDeal,None,56,70,14
R002,2025-03-08,12,5,1,Clear,3.72,35.0,WeekendDeal,None,75,86,11
R002,2025-03-08,13,5,1,Clear,3.72,35.0,WeekendDeal,None,83,71,-12
R002,2025-03-08,14,5,1,Clear,3.72,35.0,WeekendDeal,None,75,75,0
R002,2025-03-08,15,5,1,Clear,3.72,35.0,WeekendDeal,None,57,54,-3
R002,2025-03-08,16,5,1,Clear,3.72,35.0,WeekendDeal,None,37,44,7
R002,2025-03-08,17,5,1,Clear,3.72,35.0,WeekendDeal,None,28,32,4
R002,2025-03-08,18,5,1,Clear,3.72,35.0,WeekendDeal,None,36,45,9
R002,2025-03-08,19,5,1,Clear,3.72,35.0,WeekendDeal,None,56,55,-1
R002,2025-03-08,20,5,1,Clear,3.72,35.0,WeekendDeal,None,67,72,5
R002,2025-03-08,21,5,1,Clear,3.72,35.0,WeekendDeal,None,54,66,12
R002,2025-03-08,22,5,1,Clear,3.72,35.0,WeekendDeal,None,29,22,-7
R002,2025-03-09,8,6,1,Rain,8.66,22.2,None,LocalEvent,5,6,1
R002,2025-03-09,9,6,1,Rain,8.66,22.2,None,LocalEvent,13,13,0
R002,2025-03-09,10,6,1,Rain,8.66,22.2,None,LocalEvent,26,25,-1
R002,2025-03-09,11,6,1,Rain,8.66,22.2,None,LocalEvent,42,57,15
R002,2025-03-09,12,6,1,Rain,8.66,22.2,None,LocalEvent,56,52,-4
R002,2025-03-09,13,6,1,Rain,8.66,22.2,None,LocalEvent,62,66,4
R002,2025-03-09,14,6,1,Rain,8.66,22.2,None,LocalEvent,56,49,-7
R002,2025-03-09,15,6,1,Rain,8.66,22.2,None,LocalEvent,42,48,6
R002,2025-03-09,16,6,1,Rain,8.66,22.2,None,LocalEvent,27,28,1
R002,2025-03-09,17,6,1,Rain,8.66,22.2,None,LocalEvent,21,21,0
R002,2025-03-09,18,6,1,Rain,8.66,22.2,None,LocalEvent,27,23,-4
R002,2025-03-09,19,6,1,Rain,8.66,22.2,None,LocalEvent,42,49,7
R002,2025-03-09,20,6,1,Rain,8.66,22.2,None,LocalEvent,50,44,-6
R002,2025-03-09,21,6,1,Rain,8.66,22.2,None,LocalEvent,40,34,-6
R002,2025-03-09,22,6,1,Rain,8.66,22.2,None,LocalEvent,22,21,-1
R002,2025-03-10,8,0,0,Rain,23.48,20.9,HappyHour,SportsMatch,5,1,-4
R002,2025-03-10,9,0,0,Rain,23.48,20.9,HappyHour,SportsMatch,12,15,3
R002,2025-03-10,10,0,0,Rain,23.48,20.9,HappyHour,SportsMatch,24,26,2
R002,2025-03-10,11,0,0,Rain,23.48,20.9,HappyHour,SportsMatch,39,37,-2
R002,2025-03-10,12,0,0,Rain,23.48,20.9,HappyHour,SportsMatch,52,48,-4
R002,2025-03-10,13,0,0,Rain,23.48,20.9,HappyHour,SportsMatch,58,69,11
R002,2025-03-10,14,0,0,Rain,23.48,20.9,HappyHour,SportsMatch,52,52,0
R002,2025-03-10,15,0,0,Rain,23.48,20.9,HappyHour,SportsMatch,39,43,4
R002,2025-03-10,16,0,0,Rain,23.48,20.9,HappyHour,SportsMatch,26,22,-4
R002,2025-03-10,17,0,0,Rain,23.48,20.9,HappyHour,SportsMatch,19,22,3
R002,2025-03-10,18,0,0,Rain,23.48,20.9,HappyHour,SportsMatch,25,26,1
R002,2025-03-10,19,0,0,Rain,23.48,20.9,HappyHour,SportsMatch,39,37,-2
R002,2025-03-10,20,0,0,Rain,23.48,20.9,HappyHour,SportsMatch,47,60,13
R002,2025-03-10,21,0,0,Rain,23.48,20.9,HappyHour,SportsMatch,38,41,3
R002,2025-03-10,22,0,0,Rain,23.48,20.9,HappyHour,SportsMatch,20,22,2
R002,2025-03-11,8,1,0,Clear,1.51,29.4,FestivalOffer,None,6,7,1
R002,2025-03-11,9,1,0,Clear,1.51,29.4,FestivalOffer,None,16,15,-1
R002,2025-03-11,10,1,0,Clear,1.51,29.4,FestivalOffer,None,31,28,-3
R002,2025-03-11,11,1,0,Clear,1.51,29.4,FestivalOffer,None,50,52,2
R002,2025-03-11,12,1,0,Clear,1.51,29.4,FestivalOffer,None,67,71,4
R002,2025-03-11,13,1,0,Clear,1.51,29.4,FestivalOffer,None,74,77,3
R002,2025-03-11,14,1,0,Clear,1.51,29.4,FestivalOffer,None,67,64,-3
R002,2025-03-11,15,1,0,Clear,1.51,29.4,FestivalOffer,None,51,48,-3
R002,2025-03-11,16,1,0,Clear,1.51,29.4,FestivalOffer,None,33,37,4
R002,2025-03-11,17,1,0,Clear,1.51,29.4,FestivalOffer,None,25,32,7
R002,2025-03-11,18,1,0,Clear,1.51,29.4,FestivalOffer,None,32,30,-2
R002,2025-03-11,19,1,0,Clear,1.51,29.4,FestivalOffer,None,50,52,2
R002,2025-03-11,20,1,0,Clear,1.51,29.4,FestivalOffer,None,60,68,8
R002,2025-03-11,21,1,0,Clear,1.51,29.4,FestivalOffer,None,48,44,-4
R002,2025-03-11,22,1,0,Clear,1.51,29.4,FestivalOffer,None,26,22,-4
R002,2025-03-12,8,2,0,Cloudy,3.81,37.9,FestivalOffer,Festival,7,5,-2
R002,2025-03-12,9,2,0,Cloudy,3.81,37.9,FestivalOffer,Festival,18,12,-6
R002,2025-03-12,10,2,0,Cloudy,3.81,37.9,FestivalOffer,Festival,35,42,7
R002,2025-03-12,11,2,0,Cloudy,3.81,37.9,FestivalOffer,Festival,58,68,10
R002,2025-03-12,12,2,0,Cloudy,3.81,37.9,FestivalOffer,Festival,77,70,-7
R002,2025-03-12,13,2,0,Cloudy,3.81,37.9,FestivalOffer,Festival,85,85,0
R002,2025-03-12,14,2,0,Cloudy,3.81,37.9,FestivalOffer,Festival,77,87,10
R002,2025-03-12,15,2,0,Cloudy,3.81,37.9,FestivalOffer,Festival,58,58,0
R002,2025-03-12,16,2,0,Cloudy,3.81,37.9,FestivalOffer,Festival,38,40,2
R002,2025-03-12,17,2,0,Cloudy,3.81,37.9,FestivalOffer,Festival,29,25,-4
R002,2025-03-12,18,2,0,Cloudy,3.81,37.9,FestivalOffer,Festival,37,43,6
R002,2025-03-12,19,2,0,Cloudy,3.81,37.9,FestivalOffer,Festival,58,53,-5
R002,2025-03-12,20,2,0,Cloudy,3.81,37.9,FestivalOffer,Festival,69,59,-10
R002,2025-03-12,21,2,0,Cloudy,3.81,37.9,FestivalOffer,Festival,56,46,-10
R002,2025-03-12,22,2,0,Cloudy,3.81,37.9,FestivalOffer,Festival,30,22,-8
R002,2025-03-13,8,3,0,Rain,33.0,24.4,FestivalOffer,SportsMatch,5,5,0
R002,2025-03-13,9,3,0,Rain,33.0,24.4,FestivalOffer,SportsMatch,13,15,2
R002,2025-03-13,10,3,0,Rain,33.0,24.4,FestivalOffer,SportsMatch,26,28,2
R002,2025-03-13,11,3,0,Rain,33.0,24.4,FestivalOffer,SportsMatch,43,46,3
R002,2025-03-13,12,3,0,Rain,33.0,24.4,FestivalOffer,SportsMatch,57,57,0
R002,2025-03-13,13,3,0,Rain,33.0,24.4,FestivalOffer,SportsMatch,63,57,-6
R002,2025-03-13,14,3,0,Rain,33.0,24.4,FestivalOffer,SportsMatch,57,46,-11
R002,2025-03-13,15,3,0,Rain,33.0,24.4,FestivalOffer,SportsMatch,43,46,3
R002,2025-03-13,16,3,0,Rain,33.0,24.4,FestivalOffer,SportsMatch,28,18,-10
R002,2025-03-13,17,3,0,Rain,33.0,24.4,FestivalOffer,SportsMatch,21,21,0
R002,2025-03-13,18,3,0,Rain,33.0,24.4,FestivalOffer,SportsMatch,28,35,7
R002,2025-03-13,19,3,0,Rain,33.0,24.4,FestivalOffer,SportsMatch,43,47,4
R002,2025-03-13,20,3,0,Rain,33.0,24.4,FestivalOffer,SportsMatch,51,62,11
R002,2025-03-13,21,3,0,Rain,33.0,24.4,FestivalOffer,SportsMatch,41,52,11
R002,2025-03-13,22,3,0,Rain,33.0,24.4,FestivalOffer,SportsMatch,22,20,-2
R002,2025-03-14,8,4,0,Storm,7.14,29.6,HappyHour,Festival,4,4,0
R002,2025-03-14,9,4,0,Storm,7.14,29.6,HappyHour,Festival,11,12,1
R002,2025-03-14,10,4,0,Storm,7.14,29.6,HappyHour,Festival,21,22,1
R002,2025-03-14,11,4,0,Storm,7.14,29.6,HappyHour,Festival,34,40,6
R002,2025-03-14,12,4,0,Storm,7.14,29.6,HappyHour,Festival,46,47,1
R002,2025-03-14,13,4,0,Storm,7.14,29.6,HappyHour,Festival,51,61,10
R002,2025-03-14,14,4,0,Storm,7.14,29.6,HappyHour,Festival,46,43,-3
R002,2025-03-14,15,4,0,Storm,7.14,29.6,HappyHour,Festival,35,36,1
R002,2025-03-14,16,4,0,Storm,7.14,29.6,HappyHour,Festival,23,19,-4
R002,2025-03-14,17,4,0,Storm,7.14,29.6,HappyHour,Festival,17,16,-1
R002,2025-03-14,18,4,0,Storm,7.14,29.6,HappyHour,Festival,22,23,1
R002,2025-03-14,19,4,0,Storm,7.14,29.6,HappyHour,Festival,35,38,3
R002,2025-03-14,20,4,0,Storm,7.14,29.6,HappyHour,Festival,41,45,4
R002,2025-03-14,21,4,0,Storm,7.14,29.6,HappyHour,Festival,33,27,-6
R002,2025-03-14,22,4,0,Storm,7.14,29.6,HappyHour,Festival,18,20,2
R002,2025-03-15,8,5,1,Cloudy,0.32,32.8,HappyHour,None,7,7,0
R002,2025-03-15,9,5,1,Cloudy,0.32,32.8,HappyHour,None,17,18,1
R002,2025-03-15,10,5,1,Cloudy,0.32,32.8,HappyHour,None,33,38,5
R002,2025-03-15,11,5,1,Cloudy,0.32,32.8,HappyHour,None,54,61,7
R002,2025-03-15,12,5,1,Cloudy,0.32,32.8,HappyHour,None,73,71,-2
R002,2025-03-15,13,5,1,Cloudy,0.32,32.8,HappyHour,None,80,94,14
R002,2025-03-15,14,5,1,Cloudy,0.32,32.8,HappyHour,None,73,76,3
R002,2025-03-15,15,5,1,Cloudy,0.32,32.8,HappyHour,None,55,59,4
R002,2025-03-15,16,5,1,Cloudy,0.32,32.8,HappyHour,None,36,39,3
R002,2025-03-15,17,5,1,Cloudy,0.32,32.8,HappyHour,None,27,25,-2
R002,2025-03-15,18,5,1,Cloudy,0.32,32.8,HappyHour,None,35,40,5
R002,2025-03-15,19,5,1,Cloudy,0.32,32.8,HappyHour,None,54,54,0
R002,2025-03-15,20,5,1,Cloudy,0.32,32.8,HappyHour,None,65,48,-17
R002,2025-03-15,21,5,1,Cloudy,0.32,32.8,HappyHour,None,52,51,-1
R002,2025-03-15,22,5,1,Cloudy,0.32,32.8,HappyHour,None,28,26,-2
R002,2025-03-16,8,6,1,Clear,2.71,20.9,WeekendDeal,LocalEvent,8,9,1
R002,2025-03-16,9,6,1,Clear,2.71,20.9,WeekendDeal,LocalEvent,19,20,1
R002,2025-03-16,10,6,1,Clear,2.71,20.9,WeekendDeal,LocalEvent,37,46,9
R002,2025-03-16,11,6,1,Clear,2.71,20.9,WeekendDeal,LocalEvent,60,86,26
R002,2025-03-16,12,6,1,Clear,2.71,20.9,WeekendDeal,LocalEvent,81,99,18
R002,2025-03-16,13,6,1,Clear,2.71,20.9,WeekendDeal,LocalEvent,89,73,-16
R002,2025-03-16,14,6,1,Clear,2.71,20.9,WeekendDeal,LocalEvent,81,69,-12
R002,2025-03-16,15,6,1,Clear,2.71,20.9,WeekendDeal,LocalEvent,60,69,9
R002,2025-03-16,16,6,1,Clear,2.71,20.9,WeekendDeal,LocalEvent,39,41,2
R002,2025-03-16,17,6,1,Clear,2.71,20.9,WeekendDeal,LocalEvent,30,34,4
R002,2025-03-16,18,6,1,Clear,2.71,20.9,WeekendDeal,LocalEvent,39,45,6
R002,2025-03-16,19,6,1,Clear,2.71,20.9,WeekendDeal,LocalEvent,60,70,10
R002,2025-03-16,20,6,1,Clear,2.71,20.9,WeekendDeal,LocalEvent,72,80,8
R002,2025-03-16,21,6,1,Clear,2.71,20.9,WeekendDeal,LocalEvent,58,51,-7
R002,2025-03-16,22,6,1,Clear,2.71,20.9,WeekendDeal,LocalEvent,31,29,-2
R002,2025-03-17,8,0,0,Storm,34.33,28.6,HappyHour,None,4,0,-4
R002,2025-03-17,9,0,0,Storm,34.33,28.6,HappyHour,None,9,6,-3
R002,2025-03-17,10,0,0,Storm,34.33,28.6,HappyHour,None,18,14,-4
R002,2025-03-17,11,0,0,Storm,34.33,28.6,HappyHour,None,30,34,4
R002,2025-03-17,12,0,0,Storm,34.33,28.6,HappyHour,None,40,48,8
R002,2025-03-17,13,0,0,Storm,34.33,28.6,HappyHour,None,44,50,6
R002,2025-03-17,14,0,0,Storm,34.33,28.6,HappyHour,None,40,43,3
R002,2025-03-17,15,0,0,Storm,34.33,28.6,HappyHour,None,30,34,4
R002,2025-03-17,16,0,0,Storm,34.33,28.6,HappyHour,None,20,24,4
R002,2025-03-17,17,0,0,Storm,34.33,28.6,HappyHour,None,15,13,-2
R002,2025-03-17,18,0,0,Storm,34.33,28.6,HappyHour,None,19,20,1
R002,2025-03-17,19,0,0,Storm,34.33,28.6,HappyHour,None,30,31,1
R002,2025-03-17,20,0,0,Storm,34.33,28.6,HappyHour,None,36,37,1
R002,2025-03-17,21,0,0,Storm,34.33,28.6,HappyHour,None,29,36,7
R002,2025-03-17,22,0,0,Storm,34.33,28.6,HappyHour,None,15,16,1
R002,2025-03-18,8,1,0,Clear,0.12,35.3,HappyHour,LocalEvent,6,8,2
R002,2025-03-18,9,1,0,Clear,0.12,35.3,HappyHour,LocalEvent,15,15,0
R002,2025-03-18,10,1,0,Clear,0.12,35.3,HappyHour,LocalEvent,30,28,-2
R002,2025-03-18,11,1,0,Clear,0.12,35.3,HappyHour,LocalEvent,49,50,1
R002,2025-03-18,12,1,0,Clear,0.12,35.3,HappyHour,LocalEvent,66,52,-14
R002,2025-03-18,13,1,0,Clear,0.12,35.3,HappyHour,LocalEvent,73,60,-13
R002,2025-03-18,14,1,0,Clear,0.12,35.3,HappyHour,LocalEvent,66,59,-7
R002,2025-03-18,15,1,0,Clear,0.12,35.3,HappyHour,LocalEvent,49,51,2
R002,2025-03-18,16,1,0,Clear,0.12,35.3,HappyHour,LocalEvent,32,40,8
R002,2025-03-18,17,1,0,Clear,0.12,35.3,HappyHour,LocalEvent,24,26,2
R002,2025-03-18,18,1,0,Clear,0.12,35.3,HappyHour,LocalEvent,32,36,4
R002,2025-03-18,19,1,0,Clear,0.12,35.3,HappyHour,LocalEvent,49,47,-2
R002,2025-03-18,20,1,0,Clear,0.12,35.3,HappyHour,LocalEvent,59,56,-3
R002,2025-03-18,21,1,0,Clear,0.12,35.3,HappyHour,LocalEvent,47,55,8
R002,2025-03-18,22,1,0,Clear,0.12,35.3,HappyHour,LocalEvent,25,28,3
R002,2025-03-19,8,2,0,Cloudy,2.71,26.6,None,LocalEvent,6,5,-1
R002,2025-03-19,9,2,0,Cloudy,2.71,26.6,None,LocalEvent,14,16,2
R002,2025-03-19,10,2,0,Cloudy,2.71,26.6,None,LocalEvent,28,29,1
R002,2025-03-19,11,2,0,Cloudy,2.71,26.6,None,LocalEvent,46,53,7
R002,2025-03-19,12,2,0,Cloudy,2.71,26.6,None,LocalEvent,61,53,-8
R002,2025-03-19,13,2,0,Cloudy,2.71,26.6,None,LocalEvent,67,75,8
R002,2025-03-19,14,2,0,Cloudy,2.71,26.6,None,LocalEvent,61,64,3
R002,2025-03-19,15,2,0,Cloudy,2.71,26.6,None,LocalEvent,46,47,1
R002,2025-03-19,16,2,0,Cloudy,2.71,26.6,None,LocalEvent,30,35,5
R002,2025-03-19,17,2,0,Cloudy,2.71,26.6,None,LocalEvent,22,19,-3
R002,2025-03-19,18,2,0,Cloudy,2.71,26.6,None,LocalEvent,29,29,0
R002,2025-03-19,19,2,0,Cloudy,2.71,26.6,None,LocalEvent,46,50,4
R002,2025-03-19,20,2,0,Cloudy,2.71,26.6,None,LocalEvent,54,56,2
R002,2025-03-19,21,2,0,Cloudy,2.71,26.6,None,LocalEvent,44,40,-4
R002,2025-03-19,22,2,0,Cloudy,2.71,26.6,None,LocalEvent,24,31,7
R002,2025-03-20,8,3,0,Cloudy,0.22,22.6,WeekendDeal,LocalEvent,7,12,5
R002,2025-03-20,9,3,0,Cloudy,0.22,22.6,WeekendDeal,LocalEvent,16,17,1
R002,2025-03-20,10,3,0,Cloudy,0.22,22.6,WeekendDeal,LocalEvent,31,37,6
R002,2025-03-20,11,3,0,Cloudy,0.22,22.6,WeekendDeal,LocalEvent,51,50,-1
R002,2025-03-20,12,3,0,Cloudy,0.22,22.6,WeekendDeal,LocalEvent,68,51,-17
R002,2025-03-20,13,3,0,Cloudy,0.22,22.6,WeekendDeal,LocalEvent,75,74,-1
R002,2025-03-20,14,3,0,Cloudy,0.22,22.6,WeekendDeal,LocalEvent,68,56,-12
R002,2025-03-20,15,3,0,Cloudy,0.22,22.6,WeekendDeal,LocalEvent,51,40,-11
R002,2025-03-20,16,3,0,Cloudy,0.22,22.6,WeekendDeal,LocalEvent,33,42,9
R002,2025-03-20,17,3,0,Cloudy,0.22,22.6,WeekendDeal,LocalEvent,25,27,2
R002,2025-03-20,18,3,0,Cloudy,0.22,22.6,WeekendDeal,LocalEvent,33,37,4
R002,2025-03-20,19,3,0,Cloudy,0.22,22.6,WeekendDeal,LocalEvent,51,43,-8
R002,2025-03-20,20,3,0,Cloudy,0.22,22.6,WeekendDeal,LocalEvent,61,53,-8
R002,2025-03-20,21,3,0,Cloudy,0.22,22.6,WeekendDeal,LocalEvent,49,50,1
R002,2025-03-20,22,3,0,Cloudy,0.22,22.6,WeekendDeal,LocalEvent,26,24,-2
R002,2025-03-21,8,4,0,Cloudy,4.58,29.2,FestivalOffer,Festival,7,10,3
R002,2025-03-21,9,4,0,Cloudy,4.58,29.2,FestivalOffer,Festival,18,12,-6
R002,2025-03-21,10,4,0,Cloudy,4.58,29.2,FestivalOffer,Festival,35,49,14
R002,2025-03-21,11,4,0,Cloudy,4.58,29.2,FestivalOffer,Festival,58,74,16
R002,2025-03-21,12,4,0,Cloudy,4.58,29.2,FestivalOffer,Festival,77,70,-7
R002,2025-03-21,13,4,0,Cloudy,4.58,29.2,FestivalOffer,Festival,85,98,13
R002,2025-03-21,14,4,0,Cloudy,4.58,29.2,FestivalOffer,Festival,77,78,1
R002,2025-03-21,15,4,0,Cloudy,4.58,29.2,FestivalOffer,Festival,58,63,5
R002,2025-03-21,16,4,0,Cloudy,4.58,29.2,FestivalOffer,Festival,38,27,-11
R002,2025-03-21,17,4,0,Cloudy,4.58,29.2,FestivalOffer,Festival,29,31,2
R002,2025-03-21,18,4,0,Cloudy,4.58,29.2,FestivalOffer,Festival,37,34,-3
R002,2025-03-21,19,4,0,Cloudy,4.58,29.2,FestivalOffer,Festival,58,54,-4
R002,2025-03-21,20,4,0,Cloudy,4.58,29.2,FestivalOffer,Festival,69,70,1
R002,2025-03-21,21,4,0,Cloudy,4.58,29.2,FestivalOffer,Festival,56,48,-8
R002,2025-03-21,22,4,0,Cloudy,4.58,29.2,FestivalOffer,Festival,30,23,-7
R002,2025-03-22,8,5,1,Cloudy,1.58,28.5,FestivalOffer,None,8,8,0
R002,2025-03-22,9,5,1,Cloudy,1.58,28.5,FestivalOffer,None,18,18,0
R002,2025-03-22,10,5,1,Cloudy,1.58,28.5,FestivalOffer,None,36,32,-4
R002,2025-03-22,11,5,1,Cloudy,1.58,28.5,FestivalOffer,None,59,70,11
R002,2025-03-22,12,5,1,Cloudy,1.58,28.5,FestivalOffer,None,79,57,-22
R002,2025-03-22,13,5,1,Cloudy,1.58,28.5,FestivalOffer,None,87,107,20
R002,2025-03-22,14,5,1,Cloudy,1.58,28.5,FestivalOffer,None,79,80,1
R002,2025-03-22,15,5,1,Cloudy,1.58,28.5,FestivalOffer,None,60,55,-5
R002,2025-03-22,16,5,1,Cloudy,1.58,28.5,FestivalOffer,None,39,31,-8
R002,2025-03-22,17,5,1,Cloudy,1.58,28.5,FestivalOffer,None,29,35,6
R002,2025-03-22,18,5,1,Cloudy,1.58,28.5,FestivalOffer,None,38,43,5
R002,2025-03-22,19,5,1,Cloudy,1.58,28.5,FestivalOffer,None,59,37,-22
R002,2025-03-22,20,5,1,Cloudy,1.58,28.5,FestivalOffer,None,71,58,-13
R002,2025-03-22,21,5,1,Cloudy,1.58,28.5,FestivalOffer,None,57,63,6
R002,2025-03-22,22,5,1,Cloudy,1.58,28.5,FestivalOffer,None,31,35,4
R002,2025-03-23,8,6,1,Cloudy,2.17,22.1,WeekendDeal,LocalEvent,8,8,0
R002,2025-03-23,9,6,1,Cloudy,2.17,22.1,WeekendDeal,LocalEvent,19,21,2
R002,2025-03-23,10,6,1,Cloudy,2.17,22.1,WeekendDeal,LocalEvent,37,45,8
R002,2025-03-23,11,6,1,Cloudy,2.17,22.1,WeekendDeal,LocalEvent,60,51,-9
R002,2025-03-23,12,6,1,Cloudy,2.17,22.1,WeekendDeal,LocalEvent,81,84,3
R002,2025-03-23,13,6,1,Cloudy,2.17,22.1,WeekendDeal,LocalEvent,89,96,7
R002,2025-03-23,14,6,1,Cloudy,2.17,22.1,WeekendDeal,LocalEvent,81,81,0
R002,2025-03-23,15,6,1,Cloudy,2.17,22.1,WeekendDeal,LocalEvent,60,67,7
R002,2025-03-23,16,6,1,Cloudy,2.17,22.1,WeekendDeal,LocalEvent,39,42,3
R002,2025-03-23,17,6,1,Cloudy,2.17,22.1,WeekendDeal,LocalEvent,30,35,5
R002,2025-03-23,18,6,1,Cloudy,2.17,22.1,WeekendDeal,LocalEvent,39,39,0
R002,2025-03-23,19,6,1,Cloudy,2.17,22.1,WeekendDeal,LocalEvent,60,71,11
R002,2025-03-23,20,6,1,Cloudy,2.17,22.1,WeekendDeal,LocalEvent,72,62,-10
R002,2025-03-23,21,6,1,Cloudy,2.17,22.1,WeekendDeal,LocalEvent,58,59,1
R002,2025-03-23,22,6,1,Cloudy,2.17,22.1,WeekendDeal,LocalEvent,31,23,-8
R002,2025-03-24,8,0,0,Rain,10.25,24.7,None,LocalEvent,5,3,-2
R002,2025-03-24,9,0,0,Rain,10.25,24.7,None,LocalEvent,11,12,1
R002,2025-03-24,10,0,0,Rain,10.25,24.7,None,LocalEvent,22,17,-5
R002,2025-03-24,11,0,0,Rain,10.25,24.7,None,LocalEvent,35,22,-13
R002,2025-03-24,12,0,0,Rain,10.25,24.7,None,LocalEvent,48,38,-10
R002,2025-03-24,13,0,0,Rain,10.25,24.7,None,LocalEvent,52,42,-10
R002,2025-03-24,14,0,0,Rain,10.25,24.7,None,LocalEvent,48,35,-13
R002,2025-03-24,15,0,0,Rain,10.25,24.7,None,LocalEvent,36,41,5
R002,2025-03-24,16,0,0,Rain,10.25,24.7,None,LocalEvent,23,16,-7
R002,2025-03-24,17,0,0,Rain,10.25,24.7,None,LocalEvent,18,18,0
R002,2025-03-24,18,0,0,Rain,10.25,24.7,None,LocalEvent,23,27,4
R002,2025-03-24,19,0,0,Rain,10.25,24.7,None,LocalEvent,36,46,10
R002,2025-03-24,20,0,0,Rain,10.25,24.7,None,LocalEvent,42,42,0
R002,2025-03-24,21,0,0,Rain,10.25,24.7,None,LocalEvent,34,26,-8
R002,2025-03-24,22,0,0,Rain,10.25,24.7,None,LocalEvent,18,16,-2
R002,2025-03-25,8,1,0,Rain,23.38,35.8,None,Festival,5,5,0
R002,2025-03-25,9,1,0,Rain,23.38,35.8,None,Festival,12,12,0
R002,2025-03-25,10,1,0,Rain,23.38,35.8,None,Festival,23,24,1
R002,2025-03-25,11,1,0,Rain,23.38,35.8,None,Festival,38,46,8
R002,2025-03-25,12,1,0,Rain,23.38,35.8,None,Festival,51,61,10
R002,2025-03-25,13,1,0,Rain,23.38,35.8,None,Festival,56,49,-7
R002,2025-03-25,14,1,0,Rain,23.38,35.8,None,Festival,51,58,7
R002,2025-03-25,15,1,0,Rain,23.38,35.8,None,Festival,38,37,-1
R002,2025-03-25,16,1,0,Rain,23.38,35.8,None,Festival,25,26,1
R002,2025-03-25,17,1,0,Rain,23.38,35.8,None,Festival,19,18,-1
R002,2025-03-25,18,1,0,Rain,23.38,35.8,None,Festival,25,23,-2
R002,2025-03-25,19,1,0,Rain,23.38,35.8,None,Festival,38,39,1
R002,2025-03-25,20,1,0,Rain,23.38,35.8,None,Festival,46,48,2
R002,2025-03-25,21,1,0,Rain,23.38,35.8,None,Festival,37,26,-11
R002,2025-03-25,22,1,0,Rain,23.38,35.8,None,Festival,20,15,-5
R002,2025-03-26,8,2,0,Rain,15.61,35.8,HappyHour,Festival,5,5,0
R002,2025-03-26,9,2,0,Rain,15.61,35.8,HappyHour,Festival,13,14,1
R002,2025-03-26,10,2,0,Rain,15.61,35.8,HappyHour,Festival,25,25,0
R002,2025-03-26,11,2,0,Rain,15.61,35.8,HappyHour,Festival,41,39,-2
R002,2025-03-26,12,2,0,Rain,15.61,35.8,HappyHour,Festival,55,58,3
R002,2025-03-26,13,2,0,Rain,15.61,35.8,HappyHour,Festival,61,55,-6
R002,2025-03-26,14,2,0,Rain,15.61,35.8,HappyHour,Festival,55,57,2
R002,2025-03-26,15,2,0,Rain,15.61,35.8,HappyHour,Festival,41,29,-12
R002,2025-03-26,16,2,0,Rain,15.61,35.8,HappyHour,Festival,27,29,2
R002,2025-03-26,17,2,0,Rain,15.61,35.8,HappyHour,Festival,20,19,-1
R002,2025-03-26,18,2,0,Rain,15.61,35.8,HappyHour,Festival,27,27,0
R002,2025-03-26,19,2,0,Rain,15.61,35.8,HappyHour,Festival,41,39,-2
R002,2025-03-26,20,2,0,Rain,15.61,35.8,HappyHour,Festival,49,44,-5
R002,2025-03-26,21,2,0,Rain,15.61,35.8,HappyHour,Festival,40,43,3
R002,2025-03-26,22,2,0,Rain,15.61,35.8,HappyHour,Festival,21,18,-3
R002,2025-03-27,8,3,0,Cloudy,0.36,20.2,FestivalOffer,Festival,7,12,5
R002,2025-03-27,9,3,0,Cloudy,0.36,20.2,FestivalOffer,Festival,18,23,5
R002,2025-03-27,10,3,0,Cloudy,0.36,20.2,FestivalOffer,Festival,35,38,3
R002,2025-03-27,11,3,0,Cloudy,0.36,20.2,FestivalOffer,Festival,58,64,6
R002,2025-03-27,12,3,0,Cloudy,0.36,20.2,FestivalOffer,Festival,77,88,11
R002,2025-03-27,13,3,0,Cloudy,0.36,20.2,FestivalOffer,Festival,85,98,13
R002,2025-03-27,14,3,0,Cloudy,0.36,20.2,FestivalOffer,Festival,77,71,-6
R002,2025-03-27,15,3,0,Cloudy,0.36,20.2,FestivalOffer,Festival,58,48,-10
R002,2025-03-27,16,3,0,Cloudy,0.36,20.2,FestivalOffer,Festival,38,36,-2
R002,2025-03-27,17,3,0,Cloudy,0.36,20.2,FestivalOffer,Festival,29,27,-2
R002,2025-03-27,18,3,0,Cloudy,0.36,20.2,FestivalOffer,Festival,37,42,5
R002,2025-03-27,19,3,0,Cloudy,0.36,20.2,FestivalOffer,Festival,58,47,-11
R002,2025-03-27,20,3,0,Cloudy,0.36,20.2,FestivalOffer,Festival,69,51,-18
R002,2025-03-27,21,3,0,Cloudy,0.36,20.2,FestivalOffer,Festival,56,61,5
R002,2025-03-27,22,3,0,Cloudy,0.36,20.2,FestivalOffer,Festival,30,27,-3
R002,2025-03-28,8,4,0,Storm,6.72,22.4,WeekendDeal,Festival,5,8,3
R002,2025-03-28,9,4,0,Storm,6.72,22.4,WeekendDeal,Festival,11,11,0
R002,2025-03-28,10,4,0,Storm,6.72,22.4,WeekendDeal,Festival,22,28,6
R002,2025-03-28,11,4,0,Storm,6.72,22.4,WeekendDeal,Festival,36,27,-9
R002,2025-03-28,12,4,0,Storm,6.72,22.4,WeekendDeal,Festival,48,48,0
R002,2025-03-28,13,4,0,Storm,6.72,22.4,WeekendDeal,Festival,53,50,-3
R002,2025-03-28,14,4,0,Storm,6.72,22.4,WeekendDeal,Festival,48,48,0
R002,2025-03-28,15,4,0,Storm,6.72,22.4,WeekendDeal,Festival,36,34,-2
R002,2025-03-28,16,4,0,Storm,6.72,22.4,WeekendDeal,Festival,23,18,-5
R002,2025-03-28,17,4,0,Storm,6.72,22.4,WeekendDeal,Festival,18,18,0
R002,2025-03-28,18,4,0,Storm,6.72,22.4,WeekendDeal,Festival,23,28,5
R002,2025-03-28,19,4,0,Storm,6.72,22.4,WeekendDeal,Festival,36,49,13
R002,2025-03-28,20,4,0,Storm,6.72,22.4,WeekendDeal,Festival,43,37,-6
R002,2025-03-28,21,4,0,Storm,6.72,22.4,WeekendDeal,Festival,34,32,-2
R002,2025-03-28,22,4,0,Storm,6.72,22.4,WeekendDeal,Festival,18,15,-3
R002,2025-03-29,8,5,1,Cloudy,3.82,33.7,FestivalOffer,Festival,9,9,0
R002,2025-03-29,9,5,1,Cloudy,3.82,33.7,FestivalOffer,Festival,21,14,-7
R002,2025-03-29,10,5,1,Cloudy,3.82,33.7,FestivalOffer,Festival,42,48,6
R002,2025-03-29,11,5,1,Cloudy,3.82,33.7,FestivalOffer,Festival,68,97,29
R002,2025-03-29,12,5,1,Cloudy,3.82,33.7,FestivalOffer,Festival,91,100,9
R002,2025-03-29,13,5,1,Cloudy,3.82,33.7,FestivalOffer,Festival,101,113,12
R002,2025-03-29,14,5,1,Cloudy,3.82,33.7,FestivalOffer,Festival,91,87,-4
R002,2025-03-29,15,5,1,Cloudy,3.82,33.7,FestivalOffer,Festival,68,56,-12
R002,2025-03-29,16,5,1,Cloudy,3.82,33.7,FestivalOffer,Festival,45,53,8
R002,2025-03-29,17,5,1,Cloudy,3.82,33.7,FestivalOffer,Festival,34,37,3
R002,2025-03-29,18,5,1,Cloudy,3.82,33.7,FestivalOffer,Festival,44,47,3
R002,2025-03-29,19,5,1,Cloudy,3.82,33.7,FestivalOffer,Festival,68,62,-6
R002,2025-03-29,20,5,1,Cloudy,3.82,33.7,FestivalOffer,Festival,81,75,-6
R002,2025-03-29,21,5,1,Cloudy,3.82,33.7,FestivalOffer,Festival,66,73,7
R002,2025-03-29,22,5,1,Cloudy,3.82,33.7,FestivalOffer,Festival,35,31,-4
R002,2025-03-30,8,6,1,Storm,10.71,32.8,FestivalOffer,Festival,6,2,-4
R002,2025-03-30,9,6,1,Storm,10.71,32.8,FestivalOffer,Festival,14,13,-1
R002,2025-03-30,10,6,1,Storm,10.71,32.8,FestivalOffer,Festival,27,20,-7
R002,2025-03-30,11,6,1,Storm,10.71,32.8,FestivalOffer,Festival,44,52,8
R002,2025-03-30,12,6,1,Storm,10.71,32.8,FestivalOffer,Festival,59,64,5
R002,2025-03-30,13,6,1,Storm,10.71,32.8,FestivalOffer,Festival,65,62,-3
R002,2025-03-30,14,6,1,Storm,10.71,32.8,FestivalOffer,Festival,59,57,-2
R002,2025-03-30,15,6,1,Storm,10.71,32.8,FestivalOffer,Festival,45,58,13
R002,2025-03-30,16,6,1,Storm,10.71,32.8,FestivalOffer,Festival,29,31,2
R002,2025-03-30,17,6,1,Storm,10.71,32.8,FestivalOffer,Festival,22,23,1
R002,2025-03-30,18,6,1,Storm,10.71,32.8,FestivalOffer,Festival,29,34,5
R002,2025-03-30,19,6,1,Storm,10.71,32.8,FestivalOffer,Festival,44,32,-12
R002,2025-03-30,20,6,1,Storm,10.71,32.8,FestivalOffer,Festival,53,54,1
R002,2025-03-30,21,6,1,Storm,10.71,32.8,FestivalOffer,Festival,43,52,9
R002,2025-03-30,22,6,1,Storm,10.71,32.8,FestivalOffer,Festival,23,22,-1
R002,2025-03-31,8,0,0,Cloudy,3.59,37.0,WeekendDeal,Festival,7,5,-2
R002,2025-03-31,9,0,0,Cloudy,3.59,37.0,WeekendDeal,Festival,17,20,3
R002,2025-03-31,10,0,0,Cloudy,3.59,37.0,WeekendDeal,Festival,34,25,-9
R002,2025-03-31,11,0,0,Cloudy,3.59,37.0,WeekendDeal,Festival,55,55,0
R002,2025-03-31,12,0,0,Cloudy,3.59,37.0,WeekendDeal,Festival,73,57,-16
R002,2025-03-31,13,0,0,Cloudy,3.59,37.0,WeekendDeal,Festival,81,93,12
R002,2025-03-31,14,0,0,Cloudy,3.59,37.0,WeekendDeal,Festival,73,100,27
R002,2025-03-31,15,0,0,Cloudy,3.59,37.0,WeekendDeal,Festival,55,47,-8
R002,2025-03-31,16,0,0,Cloudy,3.59,37.0,WeekendDeal,Festival,36,38,2
R002,2025-03-31,17,0,0,Cloudy,3.59,37.0,WeekendDeal,Festival,27,20,-7
R002,2025-03-31,18,0,0,Cloudy,3.59,37.0,WeekendDeal,Festival,35,39,4
R002,2025-03-31,19,0,0,Cloudy,3.59,37.0,WeekendDeal,Festival,55,51,-4
R002,2025-03-31,20,0,0,Cloudy,3.59,37.0,WeekendDeal,Festival,65,56,-9
R002,2025-03-31,21,0,0,Cloudy,3.59,37.0,WeekendDeal,Festival,53,43,-10
R002,2025-03-31,22,0,0,Cloudy,3.59,37.0,WeekendDeal,Festival,28,27,-1
R003,2025-01-01,8,2,0,Rain,29.08,27.6,None,LocalEvent,9,10,1
R003,2025-01-01,9,2,0,Rain,29.08,27.6,None,LocalEvent,21,25,4
R003,2025-01-01,10,2,0,Rain,29.08,27.6,None,LocalEvent,43,39,-4
R003,2025-01-01,11,2,0,Rain,29.08,27.6,None,LocalEvent,69,78,9
R003,2025-01-01,12,2,0,Rain,29.08,27.6,None,LocalEvent,93,97,4
R003,2025-01-01,13,2,0,Rain,29.08,27.6,None,LocalEvent,103,84,-19
R003,2025-01-01,14,2,0,Rain,29.08,27.6,None,LocalEvent,93,87,-6
R003,2025-01-01,15,2,0,Rain,29.08,27.6,None,LocalEvent,70,75,5
R003,2025-01-01,16,2,0,Rain,29.08,27.6,None,LocalEvent,46,34,-12
R003,2025-01-01,17,2,0,Rain,29.08,27.6,None,LocalEvent,34,37,3
R003,2025-01-01,18,2,0,Rain,29.08,27.6,None,LocalEvent,45,49,4
R003,2025-01-01,19,2,0,Rain,29.08,27.6,None,LocalEvent,70,62,-8
R003,2025-01-01,20,2,0,Rain,29.08,27.6,None,LocalEvent,83,50,-33
R003,2025-01-01,21,2,0,Rain,29.08,27.6,None,LocalEvent,67,60,-7
R003,2025-01-01,22,2,0,Rain,29.08,27.6,None,LocalEvent,36,38,2
R003,2025-01-02,8,3,0,Cloudy,3.29,35.0,HappyHour,None,12,10,-2
R003,2025-01-02,9,3,0,Cloudy,3.29,35.0,HappyHour,None,28,32,4
R003,2025-01-02,10,3,0,Cloudy,3.29,35.0,HappyHour,None,55,62,7
R003,2025-01-02,11,3,0,Cloudy,3.29,35.0,HappyHour,None,90,78,-12
R003,2025-01-02,12,3,0,Cloudy,3.29,35.0,HappyHour,None,120,124,4
R003,2025-01-02,13,3,0,Cloudy,3.29,35.0,HappyHour,None,133,168,35
R003,2025-01-02,14,3,0,Cloudy,3.29,35.0,HappyHour,None,120,96,-24
R003,2025-01-02,15,3,0,Cloudy,3.29,35.0,HappyHour,None,90,120,30
R003,2025-01-02,16,3,0,Cloudy,3.29,35.0,HappyHour,None,59,52,-7
R003,2025-01-02,17,3,0,Cloudy,3.29,35.0,HappyHour,None,44,43,-1
R003,2025-01-02,18,3,0,Cloudy,3.29,35.0,HappyHour,None,58,58,0
R003,2025-01-02,19,3,0,Cloudy,3.29,35.0,HappyHour,None,90,102,12
R003,2025-01-02,20,3,0,Cloudy,3.29,35.0,HappyHour,None,107,151,44
R003,2025-01-02,21,3,0,Cloudy,3.29,35.0,HappyHour,None,87,92,5
R003,2025-01-02,22,3,0,Cloudy,3.29,35.0,HappyHour,None,47,42,-5
R003,2025-01-03,8,4,0,Clear,0.27,34.0,HappyHour,LocalEvent,12,14,2
R003,2025-01-03,9,4,0,Clear,0.27,34.0,HappyHour,LocalEvent,30,23,-7
R003,2025-01-03,10,4,0,Clear,0.27,34.0,HappyHour,LocalEvent,59,67,8
R003,2025-01-03,11,4,0,Clear,0.27,34.0,HappyHour,LocalEvent,96,94,-2
R003,2025-01-03,12,4,0,Clear,0.27,34.0,HappyHour,LocalEvent,129,104,-25
R003,2025-01-03,13,4,0,Clear,0.27,34.0,HappyHour,LocalEvent,142,155,13
R003,2025-01-03,14,4,0,Clear,0.27,34.0,HappyHour,LocalEvent,129,92,-37
R003,2025-01-03,15,4,0,Clear,0.27,34.0,HappyHour,LocalEvent,97,111,14
R003,2025-01-03,16,4,0,Clear,0.27,34.0,HappyHour,LocalEvent,63,52,-11
R003,2025-01-03,17,4,0,Clear,0.27,34.0,HappyHour,LocalEvent,47,51,4
R003,2025-01-03,18,4,0,Clear,0.27,34.0,HappyHour,LocalEvent,62,72,10
R003,2025-01-03,19,4,0,Clear,0.27,34.0,HappyHour,LocalEvent,97,95,-2
R003,2025-01-03,20,4,0,Clear,0.27,34.0,HappyHour,LocalEvent,115,136,21
R003,2025-01-03,21,4,0,Clear,0.27,34.0,HappyHour,LocalEvent,93,68,-25
R003,2025-01-03,22,4,0,Clear,0.27,34.0,HappyHour,LocalEvent,50,56,6
R003,2025-01-04,8,5,1,Clear,0.23,27.1,FestivalOffer,None,15,16,1
R003,2025-01-04,9,5,1,Clear,0.23,27.1,FestivalOffer,None,36,44,8
R003,2025-01-04,10,5,1,Clear,0.23,27.1,FestivalOffer,None,71,70,-1
R003,2025-01-04,11,5,1,Clear,0.23,27.1,FestivalOffer,None,116,105,-11
R003,2025-01-04,12,5,1,Clear,0.23,27.1,FestivalOffer,None,155,135,-20
R003,2025-01-04,13,5,1,Clear,0.23,27.1,FestivalOffer,None,171,190,19
R003,2025-01-04,14,5,1,Clear,0.23,27.1,FestivalOffer,None,155,142,-13
R003,2025-01-04,15,5,1,Clear,0.23,27.1,FestivalOffer,None,116,91,-25
R003,2025-01-04,16,5,1,Clear,0.23,27.1,FestivalOffer,None,76,68,-8
R003,2025-01-04,17,5,1,Clear,0.23,27.1,FestivalOffer,None,57,47,-10
R003,2025-01-04,18,5,1,Clear,0.23,27.1,FestivalOffer,None,75,65,-10
R003,2025-01-04,19,5,1,Clear,0.23,27.1,FestivalOffer,None,116,131,15
R003,2025-01-04,20,5,1,Clear,0.23,27.1,FestivalOffer,None,138,119,-19
R003,2025-01-04,21,5,1,Clear,0.23,27.1,FestivalOffer,None,112,91,-21
R003,2025-01-04,22,5,1,Clear,0.23,27.1,FestivalOffer,None,60,53,-7
R003,2025-01-05,8,6,1,Rain,18.53,21.9,HappyHour,LocalEvent,11,13,2
R003,2025-01-05,9,6,1,Rain,18.53,21.9,HappyHour,LocalEvent,27,30,3
R003,2025-01-05,10,6,1,Rain,18.53,21.9,HappyHour,LocalEvent,54,50,-4
R003,2025-01-05,11,6,1,Rain,18.53,21.9,HappyHour,LocalEvent,88,116,28
R003,2025-01-05,12,6,1,Rain,18.53,21.9,HappyHour,LocalEvent,118,73,-45
R003,2025-01-05,13,6,1,Rain,18.53,21.9,HappyHour,LocalEvent,131,185,54
R003,2025-01-05,14,6,1,Rain,18.53,21.9,HappyHour,LocalEvent,118,122,4
R003,2025-01-05,15,6,1,Rain,18.53,21.9,HappyHour,LocalEvent,89,83,-6
R003,2025-01-05,16,6,1,Rain,18.53,21.9,HappyHour,LocalEvent,58,69,11
R003,2025-01-05,17,6,1,Rain,18.53,21.9,HappyHour,LocalEvent,44,47,3
R003,2025-01-05,18,6,1,Rain,18.53,21.9,HappyHour,LocalEvent,57,54,-3
R003,2025-01-05,19,6,1,Rain,18.53,21.9,HappyHour,LocalEvent,89,81,-8
R003,2025-01-05,20,6,1,Rain,18.53,21.9,HappyHour,LocalEvent,106,73,-33
R003,2025-01-05,21,6,1,Rain,18.53,21.9,HappyHour,LocalEvent,85,87,2
R003,2025-01-05,22,6,1,Rain,18.53,21.9,HappyHour,LocalEvent,46,50,4
R003,2025-01-06,8,0,0,Cloudy,2.3,30.1,HappyHour,Festival,13,15,2
R003,2025-01-06,9,0,0,Cloudy,2.3,30.1,HappyHour,Festival,32,35,3
R003,2025-01-06,10,0,0,Cloudy,2.3,30.1,HappyHour,Festival,63,71,8
R003,2025-01-06,11,0,0,Cloudy,2.3,30.1,HappyHour,Festival,103,113,10
R003,2025-01-06,12,0,0,Cloudy,2.3,30.1,HappyHour,Festival,138,121,-17
R003,2025-01-06,13,0,0,Cloudy,2.3,30.1,HappyHour,Festival,153,134,-19
R003,2025-01-06,14,0,0,Cloudy,2.3,30.1,HappyHour,Festival,138,180,42
R003,2025-01-06,15,0,0,Cloudy,2.3,30.1,HappyHour,Festival,104,102,-2
R003,2025-01-06,16,0,0,Cloudy,2.3,30.1,HappyHour,Festival,68,59,-9
R003,2025-01-06,17,0,0,Cloudy,2.3,30.1,HappyHour,Festival,51,53,2
R003,2025-01-06,18,0,0,Cloudy,2.3,30.1,HappyHour,Festival,67,71,4
R003,2025-01-06,19,0,0,Cloudy,2.3,30.1,HappyHour,Festival,104,100,-4
R003,2025-01-06,20,0,0,Cloudy,2.3,30.1,HappyHour,Festival,123,132,9
R003,2025-01-06,21,0,0,Cloudy,2.3,30.1,HappyHour,Festival,100,106,6
R003,2025-01-06,22,0,0,Cloudy,2.3,30.1,HappyHour,Festival,53,39,-14
R003,2025-01-07,8,1,0,Cloudy,3.89,30.8,HappyHour,LocalEvent,12,13,1
R003,2025-01-07,9,1,0,Cloudy,3.89,30.8,HappyHour,LocalEvent,30,22,-8
R003,2025-01-07,10,1,0,Cloudy,3.89,30.8,HappyHour,LocalEvent,59,63,4
R003,2025-01-07,11,1,0,Cloudy,3.89,30.8,HappyHour,LocalEvent,96,77,-19
R003,2025-01-07,12,1,0,Cloudy,3.89,30.8,HappyHour,LocalEvent,129,147,18
R003,2025-01-07,13,1,0,Cloudy,3.89,30.8,HappyHour,LocalEvent,142,182,40
R003,2025-01-07,14,1,0,Cloudy,3.89,30.8,HappyHour,LocalEvent,129,162,33
R003,2025-01-07,15,1,0,Cloudy,3.89,30.8,HappyHour,LocalEvent,97,100,3
R003,2025-01-07,16,1,0,Cloudy,3.89,30.8,HappyHour,LocalEvent,63,74,11
R003,2025-01-07,17,1,0,Cloudy,3.89,30.8,HappyHour,LocalEvent,47,47,0
R003,2025-01-07,18,1,0,Cloudy,3.89,30.8,HappyHour,LocalEvent,62,70,8
R003,2025-01-07,19,1,0,Cloudy,3.89,30.8,HappyHour,LocalEvent,97,115,18
R003,2025-01-07,20,1,0,Cloudy,3.89,30.8,HappyHour,LocalEvent,115,125,10
R003,2025-01-07,21,1,0,Cloudy,3.89,30.8,HappyHour,LocalEvent,93,103,10
R003,2025-01-07,22,1,0,Cloudy,3.89,30.8,HappyHour,LocalEvent,50,53,3
R003,2025-01-08,8,2,0,Cloudy,0.78,32.9,FestivalOffer,None,13,14,1
R003,2025-01-08,9,2,0,Cloudy,0.78,32.9,FestivalOffer,None,30,30,0
R003,2025-01-08,10,2,0,Cloudy,0.78,32.9,FestivalOffer,None,60,65,5
R003,2025-01-08,11,2,0,Cloudy,0.78,32.9,FestivalOffer,None,98,103,5
R003,2025-01-08,12,2,0,Cloudy,0.78,32.9,FestivalOffer,None,132,151,19
R003,2025-01-08,13,2,0,Cloudy,0.78,32.9,FestivalOffer,None,145,160,15
R003,2025-01-08,14,2,0,Cloudy,0.78,32.9,FestivalOffer,None,132,173,41
R003,2025-01-08,15,2,0,Cloudy,0.78,32.9,FestivalOffer,None,99,101,2
R003,2025-01-08,16,2,0,Cloudy,0.78,32.9,FestivalOffer,None,64,70,6
R003,2025-01-08,17,2,0,Cloudy,0.78,32.9,FestivalOffer,None,48,41,-7
R003,2025-01-08,18,2,0,Cloudy,0.78,32.9,FestivalOffer,None,63,61,-2
R003,2025-01-08,19,2,0,Cloudy,0.78,32.9,FestivalOffer,None,99,82,-17
R003,2025-01-08,20,2,0,Cloudy,0.78,32.9,FestivalOffer,None,117,101,-16
R003,2025-01-08,21,2,0,Cloudy,0.78,32.9,FestivalOffer,None,95,79,-16
R003,2025-01-08,22,2,0,Cloudy,0.78,32.9,FestivalOffer,None,51,48,-3
R003,2025-01-09,8,3,0,Cloudy,2.89,36.7,WeekendDeal,LocalEvent,13,17,4
R003,2025-01-09,9,3,0,Cloudy,2.89,36.7,WeekendDeal,LocalEvent,31,26,-5
R003,2025-01-09,10,3,0,Cloudy,2.89,36.7,WeekendDeal,LocalEvent,61,61,0
R003,2025-01-09,11,3,0,Cloudy,2.89,36.7,WeekendDeal,LocalEvent,100,75,-25
R003,2025-01-09,12,3,0,Cloudy,2.89,36.7,WeekendDeal,LocalEvent,134,125,-9
R003,2025-01-09,13,3,0,Cloudy,2.89,36.7,WeekendDeal,LocalEvent,147,124,-23
R003,2025-01-09,14,3,0,Cloudy,2.89,36.7,WeekendDeal,LocalEvent,134,128,-6
R003,2025-01-09,15,3,0,Cloudy,2.89,36.7,WeekendDeal,LocalEvent,100,109,9
R003,2025-01-09,16,3,0,Cloudy,2.89,36.7,WeekendDeal,LocalEvent,65,69,4
R003,2025-01-09,17,3,0,Cloudy,2.89,36.7,WeekendDeal,LocalEvent,49,55,6
R003,2025-01-09,18,3,0,Cloudy,2.89,36.7,WeekendDeal,LocalEvent,64,62,-2
R003,2025-01-09,19,3,0,Cloudy,2.89,36.7,WeekendDeal,LocalEvent,100,97,-3
R003,2025-01-09,20,3,0,Cloudy,2.89,36.7,WeekendDeal,LocalEvent,119,89,-30
R003,2025-01-09,21,3,0,Cloudy,2.89,36.7,WeekendDeal,LocalEvent,96,101,5
R003,2025-01-09,22,3,0,Cloudy,2.89,36.7,WeekendDeal,LocalEvent,52,53,1
R003,2025-01-10,8,4,0,Storm,23.19,22.8,None,None,7,6,-1
R003,2025-01-10,9,4,0,Storm,23.19,22.8,None,None,17,16,-1
R003,2025-01-10,10,4,0,Storm,23.19,22.8,None,None,33,33,0
R003,2025-01-10,11,4,0,Storm,23.19,22.8,None,None,54,51,-3
R003,2025-01-10,12,4,0,Storm,23.19,22.8,None,None,72,79,7
R003,2025-01-10,13,4,0,Storm,23.19,22.8,None,None,80,71,-9
R003,2025-01-10,14,4,0,Storm,23.19,22.8,None,None,72,75,3
R003,2025-01-10,15,4,0,Storm,23.19,22.8,None,None,54,62,8
R003,2025-01-10,16,4,0,Storm,23.19,22.8,None,None,36,40,4
R003,2025-01-10,17,4,0,Storm,23.19,22.8,None,None,27,25,-2
R003,2025-01-10,18,4,0,Storm,23.19,22.8,None,None,35,30,-5
R003,2025-01-10,19,4,0,Storm,23.19,22.8,None,None,54,66,12
R003,2025-01-10,20,4,0,Storm,23.19,22.8,None,None,65,74,9
R003,2025-01-10,21,4,0,Storm,23.19,22.8,None,None,52,47,-5
R003,2025-01-10,22,4,0,Storm,23.19,22.8,None,None,28,27,-1
R003,2025-01-11,8,5,1,Storm,17.93,24.2,WeekendDeal,LocalEvent,10,11,1
R003,2025-01-11,9,5,1,Storm,17.93,24.2,WeekendDeal,LocalEvent,24,25,1
R003,2025-01-11,10,5,1,Storm,17.93,24.2,WeekendDeal,LocalEvent,47,59,12
R003,2025-01-11,11,5,1,Storm,17.93,24.2,WeekendDeal,LocalEvent,76,82,6
R003,2025-01-11,12,5,1,Storm,17.93,24.2,WeekendDeal,LocalEvent,102,102,0
R003,2025-01-11,13,5,1,Storm,17.93,24.2,WeekendDeal,LocalEvent,113,136,23
R003,2025-01-11,14,5,1,Storm,17.93,24.2,WeekendDeal,LocalEvent,102,143,41
R003,2025-01-11,15,5,1,Storm,17.93,24.2,WeekendDeal,LocalEvent,77,63,-14
R003,2025-01-11,16,5,1,Storm,17.93,24.2,WeekendDeal,LocalEvent,50,43,-7
R003,2025-01-11,17,5,1,Storm,17.93,24.2,WeekendDeal,LocalEvent,38,30,-8
R003,2025-01-11,18,5,1,Storm,17.93,24.2,WeekendDeal,LocalEvent,49,50,1
R003,2025-01-11,19,5,1,Storm,17.93,24.2,WeekendDeal,LocalEvent,77,55,-22
R003,2025-01-11,20,5,1,Storm,17.93,24.2,WeekendDeal,LocalEvent,91,97,6
R003,2025-01-11,21,5,1,Storm,17.93,24.2,WeekendDeal,LocalEvent,74,64,-10
R003,2025-01-11,22,5,1,Storm,17.93,24.2,WeekendDeal,LocalEvent,40,48,8
R003,2025-01-12,8,6,1,Rain,3.79,34.3,None,LocalEvent,11,14,3
R003,2025-01-12,9,6,1,Rain,3.79,34.3,None,LocalEvent,25,28,3
R003,2025-01-12,10,6,1,Rain,3.79,34.3,None,LocalEvent,50,47,-3
R003,2025-01-12,11,6,1,Rain,3.79,34.3,None,LocalEvent,82,83,1
R003,2025-01-12,12,6,1,Rain,3.79,34.3,None,LocalEvent,110,137,27
R003,2025-01-12,13,6,1,Rain,3.79,34.3,None,LocalEvent,121,138,17
R003,2025-01-12,14,6,1,Rain,3.79,34.3,None,LocalEvent,110,98,-12
R003,2025-01-12,15,6,1,Rain,3.79,34.3,None,LocalEvent,82,89,7
R003,2025-01-12,16,6,1,Rain,3.79,34.3,None,LocalEvent,54,44,-10
R003,2025-01-12,17,6,1,Rain,3.79,34.3,None,LocalEvent,40,36,-4
R003,2025-01-12,18,6,1,Rain,3.79,34.3,None,LocalEvent,53,40,-13
R003,2025-01-12,19,6,1,Rain,3.79,34.3,None,LocalEvent,82,74,-8
R003,2025-01-12,20,6,1,Rain,3.79,34.3,None,LocalEvent,98,91,-7
R003,2025-01-12,21,6,1,Rain,3.79,34.3,None,LocalEvent,79,64,-15
R003,2025-01-12,22,6,1,Rain,3.79,34.3,None,LocalEvent,42,34,-8
R003,2025-01-13,8,0,0,Clear,0.94,27.8,FestivalOffer,Festival,15,13,-2
R003,2025-01-13,9,0,0,Clear,0.94,27.8,FestivalOffer,Festival,35,36,1
R003,2025-01-13,10,0,0,Clear,0.94,27.8,FestivalOffer,Festival,69,61,-8
R003,2025-01-13,11,0,0,Clear,0.94,27.8,FestivalOffer,Festival,113,103,-10
R003,2025-01-13,12,0,0,Clear,0.94,27.8,FestivalOffer,Festival,151,145,-6
R003,2025-01-13,13,0,0,Clear,0.94,27.8,FestivalOffer,Festival,167,185,18
R003,2025-01-13,14,0,0,Clear,0.94,27.8,FestivalOffer,Festival,151,136,-15
R003,2025-01-13,15,0,0,Clear,0.94,27.8,FestivalOffer,Festival,114,134,20
R003,2025-01-13,16,0,0,Clear,0.94,27.8,FestivalOffer,Festival,74,87,13
R003,2025-01-13,17,0,0,Clear,0.94,27.8,FestivalOffer,Festival,56,63,7
R003,2025-01-13,18,0,0,Clear,0.94,27.8,FestivalOffer,Festival,73,60,-13
R003,2025-01-13,19,0,0,Clear,0.94,27.8,FestivalOffer,Festival,113,103,-10
R003,2025-01-13,20,0,0,Clear,0.94,27.8,FestivalOffer,Festival,135,138,3
R003,2025-01-13,21,0,0,Clear,0.94,27.8,FestivalOffer,Festival,109,95,-14
R003,2025-01-13,22,0,0,Clear,0.94,27.8,FestivalOffer,Festival,58,50,-8
R003,2025-01-14,8,1,0,Cloudy,2.3,27.4,HappyHour,None,12,12,0
R003,2025-01-14,9,1,0,Cloudy,2.3,27.4,HappyHour,None,28,21,-7
R003,2025-01-14,10,1,0,Cloudy,2.3,27.4,HappyHour,None,55,64,9
R003,2025-01-14,11,1,0,Cloudy,2.3,27.4,HappyHour,None,90,73,-17
R003,2025-01-14,12,1,0,Cloudy,2.3,27.4,HappyHour,None,120,134,14
R003,2025-01-14,13,1,0,Cloudy,2.3,27.4,HappyHour,None,133,142,9
R003,2025-01-14,14,1,0,Cloudy,2.3,27.4,HappyHour,None,120,102,-18
R003,2025-01-14,15,1,0,Cloudy,2.3,27.4,HappyHour,None,90,81,-9
R003,2025-01-14,16,1,0,Cloudy,2.3,27.4,HappyHour,None,59,60,1
R003,2025-01-14,17,1,0,Cloudy,2.3,27.4,HappyHour,None,44,44,0
R003,2025-01-14,18,1,0,Cloudy,2.3,27.4,HappyHour,None,58,72,14
R003,2025-01-14,19,1,0,Cloudy,2.3,27.4,HappyHour,None,90,100,10
R003,2025-01-14,20,1,0,Cloudy,2.3,27.4,HappyHour,None,107,113,6
R003,2025-01-14,21,1,0,Cloudy,2.3,27.4,HappyHour,None,87,96,9
R003,2025-01-14,22,1,0,Cloudy,2.3,27.4,HappyHour,None,47,53,6
R003,2025-01-15,8,2,0,Clear,2.47,32.6,FestivalOffer,LocalEvent,14,16,2
R003,2025-01-15,9,2,0,Clear,2.47,32.6,FestivalOffer,LocalEvent,33,31,-2
R003,2025-01-15,10,2,0,Clear,2.47,32.6,FestivalOffer,LocalEvent,64,61,-3
R003,2025-01-15,11,2,0,Clear,2.47,32.6,FestivalOffer,LocalEvent,105,113,8
R003,2025-01-15,12,2,0,Clear,2.47,32.6,FestivalOffer,LocalEvent,141,96,-45
R003,2025-01-15,13,2,0,Clear,2.47,32.6,FestivalOffer,LocalEvent,155,112,-43
R003,2025-01-15,14,2,0,Clear,2.47,32.6,FestivalOffer,LocalEvent,141,119,-22
R003,2025-01-15,15,2,0,Clear,2.47,32.6,FestivalOffer,LocalEvent,106,97,-9
R003,2025-01-15,16,2,0,Clear,2.47,32.6,FestivalOffer,LocalEvent,69,88,19
R003,2025-01-15,17,2,0,Clear,2.47,32.6,FestivalOffer,LocalEvent,52,55,3
R003,2025-01-15,18,2,0,Clear,2.47,32.6,FestivalOffer,LocalEvent,68,56,-12
R003,2025-01-15,19,2,0,Clear,2.47,32.6,FestivalOffer,LocalEvent,106,108,2
R003,2025-01-15,20,2,0,Clear,2.47,32.6,FestivalOffer,LocalEvent,125,136,11
R003,2025-01-15,21,2,0,Clear,2.47,32.6,FestivalOffer,LocalEvent,101,109,8
R003,2025-01-15,22,2,0,Clear,2.47,32.6,FestivalOffer,LocalEvent,54,55,1
R003,2025-01-16,8,3,0,Storm,20.51,20.7,WeekendDeal,SportsMatch,8,8,0
R003,2025-01-16,9,3,0,Storm,20.51,20.7,WeekendDeal,SportsMatch,20,21,1
R003,2025-01-16,10,3,0,Storm,20.51,20.7,WeekendDeal,SportsMatch,40,39,-1
R003,2025-01-16,11,3,0,Storm,20.51,20.7,WeekendDeal,SportsMatch,66,74,8
R003,2025-01-16,12,3,0,Storm,20.51,20.7,WeekendDeal,SportsMatch,88,104,16
R003,2025-01-16,13,3,0,Storm,20.51,20.7,WeekendDeal,SportsMatch,98,128,30
R003,2025-01-16,14,3,0,Storm,20.51,20.7,WeekendDeal,SportsMatch,88,91,3
R003,2025-01-16,15,3,0,Storm,20.51,20.7,WeekendDeal,SportsMatch,66,84,18
R003,2025-01-16,16,3,0,Storm,20.51,20.7,WeekendDeal,SportsMatch,43,39,-4
R003,2025-01-16,17,3,0,Storm,20.51,20.7,WeekendDeal,SportsMatch,33,38,5
R003,2025-01-16,18,3,0,Storm,20.51,20.7,WeekendDeal,SportsMatch,43,46,3
R003,2025-01-16,19,3,0,Storm,20.51,20.7,WeekendDeal,SportsMatch,66,68,2
R003,2025-01-16,20,3,0,Storm,20.51,20.7,WeekendDeal,SportsMatch,79,68,-11
R003,2025-01-16,21,3,0,Storm,20.51,20.7,WeekendDeal,SportsMatch,64,58,-6
R003,2025-01-16,22,3,0,Storm,20.51,20.7,WeekendDeal,SportsMatch,34,34,0
R003,2025-01-17,8,4,0,Clear,4.79,26.1,FestivalOffer,None,13,17,4
R003,2025-01-17,9,4,0,Clear,4.79,26.1,FestivalOffer,None,30,37,7
R003,2025-01-17,10,4,0,Clear,4.79,26.1,FestivalOffer,None,60,78,18
R003,2025-01-17,11,4,0,Clear,4.79,26.1,FestivalOffer,None,98,99,1
R003,2025-01-17,12,4,0,Clear,4.79,26.1,FestivalOffer,None,132,142,10
R003,2025-01-17,13,4,0,Clear,4.79,26.1,FestivalOffer,None,145,144,-1
R003,2025-01-17,14,4,0,Clear,4.79,26.1,FestivalOffer,None,132,130,-2
R003,2025-01-17,15,4,0,Clear,4.79,26.1,FestivalOffer,None,99,118,19
R003,2025-01-17,16,4,0,Clear,4.79,26.1,FestivalOffer,None,64,71,7
R003,2025-01-17,17,4,0,Clear,4.79,26.1,FestivalOffer,None,48,37,-11
R003,2025-01-17,18,4,0,Clear,4.79,26.1,FestivalOffer,None,63,59,-4
R003,2025-01-17,19,4,0,Clear,4.79,26.1,FestivalOffer,None,99,95,-4
R003,2025-01-17,20,4,0,Clear,4.79,26.1,FestivalOffer,None,117,120,3
R003,2025-01-17,21,4,0,Clear,4.79,26.1,FestivalOffer,None,95,102,7
R003,2025-01-17,22,4,0,Clear,4.79,26.1,FestivalOffer,None,51,43,-8
R003,2025-01-18,8,5,1,Rain,8.76,25.8,FestivalOffer,LocalEvent,12,16,4
R003,2025-01-18,9,5,1,Rain,8.76,25.8,FestivalOffer,LocalEvent,30,24,-6
R003,2025-01-18,10,5,1,Rain,8.76,25.8,FestivalOffer,LocalEvent,59,73,14
R003,2025-01-18,11,5,1,Rain,8.76,25.8,FestivalOffer,LocalEvent,97,123,26
R003,2025-01-18,12,5,1,Rain,8.76,25.8,FestivalOffer,LocalEvent,129,112,-17
R003,2025-01-18,13,5,1,Rain,8.76,25.8,FestivalOffer,LocalEvent,143,155,12
R003,2025-01-18,14,5,1,Rain,8.76,25.8,FestivalOffer,LocalEvent,129,129,0
R003,2025-01-18,15,5,1,Rain,8.76,25.8,FestivalOffer,LocalEvent,97,101,4
R003,2025-01-18,16,5,1,Rain,8.76,25.8,FestivalOffer,LocalEvent,63,60,-3
R003,2025-01-18,17,5,1,Rain,8.76,25.8,FestivalOffer,LocalEvent,48,45,-3
R003,2025-01-18,18,5,1,Rain,8.76,25.8,FestivalOffer,LocalEvent,62,53,-9
R003,2025-01-18,19,5,1,Rain,8.76,25.8,FestivalOffer,LocalEvent,97,117,20
R003,2025-01-18,20,5,1,Rain,8.76,25.8,FestivalOffer,LocalEvent,115,87,-28
R003,2025-01-18,21,5,1,Rain,8.76,25.8,FestivalOffer,LocalEvent,93,100,7
R003,2025-01-18,22,5,1,Rain,8.76,25.8,FestivalOffer,LocalEvent,50,33,-17
R003,2025-01-19,8,6,1,Rain,11.21,29.8,FestivalOffer,Festival,13,12,-1
R003,2025-01-19,9,6,1,Rain,11.21,29.8,FestivalOffer,Festival,32,36,4
R003,2025-01-19,10,6,1,Rain,11.21,29.8,FestivalOffer,Festival,64,56,-8
R003,2025-01-19,11,6,1,Rain,11.21,29.8,FestivalOffer,Festival,104,107,3
R003,2025-01-19,12,6,1,Rain,11.21,29.8,FestivalOffer,Festival,139,118,-21
R003,2025-01-19,13,6,1,Rain,11.21,29.8,FestivalOffer,Festival,153,163,10
R003,2025-01-19,14,6,1,Rain,11.21,29.8,FestivalOffer,Festival,139,127,-12
R003,2025-01-19,15,6,1,Rain,11.21,29.8,FestivalOffer,Festival,104,88,-16
R003,2025-01-19,16,6,1,Rain,11.21,29.8,FestivalOffer,Festival,68,74,6
R003,2025-01-19,17,6,1,Rain,11.21,29.8,FestivalOffer,Festival,51,42,-9
R003,2025-01-19,18,6,1,Rain,11.21,29.8,FestivalOffer,Festival,67,85,18
R003,2025-01-19,19,6,1,Rain,11.21,29.8,FestivalOffer,Festival,104,98,-6
R003,2025-01-19,20,6,1,Rain,11.21,29.8,FestivalOffer,Festival,124,135,11
R003,2025-01-19,21,6,1,Rain,11.21,29.8,FestivalOffer,Festival,100,103,3
R003,2025-01-19,22,6,1,Rain,11.21,29.8,FestivalOffer,Festival,54,71,17
R003,2025-01-20,8,0,0,Clear,3.27,35.6,HappyHour,SportsMatch,13,13,0
R003,2025-01-20,9,0,0,Clear,3.27,35.6,HappyHour,SportsMatch,30,33,3
R003,2025-01-20,10,0,0,Clear,3.27,35.6,HappyHour,SportsMatch,60,67,7
R003,2025-01-20,11,0,0,Clear,3.27,35.6,HappyHour,SportsMatch,98,91,-7
R003,2025-01-20,12,0,0,Clear,3.27,35.6,HappyHour,SportsMatch,131,130,-1
R003,2025-01-20,13,0,0,Clear,3.27,35.6,HappyHour,SportsMatch,145,153,8
R003,2025-01-20,14,0,0,Clear,3.27,35.6,HappyHour,SportsMatch,131,143,12
R003,2025-01-20,15,0,0,Clear,3.27,35.6,HappyHour,SportsMatch,99,115,16
R003,2025-01-20,16,0,0,Clear,3.27,35.6,HappyHour,SportsMatch,64,52,-12
R003,2025-01-20,17,0,0,Clear,3.27,35.6,HappyHour,SportsMatch,48,47,-1
R003,2025-01-20,18,0,0,Clear,3.27,35.6,HappyHour,SportsMatch,63,61,-2
R003,2025-01-20,19,0,0,Clear,3.27,35.6,HappyHour,SportsMatch,98,88,-10
R003,2025-01-20,20,0,0,Clear,3.27,35.6,HappyHour,SportsMatch,117,152,35
R003,2025-01-20,21,0,0,Clear,3.27,35.6,HappyHour,SportsMatch,94,115,21
R003,2025-01-20,22,0,0,Clear,3.27,35.6,HappyHour,SportsMatch,51,55,4
R003,2025-01-21,8,1,0,Clear,0.62,27.5,HappyHour,LocalEvent,12,14,2
R003,2025-01-21,9,1,0,Clear,0.62,27.5,HappyHour,LocalEvent,30,27,-3
R003,2025-01-21,10,1,0,Clear,0.62,27.5,HappyHour,LocalEvent,59,61,2
R003,2025-01-21,11,1,0,Clear,0.62,27.5,HappyHour,LocalEvent,96,83,-13
R003,2025-01-21,12,1,0,Clear,0.62,27.5,HappyHour,LocalEvent,129,139,10
R003,2025-01-21,13,1,0,Clear,0.62,27.5,HappyHour,LocalEvent,142,126,-16
R003,2025-01-21,14,1,0,Clear,0.62,27.5,HappyHour,LocalEvent,129,120,-9
R003,2025-01-21,15,1,0,Clear,0.62,27.5,HappyHour,LocalEvent,97,95,-2
R003,2025-01-21,16,1,0,Clear,0.62,27.5,HappyHour,LocalEvent,63,60,-3
R003,2025-01-21,17,1,0,Clear,0.62,27.5,HappyHour,LocalEvent,47,50,3
R003,2025-01-21,18,1,0,Clear,0.62,27.5,HappyHour,LocalEvent,62,47,-15
R003,2025-01-21,19,1,0,Clear,0.62,27.5,HappyHour,LocalEvent,97,102,5
R003,2025-01-21,20,1,0,Clear,0.62,27.5,HappyHour,LocalEvent,115,123,8
R003,2025-01-21,21,1,0,Clear,0.62,27.5,HappyHour,LocalEvent,93,89,-4
R003,2025-01-21,22,1,0,Clear,0.62,27.5,HappyHour,LocalEvent,50,54,4
R003,2025-01-22,8,2,0,Rain,18.18,30.3,None,SportsMatch,9,8,-1
R003,2025-01-22,9,2,0,Rain,18.18,30.3,None,SportsMatch,22,22,0
R003,2025-01-22,10,2,0,Rain,18.18,30.3,None,SportsMatch,43,36,-7
R003,2025-01-22,11,2,0,Rain,18.18,30.3,None,SportsMatch,71,71,0
R003,2025-01-22,12,2,0,Rain,18.18,30.3,None,SportsMatch,95,68,-27
R003,2025-01-22,13,2,0,Rain,18.18,30.3,None,SportsMatch,104,88,-16
R003,2025-01-22,14,2,0,Rain,18.18,30.3,None,SportsMatch,95,121,26
R003,2025-01-22,15,2,0,Rain,18.18,30.3,None,SportsMatch,71,83,12
R003,2025-01-22,16,2,0,Rain,18.18,30.3,None,SportsMatch,46,57,11
R003,2025-01-22,17,2,0,Rain,18.18,30.3,None,SportsMatch,35,23,-12
R003,2025-01-22,18,2,0,Rain,18.18,30.3,None,SportsMatch,46,59,13
R003,2025-01-22,19,2,0,Rain,18.18,30.3,None,SportsMatch,71,46,-25
R003,2025-01-22,20,2,0,Rain,18.18,30.3,None,SportsMatch,84,77,-7
R003,2025-01-22,21,2,0,Rain,18.18,30.3,None,SportsMatch,68,64,-4
R003,2025-01-22,22,2,0,Rain,18.18,30.3,None,SportsMatch,37,37,0
R003,2025-01-23,8,3,0,Clear,0.3,37.1,WeekendDeal,None,12,11,-1
R003,2025-01-23,9,3,0,Clear,0.3,37.1,WeekendDeal,None,29,34,5
R003,2025-01-23,10,3,0,Clear,0.3,37.1,WeekendDeal,None,57,51,-6
R003,2025-01-23,11,3,0,Clear,0.3,37.1,WeekendDeal,None,93,104,11
R003,2025-01-23,12,3,0,Clear,0.3,37.1,WeekendDeal,None,125,130,5
R003,2025-01-23,13,3,0,Clear,0.3,37.1,WeekendDeal,None,138,130,-8
R003,2025-01-23,14,3,0,Clear,0.3,37.1,WeekendDeal,None,125,124,-1
R003,2025-01-23,15,3,0,Clear,0.3,37.1,WeekendDeal,None,94,91,-3
R003,2025-01-23,16,3,0,Clear,0.3,37.1,WeekendDeal,None,61,70,9
R003,2025-01-23,17,3,0,Clear,0.3,37.1,WeekendDeal,None,46,33,-13
R003,2025-01-23,18,3,0,Clear,0.3,37.1,WeekendDeal,None,60,65,5
R003,2025-01-23,19,3,0,Clear,0.3,37.1,WeekendDeal,None,94,90,-4
R003,2025-01-23,20,3,0,Clear,0.3,37.1,WeekendDeal,None,111,151,40
R003,2025-01-23,21,3,0,Clear,0.3,37.1,WeekendDeal,None,90,78,-12
R003,2025-01-23,22,3,0,Clear,0.3,37.1,WeekendDeal,None,48,51,3
R003,2025-01-24,8,4,0,Rain,25.08,31.0,HappyHour,SportsMatch,10,6,-4
R003,2025-01-24,9,4,0,Rain,25.08,31.0,HappyHour,SportsMatch,24,30,6
R003,2025-01-24,10,4,0,Rain,25.08,31.0,HappyHour,SportsMatch,47,49,2
R003,2025-01-24,11,4,0,Rain,25.08,31.0,HappyHour,SportsMatch,76,75,-1
R003,2025-01-24,12,4,0,Rain,25.08,31.0,HappyHour,SportsMatch,102,117,15
R003,2025-01-24,13,4,0,Rain,25.08,31.0,HappyHour,SportsMatch,113,105,-8
R003,2025-01-24,14,4,0,Rain,25.08,31.0,HappyHour,SportsMatch,102,102,0
R003,2025-01-24,15,4,0,Rain,25.08,31.0,HappyHour,SportsMatch,77,63,-14
R003,2025-01-24,16,4,0,Rain,25.08,31.0,HappyHour,SportsMatch,50,43,-7
R003,2025-01-24,17,4,0,Rain,25.08,31.0,HappyHour,SportsMatch,38,39,1
R003,2025-01-24,18,4,0,Rain,25.08,31.0,HappyHour,SportsMatch,49,47,-2
R003,2025-01-24,19,4,0,Rain,25.08,31.0,HappyHour,SportsMatch,77,87,10
R003,2025-01-24,20,4,0,Rain,25.08,31.0,HappyHour,SportsMatch,91,117,26
R003,2025-01-24,21,4,0,Rain,25.08,31.0,HappyHour,SportsMatch,74,71,-3
R003,2025-01-24,22,4,0,Rain,25.08,31.0,HappyHour,SportsMatch,40,41,1
R003,2025-01-25,8,5,1,Clear,0.68,21.7,FestivalOffer,SportsMatch,16,11,-5
R003,2025-01-25,9,5,1,Clear,0.68,21.7,FestivalOffer,SportsMatch,39,45,6
R003,2025-01-25,10,5,1,Clear,0.68,21.7,FestivalOffer,SportsMatch,77,93,16
R003,2025-01-25,11,5,1,Clear,0.68,21.7,FestivalOffer,SportsMatch,126,114,-12
R003,2025-01-25,12,5,1,Clear,0.68,21.7,FestivalOffer,SportsMatch,169,156,-13
R003,2025-01-25,13,5,1,Clear,0.68,21.7,FestivalOffer,SportsMatch,186,196,10
R003,2025-01-25,14,5,1,Clear,0.68,21.7,FestivalOffer,SportsMatch,169,190,21
R003,2025-01-25,15,5,1,Clear,0.68,21.7,FestivalOffer,SportsMatch,127,122,-5
R003,2025-01-25,16,5,1,Clear,0.68,21.7,FestivalOffer,SportsMatch,83,70,-13
R003,2025-01-25,17,5,1,Clear,0.68,21.7,FestivalOffer,SportsMatch,62,60,-2
R003,2025-01-25,18,5,1,Clear,0.68,21.7,FestivalOffer,SportsMatch,81,81,0
R003,2025-01-25,19,5,1,Clear,0.68,21.7,FestivalOffer,SportsMatch,127,110,-17
R003,2025-01-25,20,5,1,Clear,0.68,21.7,FestivalOffer,SportsMatch,151,152,1
R003,2025-01-25,21,5,1,Clear,0.68,21.7,FestivalOffer,SportsMatch,122,110,-12
R003,2025-01-25,22,5,1,Clear,0.68,21.7,FestivalOffer,SportsMatch,65,72,7
R003,2025-01-26,8,6,1,Cloudy,1.95,36.0,None,LocalEvent,13,15,2
R003,2025-01-26,9,6,1,Cloudy,1.95,36.0,None,LocalEvent,32,28,-4
R003,2025-01-26,10,6,1,Cloudy,1.95,36.0,None,LocalEvent,64,63,-1
R003,2025-01-26,11,6,1,Cloudy,1.95,36.0,None,LocalEvent,105,84,-21
R003,2025-01-26,12,6,1,Cloudy,1.95,36.0,None,LocalEvent,141,134,-7
R003,2025-01-26,13,6,1,Cloudy,1.95,36.0,None,LocalEvent,155,137,-18
R003,2025-01-26,14,6,1,Cloudy,1.95,36.0,None,LocalEvent,141,144,3
R003,2025-01-26,15,6,1,Cloudy,1.95,36.0,None,LocalEvent,106,117,11
R003,2025-01-26,16,6,1,Cloudy,1.95,36.0,None,LocalEvent,69,51,-18
R003,2025-01-26,17,6,1,Cloudy,1.95,36.0,None,LocalEvent,52,55,3
R003,2025-01-26,18,6,1,Cloudy,1.95,36.0,None,LocalEvent,68,69,1
R003,2025-01-26,19,6,1,Cloudy,1.95,36.0,None,LocalEvent,105,105,0
R003,2025-01-26,20,6,1,Cloudy,1.95,36.0,None,LocalEvent,125,92,-33
R003,2025-01-26,21,6,1,Cloudy,1.95,36.0,None,LocalEvent,101,123,22
R003,2025-01-26,22,6,1,Cloudy,1.95,36.0,None,LocalEvent,54,67,13
R003,2025-01-27,8,0,0,Rain,2.62,21.3,HappyHour,None,9,11,2
R003,2025-01-27,9,0,0,Rain,2.62,21.3,HappyHour,None,22,16,-6
R003,2025-01-27,10,0,0,Rain,2.62,21.3,HappyHour,None,43,52,9
R003,2025-01-27,11,0,0,Rain,2.62,21.3,HappyHour,None,70,68,-2
R003,2025-01-27,12,0,0,Rain,2.62,21.3,HappyHour,None,94,106,12
R003,2025-01-27,13,0,0,Rain,2.62,21.3,HappyHour,None,104,124,20
R003,2025-01-27,14,0,0,Rain,2.62,21.3,HappyHour,None,94,118,24
R003,2025-01-27,15,0,0,Rain,2.62,21.3,HappyHour,None,71,64,-7
R003,2025-01-27,16,0,0,Rain,2.62,21.3,HappyHour,None,46,44,-2
R003,2025-01-27,17,0,0,Rain,2.62,21.3,HappyHour,None,35,44,9
R003,2025-01-27,18,0,0,Rain,2.62,21.3,HappyHour,None,45,40,-5
R003,2025-01-27,19,0,0,Rain,2.62,21.3,HappyHour,None,70,66,-4
R003,2025-01-27,20,0,0,Rain,2.62,21.3,HappyHour,None,84,100,16
R003,2025-01-27,21,0,0,Rain,2.62,21.3,HappyHour,None,68,65,-3
R003,2025-01-27,22,0,0,Rain,2.62,21.3,HappyHour,None,36,36,0
R003,2025-01-28,8,1,0,Rain,11.19,28.6,FestivalOffer,LocalEvent,11,10,-1
R003,2025-01-28,9,1,0,Rain,11.19,28.6,FestivalOffer,LocalEvent,25,24,-1
R003,2025-01-28,10,1,0,Rain,11.19,28.6,FestivalOffer,LocalEvent,50,40,-10
R003,2025-01-28,11,1,0,Rain,11.19,28.6,FestivalOffer,LocalEvent,82,88,6
R003,2025-01-28,12,1,0,Rain,11.19,28.6,FestivalOffer,LocalEvent,110,141,31
R003,2025-01-28,13,1,0,Rain,11.19,28.6,FestivalOffer,LocalEvent,121,109,-12
R003,2025-01-28,14,1,0,Rain,11.19,28.6,FestivalOffer,LocalEvent,110,107,-3
R003,2025-01-28,15,1,0,Rain,11.19,28.6,FestivalOffer,LocalEvent,82,78,-4
R003,2025-01-28,16,1,0,Rain,11.19,28.6,FestivalOffer,LocalEvent,54,60,6
R003,2025-01-28,17,1,0,Rain,11.19,28.6,FestivalOffer,LocalEvent,40,44,4
R003,2025-01-28,18,1,0,Rain,11.19,28.6,FestivalOffer,LocalEvent,53,55,2
R003,2025-01-28,19,1,0,Rain,11.19,28.6,FestivalOffer,LocalEvent,82,75,-7
R003,2025-01-28,20,1,0,Rain,11.19,28.6,FestivalOffer,LocalEvent,98,99,1
R003,2025-01-28,21,1,0,Rain,11.19,28.6,FestivalOffer,LocalEvent,79,91,12
R003,2025-01-28,22,1,0,Rain,11.19,28.6,FestivalOffer,LocalEvent,42,40,-2
R003,2025-01-29,8,2,0,Cloudy,0.07,22.8,WeekendDeal,Festival,14,19,5
R003,2025-01-29,9,2,0,Cloudy,0.07,22.8,WeekendDeal,Festival,33,33,0
R003,2025-01-29,10,2,0,Cloudy,0.07,22.8,WeekendDeal,Festival,66,71,5
R003,2025-01-29,11,2,0,Cloudy,0.07,22.8,WeekendDeal,Festival,107,99,-8
R003,2025-01-29,12,2,0,Cloudy,0.07,22.8,WeekendDeal,Festival,144,154,10
R003,2025-01-29,13,2,0,Cloudy,0.07,22.8,WeekendDeal,Festival,158,129,-29
R003,2025-01-29,14,2,0,Cloudy,0.07,22.8,WeekendDeal,Festival,144,156,12
R003,2025-01-29,15,2,0,Cloudy,0.07,22.8,WeekendDeal,Festival,108,103,-5
R003,2025-01-29,16,2,0,Cloudy,0.07,22.8,WeekendDeal,Festival,70,71,1
R003,2025-01-29,17,2,0,Cloudy,0.07,22.8,WeekendDeal,Festival,53,65,12
R003,2025-01-29,18,2,0,Cloudy,0.07,22.8,WeekendDeal,Festival,69,62,-7
R003,2025-01-29,19,2,0,Cloudy,0.07,22.8,WeekendDeal,Festival,108,84,-24
R003,2025-01-29,20,2,0,Cloudy,0.07,22.8,WeekendDeal,Festival,128,140,12
R003,2025-01-29,21,2,0,Cloudy,0.07,22.8,WeekendDeal,Festival,103,112,9
R003,2025-01-29,22,2,0,Cloudy,0.07,22.8,WeekendDeal,Festival,55,57,2
R003,2025-01-30,8,3,0,Storm,1.59,21.0,WeekendDeal,Festival,9,6,-3
R003,2025-01-30,9,3,0,Storm,1.59,21.0,WeekendDeal,Festival,22,22,0
R003,2025-01-30,10,3,0,Storm,1.59,21.0,WeekendDeal,Festival,43,43,0
R003,2025-01-30,11,3,0,Storm,1.59,21.0,WeekendDeal,Festival,70,63,-7
R003,2025-01-30,12,3,0,Storm,1.59,21.0,WeekendDeal,Festival,93,76,-17
R003,2025-01-30,13,3,0,Storm,1.59,21.0,WeekendDeal,Festival,103,113,10
R003,2025-01-30,14,3,0,Storm,1.59,21.0,WeekendDeal,Festival,93,96,3
R003,2025-01-30,15,3,0,Storm,1.59,21.0,WeekendDeal,Festival,70,57,-13
R003,2025-01-30,16,3,0,Storm,1.59,21.0,WeekendDeal,Festival,46,26,-20
R003,2025-01-30,17,3,0,Storm,1.59,21.0,WeekendDeal,Festival,34,31,-3
R003,2025-01-30,18,3,0,Storm,1.59,21.0,WeekendDeal,Festival,45,53,8
R003,2025-01-30,19,3,0,Storm,1.59,21.0,WeekendDeal,Festival,70,77,7
R003,2025-01-30,20,3,0,Storm,1.59,21.0,WeekendDeal,Festival,83,87,4
R003,2025-01-30,21,3,0,Storm,1.59,21.0,WeekendDeal,Festival,67,78,11
R003,2025-01-30,22,3,0,Storm,1.59,21.0,WeekendDeal,Festival,36,30,-6
R003,2025-01-31,8,4,0,Storm,28.34,26.4,HappyHour,Festival,9,7,-2
R003,2025-01-31,9,4,0,Storm,28.34,26.4,HappyHour,Festival,21,20,-1
R003,2025-01-31,10,4,0,Storm,28.34,26.4,HappyHour,Festival,41,42,1
R003,2025-01-31,11,4,0,Storm,28.34,26.4,HappyHour,Festival,67,79,12
R003,2025-01-31,12,4,0,Storm,28.34,26.4,HappyHour,Festival,90,82,-8
R003,2025-01-31,13,4,0,Storm,28.34,26.4,HappyHour,Festival,99,103,4
R003,2025-01-31,14,4,0,Storm,28.34,26.4,HappyHour,Festival,90,90,0
R003,2025-01-31,15,4,0,Storm,28.34,26.4,HappyHour,Festival,68,70,2
R003,2025-01-31,16,4,0,Storm,28.34,26.4,HappyHour,Festival,44,49,5
R003,2025-01-31,17,4,0,Storm,28.34,26.4,HappyHour,Festival,33,38,5
R003,2025-01-31,18,4,0,Storm,28.34,26.4,HappyHour,Festival,43,38,-5
R003,2025-01-31,19,4,0,Storm,28.34,26.4,HappyHour,Festival,67,56,-11
R003,2025-01-31,20,4,0,Storm,28.34,26.4,HappyHour,Festival,80,85,5
R003,2025-01-31,21,4,0,Storm,28.34,26.4,HappyHour,Festival,65,40,-25
R003,2025-01-31,22,4,0,Storm,28.34,26.4,HappyHour,Festival,35,38,3
R003,2025-02-01,8,5,1,Cloudy,1.91,21.7,HappyHour,Festival,16,18,2
R003,2025-02-01,9,5,1,Cloudy,1.91,21.7,HappyHour,Festival,38,34,-4
R003,2025-02-01,10,5,1,Cloudy,1.91,21.7,HappyHour,Festival,75,85,10
R003,2025-02-01,11,5,1,Cloudy,1.91,21.7,HappyHour,Festival,122,109,-13
R003,2025-02-01,12,5,1,Cloudy,1.91,21.7,HappyHour,Festival,163,154,-9
R003,2025-02-01,13,5,1,Cloudy,1.91,21.7,HappyHour,Festival,180,192,12
R003,2025-02-01,14,5,1,Cloudy,1.91,21.7,HappyHour,Festival,163,156,-7
R003,2025-02-01,15,5,1,Cloudy,1.91,21.7,HappyHour,Festival,123,117,-6
R003,2025-02-01,16,5,1,Cloudy,1.91,21.7,HappyHour,Festival,80,76,-4
R003,2025-02-01,17,5,1,Cloudy,1.91,21.7,HappyHour,Festival,60,52,-8
R003,2025-02-01,18,5,1,Cloudy,1.91,21.7,HappyHour,Festival,79,73,-6
R003,2025-02-01,19,5,1,Cloudy,1.91,21.7,HappyHour,Festival,122,164,42
R003,2025-02-01,20,5,1,Cloudy,1.91,21.7,HappyHour,Festival,145,193,48
R003,2025-02-01,21,5,1,Cloudy,1.91,21.7,HappyHour,Festival,117,109,-8
R003,2025-02-01,22,5,1,Cloudy,1.91,21.7,HappyHour,Festival,63,80,17
R003,2025-02-02,8,6,1,Clear,2.45,27.6,FestivalOffer,SportsMatch,16,19,3
R003,2025-02-02,9,6,1,Clear,2.45,27.6,FestivalOffer,SportsMatch,39,32,-7
R003,2025-02-02,10,6,1,Clear,2.45,27.6,FestivalOffer,SportsMatch,77,86,9
R003,2025-02-02,11,6,1,Clear,2.45,27.6,FestivalOffer,SportsMatch,126,151,25
R003,2025-02-02,12,6,1,Clear,2.45,27.6,FestivalOffer,SportsMatch,169,167,-2
R003,2025-02-02,13,6,1,Clear,2.45,27.6,FestivalOffer,SportsMatch,186,130,-56
R003,2025-02-02,14,6,1,Clear,2.45,27.6,FestivalOffer,SportsMatch,169,118,-51
R003,2025-02-02,15,6,1,Clear,2.45,27.6,FestivalOffer,SportsMatch,127,102,-25
R003,2025-02-02,16,6,1,Clear,2.45,27.6,FestivalOffer,SportsMatch,83,76,-7
R003,2025-02-02,17,6,1,Clear,2.45,27.6,FestivalOffer,SportsMatch,62,57,-5
R003,2025-02-02,18,6,1,Clear,2.45,27.6,FestivalOffer,SportsMatch,81,42,-39
R003,2025-02-02,19,6,1,Clear,2.45,27.6,FestivalOffer,SportsMatch,127,154,27
R003,2025-02-02,20,6,1,Clear,2.45,27.6,FestivalOffer,SportsMatch,151,121,-30
R003,2025-02-02,21,6,1,Clear,2.45,27.6,FestivalOffer,SportsMatch,122,140,18
R003,2025-02-02,22,6,1,Clear,2.45,27.6,FestivalOffer,SportsMatch,65,55,-10
R003,2025-02-03,8,0,0,Storm,30.98,32.4,None,Festival,8,10,2
R003,2025-02-03,9,0,0,Storm,30.98,32.4,None,Festival,19,22,3
R003,2025-02-03,10,0,0,Storm,30.98,32.4,None,Festival,38,37,-1
R003,2025-02-03,11,0,0,Storm,30.98,32.4,None,Festival,62,72,10
R003,2025-02-03,12,0,0,Storm,30.98,32.4,None,Festival,83,88,5
R003,2025-02-03,13,0,0,Storm,30.98,32.4,None,Festival,92,90,-2
R003,2025-02-03,14,0,0,Storm,30.98,32.4,None,Festival,83,82,-1
R003,2025-02-03,15,0,0,Storm,30.98,32.4,None,Festival,63,46,-17
R003,2025-02-03,16,0,0,Storm,30.98,32.4,None,Festival,41,36,-5
R003,2025-02-03,17,0,0,Storm,30.98,32.4,None,Festival,31,33,2
R003,2025-02-03,18,0,0,Storm,30.98,32.4,None,Festival,40,42,2
R003,2025-02-03,19,0,0,Storm,30.98,32.4,None,Festival,62,71,9
R003,2025-02-03,20,0,0,Storm,30.98,32.4,None,Festival,74,82,8
R003,2025-02-03,21,0,0,Storm,30.98,32.4,None,Festival,60,39,-21
R003,2025-02-03,22,0,0,Storm,30.98,32.4,None,Festival,32,24,-8
R003,2025-02-04,8,1,0,Storm,32.54,24.8,FestivalOffer,LocalEvent,9,7,-2
R003,2025-02-04,9,1,0,Storm,32.54,24.8,FestivalOffer,LocalEvent,21,17,-4
R003,2025-02-04,10,1,0,Storm,32.54,24.8,FestivalOffer,LocalEvent,42,35,-7
R003,2025-02-04,11,1,0,Storm,32.54,24.8,FestivalOffer,LocalEvent,68,71,3
R003,2025-02-04,12,1,0,Storm,32.54,24.8,FestivalOffer,LocalEvent,91,87,-4
R003,2025-02-04,13,1,0,Storm,32.54,24.8,FestivalOffer,LocalEvent,101,74,-27
R003,2025-02-04,14,1,0,Storm,32.54,24.8,FestivalOffer,LocalEvent,92,77,-15
R003,2025-02-04,15,1,0,Storm,32.54,24.8,FestivalOffer,LocalEvent,69,72,3
R003,2025-02-04,16,1,0,Storm,32.54,24.8,FestivalOffer,LocalEvent,45,35,-10
R003,2025-02-04,17,1,0,Storm,32.54,24.8,FestivalOffer,LocalEvent,34,38,4
R003,2025-02-04,18,1,0,Storm,32.54,24.8,FestivalOffer,LocalEvent,44,38,-6
R003,2025-02-04,19,1,0,Storm,32.54,24.8,FestivalOffer,LocalEvent,69,69,0
R003,2025-02-04,20,1,0,Storm,32.54,24.8,FestivalOffer,LocalEvent,82,88,6
R003,2025-02-04,21,1,0,Storm,32.54,24.8,FestivalOffer,LocalEvent,66,70,4
R003,2025-02-04,22,1,0,Storm,32.54,24.8,FestivalOffer,LocalEvent,35,28,-7
R003,2025-02-05,8,2,0,Cloudy,1.35,24.1,HappyHour,LocalEvent,12,7,-5
R003,2025-02-05,9,2,0,Cloudy,1.35,24.1,HappyHour,LocalEvent,30,32,2
R003,2025-02-05,10,2,0,Cloudy,1.35,24.1,HappyHour,LocalEvent,59,55,-4
R003,2025-02-05,11,2,0,Cloudy,1.35,24.1,HappyHour,LocalEvent,96,82,-14
R003,2025-02-05,12,2,0,Cloudy,1.35,24.1,HappyHour,LocalEvent,129,128,-1
R003,2025-02-05,13,2,0,Cloudy,1.35,24.1,HappyHour,LocalEvent,142,130,-12
R003,2025-02-05,14,2,0,Cloudy,1.35,24.1,HappyHour,LocalEvent,129,115,-14
R003,2025-02-05,15,2,0,Cloudy,1.35,24.1,HappyHour,LocalEvent,97,104,7
R003,2025-02-05,16,2,0,Cloudy,1.35,24.1,HappyHour,LocalEvent,63,68,5
R003,2025-02-05,17,2,0,Cloudy,1.35,24.1,HappyHour,LocalEvent,47,53,6
R003,2025-02-05,18,2,0,Cloudy,1.35,24.1,HappyHour,LocalEvent,62,64,2
R003,2025-02-05,19,2,0,Cloudy,1.35,24.1,HappyHour,LocalEvent,97,93,-4
R003,2025-02-05,20,2,0,Cloudy,1.35,24.1,HappyHour,LocalEvent,115,97,-18
R003,2025-02-05,21,2,0,Cloudy,1.35,24.1,HappyHour,LocalEvent,93,74,-19
R003,2025-02-05,22,2,0,Cloudy,1.35,24.1,HappyHour,LocalEvent,50,42,-8
R003,2025-02-06,8,3,0,Cloudy,1.02,23.5,WeekendDeal,SportsMatch,13,16,3
R003,2025-02-06,9,3,0,Cloudy,1.02,23.5,WeekendDeal,SportsMatch,31,29,-2
R003,2025-02-06,10,3,0,Cloudy,1.02,23.5,WeekendDeal,SportsMatch,62,49,-13
R003,2025-02-06,11,3,0,Cloudy,1.02,23.5,WeekendDeal,SportsMatch,102,101,-1
R003,2025-02-06,12,3,0,Cloudy,1.02,23.5,WeekendDeal,SportsMatch,136,153,17
R003,2025-02-06,13,3,0,Cloudy,1.02,23.5,WeekendDeal,SportsMatch,150,135,-15
R003,2025-02-06,14,3,0,Cloudy,1.02,23.5,WeekendDeal,SportsMatch,136,175,39
R003,2025-02-06,15,3,0,Cloudy,1.02,23.5,WeekendDeal,SportsMatch,102,114,12
R003,2025-02-06,16,3,0,Cloudy,1.02,23.5,WeekendDeal,SportsMatch,67,60,-7
R003,2025-02-06,17,3,0,Cloudy,1.02,23.5,WeekendDeal,SportsMatch,50,55,5
R003,2025-02-06,18,3,0,Cloudy,1.02,23.5,WeekendDeal,SportsMatch,66,80,14
R003,2025-02-06,19,3,0,Cloudy,1.02,23.5,WeekendDeal,SportsMatch,102,123,21
R003,2025-02-06,20,3,0,Cloudy,1.02,23.5,WeekendDeal,SportsMatch,121,99,-22
R003,2025-02-06,21,3,0,Cloudy,1.02,23.5,WeekendDeal,SportsMatch,98,99,1
R003,2025-02-06,22,3,0,Cloudy,1.02,23.5,WeekendDeal,SportsMatch,53,43,-10
R003,2025-02-07,8,4,0,Cloudy,0.96,28.8,FestivalOffer,None,13,14,1
R003,2025-02-07,9,4,0,Cloudy,0.96,28.8,FestivalOffer,None,30,27,-3
R003,2025-02-07,10,4,0,Cloudy,0.96,28.8,FestivalOffer,None,60,62,2
R003,2025-02-07,11,4,0,Cloudy,0.96,28.8,FestivalOffer,None,98,106,8
R003,2025-02-07,12,4,0,Cloudy,0.96,28.8,FestivalOffer,None,132,152,20
R003,2025-02-07,13,4,0,Cloudy,0.96,28.8,FestivalOffer,None,145,52,-93
R003,2025-02-07,14,4,0,Cloudy,0.96,28.8,FestivalOffer,None,132,124,-8
R003,2025-02-07,15,4,0,Cloudy,0.96,28.8,FestivalOffer,None,99,89,-10
R003,2025-02-07,16,4,0,Cloudy,0.96,28.8,FestivalOffer,None,64,59,-5
R003,2025-02-07,17,4,0,Cloudy,0.96,28.8,FestivalOffer,None,48,37,-11
R003,2025-02-07,18,4,0,Cloudy,0.96,28.8,FestivalOffer,None,63,61,-2
R003,2025-02-07,19,4,0,Cloudy,0.96,28.8,FestivalOffer,None,99,112,13
R003,2025-02-07,20,4,0,Cloudy,0.96,28.8,FestivalOffer,None,117,125,8
R003,2025-02-07,21,4,0,Cloudy,0.96,28.8,FestivalOffer,None,95,78,-17
R003,2025-02-07,22,4,0,Cloudy,0.96,28.8,FestivalOffer,None,51,50,-1
R003,2025-02-08,8,5,1,Clear,4.88,31.5,WeekendDeal,None,14,17,3
R003,2025-02-08,9,5,1,Clear,4.88,31.5,WeekendDeal,None,34,32,-2
R003,2025-02-08,10,5,1,Clear,4.88,31.5,WeekendDeal,None,67,49,-18
R003,2025-02-08,11,5,1,Clear,4.88,31.5,WeekendDeal,None,110,104,-6
R003,2025-02-08,12,5,1,Clear,4.88,31.5,WeekendDeal,None,147,149,2
R003,2025-02-08,13,5,1,Clear,4.88,31.5,WeekendDeal,None,162,165,3
R003,2025-02-08,14,5,1,Clear,4.88,31.5,WeekendDeal,None,147,142,-5
R003,2025-02-08,15,5,1,Clear,4.88,31.5,WeekendDeal,None,111,131,20
R003,2025-02-08,16,5,1,Clear,4.88,31.5,WeekendDeal,None,72,78,6
R003,2025-02-08,17,5,1,Clear,4.88,31.5,WeekendDeal,None,54,54,0
R003,2025-02-08,18,5,1,Clear,4.88,31.5,WeekendDeal,None,71,69,-2
R003,2025-02-08,19,5,1,Clear,4.88,31.5,WeekendDeal,None,110,126,16
R003,2025-02-08,20,5,1,Clear,4.88,31.5,WeekendDeal,None,131,123,-8
R003,2025-02-08,21,5,1,Clear,4.88,31.5,WeekendDeal,None,106,113,7
R003,2025-02-08,22,5,1,Clear,4.88,31.5,WeekendDeal,None,57,63,6
R003,2025-02-09,8,6,1,Storm,12.25,20.6,None,SportsMatch,9,6,-3
R003,2025-02-09,9,6,1,Storm,12.25,20.6,None,SportsMatch,22,20,-2
R003,2025-02-09,10,6,1,Storm,12.25,20.6,None,SportsMatch,43,40,-3
R003,2025-02-09,11,6,1,Storm,12.25,20.6,None,SportsMatch,69,74,5
R003,2025-02-09,12,6,1,Storm,12.25,20.6,None,SportsMatch,93,107,14
R003,2025-02-09,13,6,1,Storm,12.25,20.6,None,SportsMatch,103,82,-21
R003,2025-02-09,14,6,1,Storm,12.25,20.6,None,SportsMatch,93,92,-1
R003,2025-02-09,15,6,1,Storm,12.25,20.6,None,SportsMatch,70,59,-11
R003,2025-02-09,16,6,1,Storm,12.25,20.6,None,SportsMatch,46,54,8
R003,2025-02-09,17,6,1,Storm,12.25,20.6,None,SportsMatch,34,28,-6
R003,2025-02-09,18,6,1,Storm,12.25,20.6,None,SportsMatch,45,61,16
R003,2025-02-09,19,6,1,Storm,12.25,20.6,None,SportsMatch,70,73,3
R003,2025-02-09,20,6,1,Storm,12.25,20.6,None,SportsMatch,83,65,-18
R003,2025-02-09,21,6,1,Storm,12.25,20.6,None,SportsMatch,67,71,4
R003,2025-02-09,22,6,1,Storm,12.25,20.6,None,SportsMatch,36,25,-11
R003,2025-02-10,8,0,0,Rain,22.28,28.0,WeekendDeal,None,9,10,1
R003,2025-02-10,9,0,0,Rain,22.28,28.0,WeekendDeal,None,23,28,5
R003,2025-02-10,10,0,0,Rain,22.28,28.0,WeekendDeal,None,45,52,7
R003,2025-02-10,11,0,0,Rain,22.28,28.0,WeekendDeal,None,73,67,-6
R003,2025-02-10,12,0,0,Rain,22.28,28.0,WeekendDeal,None,97,91,-6
R003,2025-02-10,13,0,0,Rain,22.28,28.0,WeekendDeal,None,107,139,32
R003,2025-02-10,14,0,0,Rain,22.28,28.0,WeekendDeal,None,97,118,21
R003,2025-02-10,15,0,0,Rain,22.28,28.0,WeekendDeal,None,73,67,-6
R003,2025-02-10,16,0,0,Rain,22.28,28.0,WeekendDeal,None,48,55,7
R003,2025-02-10,17,0,0,Rain,22.28,28.0,WeekendDeal,None,36,38,2
R003,2025-02-10,18,0,0,Rain,22.28,28.0,WeekendDeal,None,47,48,1
R003,2025-02-10,19,0,0,Rain,22.28,28.0,WeekendDeal,None,73,90,17
R003,2025-02-10,20,0,0,Rain,22.28,28.0,WeekendDeal,None,87,59,-28
R003,2025-02-10,21,0,0,Rain,22.28,28.0,WeekendDeal,None,70,92,22
R003,2025-02-10,22,0,0,Rain,22.28,28.0,WeekendDeal,None,38,40,2
R003,2025-02-11,8,1,0,Cloudy,2.11,31.7,FestivalOffer,Festival,15,12,-3
R003,2025-02-11,9,1,0,Cloudy,2.11,31.7,FestivalOffer,Festival,35,32,-3
R003,2025-02-11,10,1,0,Cloudy,2.11,31.7,FestivalOffer,Festival,69,69,0
R003,2025-02-11,11,1,0,Cloudy,2.11,31.7,FestivalOffer,Festival,113,97,-16
R003,2025-02-11,12,1,0,Cloudy,2.11,31.7,FestivalOffer,Festival,151,157,6
R003,2025-02-11,13,1,0,Cloudy,2.11,31.7,FestivalOffer,Festival,167,179,12
R003,2025-02-11,14,1,0,Cloudy,2.11,31.7,FestivalOffer,Festival,151,95,-56
R003,2025-02-11,15,1,0,Cloudy,2.11,31.7,FestivalOffer,Festival,114,107,-7
R003,2025-02-11,16,1,0,Cloudy,2.11,31.7,FestivalOffer,Festival,74,80,6
R003,2025-02-11,17,1,0,Cloudy,2.11,31.7,FestivalOffer,Festival,56,53,-3
R003,2025-02-11,18,1,0,Cloudy,2.11,31.7,FestivalOffer,Festival,73,69,-4
R003,2025-02-11,19,1,0,Cloudy,2.11,31.7,FestivalOffer,Festival,113,99,-14
R003,2025-02-11,20,1,0,Cloudy,2.11,31.7,FestivalOffer,Festival,135,166,31
R003,2025-02-11,21,1,0,Cloudy,2.11,31.7,FestivalOffer,Festival,109,89,-20
R003,2025-02-11,22,1,0,Cloudy,2.11,31.7,FestivalOffer,Festival,58,52,-6
R003,2025-02-12,8,2,0,Clear,0.33,23.9,HappyHour,SportsMatch,13,12,-1
R003,2025-02-12,9,2,0,Clear,0.33,23.9,HappyHour,SportsMatch,30,27,-3
R003,2025-02-12,10,2,0,Clear,0.33,23.9,HappyHour,SportsMatch,60,68,8
R003,2025-02-12,11,2,0,Clear,0.33,23.9,HappyHour,SportsMatch,98,102,4
R003,2025-02-12,12,2,0,Clear,0.33,23.9,HappyHour,SportsMatch,131,135,4
R003,2025-02-12,13,2,0,Clear,0.33,23.9,HappyHour,SportsMatch,145,139,-6
R003,2025-02-12,14,2,0,Clear,0.33,23.9,HappyHour,SportsMatch,131,166,35
R003,2025-02-12,15,2,0,Clear,0.33,23.9,HappyHour,SportsMatch,99,103,4
R003,2025-02-12,16,2,0,Clear,0.33,23.9,HappyHour,SportsMatch,64,60,-4
R003,2025-02-12,17,2,0,Clear,0.33,23.9,HappyHour,SportsMatch,48,56,8
R003,2025-02-12,18,2,0,Clear,0.33,23.9,HappyHour,SportsMatch,63,64,1
R003,2025-02-12,19,2,0,Clear,0.33,23.9,HappyHour,SportsMatch,98,97,-1
R003,2025-02-12,20,2,0,Clear,0.33,23.9,HappyHour,SportsMatch,117,136,19
R003,2025-02-12,21,2,0,Clear,0.33,23.9,HappyHour,SportsMatch,94,113,19
R003,2025-02-12,22,2,0,Clear,0.33,23.9,HappyHour,SportsMatch,51,53,2
R003,2025-02-13,8,3,0,Clear,0.58,37.2,FestivalOffer,None,13,11,-2
R003,2025-02-13,9,3,0,Clear,0.58,37.2,FestivalOffer,None,30,33,3
R003,2025-02-13,10,3,0,Clear,0.58,37.2,FestivalOffer,None,60,61,1
R003,2025-02-13,11,3,0,Clear,0.58,37.2,FestivalOffer,None,98,99,1
R003,2025-02-13,12,3,0,Clear,0.58,37.2,FestivalOffer,None,132,138,6
R003,2025-02-13,13,3,0,Clear,0.58,37.2,FestivalOffer,None,145,138,-7
R003,2025-02-13,14,3,0,Clear,0.58,37.2,FestivalOffer,None,132,123,-9
R003,2025-02-13,15,3,0,Clear,0.58,37.2,FestivalOffer,None,99,53,-46
R003,2025-02-13,16,3,0,Clear,0.58,37.2,FestivalOffer,None,64,85,21
R003,2025-02-13,17,3,0,Clear,0.58,37.2,FestivalOffer,None,48,52,4
R003,2025-02-13,18,3,0,Clear,0.58,37.2,FestivalOffer,None,63,72,9
R003,2025-02-13,19,3,0,Clear,0.58,37.2,FestivalOffer,None,99,111,12
R003,2025-02-13,20,3,0,Clear,0.58,37.2,FestivalOffer,None,117,89,-28
R003,2025-02-13,21,3,0,Clear,0.58,37.2,FestivalOffer,None,95,102,7
R003,2025-02-13,22,3,0,Clear,0.58,37.2,FestivalOffer,None,51,58,7
R003,2025-02-14,8,4,0,Clear,4.35,35.3,WeekendDeal,LocalEvent,13,14,1
R003,2025-02-14,9,4,0,Clear,4.35,35.3,WeekendDeal,LocalEvent,31,33,2
R003,2025-02-14,10,4,0,Clear,4.35,35.3,WeekendDeal,LocalEvent,61,70,9
R003,2025-02-14,11,4,0,Clear,4.35,35.3,WeekendDeal,LocalEvent,100,100,0
R003,2025-02-14,12,4,0,Clear,4.35,35.3,WeekendDeal,LocalEvent,134,119,-15
R003,2025-02-14,13,4,0,Clear,4.35,35.3,WeekendDeal,LocalEvent,147,108,-39
R003,2025-02-14,14,4,0,Clear,4.35,35.3,WeekendDeal,LocalEvent,134,144,10
R003,2025-02-14,15,4,0,Clear,4.35,35.3,WeekendDeal,LocalEvent,100,92,-8
R003,2025-02-14,16,4,0,Clear,4.35,35.3,WeekendDeal,LocalEvent,65,70,5
R003,2025-02-14,17,4,0,Clear,4.35,35.3,WeekendDeal,LocalEvent,49,45,-4
R003,2025-02-14,18,4,0,Clear,4.35,35.3,WeekendDeal,LocalEvent,64,82,18
R003,2025-02-14,19,4,0,Clear,4.35,35.3,WeekendDeal,LocalEvent,100,108,8
R003,2025-02-14,20,4,0,Clear,4.35,35.3,WeekendDeal,LocalEvent,119,98,-21
R003,2025-02-14,21,4,0,Clear,4.35,35.3,WeekendDeal,LocalEvent,96,112,16
R003,2025-02-14,22,4,0,Clear,4.35,35.3,WeekendDeal,LocalEvent,52,61,9
R003,2025-02-15,8,5,1,Storm,18.99,29.1,None,Festival,9,5,-4
R003,2025-02-15,9,5,1,Storm,18.99,29.1,None,Festival,23,23,0
R003,2025-02-15,10,5,1,Storm,18.99,29.1,None,Festival,45,51,6
R003,2025-02-15,11,5,1,Storm,18.99,29.1,None,Festival,73,57,-16
R003,2025-02-15,12,5,1,Storm,18.99,29.1,None,Festival,98,84,-14
R003,2025-02-15,13,5,1,Storm,18.99,29.1,None,Festival,108,110,2
R003,2025-02-15,14,5,1,Storm,18.99,29.1,None,Festival,98,88,-10
R003,2025-02-15,15,5,1,Storm,18.99,29.1,None,Festival,74,60,-14
R003,2025-02-15,16,5,1,Storm,18.99,29.1,None,Festival,48,51,3
R003,2025-02-15,17,5,1,Storm,18.99,29.1,None,Festival,36,41,5
R003,2025-02-15,18,5,1,Storm,18.99,29.1,None,Festival,47,53,6
R003,2025-02-15,19,5,1,Storm,18.99,29.1,None,Festival,74,75,1
R003,2025-02-15,20,5,1,Storm,18.99,29.1,None,Festival,88,91,3
R003,2025-02-15,21,5,1,Storm,18.99,29.1,None,Festival,71,67,-4
R003,2025-02-15,22,5,1,Storm,18.99,29.1,None,Festival,38,32,-6
R003,2025-02-16,8,6,1,Clear,2.18,23.3,HappyHour,None,14,13,-1
R003,2025-02-16,9,6,1,Clear,2.18,23.3,HappyHour,None,33,35,2
R003,2025-02-16,10,6,1,Clear,2.18,23.3,HappyHour,None,65,59,-6
R003,2025-02-16,11,6,1,Clear,2.18,23.3,HappyHour,None,106,103,-3
R003,2025-02-16,12,6,1,Clear,2.18,23.3,HappyHour,None,142,174,32
R003,2025-02-16,13,6,1,Clear,2.18,23.3,HappyHour,None,156,196,40
R003,2025-02-16,14,6,1,Clear,2.18,23.3,HappyHour,None,142,137,-5
R003,2025-02-16,15,6,1,Clear,2.18,23.3,HappyHour,None,107,114,7
R003,2025-02-16,16,6,1,Clear,2.18,23.3,HappyHour,None,70,71,1
R003,2025-02-16,17,6,1,Clear,2.18,23.3,HappyHour,None,52,52,0
R003,2025-02-16,18,6,1,Clear,2.18,23.3,HappyHour,None,68,44,-24
R003,2025-02-16,19,6,1,Clear,2.18,23.3,HappyHour,None,106,101,-5
R003,2025-02-16,20,6,1,Clear,2.18,23.3,HappyHour,None,126,149,23
R003,2025-02-16,21,6,1,Clear,2.18,23.3,HappyHour,None,102,84,-18
R003,2025-02-16,22,6,1,Clear,2.18,23.3,HappyHour,None,55,50,-5
R003,2025-02-17,8,0,0,Storm,19.75,30.8,HappyHour,None,8,8,0
R003,2025-02-17,9,0,0,Storm,19.75,30.8,HappyHour,None,18,19,1
R003,2025-02-17,10,0,0,Storm,19.75,30.8,HappyHour,None,36,31,-5
R003,2025-02-17,11,0,0,Storm,19.75,30.8,HappyHour,None,58,66,8
R003,2025-02-17,12,0,0,Storm,19.75,30.8,HappyHour,None,78,91,13
R003,2025-02-17,13,0,0,Storm,19.75,30.8,HappyHour,None,86,89,3
R003,2025-02-17,14,0,0,Storm,19.75,30.8,HappyHour,None,78,79,1
R003,2025-02-17,15,0,0,Storm,19.75,30.8,HappyHour,None,59,55,-4
R003,2025-02-17,16,0,0,Storm,19.75,30.8,HappyHour,None,38,36,-2
R003,2025-02-17,17,0,0,Storm,19.75,30.8,HappyHour,None,29,33,4
R003,2025-02-17,18,0,0,Storm,19.75,30.8,HappyHour,None,38,46,8
R003,2025-02-17,19,0,0,Storm,19.75,30.8,HappyHour,None,59,79,20
R003,2025-02-17,20,0,0,Storm,19.75,30.8,HappyHour,None,70,67,-3
R003,2025-02-17,21,0,0,Storm,19.75,30.8,HappyHour,None,56,70,14
R003,2025-02-17,22,0,0,Storm,19.75,30.8,HappyHour,None,30,32,2
R003,2025-02-18,8,1,0,Clear,3.02,32.8,HappyHour,Festival,13,14,1
R003,2025-02-18,9,1,0,Clear,3.02,32.8,HappyHour,Festival,32,28,-4
R003,2025-02-18,10,1,0,Clear,3.02,32.8,HappyHour,Festival,63,69,6
R003,2025-02-18,11,1,0,Clear,3.02,32.8,HappyHour,Festival,103,120,17
R003,2025-02-18,12,1,0,Clear,3.02,32.8,HappyHour,Festival,138,149,11
R003,2025-02-18,13,1,0,Clear,3.02,32.8,HappyHour,Festival,153,155,2
R003,2025-02-18,14,1,0,Clear,3.02,32.8,HappyHour,Festival,138,154,16
R003,2025-02-18,15,1,0,Clear,3.02,32.8,HappyHour,Festival,104,87,-17
R003,2025-02-18,16,1,0,Clear,3.02,32.8,HappyHour,Festival,68,61,-7
R003,2025-02-18,17,1,0,Clear,3.02,32.8,HappyHour,Festival,51,50,-1
R003,2025-02-18,18,1,0,Clear,3.02,32.8,HappyHour,Festival,67,61,-6
R003,2025-02-18,19,1,0,Clear,3.02,32.8,HappyHour,Festival,104,106,2
R003,2025-02-18,20,1,0,Clear,3.02,32.8,HappyHour,Festival,123,103,-20
R003,2025-02-18,21,1,0,Clear,3.02,32.8,HappyHour,Festival,100,101,1
R003,2025-02-18,22,1,0,Clear,3.02,32.8,HappyHour,Festival,53,49,-4
R003,2025-02-19,8,2,0,Storm,6.62,30.8,HappyHour,LocalEvent,8,13,5
R003,2025-02-19,9,2,0,Storm,6.62,30.8,HappyHour,LocalEvent,19,26,7
R003,2025-02-19,10,2,0,Storm,6.62,30.8,HappyHour,LocalEvent,38,34,-4
R003,2025-02-19,11,2,0,Storm,6.62,30.8,HappyHour,LocalEvent,62,49,-13
R003,2025-02-19,12,2,0,Storm,6.62,30.8,HappyHour,LocalEvent,84,92,8
R003,2025-02-19,13,2,0,Storm,6.62,30.8,HappyHour,LocalEvent,92,78,-14
R003,2025-02-19,14,2,0,Storm,6.62,30.8,HappyHour,LocalEvent,84,84,0
R003,2025-02-19,15,2,0,Storm,6.62,30.8,HappyHour,LocalEvent,63,56,-7
R003,2025-02-19,16,2,0,Storm,6.62,30.8,HappyHour,LocalEvent,41,47,6
R003,2025-02-19,17,2,0,Storm,6.62,30.8,HappyHour,LocalEvent,31,32,1
R003,2025-02-19,18,2,0,Storm,6.62,30.8,HappyHour,LocalEvent,40,31,-9
R003,2025-02-19,19,2,0,Storm,6.62,30.8,HappyHour,LocalEvent,63,83,20
R003,2025-02-19,20,2,0,Storm,6.62,30.8,HappyHour,LocalEvent,75,77,2
R003,2025-02-19,21,2,0,Storm,6.62,30.8,HappyHour,LocalEvent,60,83,23
R003,2025-02-19,22,2,0,Storm,6.62,30.8,HappyHour,LocalEvent,32,26,-6
R003,2025-02-20,8,3,0,Clear,1.74,20.2,None,LocalEvent,11,11,0
R003,2025-02-20,9,3,0,Clear,1.74,20.2,None,LocalEvent,28,28,0
R003,2025-02-20,10,3,0,Clear,1.74,20.2,None,LocalEvent,55,60,5
R003,2025-02-20,11,3,0,Clear,1.74,20.2,None,LocalEvent,89,106,17
R003,2025-02-20,12,3,0,Clear,1.74,20.2,None,LocalEvent,119,107,-12
R003,2025-02-20,13,3,0,Clear,1.74,20.2,None,LocalEvent,131,89,-42
R003,2025-02-20,14,3,0,Clear,1.74,20.2,None,LocalEvent,119,129,10
R003,2025-02-20,15,3,0,Clear,1.74,20.2,None,LocalEvent,90,91,1
R003,2025-02-20,16,3,0,Clear,1.74,20.2,None,LocalEvent,58,47,-11
R003,2025-02-20,17,3,0,Clear,1.74,20.2,None,LocalEvent,44,35,-9
R003,2025-02-20,18,3,0,Clear,1.74,20.2,None,LocalEvent,57,43,-14
R003,2025-02-20,19,3,0,Clear,1.74,20.2,None,LocalEvent,89,95,6
R003,2025-02-20,20,3,0,Clear,1.74,20.2,None,LocalEvent,106,87,-19
R003,2025-02-20,21,3,0,Clear,1.74,20.2,None,LocalEvent,86,113,27
R003,2025-02-20,22,3,0,Clear,1.74,20.2,None,LocalEvent,46,51,5
R003,2025-02-21,8,4,0,Clear,1.65,24.7,WeekendDeal,Festival,14,14,0
R003,2025-02-21,9,4,0,Clear,1.65,24.7,WeekendDeal,Festival,33,33,0
R003,2025-02-21,10,4,0,Clear,1.65,24.7,WeekendDeal,Festival,66,64,-2
R003,2025-02-21,11,4,0,Clear,1.65,24.7,WeekendDeal,Festival,107,116,9
R003,2025-02-21,12,4,0,Clear,1.65,24.7,WeekendDeal,Festival,144,138,-6
R003,2025-02-21,13,4,0,Clear,1.65,24.7,WeekendDeal,Festival,158,132,-26
R003,2025-02-21,14,4,0,Clear,1.65,24.7,WeekendDeal,Festival,144,169,25
R003,2025-02-21,15,4,0,Clear,1.65,24.7,WeekendDeal,Festival,108,82,-26
R003,2025-02-21,16,4,0,Clear,1.65,24.7,WeekendDeal,Festival,70,84,14
R003,2025-02-21,17,4,0,Clear,1.65,24.7,WeekendDeal,Festival,53,49,-4
R003,2025-02-21,18,4,0,Clear,1.65,24.7,WeekendDeal,Festival,69,52,-17
R003,2025-02-21,19,4,0,Clear,1.65,24.7,WeekendDeal,Festival,108,98,-10
R003,2025-02-21,20,4,0,Clear,1.65,24.7,WeekendDeal,Festival,128,129,1
R003,2025-02-21,21,4,0,Clear,1.65,24.7,WeekendDeal,Festival,103,89,-14
R003,2025-02-21,22,4,0,Clear,1.65,24.7,WeekendDeal,Festival,55,50,-5
R003,2025-02-22,8,5,1,Cloudy,0.64,29.2,FestivalOffer,LocalEvent,16,17,1
R003,2025-02-22,9,5,1,Cloudy,0.64,29.2,FestivalOffer,LocalEvent,38,29,-9
R003,2025-02-22,10,5,1,Cloudy,0.64,29.2,FestivalOffer,LocalEvent,76,68,-8
R003,2025-02-22,11,5,1,Cloudy,0.64,29.2,FestivalOffer,LocalEvent,124,135,11
R003,2025-02-22,12,5,1,Cloudy,0.64,29.2,FestivalOffer,LocalEvent,166,167,1
R003,2025-02-22,13,5,1,Cloudy,0.64,29.2,FestivalOffer,LocalEvent,183,137,-46
R003,2025-02-22,14,5,1,Cloudy,0.64,29.2,FestivalOffer,LocalEvent,166,133,-33
R003,2025-02-22,15,5,1,Cloudy,0.64,29.2,FestivalOffer,LocalEvent,125,138,13
R003,2025-02-22,16,5,1,Cloudy,0.64,29.2,FestivalOffer,LocalEvent,81,98,17
R003,2025-02-22,17,5,1,Cloudy,0.64,29.2,FestivalOffer,LocalEvent,61,60,-1
R003,2025-02-22,18,5,1,Cloudy,0.64,29.2,FestivalOffer,LocalEvent,80,81,1
R003,2025-02-22,19,5,1,Cloudy,0.64,29.2,FestivalOffer,LocalEvent,124,103,-21
R003,2025-02-22,20,5,1,Cloudy,0.64,29.2,FestivalOffer,LocalEvent,148,159,11
R003,2025-02-22,21,5,1,Cloudy,0.64,29.2,FestivalOffer,LocalEvent,119,131,12
R003,2025-02-22,22,5,1,Cloudy,0.64,29.2,FestivalOffer,LocalEvent,64,60,-4
R003,2025-02-23,8,6,1,Clear,3.24,29.3,WeekendDeal,None,14,15,1
R003,2025-02-23,9,6,1,Clear,3.24,29.3,WeekendDeal,None,34,26,-8
R003,2025-02-23,10,6,1,Clear,3.24,29.3,WeekendDeal,None,67,78,11
R003,2025-02-23,11,6,1,Clear,3.24,29.3,WeekendDeal,None,110,109,-1
R003,2025-02-23,12,6,1,Clear,3.24,29.3,WeekendDeal,None,147,115,-32
R003,2025-02-23,13,6,1,Clear,3.24,29.3,WeekendDeal,None,162,168,6
R003,2025-02-23,14,6,1,Clear,3.24,29.3,WeekendDeal,None,147,157,10
R003,2025-02-23,15,6,1,Clear,3.24,29.3,WeekendDeal,None,111,108,-3
R003,2025-02-23,16,6,1,Clear,3.24,29.3,WeekendDeal,None,72,61,-11
R003,2025-02-23,17,6,1,Clear,3.24,29.3,WeekendDeal,None,54,43,-11
R003,2025-02-23,18,6,1,Clear,3.24,29.3,WeekendDeal,None,71,76,5
R003,2025-02-23,19,6,1,Clear,3.24,29.3,WeekendDeal,None,110,117,7
R003,2025-02-23,20,6,1,Clear,3.24,29.3,WeekendDeal,None,131,108,-23
R003,2025-02-23,21,6,1,Clear,3.24,29.3,WeekendDeal,None,106,72,-34
R003,2025-02-23,22,6,1,Clear,3.24,29.3,WeekendDeal,None,57,52,-5
R003,2025-02-24,8,0,0,Rain,28.67,21.7,WeekendDeal,None,9,10,1
R003,2025-02-24,9,0,0,Rain,28.67,21.7,WeekendDeal,None,23,21,-2
R003,2025-02-24,10,0,0,Rain,28.67,21.7,WeekendDeal,None,45,31,-14
R003,2025-02-24,11,0,0,Rain,28.67,21.7,WeekendDeal,None,73,83,10
R003,2025-02-24,12,0,0,Rain,28.67,21.7,WeekendDeal,None,97,99,2
R003,2025-02-24,13,0,0,Rain,28.67,21.7,WeekendDeal,None,107,110,3
R003,2025-02-24,14,0,0,Rain,28.67,21.7,WeekendDeal,None,97,119,22
R003,2025-02-24,15,0,0,Rain,28.67,21.7,WeekendDeal,None,73,68,-5
R003,2025-02-24,16,0,0,Rain,28.67,21.7,WeekendDeal,None,48,42,-6
R003,2025-02-24,17,0,0,Rain,28.67,21.7,WeekendDeal,None,36,36,0
R003,2025-02-24,18,0,0,Rain,28.67,21.7,WeekendDeal,None,47,43,-4
R003,2025-02-24,19,0,0,Rain,28.67,21.7,WeekendDeal,None,73,73,0
R003,2025-02-24,20,0,0,Rain,28.67,21.7,WeekendDeal,None,87,77,-10
R003,2025-02-24,21,0,0,Rain,28.67,21.7,WeekendDeal,None,70,82,12
R003,2025-02-24,22,0,0,Rain,28.67,21.7,WeekendDeal,None,38,30,-8
R003,2025-02-25,8,1,0,Cloudy,4.53,24.1,WeekendDeal,Festival,14,17,3
R003,2025-02-25,9,1,0,Cloudy,4.53,24.1,WeekendDeal,Festival,33,37,4
R003,2025-02-25,10,1,0,Cloudy,4.53,24.1,WeekendDeal,Festival,66,75,9
R003,2025-02-25,11,1,0,Cloudy,4.53,24.1,WeekendDeal,Festival,107,97,-10
R003,2025-02-25,12,1,0,Cloudy,4.53,24.1,WeekendDeal,Festival,144,148,4
R003,2025-02-25,13,1,0,Cloudy,4.53,24.1,WeekendDeal,Festival,158,192,34
R003,2025-02-25,14,1,0,Cloudy,4.53,24.1,WeekendDeal,Festival,144,141,-3
R003,2025-02-25,15,1,0,Cloudy,4.53,24.1,WeekendDeal,Festival,108,141,33
R003,2025-02-25,16,1,0,Cloudy,4.53,24.1,WeekendDeal,Festival,70,78,8
R003,2025-02-25,17,1,0,Cloudy,4.53,24.1,WeekendDeal,Festival,53,56,3
R003,2025-02-25,18,1,0,Cloudy,4.53,24.1,WeekendDeal,Festival,69,69,0
R003,2025-02-25,19,1,0,Cloudy,4.53,24.1,WeekendDeal,Festival,108,85,-23
R003,2025-02-25,20,1,0,Cloudy,4.53,24.1,WeekendDeal,Festival,128,115,-13
R003,2025-02-25,21,1,0,Cloudy,4.53,24.1,WeekendDeal,Festival,103,130,27
R003,2025-02-25,22,1,0,Cloudy,4.53,24.1,WeekendDeal,Festival,55,55,0
R003,2025-02-26,8,2,0,Storm,26.25,21.4,FestivalOffer,Festival,9,10,1
R003,2025-02-26,9,2,0,Storm,26.25,21.4,FestivalOffer,Festival,23,21,-2
R003,2025-02-26,10,2,0,Storm,26.25,21.4,FestivalOffer,Festival,45,52,7
R003,2025-02-26,11,2,0,Storm,26.25,21.4,FestivalOffer,Festival,73,74,1
R003,2025-02-26,12,2,0,Storm,26.25,21.4,FestivalOffer,Festival,98,93,-5
R003,2025-02-26,13,2,0,Storm,26.25,21.4,FestivalOffer,Festival,108,108,0
R003,2025-02-26,14,2,0,Storm,26.25,21.4,FestivalOffer,Festival,98,105,7
R003,2025-02-26,15,2,0,Storm,26.25,21.4,FestivalOffer,Festival,74,72,-2
R003,2025-02-26,16,2,0,Storm,26.25,21.4,FestivalOffer,Festival,48,44,-4
R003,2025-02-26,17,2,0,Storm,26.25,21.4,FestivalOffer,Festival,36,39,3
R003,2025-02-26,18,2,0,Storm,26.25,21.4,FestivalOffer,Festival,47,40,-7
R003,2025-02-26,19,2,0,Storm,26.25,21.4,FestivalOffer,Festival,74,75,1
R003,2025-02-26,20,2,0,Storm,26.25,21.4,FestivalOffer,Festival,88,88,0
R003,2025-02-26,21,2,0,Storm,26.25,21.4,FestivalOffer,Festival,71,71,0
R003,2025-02-26,22,2,0,Storm,26.25,21.4,FestivalOffer,Festival,38,38,0
R003,2025-02-27,8,3,0,Storm,6.16,35.7,FestivalOffer,SportsMatch,9,8,-1
R003,2025-02-27,9,3,0,Storm,6.16,35.7,FestivalOffer,SportsMatch,22,15,-7
R003,2025-02-27,10,3,0,Storm,6.16,35.7,FestivalOffer,SportsMatch,43,46,3
R003,2025-02-27,11,3,0,Storm,6.16,35.7,FestivalOffer,SportsMatch,70,81,11
R003,2025-02-27,12,3,0,Storm,6.16,35.7,FestivalOffer,SportsMatch,93,83,-10
R003,2025-02-27,13,3,0,Storm,6.16,35.7,FestivalOffer,SportsMatch,103,83,-20
R003,2025-02-27,14,3,0,Storm,6.16,35.7,FestivalOffer,SportsMatch,93,100,7
R003,2025-02-27,15,3,0,Storm,6.16,35.7,FestivalOffer,SportsMatch,70,79,9
R003,2025-02-27,16,3,0,Storm,6.16,35.7,FestivalOffer,SportsMatch,46,46,0
R003,2025-02-27,17,3,0,Storm,6.16,35.7,FestivalOffer,SportsMatch,34,43,9
R003,2025-02-27,18,3,0,Storm,6.16,35.7,FestivalOffer,SportsMatch,45,47,2
R003,2025-02-27,19,3,0,Storm,6.16,35.7,FestivalOffer,SportsMatch,70,70,0
R003,2025-02-27,20,3,0,Storm,6.16,35.7,FestivalOffer,SportsMatch,83,89,6
R003,2025-02-27,21,3,0,Storm,6.16,35.7,FestivalOffer,SportsMatch,67,63,-4
R003,2025-02-27,22,3,0,Storm,6.16,35.7,FestivalOffer,SportsMatch,36,38,2
R003,2025-02-28,8,4,0,Rain,4.41,37.3,WeekendDeal,None,9,13,4
R003,2025-02-28,9,4,0,Rain,4.41,37.3,WeekendDeal,None,23,23,0
R003,2025-02-28,10,4,0,Rain,4.41,37.3,WeekendDeal,None,45,40,-5
R003,2025-02-28,11,4,0,Rain,4.41,37.3,WeekendDeal,None,73,81,8
R003,2025-02-28,12,4,0,Rain,4.41,37.3,WeekendDeal,None,97,79,-18
R003,2025-02-28,13,4,0,Rain,4.41,37.3,WeekendDeal,None,107,119,12
R003,2025-02-28,14,4,0,Rain,4.41,37.3,WeekendDeal,None,97,109,12
R003,2025-02-28,15,4,0,Rain,4.41,37.3,WeekendDeal,None,73,56,-17
R003,2025-02-28,16,4,0,Rain,4.41,37.3,WeekendDeal,None,48,47,-1
R003,2025-02-28,17,4,0,Rain,4.41,37.3,WeekendDeal,None,36,23,-13
R003,2025-02-28,18,4,0,Rain,4.41,37.3,WeekendDeal,None,47,59,12
R003,2025-02-28,19,4,0,Rain,4.41,37.3,WeekendDeal,None,73,74,1
R003,2025-02-28,20,4,0,Rain,4.41,37.3,WeekendDeal,None,87,93,6
R003,2025-02-28,21,4,0,Rain,4.41,37.3,WeekendDeal,None,70,63,-7
R003,2025-02-28,22,4,0,Rain,4.41,37.3,WeekendDeal,None,38,28,-10
R003,2025-03-01,8,5,1,Rain,3.47,34.3,FestivalOffer,None,12,14,2
R003,2025-03-01,9,5,1,Rain,3.47,34.3,FestivalOffer,None,28,25,-3
R003,2025-03-01,10,5,1,Rain,3.47,34.3,FestivalOffer,None,55,55,0
R003,2025-03-01,11,5,1,Rain,3.47,34.3,FestivalOffer,None,90,82,-8
R003,2025-03-01,12,5,1,Rain,3.47,34.3,FestivalOffer,None,121,129,8
R003,2025-03-01,13,5,1,Rain,3.47,34.3,FestivalOffer,None,133,139,6
R003,2025-03-01,14,5,1,Rain,3.47,34.3,FestivalOffer,None,121,137,16
R003,2025-03-01,15,5,1,Rain,3.47,34.3,FestivalOffer,None,91,78,-13
R003,2025-03-01,16,5,1,Rain,3.47,34.3,FestivalOffer,None,59,61,2
R003,2025-03-01,17,5,1,Rain,3.47,34.3,FestivalOffer,None,45,41,-4
R003,2025-03-01,18,5,1,Rain,3.47,34.3,FestivalOffer,None,58,51,-7
R003,2025-03-01,19,5,1,Rain,3.47,34.3,FestivalOffer,None,91,82,-9
R003,2025-03-01,20,5,1,Rain,3.47,34.3,FestivalOffer,None,108,113,5
R003,2025-03-01,21,5,1,Rain,3.47,34.3,FestivalOffer,None,87,82,-5
R003,2025-03-01,22,5,1,Rain,3.47,34.3,FestivalOffer,None,47,31,-16
R003,2025-03-02,8,6,1,Storm,30.97,29.2,FestivalOffer,None,10,11,1
R003,2025-03-02,9,6,1,Storm,30.97,29.2,FestivalOffer,None,23,30,7
R003,2025-03-02,10,6,1,Storm,30.97,29.2,FestivalOffer,None,46,46,0
R003,2025-03-02,11,6,1,Storm,30.97,29.2,FestivalOffer,None,75,78,3
R003,2025-03-02,12,6,1,Storm,30.97,29.2,FestivalOffer,None,101,124,23
R003,2025-03-02,13,6,1,Storm,30.97,29.2,FestivalOffer,None,111,120,9
R003,2025-03-02,14,6,1,Storm,30.97,29.2,FestivalOffer,None,101,84,-17
R003,2025-03-02,15,6,1,Storm,30.97,29.2,FestivalOffer,None,76,72,-4
R003,2025-03-02,16,6,1,Storm,30.97,29.2,FestivalOffer,None,49,56,7
R003,2025-03-02,17,6,1,Storm,30.97,29.2,FestivalOffer,None,37,37,0
R003,2025-03-02,18,6,1,Storm,30.97,29.2,FestivalOffer,None,49,53,4
R003,2025-03-02,19,6,1,Storm,30.97,29.2,FestivalOffer,None,76,64,-12
R003,2025-03-02,20,6,1,Storm,30.97,29.2,FestivalOffer,None,90,87,-3
R003,2025-03-02,21,6,1,Storm,30.97,29.2,FestivalOffer,None,73,81,8
R003,2025-03-02,22,6,1,Storm,30.97,29.2,FestivalOffer,None,39,44,5
R003,2025-03-03,8,0,0,Storm,1.32,32.3,None,Festival,8,9,1
R003,2025-03-03,9,0,0,Storm,1.32,32.3,None,Festival,19,23,4
R003,2025-03-03,10,0,0,Storm,1.32,32.3,None,Festival,38,38,0
R003,2025-03-03,11,0,0,Storm,1.32,32.3,None,Festival,62,70,8
R003,2025-03-03,12,0,0,Storm,1.32,32.3,None,Festival,83,78,-5
R003,2025-03-03,13,0,0,Storm,1.32,32.3,None,Festival,92,81,-11
R003,2025-03-03,14,0,0,Storm,1.32,32.3,None,Festival,83,80,-3
R003,2025-03-03,15,0,0,Storm,1.32,32.3,None,Festival,63,56,-7
R003,2025-03-03,16,0,0,Storm,1.32,32.3,None,Festival,41,46,5
R003,2025-03-03,17,0,0,Storm,1.32,32.3,None,Festival,31,31,0
R003,2025-03-03,18,0,0,Storm,1.32,32.3,None,Festival,40,30,-10
R003,2025-03-03,19,0,0,Storm,1.32,32.3,None,Festival,62,58,-4
R003,2025-03-03,20,0,0,Storm,1.32,32.3,None,Festival,74,98,24
R003,2025-03-03,21,0,0,Storm,1.32,32.3,None,Festival,60,67,7
R003,2025-03-03,22,0,0,Storm,1.32,32.3,None,Festival,32,32,0
R003,2025-03-04,8,1,0,Rain,30.61,32.9,HappyHour,LocalEvent,10,10,0
R003,2025-03-04,9,1,0,Rain,30.61,32.9,HappyHour,LocalEvent,23,20,-3
R003,2025-03-04,10,1,0,Rain,30.61,32.9,HappyHour,LocalEvent,46,45,-1
R003,2025-03-04,11,1,0,Rain,30.61,32.9,HappyHour,LocalEvent,75,61,-14
R003,2025-03-04,12,1,0,Rain,30.61,32.9,HappyHour,LocalEvent,100,97,-3
R003,2025-03-04,13,1,0,Rain,30.61,32.9,HappyHour,LocalEvent,111,129,18
R003,2025-03-04,14,1,0,Rain,30.61,32.9,HappyHour,LocalEvent,101,67,-34
R003,2025-03-04,15,1,0,Rain,30.61,32.9,HappyHour,LocalEvent,75,53,-22
R003,2025-03-04,16,1,0,Rain,30.61,32.9,HappyHour,LocalEvent,49,55,6
R003,2025-03-04,17,1,0,Rain,30.61,32.9,HappyHour,LocalEvent,37,43,6
R003,2025-03-04,18,1,0,Rain,30.61,32.9,HappyHour,LocalEvent,48,47,-1
R003,2025-03-04,19,1,0,Rain,30.61,32.9,HappyHour,LocalEvent,75,75,0
R003,2025-03-04,20,1,0,Rain,30.61,32.9,HappyHour,LocalEvent,90,91,1
R003,2025-03-04,21,1,0,Rain,30.61,32.9,HappyHour,LocalEvent,72,75,3
R003,2025-03-04,22,1,0,Rain,30.61,32.9,HappyHour,LocalEvent,39,37,-2
R003,2025-03-05,8,2,0,Storm,14.05,25.1,WeekendDeal,None,8,9,1
R003,2025-03-05,9,2,0,Storm,14.05,25.1,WeekendDeal,None,19,17,-2
R003,2025-03-05,10,2,0,Storm,14.05,25.1,WeekendDeal,None,37,30,-7
R003,2025-03-05,11,2,0,Storm,14.05,25.1,WeekendDeal,None,61,66,5
R003,2025-03-05,12,2,0,Storm,14.05,25.1,WeekendDeal,None,81,79,-2
R003,2025-03-05,13,2,0,Storm,14.05,25.1,WeekendDeal,None,89,93,4
R003,2025-03-05,14,2,0,Storm,14.05,25.1,WeekendDeal,None,81,98,17
R003,2025-03-05,15,2,0,Storm,14.05,25.1,WeekendDeal,None,61,70,9
R003,2025-03-05,16,2,0,Storm,14.05,25.1,WeekendDeal,None,40,42,2
R003,2025-03-05,17,2,0,Storm,14.05,25.1,WeekendDeal,None,30,23,-7
R003,2025-03-05,18,2,0,Storm,14.05,25.1,WeekendDeal,None,39,37,-2
R003,2025-03-05,19,2,0,Storm,14.05,25.1,WeekendDeal,None,61,59,-2
R003,2025-03-05,20,2,0,Storm,14.05,25.1,WeekendDeal,None,72,64,-8
R003,2025-03-05,21,2,0,Storm,14.05,25.1,WeekendDeal,None,58,64,6
R003,2025-03-05,22,2,0,Storm,14.05,25.1,WeekendDeal,None,31,35,4
R003,2025-03-06,8,3,0,Rain,26.24,22.2,WeekendDeal,Festival,11,14,3
R003,2025-03-06,9,3,0,Rain,26.24,22.2,WeekendDeal,Festival,26,29,3
R003,2025-03-06,10,3,0,Rain,26.24,22.2,WeekendDeal,Festival,51,43,-8
R003,2025-03-06,11,3,0,Rain,26.24,22.2,WeekendDeal,Festival,84,81,-3
R003,2025-03-06,12,3,0,Rain,26.24,22.2,WeekendDeal,Festival,112,108,-4
R003,2025-03-06,13,3,0,Rain,26.24,22.2,WeekendDeal,Festival,123,116,-7
R003,2025-03-06,14,3,0,Rain,26.24,22.2,WeekendDeal,Festival,112,126,14
R003,2025-03-06,15,3,0,Rain,26.24,22.2,WeekendDeal,Festival,84,100,16
R003,2025-03-06,16,3,0,Rain,26.24,22.2,WeekendDeal,Festival,55,63,8
R003,2025-03-06,17,3,0,Rain,26.24,22.2,WeekendDeal,Festival,41,41,0
R003,2025-03-06,18,3,0,Rain,26.24,22.2,WeekendDeal,Festival,54,53,-1
R003,2025-03-06,19,3,0,Rain,26.24,22.2,WeekendDeal,Festival,84,71,-13
R003,2025-03-06,20,3,0,Rain,26.24,22.2,WeekendDeal,Festival,100,94,-6
R003,2025-03-06,21,3,0,Rain,26.24,22.2,WeekendDeal,Festival,81,97,16
R003,2025-03-06,22,3,0,Rain,26.24,22.2,WeekendDeal,Festival,43,41,-2
R003,2025-03-07,8,4,0,Cloudy,4.85,28.8,HappyHour,None,12,11,-1
R003,2025-03-07,9,4,0,Cloudy,4.85,28.8,HappyHour,None,28,23,-5
R003,2025-03-07,10,4,0,Cloudy,4.85,28.8,HappyHour,None,55,56,1
R003,2025-03-07,11,4,0,Cloudy,4.85,28.8,HappyHour,None,90,86,-4
R003,2025-03-07,12,4,0,Cloudy,4.85,28.8,HappyHour,None,120,122,2
R003,2025-03-07,13,4,0,Cloudy,4.85,28.8,HappyHour,None,133,144,11
R003,2025-03-07,14,4,0,Cloudy,4.85,28.8,HappyHour,None,120,124,4
R003,2025-03-07,15,4,0,Cloudy,4.85,28.8,HappyHour,None,90,68,-22
R003,2025-03-07,16,4,0,Cloudy,4.85,28.8,HappyHour,None,59,58,-1
R003,2025-03-07,17,4,0,Cloudy,4.85,28.8,HappyHour,None,44,44,0
R003,2025-03-07,18,4,0,Cloudy,4.85,28.8,HappyHour,None,58,55,-3
R003,2025-03-07,19,4,0,Cloudy,4.85,28.8,HappyHour,None,90,62,-28
R003,2025-03-07,20,4,0,Cloudy,4.85,28.8,HappyHour,None,107,112,5
R003,2025-03-07,21,4,0,Cloudy,4.85,28.8,HappyHour,None,87,81,-6
R003,2025-03-07,22,4,0,Cloudy,4.85,28.8,HappyHour,None,47,62,15
R003,2025-03-08,8,5,1,Cloudy,2.74,31.5,HappyHour,None,14,14,0
R003,2025-03-08,9,5,1,Cloudy,2.74,31.5,HappyHour,None,33,41,8
R003,2025-03-08,10,5,1,Cloudy,2.74,31.5,HappyHour,None,65,79,14
R003,2025-03-08,11,5,1,Cloudy,2.74,31.5,HappyHour,None,106,86,-20
R003,2025-03-08,12,5,1,Cloudy,2.74,31.5,HappyHour,None,142,178,36
R003,2025-03-08,13,5,1,Cloudy,2.74,31.5,HappyHour,None,156,89,-67
R003,2025-03-08,14,5,1,Cloudy,2.74,31.5,HappyHour,None,142,103,-39
R003,2025-03-08,15,5,1,Cloudy,2.74,31.5,HappyHour,None,107,118,11
R003,2025-03-08,16,5,1,Cloudy,2.74,31.5,HappyHour,None,70,45,-25
R003,2025-03-08,17,5,1,Cloudy,2.74,31.5,HappyHour,None,52,58,6
R003,2025-03-08,18,5,1,Cloudy,2.74,31.5,HappyHour,None,68,73,5
R003,2025-03-08,19,5,1,Cloudy,2.74,31.5,HappyHour,None,106,116,10
R003,2025-03-08,20,5,1,Cloudy,2.74,31.5,HappyHour,None,126,134,8
R003,2025-03-08,21,5,1,Cloudy,2.74,31.5,HappyHour,None,102,73,-29
R003,2025-03-08,22,5,1,Cloudy,2.74,31.5,HappyHour,None,55,58,3
R003,2025-03-09,8,6,1,Clear,2.86,29.7,None,LocalEvent,13,13,0
R003,2025-03-09,9,6,1,Clear,2.86,29.7,None,LocalEvent,32,33,1
R003,2025-03-09,10,6,1,Clear,2.86,29.7,None,LocalEvent,64,48,-16
R003,2025-03-09,11,6,1,Clear,2.86,29.7,None,LocalEvent,105,108,3
R003,2025-03-09,12,6,1,Clear,2.86,29.7,None,LocalEvent,141,151,10
R003,2025-03-09,13,6,1,Clear,2.86,29.7,None,LocalEvent,155,154,-1
R003,2025-03-09,14,6,1,Clear,2.86,29.7,None,LocalEvent,141,127,-14
R003,2025-03-09,15,6,1,Clear,2.86,29.7,None,LocalEvent,106,97,-9
R003,2025-03-09,16,6,1,Clear,2.86,29.7,None,LocalEvent,69,68,-1
R003,2025-03-09,17,6,1,Clear,2.86,29.7,None,LocalEvent,52,50,-2
R003,2025-03-09,18,6,1,Clear,2.86,29.7,None,LocalEvent,68,66,-2
R003,2025-03-09,19,6,1,Clear,2.86,29.7,None,LocalEvent,105,103,-2
R003,2025-03-09,20,6,1,Clear,2.86,29.7,None,LocalEvent,125,119,-6
R003,2025-03-09,21,6,1,Clear,2.86,29.7,None,LocalEvent,101,95,-6
R003,2025-03-09,22,6,1,Clear,2.86,29.7,None,LocalEvent,54,46,-8
R003,2025-03-10,8,0,0,Cloudy,3.51,29.4,None,LocalEvent,11,14,3
R003,2025-03-10,9,0,0,Cloudy,3.51,29.4,None,LocalEvent,28,37,9
R003,2025-03-10,10,0,0,Cloudy,3.51,29.4,None,LocalEvent,55,50,-5
R003,2025-03-10,11,0,0,Cloudy,3.51,29.4,None,LocalEvent,89,101,12
R003,2025-03-10,12,0,0,Cloudy,3.51,29.4,None,LocalEvent,119,162,43
R003,2025-03-10,13,0,0,Cloudy,3.51,29.4,None,LocalEvent,131,150,19
R003,2025-03-10,14,0,0,Cloudy,3.51,29.4,None,LocalEvent,119,146,27
R003,2025-03-10,15,0,0,Cloudy,3.51,29.4,None,LocalEvent,90,85,-5
R003,2025-03-10,16,0,0,Cloudy,3.51,29.4,None,LocalEvent,58,71,13
R003,2025-03-10,17,0,0,Cloudy,3.51,29.4,None,LocalEvent,44,47,3
R003,2025-03-10,18,0,0,Cloudy,3.51,29.4,None,LocalEvent,57,50,-7
R003,2025-03-10,19,0,0,Cloudy,3.51,29.4,None,LocalEvent,89,86,-3
R003,2025-03-10,20,0,0,Cloudy,3.51,29.4,None,LocalEvent,106,91,-15
R003,2025-03-10,21,0,0,Cloudy,3.51,29.4,None,LocalEvent,86,97,11
R003,2025-03-10,22,0,0,Cloudy,3.51,29.4,None,LocalEvent,46,57,11
R003,2025-03-11,8,1,0,Clear,3.92,34.8,HappyHour,SportsMatch,13,16,3
R003,2025-03-11,9,1,0,Clear,3.92,34.8,HappyHour,SportsMatch,30,31,1
R003,2025-03-11,10,1,0,Clear,3.92,34.8,HappyHour,SportsMatch,60,69,9
R003,2025-03-11,11,1,0,Clear,3.92,34.8,HappyHour,SportsMatch,98,105,7
R003,2025-03-11,12,1,0,Clear,3.92,34.8,HappyHour,SportsMatch,131,134,3
R003,2025-03-11,13,1,0,Clear,3.92,34.8,HappyHour,SportsMatch,145,110,-35
R003,2025-03-11,14,1,0,Clear,3.92,34.8,HappyHour,SportsMatch,131,143,12
R003,2025-03-11,15,1,0,Clear,3.92,34.8,HappyHour,SportsMatch,99,105,6
R003,2025-03-11,16,1,0,Clear,3.92,34.8,HappyHour,SportsMatch,64,41,-23
R003,2025-03-11,17,1,0,Clear,3.92,34.8,HappyHour,SportsMatch,48,38,-10
R003,2025-03-11,18,1,0,Clear,3.92,34.8,HappyHour,SportsMatch,63,58,-5
R003,2025-03-11,19,1,0,Clear,3.92,34.8,HappyHour,SportsMatch,98,113,15
R003,2025-03-11,20,1,0,Clear,3.92,34.8,HappyHour,SportsMatch,117,124,7
R003,2025-03-11,21,1,0,Clear,3.92,34.8,HappyHour,SportsMatch,94,104,10
R003,2025-03-11,22,1,0,Clear,3.92,34.8,HappyHour,SportsMatch,51,49,-2
R003,2025-03-12,8,2,0,Rain,30.04,24.9,FestivalOffer,Festival,11,9,-2
R003,2025-03-12,9,2,0,Rain,30.04,24.9,FestivalOffer,Festival,27,22,-5
R003,2025-03-12,10,2,0,Rain,30.04,24.9,FestivalOffer,Festival,54,61,7
R003,2025-03-12,11,2,0,Rain,30.04,24.9,FestivalOffer,Festival,88,93,5
R003,2025-03-12,12,2,0,Rain,30.04,24.9,FestivalOffer,Festival,118,117,-1
R003,2025-03-12,13,2,0,Rain,30.04,24.9,FestivalOffer,Festival,130,129,-1
R003,2025-03-12,14,2,0,Rain,30.04,24.9,FestivalOffer,Festival,118,127,9
R003,2025-03-12,15,2,0,Rain,30.04,24.9,FestivalOffer,Festival,89,98,9
R003,2025-03-12,16,2,0,Rain,30.04,24.9,FestivalOffer,Festival,58,55,-3
R003,2025-03-12,17,2,0,Rain,30.04,24.9,FestivalOffer,Festival,43,37,-6
R003,2025-03-12,18,2,0,Rain,30.04,24.9,FestivalOffer,Festival,57,65,8
R003,2025-03-12,19,2,0,Rain,30.04,24.9,FestivalOffer,Festival,88,91,3
R003,2025-03-12,20,2,0,Rain,30.04,24.9,FestivalOffer,Festival,105,75,-30
R003,2025-03-12,21,2,0,Rain,30.04,24.9,FestivalOffer,Festival,85,88,3
R003,2025-03-12,22,2,0,Rain,30.04,24.9,FestivalOffer,Festival,46,47,1
R003,2025-03-13,8,3,0,Cloudy,3.1,31.9,WeekendDeal,None,12,15,3
R003,2025-03-13,9,3,0,Cloudy,3.1,31.9,WeekendDeal,None,29,23,-6
R003,2025-03-13,10,3,0,Cloudy,3.1,31.9,WeekendDeal,None,57,56,-1
R003,2025-03-13,11,3,0,Cloudy,3.1,31.9,WeekendDeal,None,93,75,-18
R003,2025-03-13,12,3,0,Cloudy,3.1,31.9,WeekendDeal,None,125,109,-16
R003,2025-03-13,13,3,0,Cloudy,3.1,31.9,WeekendDeal,None,138,156,18
R003,2025-03-13,14,3,0,Cloudy,3.1,31.9,WeekendDeal,None,125,127,2
R003,2025-03-13,15,3,0,Cloudy,3.1,31.9,WeekendDeal,None,94,80,-14
R003,2025-03-13,16,3,0,Cloudy,3.1,31.9,WeekendDeal,None,61,64,3
R003,2025-03-13,17,3,0,Cloudy,3.1,31.9,WeekendDeal,None,46,53,7
R003,2025-03-13,18,3,0,Cloudy,3.1,31.9,WeekendDeal,None,60,55,-5
R003,2025-03-13,19,3,0,Cloudy,3.1,31.9,WeekendDeal,None,94,100,6
R003,2025-03-13,20,3,0,Cloudy,3.1,31.9,WeekendDeal,None,111,114,3
R003,2025-03-13,21,3,0,Cloudy,3.1,31.9,WeekendDeal,None,90,78,-12
R003,2025-03-13,22,3,0,Cloudy,3.1,31.9,WeekendDeal,None,48,46,-2
R003,2025-03-14,8,4,0,Clear,4.37,22.9,WeekendDeal,None,12,9,-3
R003,2025-03-14,9,4,0,Clear,4.37,22.9,WeekendDeal,None,29,35,6
R003,2025-03-14,10,4,0,Clear,4.37,22.9,WeekendDeal,None,57,46,-11
R003,2025-03-14,11,4,0,Clear,4.37,22.9,WeekendDeal,None,93,68,-25
R003,2025-03-14,12,4,0,Clear,4.37,22.9,WeekendDeal,None,125,109,-16
R003,2025-03-14,13,4,0,Clear,4.37,22.9,WeekendDeal,None,138,147,9
R003,2025-03-14,14,4,0,Clear,4.37,22.9,WeekendDeal,None,125,112,-13
R003,2025-03-14,15,4,0,Clear,4.37,22.9,WeekendDeal,None,94,90,-4
R003,2025-03-14,16,4,0,Clear,4.37,22.9,WeekendDeal,None,61,59,-2
R003,2025-03-14,17,4,0,Clear,4.37,22.9,WeekendDeal,None,46,40,-6
R003,2025-03-14,18,4,0,Clear,4.37,22.9,WeekendDeal,None,60,53,-7
R003,2025-03-14,19,4,0,Clear,4.37,22.9,WeekendDeal,None,94,69,-25
R003,2025-03-14,20,4,0,Clear,4.37,22.9,WeekendDeal,None,111,101,-10
R003,2025-03-14,21,4,0,Clear,4.37,22.9,WeekendDeal,None,90,90,0
R003,2025-03-14,22,4,0,Clear,4.37,22.9,WeekendDeal,None,48,44,-4
R003,2025-03-15,8,5,1,Cloudy,1.3,32.8,None,None,13,14,1
R003,2025-03-15,9,5,1,Cloudy,1.3,32.8,None,None,30,34,4
R003,2025-03-15,10,5,1,Cloudy,1.3,32.8,None,None,60,43,-17
R003,2025-03-15,11,5,1,Cloudy,1.3,32.8,None,None,98,79,-19
R003,2025-03-15,12,5,1,Cloudy,1.3,32.8,None,None,131,149,18
R003,2025-03-15,13,5,1,Cloudy,1.3,32.8,None,None,145,173,28
R003,2025-03-15,14,5,1,Cloudy,1.3,32.8,None,None,131,104,-27
R003,2025-03-15,15,5,1,Cloudy,1.3,32.8,None,None,99,125,26
R003,2025-03-15,16,5,1,Cloudy,1.3,32.8,None,None,64,82,18
R003,2025-03-15,17,5,1,Cloudy,1.3,32.8,None,None,48,49,1
R003,2025-03-15,18,5,1,Cloudy,1.3,32.8,None,None,63,74,11
R003,2025-03-15,19,5,1,Cloudy,1.3,32.8,None,None,99,109,10
R003,2025-03-15,20,5,1,Cloudy,1.3,32.8,None,None,117,89,-28
R003,2025-03-15,21,5,1,Cloudy,1.3,32.8,None,None,95,98,3
R003,2025-03-15,22,5,1,Cloudy,1.3,32.8,None,None,51,52,1
R003,2025-03-16,8,6,1,Clear,2.21,28.8,WeekendDeal,LocalEvent,15,15,0
R003,2025-03-16,9,6,1,Clear,2.21,28.8,WeekendDeal,LocalEvent,36,22,-14
R003,2025-03-16,10,6,1,Clear,2.21,28.8,WeekendDeal,LocalEvent,72,75,3
R003,2025-03-16,11,6,1,Clear,2.21,28.8,WeekendDeal,LocalEvent,117,94,-23
R003,2025-03-16,12,6,1,Clear,2.21,28.8,WeekendDeal,LocalEvent,157,169,12
R003,2025-03-16,13,6,1,Clear,2.21,28.8,WeekendDeal,LocalEvent,174,212,38
R003,2025-03-16,14,6,1,Clear,2.21,28.8,WeekendDeal,LocalEvent,158,181,23
R003,2025-03-16,15,6,1,Clear,2.21,28.8,WeekendDeal,LocalEvent,118,146,28
R003,2025-03-16,16,6,1,Clear,2.21,28.8,WeekendDeal,LocalEvent,77,79,2
R003,2025-03-16,17,6,1,Clear,2.21,28.8,WeekendDeal,LocalEvent,58,62,4
R003,2025-03-16,18,6,1,Clear,2.21,28.8,WeekendDeal,LocalEvent,76,59,-17
R003,2025-03-16,19,6,1,Clear,2.21,28.8,WeekendDeal,LocalEvent,118,134,16
R003,2025-03-16,20,6,1,Clear,2.21,28.8,WeekendDeal,LocalEvent,140,130,-10
R003,2025-03-16,21,6,1,Clear,2.21,28.8,WeekendDeal,LocalEvent,113,79,-34
R003,2025-03-16,22,6,1,Clear,2.21,28.8,WeekendDeal,LocalEvent,61,71,10
R003,2025-03-17,8,0,0,Cloudy,4.59,24.7,FestivalOffer,None,13,11,-2
R003,2025-03-17,9,0,0,Cloudy,4.59,24.7,FestivalOffer,None,30,21,-9
R003,2025-03-17,10,0,0,Cloudy,4.59,24.7,FestivalOffer,None,60,59,-1
R003,2025-03-17,11,0,0,Cloudy,4.59,24.7,FestivalOffer,None,98,120,22
R003,2025-03-17,12,0,0,Cloudy,4.59,24.7,FestivalOffer,None,132,85,-47
R003,2025-03-17,13,0,0,Cloudy,4.59,24.7,FestivalOffer,None,145,125,-20
R003,2025-03-17,14,0,0,Cloudy,4.59,24.7,FestivalOffer,None,132,145,13
R003,2025-03-17,15,0,0,Cloudy,4.59,24.7,FestivalOffer,None,99,113,14
R003,2025-03-17,16,0,0,Cloudy,4.59,24.7,FestivalOffer,None,64,53,-11
R003,2025-03-17,17,0,0,Cloudy,4.59,24.7,FestivalOffer,None,48,39,-9
R003,2025-03-17,18,0,0,Cloudy,4.59,24.7,FestivalOffer,None,63,52,-11
R003,2025-03-17,19,0,0,Cloudy,4.59,24.7,FestivalOffer,None,99,72,-27
R003,2025-03-17,20,0,0,Cloudy,4.59,24.7,FestivalOffer,None,117,144,27
R003,2025-03-17,21,0,0,Cloudy,4.59,24.7,FestivalOffer,None,95,100,5
R003,2025-03-17,22,0,0,Cloudy,4.59,24.7,FestivalOffer,None,51,47,-4
R003,2025-03-18,8,1,0,Storm,30.41,33.3,WeekendDeal,Festival,9,7,-2
R003,2025-03-18,9,1,0,Storm,30.41,33.3,WeekendDeal,Festival,22,13,-9
R003,2025-03-18,10,1,0,Storm,30.41,33.3,WeekendDeal,Festival,43,48,5
R003,2025-03-18,11,1,0,Storm,30.41,33.3,WeekendDeal,Festival,70,57,-13
R003,2025-03-18,12,1,0,Storm,30.41,33.3,WeekendDeal,Festival,93,100,7
R003,2025-03-18,13,1,0,Storm,30.41,33.3,WeekendDeal,Festival,103,98,-5
R003,2025-03-18,14,1,0,Storm,30.41,33.3,WeekendDeal,Festival,93,91,-2
R003,2025-03-18,15,1,0,Storm,30.41,33.3,WeekendDeal,Festival,70,70,0
R003,2025-03-18,16,1,0,Storm,30.41,33.3,WeekendDeal,Festival,46,53,7
R003,2025-03-18,17,1,0,Storm,30.41,33.3,WeekendDeal,Festival,34,37,3
R003,2025-03-18,18,1,0,Storm,30.41,33.3,WeekendDeal,Festival,45,43,-2
R003,2025-03-18,19,1,0,Storm,30.41,33.3,WeekendDeal,Festival,70,52,-18
R003,2025-03-18,20,1,0,Storm,30.41,33.3,WeekendDeal,Festival,83,89,6
R003,2025-03-18,21,1,0,Storm,30.41,33.3,WeekendDeal,Festival,67,75,8
R003,2025-03-18,22,1,0,Storm,30.41,33.3,WeekendDeal,Festival,36,35,-1
R003,2025-03-19,8,2,0,Rain,24.54,22.9,FestivalOffer,Festival,11,10,-1
R003,2025-03-19,9,2,0,Rain,24.54,22.9,FestivalOffer,Festival,27,28,1
R003,2025-03-19,10,2,0,Rain,24.54,22.9,FestivalOffer,Festival,54,49,-5
R003,2025-03-19,11,2,0,Rain,24.54,22.9,FestivalOffer,Festival,88,85,-3
R003,2025-03-19,12,2,0,Rain,24.54,22.9,FestivalOffer,Festival,118,135,17
R003,2025-03-19,13,2,0,Rain,24.54,22.9,FestivalOffer,Festival,130,172,42
R003,2025-03-19,14,2,0,Rain,24.54,22.9,FestivalOffer,Festival,118,122,4
R003,2025-03-19,15,2,0,Rain,24.54,22.9,FestivalOffer,Festival,89,65,-24
R003,2025-03-19,16,2,0,Rain,24.54,22.9,FestivalOffer,Festival,58,37,-21
R003,2025-03-19,17,2,0,Rain,24.54,22.9,FestivalOffer,Festival,43,45,2
R003,2025-03-19,18,2,0,Rain,24.54,22.9,FestivalOffer,Festival,57,50,-7
R003,2025-03-19,19,2,0,Rain,24.54,22.9,FestivalOffer,Festival,88,89,1
R003,2025-03-19,20,2,0,Rain,24.54,22.9,FestivalOffer,Festival,105,111,6
R003,2025-03-19,21,2,0,Rain,24.54,22.9,FestivalOffer,Festival,85,89,4
R003,2025-03-19,22,2,0,Rain,24.54,22.9,FestivalOffer,Festival,46,42,-4
R003,2025-03-20,8,3,0,Rain,34.71,26.2,None,Festival,10,4,-6
R003,2025-03-20,9,3,0,Rain,34.71,26.2,None,Festival,23,29,6
R003,2025-03-20,10,3,0,Rain,34.71,26.2,None,Festival,46,38,-8
R003,2025-03-20,11,3,0,Rain,34.71,26.2,None,Festival,75,107,32
R003,2025-03-20,12,3,0,Rain,34.71,26.2,None,Festival,100,94,-6
R003,2025-03-20,13,3,0,Rain,34.71,26.2,None,Festival,110,110,0
R003,2025-03-20,14,3,0,Rain,34.71,26.2,None,Festival,100,91,-9
R003,2025-03-20,15,3,0,Rain,34.71,26.2,None,Festival,75,67,-8
R003,2025-03-20,16,3,0,Rain,34.71,26.2,None,Festival,49,44,-5
R003,2025-03-20,17,3,0,Rain,34.71,26.2,None,Festival,37,24,-13
R003,2025-03-20,18,3,0,Rain,34.71,26.2,None,Festival,48,39,-9
R003,2025-03-20,19,3,0,Rain,34.71,26.2,None,Festival,75,80,5
R003,2025-03-20,20,3,0,Rain,34.71,26.2,None,Festival,89,110,21
R003,2025-03-20,21,3,0,Rain,34.71,26.2,None,Festival,72,100,28
R003,2025-03-20,22,3,0,Rain,34.71,26.2,None,Festival,39,41,2
R003,2025-03-21,8,4,0,Rain,11.85,36.8,None,None,8,9,1
R003,2025-03-21,9,4,0,Rain,11.85,36.8,None,None,20,22,2
R003,2025-03-21,10,4,0,Rain,11.85,36.8,None,None,40,36,-4
R003,2025-03-21,11,4,0,Rain,11.85,36.8,None,None,65,83,18
R003,2025-03-21,12,4,0,Rain,11.85,36.8,None,None,87,80,-7
R003,2025-03-21,13,4,0,Rain,11.85,36.8,None,None,96,92,-4
R003,2025-03-21,14,4,0,Rain,11.85,36.8,None,None,87,98,11
R003,2025-03-21,15,4,0,Rain,11.85,36.8,None,None,65,54,-11
R003,2025-03-21,16,4,0,Rain,11.85,36.8,None,None,43,35,-8
R003,2025-03-21,17,4,0,Rain,11.85,36.8,None,None,32,27,-5
R003,2025-03-21,18,4,0,Rain,11.85,36.8,None,None,42,36,-6
R003,2025-03-21,19,4,0,Rain,11.85,36.8,None,None,65,72,7
R003,2025-03-21,20,4,0,Rain,11.85,36.8,None,None,77,66,-11
R003,2025-03-21,21,4,0,Rain,11.85,36.8,None,None,63,74,11
R003,2025-03-21,22,4,0,Rain,11.85,36.8,None,None,34,31,-3
R003,2025-03-22,8,5,1,Rain,10.84,34.0,None,Festival,11,10,-1
R003,2025-03-22,9,5,1,Rain,10.84,34.0,None,Festival,27,30,3
R003,2025-03-22,10,5,1,Rain,10.84,34.0,None,Festival,54,49,-5
R003,2025-03-22,11,5,1,Rain,10.84,34.0,None,Festival,88,77,-11
R003,2025-03-22,12,5,1,Rain,10.84,34.0,None,Festival,118,124,6
R003,2025-03-22,13,5,1,Rain,10.84,34.0,None,Festival,130,87,-43
R003,2025-03-22,14,5,1,Rain,10.84,34.0,None,Festival,118,143,25
R003,2025-03-22,15,5,1,Rain,10.84,34.0,None,Festival,89,102,13
R003,2025-03-22,16,5,1,Rain,10.84,34.0,None,Festival,58,56,-2
R003,2025-03-22,17,5,1,Rain,10.84,34.0,None,Festival,43,42,-1
R003,2025-03-22,18,5,1,Rain,10.84,34.0,None,Festival,57,76,19
R003,2025-03-22,19,5,1,Rain,10.84,34.0,None,Festival,88,91,3
R003,2025-03-22,20,5,1,Rain,10.84,34.0,None,Festival,105,98,-7
R003,2025-03-22,21,5,1,Rain,10.84,34.0,None,Festival,85,54,-31
R003,2025-03-22,22,5,1,Rain,10.84,34.0,None,Festival,46,42,-4
R003,2025-03-23,8,6,1,Cloudy,0.68,28.0,HappyHour,None,14,12,-2
R003,2025-03-23,9,6,1,Cloudy,0.68,28.0,HappyHour,None,33,32,-1
R003,2025-03-23,10,6,1,Cloudy,0.68,28.0,HappyHour,None,65,76,11
R003,2025-03-23,11,6,1,Cloudy,0.68,28.0,HappyHour,None,106,95,-11
R003,2025-03-23,12,6,1,Cloudy,0.68,28.0,HappyHour,None,142,119,-23
R003,2025-03-23,13,6,1,Cloudy,0.68,28.0,HappyHour,None,156,174,18
R003,2025-03-23,14,6,1,Cloudy,0.68,28.0,HappyHour,None,142,124,-18
R003,2025-03-23,15,6,1,Cloudy,0.68,28.0,HappyHour,None,107,90,-17
R003,2025-03-23,16,6,1,Cloudy,0.68,28.0,HappyHour,None,70,58,-12
R003,2025-03-23,17,6,1,Cloudy,0.68,28.0,HappyHour,None,52,53,1
R003,2025-03-23,18,6,1,Cloudy,0.68,28.0,HappyHour,None,68,57,-11
R003,2025-03-23,19,6,1,Cloudy,0.68,28.0,HappyHour,None,106,108,2
R003,2025-03-23,20,6,1,Cloudy,0.68,28.0,HappyHour,None,126,112,-14
R003,2025-03-23,21,6,1,Cloudy,0.68,28.0,HappyHour,None,102,120,18
R003,2025-03-23,22,6,1,Cloudy,0.68,28.0,HappyHour,None,55,63,8
R003,2025-03-24,8,0,0,Clear,3.87,21.7,WeekendDeal,None,12,14,2
R003,2025-03-24,9,0,0,Clear,3.87,21.7,WeekendDeal,None,29,23,-6
R003,2025-03-24,10,0,0,Clear,3.87,21.7,WeekendDeal,None,57,53,-4
R003,2025-03-24,11,0,0,Clear,3.87,21.7,WeekendDeal,None,93,73,-20
R003,2025-03-24,12,0,0,Clear,3.87,21.7,WeekendDeal,None,125,123,-2
R003,2025-03-24,13,0,0,Clear,3.87,21.7,WeekendDeal,None,138,142,4
R003,2025-03-24,14,0,0,Clear,3.87,21.7,WeekendDeal,None,125,133,8
R003,2025-03-24,15,0,0,Clear,3.87,21.7,WeekendDeal,None,94,93,-1
R003,2025-03-24,16,0,0,Clear,3.87,21.7,WeekendDeal,None,61,48,-13
R003,2025-03-24,17,0,0,Clear,3.87,21.7,WeekendDeal,None,46,52,6
R003,2025-03-24,18,0,0,Clear,3.87,21.7,WeekendDeal,None,60,50,-10
R003,2025-03-24,19,0,0,Clear,3.87,21.7,WeekendDeal,None,94,114,20
R003,2025-03-24,20,0,0,Clear,3.87,21.7,WeekendDeal,None,111,105,-6
R003,2025-03-24,21,0,0,Clear,3.87,21.7,WeekendDeal,None,90,88,-2
R003,2025-03-24,22,0,0,Clear,3.87,21.7,WeekendDeal,None,48,53,5
R003,2025-03-25,8,1,0,Storm,29.75,28.9,WeekendDeal,Festival,9,11,2
R003,2025-03-25,9,1,0,Storm,29.75,28.9,WeekendDeal,Festival,22,21,-1
R003,2025-03-25,10,1,0,Storm,29.75,28.9,WeekendDeal,Festival,43,46,3
R003,2025-03-25,11,1,0,Storm,29.75,28.9,WeekendDeal,Festival,70,62,-8
R003,2025-03-25,12,1,0,Storm,29.75,28.9,WeekendDeal,Festival,93,94,1
R003,2025-03-25,13,1,0,Storm,29.75,28.9,WeekendDeal,Festival,103,91,-12
R003,2025-03-25,14,1,0,Storm,29.75,28.9,WeekendDeal,Festival,93,108,15
R003,2025-03-25,15,1,0,Storm,29.75,28.9,WeekendDeal,Festival,70,52,-18
R003,2025-03-25,16,1,0,Storm,29.75,28.9,WeekendDeal,Festival,46,56,10
R003,2025-03-25,17,1,0,Storm,29.75,28.9,WeekendDeal,Festival,34,37,3
R003,2025-03-25,18,1,0,Storm,29.75,28.9,WeekendDeal,Festival,45,33,-12
R003,2025-03-25,19,1,0,Storm,29.75,28.9,WeekendDeal,Festival,70,76,6
R003,2025-03-25,20,1,0,Storm,29.75,28.9,WeekendDeal,Festival,83,82,-1
R003,2025-03-25,21,1,0,Storm,29.75,28.9,WeekendDeal,Festival,67,84,17
R003,2025-03-25,22,1,0,Storm,29.75,28.9,WeekendDeal,Festival,36,36,0
R003,2025-03-26,8,2,0,Clear,2.34,36.1,None,None,11,16,5
R003,2025-03-26,9,2,0,Clear,2.34,36.1,None,None,26,19,-7
R003,2025-03-26,10,2,0,Clear,2.34,36.1,None,None,51,49,-2
R003,2025-03-26,11,2,0,Clear,2.34,36.1,None,None,83,81,-2
R003,2025-03-26,12,2,0,Clear,2.34,36.1,None,None,111,144,33
R003,2025-03-26,13,2,0,Clear,2.34,36.1,None,None,123,125,2
R003,2025-03-26,14,2,0,Clear,2.34,36.1,None,None,112,119,7
R003,2025-03-26,15,2,0,Clear,2.34,36.1,None,None,84,80,-4
R003,2025-03-26,16,2,0,Clear,2.34,36.1,None,None,55,67,12
R003,2025-03-26,17,2,0,Clear,2.34,36.1,None,None,41,47,6
R003,2025-03-26,18,2,0,Clear,2.34,36.1,None,None,54,47,-7
R003,2025-03-26,19,2,0,Clear,2.34,36.1,None,None,84,79,-5
R003,2025-03-26,20,2,0,Clear,2.34,36.1,None,None,99,88,-11
R003,2025-03-26,21,2,0,Clear,2.34,36.1,None,None,80,91,11
R003,2025-03-26,22,2,0,Clear,2.34,36.1,None,None,43,54,11
R003,2025-03-27,8,3,0,Storm,14.19,35.7,WeekendDeal,None,8,8,0
R003,2025-03-27,9,3,0,Storm,14.19,35.7,WeekendDeal,None,19,22,3
R003,2025-03-27,10,3,0,Storm,14.19,35.7,WeekendDeal,None,37,33,-4
R003,2025-03-27,11,3,0,Storm,14.19,35.7,WeekendDeal,None,61,52,-9
R003,2025-03-27,12,3,0,Storm,14.19,35.7,WeekendDeal,None,81,82,1
R003,2025-03-27,13,3,0,Storm,14.19,35.7,WeekendDeal,None,89,109,20
R003,2025-03-27,14,3,0,Storm,14.19,35.7,WeekendDeal,None,81,83,2
R003,2025-03-27,15,3,0,Storm,14.19,35.7,WeekendDeal,None,61,51,-10
R003,2025-03-27,16,3,0,Storm,14.19,35.7,WeekendDeal,None,40,46,6
R003,2025-03-27,17,3,0,Storm,14.19,35.7,WeekendDeal,None,30,32,2
R003,2025-03-27,18,3,0,Storm,14.19,35.7,WeekendDeal,None,39,36,-3
R003,2025-03-27,19,3,0,Storm,14.19,35.7,WeekendDeal,None,61,41,-20
R003,2025-03-27,20,3,0,Storm,14.19,35.7,WeekendDeal,None,72,51,-21
R003,2025-03-27,21,3,0,Storm,14.19,35.7,WeekendDeal,None,58,56,-2
R003,2025-03-27,22,3,0,Storm,14.19,35.7,WeekendDeal,None,31,24,-7
R003,2025-03-28,8,4,0,Rain,13.53,22.3,HappyHour,SportsMatch,10,11,1
R003,2025-03-28,9,4,0,Rain,13.53,22.3,HappyHour,SportsMatch,24,24,0
R003,2025-03-28,10,4,0,Rain,13.53,22.3,HappyHour,SportsMatch,47,55,8
R003,2025-03-28,11,4,0,Rain,13.53,22.3,HappyHour,SportsMatch,76,84,8
R003,2025-03-28,12,4,0,Rain,13.53,22.3,HappyHour,SportsMatch,102,80,-22
R003,2025-03-28,13,4,0,Rain,13.53,22.3,HappyHour,SportsMatch,113,142,29
R003,2025-03-28,14,4,0,Rain,13.53,22.3,HappyHour,SportsMatch,102,103,1
R003,2025-03-28,15,4,0,Rain,13.53,22.3,HappyHour,SportsMatch,77,90,13
R003,2025-03-28,16,4,0,Rain,13.53,22.3,HappyHour,SportsMatch,50,41,-9
R003,2025-03-28,17,4,0,Rain,13.53,22.3,HappyHour,SportsMatch,38,37,-1
R003,2025-03-28,18,4,0,Rain,13.53,22.3,HappyHour,SportsMatch,49,42,-7
R003,2025-03-28,19,4,0,Rain,13.53,22.3,HappyHour,SportsMatch,77,81,4
R003,2025-03-28,20,4,0,Rain,13.53,22.3,HappyHour,SportsMatch,91,106,15
R003,2025-03-28,21,4,0,Rain,13.53,22.3,HappyHour,SportsMatch,74,76,2
R003,2025-03-28,22,4,0,Rain,13.53,22.3,HappyHour,SportsMatch,40,33,-7
R003,2025-03-29,8,5,1,Cloudy,1.2,28.6,HappyHour,Festival,16,16,0
R003,2025-03-29,9,5,1,Cloudy,1.2,28.6,HappyHour,Festival,38,30,-8
R003,2025-03-29,10,5,1,Cloudy,1.2,28.6,HappyHour,Festival,75,73,-2
R003,2025-03-29,11,5,1,Cloudy,1.2,28.6,HappyHour,Festival,122,128,6
R003,2025-03-29,12,5,1,Cloudy,1.2,28.6,HappyHour,Festival,163,181,18
R003,2025-03-29,13,5,1,Cloudy,1.2,28.6,HappyHour,Festival,180,125,-55
R003,2025-03-29,14,5,1,Cloudy,1.2,28.6,HappyHour,Festival,163,169,6
R003,2025-03-29,15,5,1,Cloudy,1.2,28.6,HappyHour,Festival,123,117,-6
R003,2025-03-29,16,5,1,Cloudy,1.2,28.6,HappyHour,Festival,80,81,1
R003,2025-03-29,17,5,1,Cloudy,1.2,28.6,HappyHour,Festival,60,57,-3
R003,2025-03-29,18,5,1,Cloudy,1.2,28.6,HappyHour,Festival,79,81,2
R003,2025-03-29,19,5,1,Cloudy,1.2,28.6,HappyHour,Festival,122,123,1
R003,2025-03-29,20,5,1,Cloudy,1.2,28.6,HappyHour,Festival,145,163,18
R003,2025-03-29,21,5,1,Cloudy,1.2,28.6,HappyHour,Festival,117,151,34
R003,2025-03-29,22,5,1,Cloudy,1.2,28.6,HappyHour,Festival,63,59,-4
R003,2025-03-30,8,6,1,Rain,18.0,24.4,WeekendDeal,LocalEvent,12,14,2
R003,2025-03-30,9,6,1,Rain,18.0,24.4,WeekendDeal,LocalEvent,28,25,-3
R003,2025-03-30,10,6,1,Rain,18.0,24.4,WeekendDeal,LocalEvent,56,45,-11
R003,2025-03-30,11,6,1,Rain,18.0,24.4,WeekendDeal,LocalEvent,92,68,-24
R003,2025-03-30,12,6,1,Rain,18.0,24.4,WeekendDeal,LocalEvent,123,99,-24
R003,2025-03-30,13,6,1,Rain,18.0,24.4,WeekendDeal,LocalEvent,135,147,12
R003,2025-03-30,14,6,1,Rain,18.0,24.4,WeekendDeal,LocalEvent,123,100,-23
R003,2025-03-30,15,6,1,Rain,18.0,24.4,WeekendDeal,LocalEvent,92,70,-22
R003,2025-03-30,16,6,1,Rain,18.0,24.4,WeekendDeal,LocalEvent,60,61,1
R003,2025-03-30,17,6,1,Rain,18.0,24.4,WeekendDeal,LocalEvent,45,44,-1
R003,2025-03-30,18,6,1,Rain,18.0,24.4,WeekendDeal,LocalEvent,59,66,7
R003,2025-03-30,19,6,1,Rain,18.0,24.4,WeekendDeal,LocalEvent,92,115,23
R003,2025-03-30,20,6,1,Rain,18.0,24.4,WeekendDeal,LocalEvent,109,132,23
R003,2025-03-30,21,6,1,Rain,18.0,24.4,WeekendDeal,LocalEvent,88,103,15
R003,2025-03-30,22,6,1,Rain,18.0,24.4,WeekendDeal,LocalEvent,47,32,-15
R003,2025-03-31,8,0,0,Cloudy,4.08,25.6,WeekendDeal,SportsMatch,13,13,0
R003,2025-03-31,9,0,0,Cloudy,4.08,25.6,WeekendDeal,SportsMatch,31,31,0
R003,2025-03-31,10,0,0,Cloudy,4.08,25.6,WeekendDeal,SportsMatch,62,56,-6
R003,2025-03-31,11,0,0,Cloudy,4.08,25.6,WeekendDeal,SportsMatch,102,102,0
R003,2025-03-31,12,0,0,Cloudy,4.08,25.6,WeekendDeal,SportsMatch,136,123,-13
R003,2025-03-31,13,0,0,Cloudy,4.08,25.6,WeekendDeal,SportsMatch,150,120,-30
R003,2025-03-31,14,0,0,Cloudy,4.08,25.6,WeekendDeal,SportsMatch,136,120,-16
R003,2025-03-31,15,0,0,Cloudy,4.08,25.6,WeekendDeal,SportsMatch,102,90,-12
R003,2025-03-31,16,0,0,Cloudy,4.08,25.6,WeekendDeal,SportsMatch,67,59,-8
R003,2025-03-31,17,0,0,Cloudy,4.08,25.6,WeekendDeal,SportsMatch,50,50,0
R003,2025-03-31,18,0,0,Cloudy,4.08,25.6,WeekendDeal,SportsMatch,66,66,0
R003,2025-03-31,19,0,0,Cloudy,4.08,25.6,WeekendDeal,SportsMatch,102,119,17
R003,2025-03-31,20,0,0,Cloudy,4.08,25.6,WeekendDeal,SportsMatch,121,107,-14
R003,2025-03-31,21,0,0,Cloudy,4.08,25.6,WeekendDeal,SportsMatch,98,84,-14
R003,2025-03-31,22,0,0,Cloudy,4.08,25.6,WeekendDeal,SportsMatch,53,64,11
R004,2025-01-01,8,2,0,Clear,3.93,34.1,HappyHour,LocalEvent,8,4,-4
R004,2025-01-01,9,2,0,Clear,3.93,34.1,HappyHour,LocalEvent,18,18,0
R004,2025-01-01,10,2,0,Clear,3.93,34.1,HappyHour,LocalEvent,36,34,-2
R004,2025-01-01,11,2,0,Clear,3.93,34.1,HappyHour,LocalEvent,59,65,6
R004,2025-01-01,12,2,0,Clear,3.93,34.1,HappyHour,LocalEvent,79,100,21
R004,2025-01-01,13,2,0,Clear,3.93,34.1,HappyHour,LocalEvent,87,88,1
R004,2025-01-01,14,2,0,Clear,3.93,34.1,HappyHour,LocalEvent,79,74,-5
R004,2025-01-01,15,2,0,Clear,3.93,34.1,HappyHour,LocalEvent,59,66,7
R004,2025-01-01,16,2,0,Clear,3.93,34.1,HappyHour,LocalEvent,39,39,0
R004,2025-01-01,17,2,0,Clear,3.93,34.1,HappyHour,LocalEvent,29,20,-9
R004,2025-01-01,18,2,0,Clear,3.93,34.1,HappyHour,LocalEvent,38,39,1
R004,2025-01-01,19,2,0,Clear,3.93,34.1,HappyHour,LocalEvent,59,58,-1
R004,2025-01-01,20,2,0,Clear,3.93,34.1,HappyHour,LocalEvent,71,73,2
R004,2025-01-01,21,2,0,Clear,3.93,34.1,HappyHour,LocalEvent,57,58,1
R004,2025-01-01,22,2,0,Clear,3.93,34.1,HappyHour,LocalEvent,31,33,2
R004,2025-01-02,8,3,0,Cloudy,1.15,23.3,HappyHour,None,7,8,1
R004,2025-01-02,9,3,0,Cloudy,1.15,23.3,HappyHour,None,17,17,0
R004,2025-01-02,10,3,0,Cloudy,1.15,23.3,HappyHour,None,34,26,-8
R004,2025-01-02,11,3,0,Cloudy,1.15,23.3,HappyHour,None,55,59,4
R004,2025-01-02,12,3,0,Cloudy,1.15,23.3,HappyHour,None,74,57,-17
R004,2025-01-02,13,3,0,Cloudy,1.15,23.3,HappyHour,None,82,74,-8
R004,2025-01-02,14,3,0,Cloudy,1.15,23.3,HappyHour,None,74,70,-4
R004,2025-01-02,15,3,0,Cloudy,1.15,23.3,HappyHour,None,56,48,-8
R004,2025-01-02,16,3,0,Cloudy,1.15,23.3,HappyHour,None,36,34,-2
R004,2025-01-02,17,3,0,Cloudy,1.15,23.3,HappyHour,None,27,27,0
R004,2025-01-02,18,3,0,Cloudy,1.15,23.3,HappyHour,None,36,41,5
R004,2025-01-02,19,3,0,Cloudy,1.15,23.3,HappyHour,None,55,47,-8
R004,2025-01-02,20,3,0,Cloudy,1.15,23.3,HappyHour,None,66,70,4
R004,2025-01-02,21,3,0,Cloudy,1.15,23.3,HappyHour,None,53,45,-8
R004,2025-01-02,22,3,0,Cloudy,1.15,23.3,HappyHour,None,29,27,-2
R004,2025-01-03,8,4,0,Rain,11.28,33.5,HappyHour,SportsMatch,6,6,0
R004,2025-01-03,9,4,0,Rain,11.28,33.5,HappyHour,SportsMatch,15,14,-1
R004,2025-01-03,10,4,0,Rain,11.28,33.5,HappyHour,SportsMatch,29,22,-7
R004,2025-01-03,11,4,0,Rain,11.28,33.5,HappyHour,SportsMatch,47,57,10
R004,2025-01-03,12,4,0,Rain,11.28,33.5,HappyHour,SportsMatch,63,63,0
R004,2025-01-03,13,4,0,Rain,11.28,33.5,HappyHour,SportsMatch,69,59,-10
R004,2025-01-03,14,4,0,Rain,11.28,33.5,HappyHour,SportsMatch,63,62,-1
R004,2025-01-03,15,4,0,Rain,11.28,33.5,HappyHour,SportsMatch,47,29,-18
R004,2025-01-03,16,4,0,Rain,11.28,33.5,HappyHour,SportsMatch,31,24,-7
R004,2025-01-03,17,4,0,Rain,11.28,33.5,HappyHour,SportsMatch,23,30,7
R004,2025-01-03,18,4,0,Rain,11.28,33.5,HappyHour,SportsMatch,30,22,-8
R004,2025-01-03,19,4,0,Rain,11.28,33.5,HappyHour,SportsMatch,47,50,3
R004,2025-01-03,20,4,0,Rain,11.28,33.5,HappyHour,SportsMatch,56,43,-13
R004,2025-01-03,21,4,0,Rain,11.28,33.5,HappyHour,SportsMatch,45,37,-8
R004,2025-01-03,22,4,0,Rain,11.28,33.5,HappyHour,SportsMatch,24,20,-4
R004,2025-01-04,8,5,1,Cloudy,0.42,32.4,WeekendDeal,SportsMatch,9,7,-2
R004,2025-01-04,9,5,1,Cloudy,0.42,32.4,WeekendDeal,SportsMatch,23,18,-5
R004,2025-01-04,10,5,1,Cloudy,0.42,32.4,WeekendDeal,SportsMatch,45,48,3
R004,2025-01-04,11,5,1,Cloudy,0.42,32.4,WeekendDeal,SportsMatch,73,75,2
R004,2025-01-04,12,5,1,Cloudy,0.42,32.4,WeekendDeal,SportsMatch,99,80,-19
R004,2025-01-04,13,5,1,Cloudy,0.42,32.4,WeekendDeal,SportsMatch,109,87,-22
R004,2025-01-04,14,5,1,Cloudy,0.42,32.4,WeekendDeal,SportsMatch,99,102,3
R004,2025-01-04,15,5,1,Cloudy,0.42,32.4,WeekendDeal,SportsMatch,74,76,2
R004,2025-01-04,16,5,1,Cloudy,0.42,32.4,WeekendDeal,SportsMatch,48,53,5
R004,2025-01-04,17,5,1,Cloudy,0.42,32.4,WeekendDeal,SportsMatch,36,34,-2
R004,2025-01-04,18,5,1,Cloudy,0.42,32.4,WeekendDeal,SportsMatch,47,60,13
R004,2025-01-04,19,5,1,Cloudy,0.42,32.4,WeekendDeal,SportsMatch,74,71,-3
R004,2025-01-04,20,5,1,Cloudy,0.42,32.4,WeekendDeal,SportsMatch,88,67,-21
R004,2025-01-04,21,5,1,Cloudy,0.42,32.4,WeekendDeal,SportsMatch,71,63,-8
R004,2025-01-04,22,5,1,Cloudy,0.42,32.4,WeekendDeal,SportsMatch,38,34,-4
R004,2025-01-05,8,6,1,Storm,31.59,34.5,HappyHour,SportsMatch,6,8,2
R004,2025-01-05,9,6,1,Storm,31.59,34.5,HappyHour,SportsMatch,14,14,0
R004,2025-01-05,10,6,1,Storm,31.59,34.5,HappyHour,SportsMatch,28,30,2
R004,2025-01-05,11,6,1,Storm,31.59,34.5,HappyHour,SportsMatch,46,50,4
R004,2025-01-05,12,6,1,Storm,31.59,34.5,HappyHour,SportsMatch,62,79,17
R004,2025-01-05,13,6,1,Storm,31.59,34.5,HappyHour,SportsMatch,68,59,-9
R004,2025-01-05,14,6,1,Storm,31.59,34.5,HappyHour,SportsMatch,62,50,-12
R004,2025-01-05,15,6,1,Storm,31.59,34.5,HappyHour,SportsMatch,46,50,4
R004,2025-01-05,16,6,1,Storm,31.59,34.5,HappyHour,SportsMatch,30,28,-2
R004,2025-01-05,17,6,1,Storm,31.59,34.5,HappyHour,SportsMatch,23,19,-4
R004,2025-01-05,18,6,1,Storm,31.59,34.5,HappyHour,SportsMatch,30,30,0
R004,2025-01-05,19,6,1,Storm,31.59,34.5,HappyHour,SportsMatch,46,50,4
R004,2025-01-05,20,6,1,Storm,31.59,34.5,HappyHour,SportsMatch,55,52,-3
R004,2025-01-05,21,6,1,Storm,31.59,34.5,HappyHour,SportsMatch,44,55,11
R004,2025-01-05,22,6,1,Storm,31.59,34.5,HappyHour,SportsMatch,24,18,-6
R004,2025-01-06,8,0,0,Clear,0.07,20.0,None,SportsMatch,7,7,0
R004,2025-01-06,9,0,0,Clear,0.07,20.0,None,SportsMatch,17,19,2
R004,2025-01-06,10,0,0,Clear,0.07,20.0,None,SportsMatch,34,35,1
R004,2025-01-06,11,0,0,Clear,0.07,20.0,None,SportsMatch,56,42,-14
R004,2025-01-06,12,0,0,Clear,0.07,20.0,None,SportsMatch,75,58,-17
R004,2025-01-06,13,0,0,Clear,0.07,20.0,None,SportsMatch,82,59,-23
R004,2025-01-06,14,0,0,Clear,0.07,20.0,None,SportsMatch,75,51,-24
R004,2025-01-06,15,0,0,Clear,0.07,20.0,None,SportsMatch,56,66,10
R004,2025-01-06,16,0,0,Clear,0.07,20.0,None,SportsMatch,37,29,-8
R004,2025-01-06,17,0,0,Clear,0.07,20.0,None,SportsMatch,27,30,3
R004,2025-01-06,18,0,0,Clear,0.07,20.0,None,SportsMatch,36,32,-4
R004,2025-01-06,19,0,0,Clear,0.07,20.0,None,SportsMatch,56,55,-1
R004,2025-01-06,20,0,0,Clear,0.07,20.0,None,SportsMatch,66,77,11
R004,2025-01-06,21,0,0,Clear,0.07,20.0,None,SportsMatch,54,62,8
R004,2025-01-06,22,0,0,Clear,0.07,20.0,None,SportsMatch,29,35,6
R004,2025-01-07,8,1,0,Clear,4.19,21.0,FestivalOffer,None,8,7,-1
R004,2025-01-07,9,1,0,Clear,4.19,21.0,FestivalOffer,None,19,23,4
R004,2025-01-07,10,1,0,Clear,4.19,21.0,FestivalOffer,None,37,41,4
R004,2025-01-07,11,1,0,Clear,4.19,21.0,FestivalOffer,None,60,60,0
R004,2025-01-07,12,1,0,Clear,4.19,21.0,FestivalOffer,None,81,74,-7
R004,2025-01-07,13,1,0,Clear,4.19,21.0,FestivalOffer,None,89,76,-13
R004,2025-01-07,14,1,0,Clear,4.19,21.0,FestivalOffer,None,81,112,31
R004,2025-01-07,15,1,0,Clear,4.19,21.0,FestivalOffer,None,61,49,-12
R004,2025-01-07,16,1,0,Clear,4.19,21.0,FestivalOffer,None,40,51,11
R004,2025-01-07,17,1,0,Clear,4.19,21.0,FestivalOffer,None,30,28,-2
R004,2025-01-07,18,1,0,Clear,4.19,21.0,FestivalOffer,None,39,35,-4
R004,2025-01-07,19,1,0,Clear,4.19,21.0,FestivalOffer,None,61,62,1
R004,2025-01-07,20,1,0,Clear,4.19,21.0,FestivalOffer,None,72,56,-16
R004,2025-01-07,21,1,0,Clear,4.19,21.0,FestivalOffer,None,58,69,11
R004,2025-01-07,22,1,0,Clear,4.19,21.0,FestivalOffer,None,31,31,0
R004,2025-01-08,8,2,0,Cloudy,0.08,29.2,FestivalOffer,None,8,5,-3
R004,2025-01-08,9,2,0,Cloudy,0.08,29.2,FestivalOffer,None,19,24,5
R004,2025-01-08,10,2,0,Cloudy,0.08,29.2,FestivalOffer,None,37,40,3
R004,2025-01-08,11,2,0,Cloudy,0.08,29.2,FestivalOffer,None,60,67,7
R004,2025-01-08,12,2,0,Cloudy,0.08,29.2,FestivalOffer,None,81,84,3
R004,2025-01-08,13,2,0,Cloudy,0.08,29.2,FestivalOffer,None,89,81,-8
R004,2025-01-08,14,2,0,Cloudy,0.08,29.2,FestivalOffer,None,81,71,-10
R004,2025-01-08,15,2,0,Cloudy,0.08,29.2,FestivalOffer,None,61,56,-5
R004,2025-01-08,16,2,0,Cloudy,0.08,29.2,FestivalOffer,None,40,36,-4
R004,2025-01-08,17,2,0,Cloudy,0.08,29.2,FestivalOffer,None,30,36,6
R004,2025-01-08,18,2,0,Cloudy,0.08,29.2,FestivalOffer,None,39,40,1
R004,2025-01-08,19,2,0,Cloudy,0.08,29.2,FestivalOffer,None,61,73,12
R004,2025-01-08,20,2,0,Cloudy,0.08,29.2,FestivalOffer,None,72,66,-6
R004,2025-01-08,21,2,0,Cloudy,0.08,29.2,FestivalOffer,None,58,59,1
R004,2025-01-08,22,2,0,Cloudy,0.08,29.2,FestivalOffer,None,31,28,-3
R004,2025-01-09,8,3,0,Rain,12.76,24.6,HappyHour,SportsMatch,6,9,3
R004,2025-01-09,9,3,0,Rain,12.76,24.6,HappyHour,SportsMatch,15,13,-2
R004,2025-01-09,10,3,0,Rain,12.76,24.6,HappyHour,SportsMatch,29,29,0
R004,2025-01-09,11,3,0,Rain,12.76,24.6,HappyHour,SportsMatch,47,47,0
R004,2025-01-09,12,3,0,Rain,12.76,24.6,HappyHour,SportsMatch,63,58,-5
R004,2025-01-09,13,3,0,Rain,12.76,24.6,HappyHour,SportsMatch,69,62,-7
R004,2025-01-09,14,3,0,Rain,12.76,24.6,HappyHour,SportsMatch,63,86,23
R004,2025-01-09,15,3,0,Rain,12.76,24.6,HappyHour,SportsMatch,47,50,3
R004,2025-01-09,16,3,0,Rain,12.76,24.6,HappyHour,SportsMatch,31,33,2
R004,2025-01-09,17,3,0,Rain,12.76,24.6,HappyHour,SportsMatch,23,20,-3
R004,2025-01-09,18,3,0,Rain,12.76,24.6,HappyHour,SportsMatch,30,33,3
R004,2025-01-09,19,3,0,Rain,12.76,24.6,HappyHour,SportsMatch,47,47,0
R004,2025-01-09,20,3,0,Rain,12.76,24.6,HappyHour,SportsMatch,56,53,-3
R004,2025-01-09,21,3,0,Rain,12.76,24.6,HappyHour,SportsMatch,45,42,-3
R004,2025-01-09,22,3,0,Rain,12.76,24.6,HappyHour,SportsMatch,24,18,-6
R004,2025-01-10,8,4,0,Clear,1.43,25.9,HappyHour,SportsMatch,8,8,0
R004,2025-01-10,9,4,0,Clear,1.43,25.9,HappyHour,SportsMatch,19,17,-2
R004,2025-01-10,10,4,0,Clear,1.43,25.9,HappyHour,SportsMatch,37,40,3
R004,2025-01-10,11,4,0,Clear,1.43,25.9,HappyHour,SportsMatch,60,57,-3
R004,2025-01-10,12,4,0,Clear,1.43,25.9,HappyHour,SportsMatch,81,39,-42
R004,2025-01-10,13,4,0,Clear,1.43,25.9,HappyHour,SportsMatch,89,81,-8
R004,2025-01-10,14,4,0,Clear,1.43,25.9,HappyHour,SportsMatch,81,65,-16
R004,2025-01-10,15,4,0,Clear,1.43,25.9,HappyHour,SportsMatch,61,69,8
R004,2025-01-10,16,4,0,Clear,1.43,25.9,HappyHour,SportsMatch,39,36,-3
R004,2025-01-10,17,4,0,Clear,1.43,25.9,HappyHour,SportsMatch,30,29,-1
R004,2025-01-10,18,4,0,Clear,1.43,25.9,HappyHour,SportsMatch,39,35,-4
R004,2025-01-10,19,4,0,Clear,1.43,25.9,HappyHour,SportsMatch,60,60,0
R004,2025-01-10,20,4,0,Clear,1.43,25.9,HappyHour,SportsMatch,72,84,12
R004,2025-01-10,21,4,0,Clear,1.43,25.9,HappyHour,SportsMatch,58,66,8
R004,2025-01-10,22,4,0,Clear,1.43,25.9,HappyHour,SportsMatch,31,37,6
R004,2025-01-11,8,5,1,Cloudy,4.87,27.6,FestivalOffer,Festival,11,10,-1
R004,2025-01-11,9,5,1,Cloudy,4.87,27.6,FestivalOffer,Festival,25,21,-4
R004,2025-01-11,10,5,1,Cloudy,4.87,27.6,FestivalOffer,Festival,50,54,4
R004,2025-01-11,11,5,1,Cloudy,4.87,27.6,FestivalOffer,Festival,82,84,2
R004,2025-01-11,12,5,1,Cloudy,4.87,27.6,FestivalOffer,Festival,110,113,3
R004,2025-01-11,13,5,1,Cloudy,4.87,27.6,FestivalOffer,Festival,121,154,33
R004,2025-01-11,14,5,1,Cloudy,4.87,27.6,FestivalOffer,Festival,110,82,-28
R004,2025-01-11,15,5,1,Cloudy,4.87,27.6,FestivalOffer,Festival,82,73,-9
R004,2025-01-11,16,5,1,Cloudy,4.87,27.6,FestivalOffer,Festival,54,64,10
R004,2025-01-11,17,5,1,Cloudy,4.87,27.6,FestivalOffer,Festival,40,43,3
R004,2025-01-11,18,5,1,Cloudy,4.87,27.6,FestivalOffer,Festival,53,57,4
R004,2025-01-11,19,5,1,Cloudy,4.87,27.6,FestivalOffer,Festival,82,79,-3
R004,2025-01-11,20,5,1,Cloudy,4.87,27.6,FestivalOffer,Festival,98,66,-32
R004,2025-01-11,21,5,1,Cloudy,4.87,27.6,FestivalOffer,Festival,79,88,9
R004,2025-01-11,22,5,1,Cloudy,4.87,27.6,FestivalOffer,Festival,42,41,-1
R004,2025-01-12,8,6,1,Rain,21.87,21.1,WeekendDeal,Festival,8,10,2
R004,2025-01-12,9,6,1,Rain,21.87,21.1,WeekendDeal,Festival,19,24,5
R004,2025-01-12,10,6,1,Rain,21.87,21.1,WeekendDeal,Festival,37,34,-3
R004,2025-01-12,11,6,1,Rain,21.87,21.1,WeekendDeal,Festival,60,43,-17
R004,2025-01-12,12,6,1,Rain,21.87,21.1,WeekendDeal,Festival,81,73,-8
R004,2025-01-12,13,6,1,Rain,21.87,21.1,WeekendDeal,Festival,89,87,-2
R004,2025-01-12,14,6,1,Rain,21.87,21.1,WeekendDeal,Festival,81,83,2
R004,2025-01-12,15,6,1,Rain,21.87,21.1,WeekendDeal,Festival,61,57,-4
R004,2025-01-12,16,6,1,Rain,21.87,21.1,WeekendDeal,Festival,40,33,-7
R004,2025-01-12,17,6,1,Rain,21.87,21.1,WeekendDeal,Festival,30,29,-1
R004,2025-01-12,18,6,1,Rain,21.87,21.1,WeekendDeal,Festival,39,43,4
R004,2025-01-12,19,6,1,Rain,21.87,21.1,WeekendDeal,Festival,61,63,2
R004,2025-01-12,20,6,1,Rain,21.87,21.1,WeekendDeal,Festival,72,61,-11
R004,2025-01-12,21,6,1,Rain,21.87,21.1,WeekendDeal,Festival,58,54,-4
R004,2025-01-12,22,6,1,Rain,21.87,21.1,WeekendDeal,Festival,31,35,4
R004,2025-01-13,8,0,0,Cloudy,2.84,23.2,None,LocalEvent,7,3,-4
R004,2025-01-13,9,0,0,Cloudy,2.84,23.2,None,LocalEvent,17,19,2
R004,2025-01-13,10,0,0,Cloudy,2.84,23.2,None,LocalEvent,34,44,10
R004,2025-01-13,11,0,0,Cloudy,2.84,23.2,None,LocalEvent,55,41,-14
R004,2025-01-13,12,0,0,Cloudy,2.84,23.2,None,LocalEvent,73,81,8
R004,2025-01-13,13,0,0,Cloudy,2.84,23.2,None,LocalEvent,81,79,-2
R004,2025-01-13,14,0,0,Cloudy,2.84,23.2,None,LocalEvent,73,88,15
R004,2025-01-13,15,0,0,Cloudy,2.84,23.2,None,LocalEvent,55,69,14
R004,2025-01-13,16,0,0,Cloudy,2.84,23.2,None,LocalEvent,36,22,-14
R004,2025-01-13,17,0,0,Cloudy,2.84,23.2,None,LocalEvent,27,29,2
R004,2025-01-13,18,0,0,Cloudy,2.84,23.2,None,LocalEvent,35,42,7
R004,2025-01-13,19,0,0,Cloudy,2.84,23.2,None,LocalEvent,55,56,1
R004,2025-01-13,20,0,0,Cloudy,2.84,23.2,None,LocalEvent,65,72,7
R004,2025-01-13,21,0,0,Cloudy,2.84,23.2,None,LocalEvent,53,47,-6
R004,2025-01-13,22,0,0,Cloudy,2.84,23.2,None,LocalEvent,28,25,-3
R004,2025-01-14,8,1,0,Rain,3.2,22.2,FestivalOffer,LocalEvent,6,6,0
R004,2025-01-14,9,1,0,Rain,3.2,22.2,FestivalOffer,LocalEvent,16,17,1
R004,2025-01-14,10,1,0,Rain,3.2,22.2,FestivalOffer,LocalEvent,31,37,6
R004,2025-01-14,11,1,0,Rain,3.2,22.2,FestivalOffer,LocalEvent,50,54,4
R004,2025-01-14,12,1,0,Rain,3.2,22.2,FestivalOffer,LocalEvent,67,74,7
R004,2025-01-14,13,1,0,Rain,3.2,22.2,FestivalOffer,LocalEvent,74,81,7
R004,2025-01-14,14,1,0,Rain,3.2,22.2,FestivalOffer,LocalEvent,67,70,3
R004,2025-01-14,15,1,0,Rain,3.2,22.2,FestivalOffer,LocalEvent,51,55,4
R004,2025-01-14,16,1,0,Rain,3.2,22.2,FestivalOffer,LocalEvent,33,40,7
R004,2025-01-14,17,1,0,Rain,3.2,22.2,FestivalOffer,LocalEvent,25,27,2
R004,2025-01-14,18,1,0,Rain,3.2,22.2,FestivalOffer,LocalEvent,32,35,3
R004,2025-01-14,19,1,0,Rain,3.2,22.2,FestivalOffer,LocalEvent,51,42,-9
R004,2025-01-14,20,1,0,Rain,3.2,22.2,FestivalOffer,LocalEvent,60,58,-2
R004,2025-01-14,21,1,0,Rain,3.2,22.2,FestivalOffer,LocalEvent,49,52,3
R004,2025-01-14,22,1,0,Rain,3.2,22.2,FestivalOffer,LocalEvent,26,26,0
R004,2025-01-15,8,2,0,Rain,2.8,32.2,FestivalOffer,Festival,7,8,1
R004,2025-01-15,9,2,0,Rain,2.8,32.2,FestivalOffer,Festival,17,18,1
R004,2025-01-15,10,2,0,Rain,2.8,32.2,FestivalOffer,Festival,33,37,4
R004,2025-01-15,11,2,0,Rain,2.8,32.2,FestivalOffer,Festival,54,57,3
R004,2025-01-15,12,2,0,Rain,2.8,32.2,FestivalOffer,Festival,72,65,-7
R004,2025-01-15,13,2,0,Rain,2.8,32.2,FestivalOffer,Festival,80,88,8
R004,2025-01-15,14,2,0,Rain,2.8,32.2,FestivalOffer,Festival,72,59,-13
R004,2025-01-15,15,2,0,Rain,2.8,32.2,FestivalOffer,Festival,54,61,7
R004,2025-01-15,16,2,0,Rain,2.8,32.2,FestivalOffer,Festival,36,29,-7
R004,2025-01-15,17,2,0,Rain,2.8,32.2,FestivalOffer,Festival,27,29,2
R004,2025-01-15,18,2,0,Rain,2.8,32.2,FestivalOffer,Festival,35,26,-9
R004,2025-01-15,19,2,0,Rain,2.8,32.2,FestivalOffer,Festival,54,45,-9
R004,2025-01-15,20,2,0,Rain,2.8,32.2,FestivalOffer,Festival,65,62,-3
R004,2025-01-15,21,2,0,Rain,2.8,32.2,FestivalOffer,Festival,52,62,10
R004,2025-01-15,22,2,0,Rain,2.8,32.2,FestivalOffer,Festival,28,24,-4
R004,2025-01-16,8,3,0,Rain,12.01,29.2,HappyHour,Festival,6,3,-3
R004,2025-01-16,9,3,0,Rain,12.01,29.2,HappyHour,Festival,15,16,1
R004,2025-01-16,10,3,0,Rain,12.01,29.2,HappyHour,Festival,30,28,-2
R004,2025-01-16,11,3,0,Rain,12.01,29.2,HappyHour,Festival,49,54,5
R004,2025-01-16,12,3,0,Rain,12.01,29.2,HappyHour,Festival,66,61,-5
R004,2025-01-16,13,3,0,Rain,12.01,29.2,HappyHour,Festival,73,82,9
R004,2025-01-16,14,3,0,Rain,12.01,29.2,HappyHour,Festival,66,75,9
R004,2025-01-16,15,3,0,Rain,12.01,29.2,HappyHour,Festival,50,49,-1
R004,2025-01-16,16,3,0,Rain,12.01,29.2,HappyHour,Festival,33,37,4
R004,2025-01-16,17,3,0,Rain,12.01,29.2,HappyHour,Festival,24,24,0
R004,2025-01-16,18,3,0,Rain,12.01,29.2,HappyHour,Festival,32,29,-3
R004,2025-01-16,19,3,0,Rain,12.01,29.2,HappyHour,Festival,50,54,4
R004,2025-01-16,20,3,0,Rain,12.01,29.2,HappyHour,Festival,59,58,-1
R004,2025-01-16,21,3,0,Rain,12.01,29.2,HappyHour,Festival,48,41,-7
R004,2025-01-16,22,3,0,Rain,12.01,29.2,HappyHour,Festival,26,25,-1
R004,2025-01-17,8,4,0,Cloudy,4.37,22.3,HappyHour,None,7,7,0
R004,2025-01-17,9,4,0,Cloudy,4.37,22.3,HappyHour,None,17,17,0
R004,2025-01-17,10,4,0,Cloudy,4.37,22.3,HappyHour,None,34,30,-4
R004,2025-01-17,11,4,0,Cloudy,4.37,22.3,HappyHour,None,55,58,3
R004,2025-01-17,12,4,0,Cloudy,4.37,22.3,HappyHour,None,74,71,-3
R004,2025-01-17,13,4,0,Cloudy,4.37,22.3,HappyHour,None,82,80,-2
R004,2025-01-17,14,4,0,Cloudy,4.37,22.3,HappyHour,None,74,61,-13
R004,2025-01-17,15,4,0,Cloudy,4.37,22.3,HappyHour,None,56,67,11
R004,2025-01-17,16,4,0,Cloudy,4.37,22.3,HappyHour,None,36,34,-2
R004,2025-01-17,17,4,0,Cloudy,4.37,22.3,HappyHour,None,27,23,-4
R004,2025-01-17,18,4,0,Cloudy,4.37,22.3,HappyHour,None,36,34,-2
R004,2025-01-17,19,4,0,Cloudy,4.37,22.3,HappyHour,None,55,56,1
R004,2025-01-17,20,4,0,Cloudy,4.37,22.3,HappyHour,None,66,68,2
R004,2025-01-17,21,4,0,Cloudy,4.37,22.3,HappyHour,None,53,66,13
R004,2025-01-17,22,4,0,Cloudy,4.37,22.3,HappyHour,None,29,29,0
R004,2025-01-18,8,5,1,Rain,28.64,31.3,None,LocalEvent,6,6,0
R004,2025-01-18,9,5,1,Rain,28.64,31.3,None,LocalEvent,16,12,-4
R004,2025-01-18,10,5,1,Rain,28.64,31.3,None,LocalEvent,31,42,11
R004,2025-01-18,11,5,1,Rain,28.64,31.3,None,LocalEvent,50,41,-9
R004,2025-01-18,12,5,1,Rain,28.64,31.3,None,LocalEvent,67,31,-36
R004,2025-01-18,13,5,1,Rain,28.64,31.3,None,LocalEvent,74,74,0
R004,2025-01-18,14,5,1,Rain,28.64,31.3,None,LocalEvent,67,76,9
R004,2025-01-18,15,5,1,Rain,28.64,31.3,None,LocalEvent,51,41,-10
R004,2025-01-18,16,5,1,Rain,28.64,31.3,None,LocalEvent,33,33,0
R004,2025-01-18,17,5,1,Rain,28.64,31.3,None,LocalEvent,25,22,-3
R004,2025-01-18,18,5,1,Rain,28.64,31.3,None,LocalEvent,32,33,1
R004,2025-01-18,19,5,1,Rain,28.64,31.3,None,LocalEvent,51,62,11
R004,2025-01-18,20,5,1,Rain,28.64,31.3,None,LocalEvent,60,52,-8
R004,2025-01-18,21,5,1,Rain,28.64,31.3,None,LocalEvent,48,36,-12
R004,2025-01-18,22,5,1,Rain,28.64,31.3,None,LocalEvent,26,28,2
R004,2025-01-19,8,6,1,Clear,2.05,22.0,None,SportsMatch,8,9,1
R004,2025-01-19,9,6,1,Clear,2.05,22.0,None,SportsMatch,20,24,4
R004,2025-01-19,10,6,1,Clear,2.05,22.0,None,SportsMatch,40,36,-4
R004,2025-01-19,11,6,1,Clear,2.05,22.0,None,SportsMatch,66,70,4
R004,2025-01-19,12,6,1,Clear,2.05,22.0,None,SportsMatch,88,88,0
R004,2025-01-19,13,6,1,Clear,2.05,22.0,None,SportsMatch,97,92,-5
R004,2025-01-19,14,6,1,Clear,2.05,22.0,None,SportsMatch,88,99,11
R004,2025-01-19,15,6,1,Clear,2.05,22.0,None,SportsMatch,66,67,1
R004,2025-01-19,16,6,1,Clear,2.05,22.0,None,SportsMatch,43,49,6
R004,2025-01-19,17,6,1,Clear,2.05,22.0,None,SportsMatch,32,41,9
R004,2025-01-19,18,6,1,Clear,2.05,22.0,None,SportsMatch,42,26,-16
R004,2025-01-19,19,6,1,Clear,2.05,22.0,None,SportsMatch,66,60,-6
R004,2025-01-19,20,6,1,Clear,2.05,22.0,None,SportsMatch,78,96,18
R004,2025-01-19,21,6,1,Clear,2.05,22.0,None,SportsMatch,63,69,6
R004,2025-01-19,22,6,1,Clear,2.05,22.0,None,SportsMatch,34,35,1
R004,2025-01-20,8,0,0,Storm,27.3,28.3,FestivalOffer,Festival,6,9,3
R004,2025-01-20,9,0,0,Storm,27.3,28.3,FestivalOffer,Festival,14,14,0
R004,2025-01-20,10,0,0,Storm,27.3,28.3,FestivalOffer,Festival,28,19,-9
R004,2025-01-20,11,0,0,Storm,27.3,28.3,FestivalOffer,Festival,45,40,-5
R004,2025-01-20,12,0,0,Storm,27.3,28.3,FestivalOffer,Festival,60,68,8
R004,2025-01-20,13,0,0,Storm,27.3,28.3,FestivalOffer,Festival,67,68,1
R004,2025-01-20,14,0,0,Storm,27.3,28.3,FestivalOffer,Festival,60,69,9
R004,2025-01-20,15,0,0,Storm,27.3,28.3,FestivalOffer,Festival,45,44,-1
R004,2025-01-20,16,0,0,Storm,27.3,28.3,FestivalOffer,Festival,30,32,2
R004,2025-01-20,17,0,0,Storm,27.3,28.3,FestivalOffer,Festival,22,25,3
R004,2025-01-20,18,0,0,Storm,27.3,28.3,FestivalOffer,Festival,29,24,-5
R004,2025-01-20,19,0,0,Storm,27.3,28.3,FestivalOffer,Festival,45,46,1
R004,2025-01-20,20,0,0,Storm,27.3,28.3,FestivalOffer,Festival,54,49,-5
R004,2025-01-20,21,0,0,Storm,27.3,28.3,FestivalOffer,Festival,43,53,10
R004,2025-01-20,22,0,0,Storm,27.3,28.3,FestivalOffer,Festival,23,20,-3
R004,2025-01-21,8,1,0,Cloudy,1.84,37.2,HappyHour,LocalEvent,8,6,-2
R004,2025-01-21,9,1,0,Cloudy,1.84,37.2,HappyHour,LocalEvent,18,18,0
R004,2025-01-21,10,1,0,Cloudy,1.84,37.2,HappyHour,LocalEvent,36,25,-11
R004,2025-01-21,11,1,0,Cloudy,1.84,37.2,HappyHour,LocalEvent,59,51,-8
R004,2025-01-21,12,1,0,Cloudy,1.84,37.2,HappyHour,LocalEvent,79,91,12
R004,2025-01-21,13,1,0,Cloudy,1.84,37.2,HappyHour,LocalEvent,87,81,-6
R004,2025-01-21,14,1,0,Cloudy,1.84,37.2,HappyHour,LocalEvent,79,88,9
R004,2025-01-21,15,1,0,Cloudy,1.84,37.2,HappyHour,LocalEvent,59,50,-9
R004,2025-01-21,16,1,0,Cloudy,1.84,37.2,HappyHour,LocalEvent,39,33,-6
R004,2025-01-21,17,1,0,Cloudy,1.84,37.2,HappyHour,LocalEvent,29,29,0
R004,2025-01-21,18,1,0,Cloudy,1.84,37.2,HappyHour,LocalEvent,38,45,7
R004,2025-01-21,19,1,0,Cloudy,1.84,37.2,HappyHour,LocalEvent,59,64,5
R004,2025-01-21,20,1,0,Cloudy,1.84,37.2,HappyHour,LocalEvent,71,57,-14
R004,2025-01-21,21,1,0,Cloudy,1.84,37.2,HappyHour,LocalEvent,57,50,-7
R004,2025-01-21,22,1,0,Cloudy,1.84,37.2,HappyHour,LocalEvent,31,30,-1
R004,2025-01-22,8,2,0,Rain,13.76,22.7,HappyHour,None,6,4,-2
R004,2025-01-22,9,2,0,Rain,13.76,22.7,HappyHour,None,13,13,0
R004,2025-01-22,10,2,0,Rain,13.76,22.7,HappyHour,None,26,34,8
R004,2025-01-22,11,2,0,Rain,13.76,22.7,HappyHour,None,43,43,0
R004,2025-01-22,12,2,0,Rain,13.76,22.7,HappyHour,None,58,55,-3
R004,2025-01-22,13,2,0,Rain,13.76,22.7,HappyHour,None,64,68,4
R004,2025-01-22,14,2,0,Rain,13.76,22.7,HappyHour,None,58,56,-2
R004,2025-01-22,15,2,0,Rain,13.76,22.7,HappyHour,None,43,41,-2
R004,2025-01-22,16,2,0,Rain,13.76,22.7,HappyHour,None,28,26,-2
R004,2025-01-22,17,2,0,Rain,13.76,22.7,HappyHour,None,21,18,-3
R004,2025-01-22,18,2,0,Rain,13.76,22.7,HappyHour,None,28,25,-3
R004,2025-01-22,19,2,0,Rain,13.76,22.7,HappyHour,None,43,43,0
R004,2025-01-22,20,2,0,Rain,13.76,22.7,HappyHour,None,51,58,7
R004,2025-01-22,21,2,0,Rain,13.76,22.7,HappyHour,None,41,42,1
R004,2025-01-22,22,2,0,Rain,13.76,22.7,HappyHour,None,22,20,-2
R004,2025-01-23,8,3,0,Rain,3.94,32.6,WeekendDeal,None,6,5,-1
R004,2025-01-23,9,3,0,Rain,3.94,32.6,WeekendDeal,None,14,17,3
R004,2025-01-23,10,3,0,Rain,3.94,32.6,WeekendDeal,None,27,30,3
R004,2025-01-23,11,3,0,Rain,3.94,32.6,WeekendDeal,None,45,38,-7
R004,2025-01-23,12,3,0,Rain,3.94,32.6,WeekendDeal,None,60,66,6
R004,2025-01-23,13,3,0,Rain,3.94,32.6,WeekendDeal,None,66,75,9
R004,2025-01-23,14,3,0,Rain,3.94,32.6,WeekendDeal,None,60,50,-10
R004,2025-01-23,15,3,0,Rain,3.94,32.6,WeekendDeal,None,45,38,-7
R004,2025-01-23,16,3,0,Rain,3.94,32.6,WeekendDeal,None,29,23,-6
R004,2025-01-23,17,3,0,Rain,3.94,32.6,WeekendDeal,None,22,16,-6
R004,2025-01-23,18,3,0,Rain,3.94,32.6,WeekendDeal,None,29,30,1
R004,2025-01-23,19,3,0,Rain,3.94,32.6,WeekendDeal,None,45,43,-2
R004,2025-01-23,20,3,0,Rain,3.94,32.6,WeekendDeal,None,53,47,-6
R004,2025-01-23,21,3,0,Rain,3.94,32.6,WeekendDeal,None,43,59,16
R004,2025-01-23,22,3,0,Rain,3.94,32.6,WeekendDeal,None,23,25,2
R004,2025-01-24,8,4,0,Clear,4.31,32.3,FestivalOffer,Festival,9,8,-1
R004,2025-01-24,9,4,0,Clear,4.31,32.3,FestivalOffer,Festival,21,23,2
R004,2025-01-24,10,4,0,Clear,4.31,32.3,FestivalOffer,Festival,43,51,8
R004,2025-01-24,11,4,0,Clear,4.31,32.3,FestivalOffer,Festival,69,70,1
R004,2025-01-24,12,4,0,Clear,4.31,32.3,FestivalOffer,Festival,93,86,-7
R004,2025-01-24,13,4,0,Clear,4.31,32.3,FestivalOffer,Festival,102,94,-8
R004,2025-01-24,14,4,0,Clear,4.31,32.3,FestivalOffer,Festival,93,90,-3
R004,2025-01-24,15,4,0,Clear,4.31,32.3,FestivalOffer,Festival,70,85,15
R004,2025-01-24,16,4,0,Clear,4.31,32.3,FestivalOffer,Festival,46,45,-1
R004,2025-01-24,17,4,0,Clear,4.31,32.3,FestivalOffer,Festival,34,31,-3
R004,2025-01-24,18,4,0,Clear,4.31,32.3,FestivalOffer,Festival,45,44,-1
R004,2025-01-24,19,4,0,Clear,4.31,32.3,FestivalOffer,Festival,70,63,-7
R004,2025-01-24,20,4,0,Clear,4.31,32.3,FestivalOffer,Festival,83,70,-13
R004,2025-01-24,21,4,0,Clear,4.31,32.3,FestivalOffer,Festival,67,42,-25
R004,2025-01-24,22,4,0,Clear,4.31,32.3,FestivalOffer,Festival,36,51,15
R004,2025-01-25,8,5,1,Cloudy,1.15,37.5,HappyHour,None,8,8,0
R004,2025-01-25,9,5,1,Cloudy,1.15,37.5,HappyHour,None,20,25,5
R004,2025-01-25,10,5,1,Cloudy,1.15,37.5,HappyHour,None,40,48,8
R004,2025-01-25,11,5,1,Cloudy,1.15,37.5,HappyHour,None,65,74,9
R004,2025-01-25,12,5,1,Cloudy,1.15,37.5,HappyHour,None,87,85,-2
R004,2025-01-25,13,5,1,Cloudy,1.15,37.5,HappyHour,None,96,86,-10
R004,2025-01-25,14,5,1,Cloudy,1.15,37.5,HappyHour,None,87,91,4
R004,2025-01-25,15,5,1,Cloudy,1.15,37.5,HappyHour,None,65,72,7
R004,2025-01-25,16,5,1,Cloudy,1.15,37.5,HappyHour,None,43,27,-16
R004,2025-01-25,17,5,1,Cloudy,1.15,37.5,HappyHour,None,32,33,1
R004,2025-01-25,18,5,1,Cloudy,1.15,37.5,HappyHour,None,42,40,-2
R004,2025-01-25,19,5,1,Cloudy,1.15,37.5,HappyHour,None,65,57,-8
R004,2025-01-25,20,5,1,Cloudy,1.15,37.5,HappyHour,None,78,74,-4
R004,2025-01-25,21,5,1,Cloudy,1.15,37.5,HappyHour,None,63,80,17
R004,2025-01-25,22,5,1,Cloudy,1.15,37.5,HappyHour,None,34,36,2
R004,2025-01-26,8,6,1,Cloudy,3.49,37.4,None,SportsMatch,8,12,4
R004,2025-01-26,9,6,1,Cloudy,3.49,37.4,None,SportsMatch,20,18,-2
R004,2025-01-26,10,6,1,Cloudy,3.49,37.4,None,SportsMatch,40,34,-6
R004,2025-01-26,11,6,1,Cloudy,3.49,37.4,None,SportsMatch,66,57,-9
R004,2025-01-26,12,6,1,Cloudy,3.49,37.4,None,SportsMatch,88,84,-4
R004,2025-01-26,13,6,1,Cloudy,3.49,37.4,None,SportsMatch,97,94,-3
R004,2025-01-26,14,6,1,Cloudy,3.49,37.4,None,SportsMatch,88,96,8
R004,2025-01-26,15,6,1,Cloudy,3.49,37.4,None,SportsMatch,66,56,-10
R004,2025-01-26,16,6,1,Cloudy,3.49,37.4,None,SportsMatch,43,42,-1
R004,2025-01-26,17,6,1,Cloudy,3.49,37.4,None,SportsMatch,32,39,7
R004,2025-01-26,18,6,1,Cloudy,3.49,37.4,None,SportsMatch,42,39,-3
R004,2025-01-26,19,6,1,Cloudy,3.49,37.4,None,SportsMatch,66,64,-2
R004,2025-01-26,20,6,1,Cloudy,3.49,37.4,None,SportsMatch,78,77,-1
R004,2025-01-26,21,6,1,Cloudy,3.49,37.4,None,SportsMatch,63,61,-2
R004,2025-01-26,22,6,1,Cloudy,3.49,37.4,None,SportsMatch,34,29,-5
R004,2025-01-27,8,0,0,Cloudy,0.01,33.5,FestivalOffer,LocalEvent,8,10,2
R004,2025-01-27,9,0,0,Cloudy,0.01,33.5,FestivalOffer,LocalEvent,20,20,0
R004,2025-01-27,10,0,0,Cloudy,0.01,33.5,FestivalOffer,LocalEvent,40,29,-11
R004,2025-01-27,11,0,0,Cloudy,0.01,33.5,FestivalOffer,LocalEvent,64,70,6
R004,2025-01-27,12,0,0,Cloudy,0.01,33.5,FestivalOffer,LocalEvent,86,89,3
R004,2025-01-27,13,0,0,Cloudy,0.01,33.5,FestivalOffer,LocalEvent,95,64,-31
R004,2025-01-27,14,0,0,Cloudy,0.01,33.5,FestivalOffer,LocalEvent,86,85,-1
R004,2025-01-27,15,0,0,Cloudy,0.01,33.5,FestivalOffer,LocalEvent,65,69,4
R004,2025-01-27,16,0,0,Cloudy,0.01,33.5,FestivalOffer,LocalEvent,42,39,-3
R004,2025-01-27,17,0,0,Cloudy,0.01,33.5,FestivalOffer,LocalEvent,32,37,5
R004,2025-01-27,18,0,0,Cloudy,0.01,33.5,FestivalOffer,LocalEvent,42,36,-6
R004,2025-01-27,19,0,0,Cloudy,0.01,33.5,FestivalOffer,LocalEvent,65,68,3
R004,2025-01-27,20,0,0,Cloudy,0.01,33.5,FestivalOffer,LocalEvent,77,83,6
R004,2025-01-27,21,0,0,Cloudy,0.01,33.5,FestivalOffer,LocalEvent,62,52,-10
R004,2025-01-27,22,0,0,Cloudy,0.01,33.5,FestivalOffer,LocalEvent,33,28,-5
R004,2025-01-28,8,1,0,Storm,17.5,29.9,None,None,4,6,2
R004,2025-01-28,9,1,0,Storm,17.5,29.9,None,None,10,6,-4
R004,2025-01-28,10,1,0,Storm,17.5,29.9,None,None,20,22,2
R004,2025-01-28,11,1,0,Storm,17.5,29.9,None,None,33,26,-7
R004,2025-01-28,12,1,0,Storm,17.5,29.9,None,None,44,50,6
R004,2025-01-28,13,1,0,Storm,17.5,29.9,None,None,49,36,-13
R004,2025-01-28,14,1,0,Storm,17.5,29.9,None,None,45,38,-7
R004,2025-01-28,15,1,0,Storm,17.5,29.9,None,None,33,35,2
R004,2025-01-28,16,1,0,Storm,17.5,29.9,None,None,22,21,-1
R004,2025-01-28,17,1,0,Storm,17.5,29.9,None,None,16,18,2
R004,2025-01-28,18,1,0,Storm,17.5,29.9,None,None,21,26,5
R004,2025-01-28,19,1,0,Storm,17.5,29.9,None,None,33,36,3
R004,2025-01-28,20,1,0,Storm,17.5,29.9,None,None,40,44,4
R004,2025-01-28,21,1,0,Storm,17.5,29.9,None,None,32,34,2
R004,2025-01-28,22,1,0,Storm,17.5,29.9,None,None,17,20,3
R004,2025-01-29,8,2,0,Clear,0.52,25.4,HappyHour,SportsMatch,8,7,-1
R004,2025-01-29,9,2,0,Clear,0.52,25.4,HappyHour,SportsMatch,19,15,-4
R004,2025-01-29,10,2,0,Clear,0.52,25.4,HappyHour,SportsMatch,37,37,0
R004,2025-01-29,11,2,0,Clear,0.52,25.4,HappyHour,SportsMatch,60,64,4
R004,2025-01-29,12,2,0,Clear,0.52,25.4,HappyHour,SportsMatch,81,71,-10
R004,2025-01-29,13,2,0,Clear,0.52,25.4,HappyHour,SportsMatch,89,98,9
R004,2025-01-29,14,2,0,Clear,0.52,25.4,HappyHour,SportsMatch,81,71,-10
R004,2025-01-29,15,2,0,Clear,0.52,25.4,HappyHour,SportsMatch,61,52,-9
R004,2025-01-29,16,2,0,Clear,0.52,25.4,HappyHour,SportsMatch,39,32,-7
R004,2025-01-29,17,2,0,Clear,0.52,25.4,HappyHour,SportsMatch,30,33,3
R004,2025-01-29,18,2,0,Clear,0.52,25.4,HappyHour,SportsMatch,39,37,-2
R004,2025-01-29,19,2,0,Clear,0.52,25.4,HappyHour,SportsMatch,60,71,11
R004,2025-01-29,20,2,0,Clear,0.52,25.4,HappyHour,SportsMatch,72,78,6
R004,2025-01-29,21,2,0,Clear,0.52,25.4,HappyHour,SportsMatch,58,41,-17
R004,2025-01-29,22,2,0,Clear,0.52,25.4,HappyHour,SportsMatch,31,38,7
R004,2025-01-30,8,3,0,Cloudy,3.2,24.5,None,Festival,8,9,1
R004,2025-01-30,9,3,0,Cloudy,3.2,24.5,None,Festival,18,20,2
R004,2025-01-30,10,3,0,Cloudy,3.2,24.5,None,Festival,36,37,1
R004,2025-01-30,11,3,0,Cloudy,3.2,24.5,None,Festival,59,43,-16
R004,2025-01-30,12,3,0,Cloudy,3.2,24.5,None,Festival,79,80,1
R004,2025-01-30,13,3,0,Cloudy,3.2,24.5,None,Festival,87,89,2
R004,2025-01-30,14,3,0,Cloudy,3.2,24.5,None,Festival,79,77,-2
R004,2025-01-30,15,3,0,Cloudy,3.2,24.5,None,Festival,59,55,-4
R004,2025-01-30,16,3,0,Cloudy,3.2,24.5,None,Festival,39,50,11
R004,2025-01-30,17,3,0,Cloudy,3.2,24.5,None,Festival,29,29,0
R004,2025-01-30,18,3,0,Cloudy,3.2,24.5,None,Festival,38,31,-7
R004,2025-01-30,19,3,0,Cloudy,3.2,24.5,None,Festival,59,56,-3
R004,2025-01-30,20,3,0,Cloudy,3.2,24.5,None,Festival,70,95,25
R004,2025-01-30,21,3,0,Cloudy,3.2,24.5,None,Festival,57,58,1
R004,2025-01-30,22,3,0,Cloudy,3.2,24.5,None,Festival,30,34,4
R004,2025-01-31,8,4,0,Clear,2.57,37.5,FestivalOffer,SportsMatch,8,8,0
R004,2025-01-31,9,4,0,Clear,2.57,37.5,FestivalOffer,SportsMatch,20,17,-3
R004,2025-01-31,10,4,0,Clear,2.57,37.5,FestivalOffer,SportsMatch,40,39,-1
R004,2025-01-31,11,4,0,Clear,2.57,37.5,FestivalOffer,SportsMatch,66,70,4
R004,2025-01-31,12,4,0,Clear,2.57,37.5,FestivalOffer,SportsMatch,88,85,-3
R004,2025-01-31,13,4,0,Clear,2.57,37.5,FestivalOffer,SportsMatch,97,94,-3
R004,2025-01-31,14,4,0,Clear,2.57,37.5,FestivalOffer,SportsMatch,88,104,16
R004,2025-01-31,15,4,0,Clear,2.57,37.5,FestivalOffer,SportsMatch,66,67,1
R004,2025-01-31,16,4,0,Clear,2.57,37.5,FestivalOffer,SportsMatch,43,48,5
R004,2025-01-31,17,4,0,Clear,2.57,37.5,FestivalOffer,SportsMatch,32,39,7
R004,2025-01-31,18,4,0,Clear,2.57,37.5,FestivalOffer,SportsMatch,42,42,0
R004,2025-01-31,19,4,0,Clear,2.57,37.5,FestivalOffer,SportsMatch,66,77,11
R004,2025-01-31,20,4,0,Clear,2.57,37.5,FestivalOffer,SportsMatch,78,65,-13
R004,2025-01-31,21,4,0,Clear,2.57,37.5,FestivalOffer,SportsMatch,63,69,6
R004,2025-01-31,22,4,0,Clear,2.57,37.5,FestivalOffer,SportsMatch,34,18,-16
R004,2025-02-01,8,5,1,Rain,22.16,27.7,None,LocalEvent,6,7,1
R004,2025-02-01,9,5,1,Rain,22.16,27.7,None,LocalEvent,16,18,2
R004,2025-02-01,10,5,1,Rain,22.16,27.7,None,LocalEvent,31,31,0
R004,2025-02-01,11,5,1,Rain,22.16,27.7,None,LocalEvent,50,57,7
R004,2025-02-01,12,5,1,Rain,22.16,27.7,None,LocalEvent,67,78,11
R004,2025-02-01,13,5,1,Rain,22.16,27.7,None,LocalEvent,74,66,-8
R004,2025-02-01,14,5,1,Rain,22.16,27.7,None,LocalEvent,67,71,4
R004,2025-02-01,15,5,1,Rain,22.16,27.7,None,LocalEvent,51,67,16
R004,2025-02-01,16,5,1,Rain,22.16,27.7,None,LocalEvent,33,33,0
R004,2025-02-01,17,5,1,Rain,22.16,27.7,None,LocalEvent,25,25,0
R004,2025-02-01,18,5,1,Rain,22.16,27.7,None,LocalEvent,32,30,-2
R004,2025-02-01,19,5,1,Rain,22.16,27.7,None,LocalEvent,51,31,-20
R004,2025-02-01,20,5,1,Rain,22.16,27.7,None,LocalEvent,60,76,16
R004,2025-02-01,21,5,1,Rain,22.16,27.7,None,LocalEvent,48,41,-7
R004,2025-02-01,22,5,1,Rain,22.16,27.7,None,LocalEvent,26,18,-8
R004,2025-02-02,8,6,1,Cloudy,2.1,29.0,None,SportsMatch,8,6,-2
R004,2025-02-02,9,6,1,Cloudy,2.1,29.0,None,SportsMatch,20,17,-3
R004,2025-02-02,10,6,1,Cloudy,2.1,29.0,None,SportsMatch,40,43,3
R004,2025-02-02,11,6,1,Cloudy,2.1,29.0,None,SportsMatch,66,90,24
R004,2025-02-02,12,6,1,Cloudy,2.1,29.0,None,SportsMatch,88,65,-23
R004,2025-02-02,13,6,1,Cloudy,2.1,29.0,None,SportsMatch,97,86,-11
R004,2025-02-02,14,6,1,Cloudy,2.1,29.0,None,SportsMatch,88,64,-24
R004,2025-02-02,15,6,1,Cloudy,2.1,29.0,None,SportsMatch,66,76,10
R004,2025-02-02,16,6,1,Cloudy,2.1,29.0,None,SportsMatch,43,44,1
R004,2025-02-02,17,6,1,Cloudy,2.1,29.0,None,SportsMatch,32,41,9
R004,2025-02-02,18,6,1,Cloudy,2.1,29.0,None,SportsMatch,42,49,7
R004,2025-02-02,19,6,1,Cloudy,2.1,29.0,None,SportsMatch,66,54,-12
R004,2025-02-02,20,6,1,Cloudy,2.1,29.0,None,SportsMatch,78,83,5
R004,2025-02-02,21,6,1,Cloudy,2.1,29.0,None,SportsMatch,63,65,2
R004,2025-02-02,22,6,1,Cloudy,2.1,29.0,None,SportsMatch,34,42,8
R004,2025-02-03,8,0,0,Cloudy,1.17,27.8,HappyHour,SportsMatch,8,8,0
R004,2025-02-03,9,0,0,Cloudy,1.17,27.8,HappyHour,SportsMatch,19,17,-2
R004,2025-02-03,10,0,0,Cloudy,1.17,27.8,HappyHour,SportsMatch,37,36,-1
R004,2025-02-03,11,0,0,Cloudy,1.17,27.8,HappyHour,SportsMatch,60,74,14
R004,2025-02-03,12,0,0,Cloudy,1.17,27.8,HappyHour,SportsMatch,81,94,13
R004,2025-02-03,13,0,0,Cloudy,1.17,27.8,HappyHour,SportsMatch,89,100,11
R004,2025-02-03,14,0,0,Cloudy,1.17,27.8,HappyHour,SportsMatch,81,60,-21
R004,2025-02-03,15,0,0,Cloudy,1.17,27.8,HappyHour,SportsMatch,61,66,5
R004,2025-02-03,16,0,0,Cloudy,1.17,27.8,HappyHour,SportsMatch,39,33,-6
R004,2025-02-03,17,0,0,Cloudy,1.17,27.8,HappyHour,SportsMatch,30,27,-3
R004,2025-02-03,18,0,0,Cloudy,1.17,27.8,HappyHour,SportsMatch,39,46,7
R004,2025-02-03,19,0,0,Cloudy,1.17,27.8,HappyHour,SportsMatch,60,60,0
R004,2025-02-03,20,0,0,Cloudy,1.17,27.8,HappyHour,SportsMatch,72,38,-34
R004,2025-02-03,21,0,0,Cloudy,1.17,27.8,HappyHour,SportsMatch,58,64,6
R004,2025-02-03,22,0,0,Cloudy,1.17,27.8,HappyHour,SportsMatch,31,35,4
R004,2025-02-04,8,1,0,Clear,0.31,31.9,None,SportsMatch,7,7,0
R004,2025-02-04,9,1,0,Clear,0.31,31.9,None,SportsMatch,17,20,3
R004,2025-02-04,10,1,0,Clear,0.31,31.9,None,SportsMatch,34,32,-2
R004,2025-02-04,11,1,0,Clear,0.31,31.9,None,SportsMatch,56,59,3
R004,2025-02-04,12,1,0,Clear,0.31,31.9,None,SportsMatch,75,68,-7
R004,2025-02-04,13,1,0,Clear,0.31,31.9,None,SportsMatch,82,94,12
R004,2025-02-04,14,1,0,Clear,0.31,31.9,None,SportsMatch,75,68,-7
R004,2025-02-04,15,1,0,Clear,0.31,31.9,None,SportsMatch,56,62,6
R004,2025-02-04,16,1,0,Clear,0.31,31.9,None,SportsMatch,37,31,-6
R004,2025-02-04,17,1,0,Clear,0.31,31.9,None,SportsMatch,27,25,-2
R004,2025-02-04,18,1,0,Clear,0.31,31.9,None,SportsMatch,36,35,-1
R004,2025-02-04,19,1,0,Clear,0.31,31.9,None,SportsMatch,56,66,10
R004,2025-02-04,20,1,0,Clear,0.31,31.9,None,SportsMatch,66,79,13
R004,2025-02-04,21,1,0,Clear,0.31,31.9,None,SportsMatch,54,53,-1
R004,2025-02-04,22,1,0,Clear,0.31,31.9,None,SportsMatch,29,28,-1
R004,2025-02-05,8,2,0,Cloudy,4.53,29.1,None,None,7,7,0
R004,2025-02-05,9,2,0,Cloudy,4.53,29.1,None,None,16,16,0
R004,2025-02-05,10,2,0,Cloudy,4.53,29.1,None,None,31,33,2
R004,2025-02-05,11,2,0,Cloudy,4.53,29.1,None,None,51,60,9
R004,2025-02-05,12,2,0,Cloudy,4.53,29.1,None,None,68,53,-15
R004,2025-02-05,13,2,0,Cloudy,4.53,29.1,None,None,75,63,-12
R004,2025-02-05,14,2,0,Cloudy,4.53,29.1,None,None,68,82,14
R004,2025-02-05,15,2,0,Cloudy,4.53,29.1,None,None,51,52,1
R004,2025-02-05,16,2,0,Cloudy,4.53,29.1,None,None,34,33,-1
R004,2025-02-05,17,2,0,Cloudy,4.53,29.1,None,None,25,31,6
R004,2025-02-05,18,2,0,Cloudy,4.53,29.1,None,None,33,36,3
R004,2025-02-05,19,2,0,Cloudy,4.53,29.1,None,None,51,58,7
R004,2025-02-05,20,2,0,Cloudy,4.53,29.1,None,None,61,62,1
R004,2025-02-05,21,2,0,Cloudy,4.53,29.1,None,None,49,49,0
R004,2025-02-05,22,2,0,Cloudy,4.53,29.1,None,None,26,25,-1
R004,2025-02-06,8,3,0,Storm,12.5,25.7,FestivalOffer,None,5,4,-1
R004,2025-02-06,9,3,0,Storm,12.5,25.7,FestivalOffer,None,12,13,1
R004,2025-02-06,10,3,0,Storm,12.5,25.7,FestivalOffer,None,24,25,1
R004,2025-02-06,11,3,0,Storm,12.5,25.7,FestivalOffer,None,39,42,3
R004,2025-02-06,12,3,0,Storm,12.5,25.7,FestivalOffer,None,53,41,-12
R004,2025-02-06,13,3,0,Storm,12.5,25.7,FestivalOffer,None,58,55,-3
R004,2025-02-06,14,3,0,Storm,12.5,25.7,FestivalOffer,None,53,46,-7
R004,2025-02-06,15,3,0,Storm,12.5,25.7,FestivalOffer,None,39,37,-2
R004,2025-02-06,16,3,0,Storm,12.5,25.7,FestivalOffer,None,26,25,-1
R004,2025-02-06,17,3,0,Storm,12.5,25.7,FestivalOffer,None,19,13,-6
R004,2025-02-06,18,3,0,Storm,12.5,25.7,FestivalOffer,None,25,22,-3
R004,2025-02-06,19,3,0,Storm,12.5,25.7,FestivalOffer,None,39,34,-5
R004,2025-02-06,20,3,0,Storm,12.5,25.7,FestivalOffer,None,47,42,-5
R004,2025-02-06,21,3,0,Storm,12.5,25.7,FestivalOffer,None,38,39,1
R004,2025-02-06,22,3,0,Storm,12.5,25.7,FestivalOffer,None,20,15,-5
R004,2025-02-07,8,4,0,Storm,2.87,35.3,None,None,4,7,3
R004,2025-02-07,9,4,0,Storm,2.87,35.3,None,None,10,10,0
R004,2025-02-07,10,4,0,Storm,2.87,35.3,None,None,20,15,-5
R004,2025-02-07,11,4,0,Storm,2.87,35.3,None,None,33,28,-5
R004,2025-02-07,12,4,0,Storm,2.87,35.3,None,None,44,39,-5
R004,2025-02-07,13,4,0,Storm,2.87,35.3,None,None,49,49,0
R004,2025-02-07,14,4,0,Storm,2.87,35.3,None,None,45,46,1
R004,2025-02-07,15,4,0,Storm,2.87,35.3,None,None,33,34,1
R004,2025-02-07,16,4,0,Storm,2.87,35.3,None,None,22,20,-2
R004,2025-02-07,17,4,0,Storm,2.87,35.3,None,None,16,19,3
R004,2025-02-07,18,4,0,Storm,2.87,35.3,None,None,21,18,-3
R004,2025-02-07,19,4,0,Storm,2.87,35.3,None,None,33,27,-6
R004,2025-02-07,20,4,0,Storm,2.87,35.3,None,None,40,34,-6
R004,2025-02-07,21,4,0,Storm,2.87,35.3,None,None,32,41,9
R004,2025-02-07,22,4,0,Storm,2.87,35.3,None,None,17,16,-1
R004,2025-02-08,8,5,1,Rain,33.35,33.1,FestivalOffer,None,7,6,-1
R004,2025-02-08,9,5,1,Rain,33.35,33.1,FestivalOffer,None,17,16,-1
R004,2025-02-08,10,5,1,Rain,33.35,33.1,FestivalOffer,None,34,32,-2
R004,2025-02-08,11,5,1,Rain,33.35,33.1,FestivalOffer,None,55,59,4
R004,2025-02-08,12,5,1,Rain,33.35,33.1,FestivalOffer,None,74,68,-6
R004,2025-02-08,13,5,1,Rain,33.35,33.1,FestivalOffer,None,82,107,25
R004,2025-02-08,14,5,1,Rain,33.35,33.1,FestivalOffer,None,74,78,4
R004,2025-02-08,15,5,1,Rain,33.35,33.1,FestivalOffer,None,56,65,9
R004,2025-02-08,16,5,1,Rain,33.35,33.1,FestivalOffer,None,36,32,-4
R004,2025-02-08,17,5,1,Rain,33.35,33.1,FestivalOffer,None,27,28,1
R004,2025-02-08,18,5,1,Rain,33.35,33.1,FestivalOffer,None,36,39,3
R004,2025-02-08,19,5,1,Rain,33.35,33.1,FestivalOffer,None,56,65,9
R004,2025-02-08,20,5,1,Rain,33.35,33.1,FestivalOffer,None,66,74,8
R004,2025-02-08,21,5,1,Rain,33.35,33.1,FestivalOffer,None,53,54,1
R004,2025-02-08,22,5,1,Rain,33.35,33.1,FestivalOffer,None,29,27,-2
R004,2025-02-09,8,6,1,Rain,29.6,23.7,HappyHour,None,7,7,0
R004,2025-02-09,9,6,1,Rain,29.6,23.7,HappyHour,None,16,15,-1
R004,2025-02-09,10,6,1,Rain,29.6,23.7,HappyHour,None,31,42,11
R004,2025-02-09,11,6,1,Rain,29.6,23.7,HappyHour,None,51,43,-8
R004,2025-02-09,12,6,1,Rain,29.6,23.7,HappyHour,None,68,63,-5
R004,2025-02-09,13,6,1,Rain,29.6,23.7,HappyHour,None,75,76,1
R004,2025-02-09,14,6,1,Rain,29.6,23.7,HappyHour,None,68,44,-24
R004,2025-02-09,15,6,1,Rain,29.6,23.7,HappyHour,None,51,52,1
R004,2025-02-09,16,6,1,Rain,29.6,23.7,HappyHour,None,33,29,-4
R004,2025-02-09,17,6,1,Rain,29.6,23.7,HappyHour,None,25,25,0
R004,2025-02-09,18,6,1,Rain,29.6,23.7,HappyHour,None,33,30,-3
R004,2025-02-09,19,6,1,Rain,29.6,23.7,HappyHour,None,51,56,5
R004,2025-02-09,20,6,1,Rain,29.6,23.7,HappyHour,None,61,60,-1
R004,2025-02-09,21,6,1,Rain,29.6,23.7,HappyHour,None,49,43,-6
R004,2025-02-09,22,6,1,Rain,29.6,23.7,HappyHour,None,26,27,1
R004,2025-02-10,8,0,0,Storm,32.68,29.2,None,None,4,5,1
R004,2025-02-10,9,0,0,Storm,32.68,29.2,None,None,10,11,1
R004,2025-02-10,10,0,0,Storm,32.68,29.2,None,None,20,21,1
R004,2025-02-10,11,0,0,Storm,32.68,29.2,None,None,33,37,4
R004,2025-02-10,12,0,0,Storm,32.68,29.2,None,None,44,47,3
R004,2025-02-10,13,0,0,Storm,32.68,29.2,None,None,49,45,-4
R004,2025-02-10,14,0,0,Storm,32.68,29.2,None,None,45,45,0
R004,2025-02-10,15,0,0,Storm,32.68,29.2,None,None,33,38,5
R004,2025-02-10,16,0,0,Storm,32.68,29.2,None,None,22,19,-3
R004,2025-02-10,17,0,0,Storm,32.68,29.2,None,None,16,18,2
R004,2025-02-10,18,0,0,Storm,32.68,29.2,None,None,21,19,-2
R004,2025-02-10,19,0,0,Storm,32.68,29.2,None,None,33,28,-5
R004,2025-02-10,20,0,0,Storm,32.68,29.2,None,None,40,34,-6
R004,2025-02-10,21,0,0,Storm,32.68,29.2,None,None,32,33,1
R004,2025-02-10,22,0,0,Storm,32.68,29.2,None,None,17,18,1
R004,2025-02-11,8,1,0,Clear,4.87,28.8,HappyHour,Festival,8,9,1
R004,2025-02-11,9,1,0,Clear,4.87,28.8,HappyHour,Festival,20,23,3
R004,2025-02-11,10,1,0,Clear,4.87,28.8,HappyHour,Festival,39,44,5
R004,2025-02-11,11,1,0,Clear,4.87,28.8,HappyHour,Festival,63,61,-2
R004,2025-02-11,12,1,0,Clear,4.87,28.8,HappyHour,Festival,85,84,-1
R004,2025-02-11,13,1,0,Clear,4.87,28.8,HappyHour,Festival,94,96,2
R004,2025-02-11,14,1,0,Clear,4.87,28.8,HappyHour,Festival,85,113,28
R004,2025-02-11,15,1,0,Clear,4.87,28.8,HappyHour,Festival,64,71,7
R004,2025-02-11,16,1,0,Clear,4.87,28.8,HappyHour,Festival,42,41,-1
R004,2025-02-11,17,1,0,Clear,4.87,28.8,HappyHour,Festival,31,25,-6
R004,2025-02-11,18,1,0,Clear,4.87,28.8,HappyHour,Festival,41,24,-17
R004,2025-02-11,19,1,0,Clear,4.87,28.8,HappyHour,Festival,64,69,5
R004,2025-02-11,20,1,0,Clear,4.87,28.8,HappyHour,Festival,76,86,10
R004,2025-02-11,21,1,0,Clear,4.87,28.8,HappyHour,Festival,61,67,6
R004,2025-02-11,22,1,0,Clear,4.87,28.8,HappyHour,Festival,33,36,3
R004,2025-02-12,8,2,0,Rain,8.84,29.8,HappyHour,SportsMatch,6,6,0
R004,2025-02-12,9,2,0,Rain,8.84,29.8,HappyHour,SportsMatch,15,17,2
R004,2025-02-12,10,2,0,Rain,8.84,29.8,HappyHour,SportsMatch,29,31,2
R004,2025-02-12,11,2,0,Rain,8.84,29.8,HappyHour,SportsMatch,47,48,1
R004,2025-02-12,12,2,0,Rain,8.84,29.8,HappyHour,SportsMatch,63,67,4
R004,2025-02-12,13,2,0,Rain,8.84,29.8,HappyHour,SportsMatch,69,63,-6
R004,2025-02-12,14,2,0,Rain,8.84,29.8,HappyHour,SportsMatch,63,57,-6
R004,2025-02-12,15,2,0,Rain,8.84,29.8,HappyHour,SportsMatch,47,31,-16
R004,2025-02-12,16,2,0,Rain,8.84,29.8,HappyHour,SportsMatch,31,40,9
R004,2025-02-12,17,2,0,Rain,8.84,29.8,HappyHour,SportsMatch,23,14,-9
R004,2025-02-12,18,2,0,Rain,8.84,29.8,HappyHour,SportsMatch,30,35,5
R004,2025-02-12,19,2,0,Rain,8.84,29.8,HappyHour,SportsMatch,47,55,8
R004,2025-02-12,20,2,0,Rain,8.84,29.8,HappyHour,SportsMatch,56,52,-4
R004,2025-02-12,21,2,0,Rain,8.84,29.8,HappyHour,SportsMatch,45,44,-1
R004,2025-02-12,22,2,0,Rain,8.84,29.8,HappyHour,SportsMatch,24,27,3
R004,2025-02-13,8,3,0,Rain,14.35,28.9,FestivalOffer,None,6,7,1
R004,2025-02-13,9,3,0,Rain,14.35,28.9,FestivalOffer,None,15,12,-3
R004,2025-02-13,10,3,0,Rain,14.35,28.9,FestivalOffer,None,29,38,9
R004,2025-02-13,11,3,0,Rain,14.35,28.9,FestivalOffer,None,47,31,-16
R004,2025-02-13,12,3,0,Rain,14.35,28.9,FestivalOffer,None,63,60,-3
R004,2025-02-13,13,3,0,Rain,14.35,28.9,FestivalOffer,None,69,82,13
R004,2025-02-13,14,3,0,Rain,14.35,28.9,FestivalOffer,None,63,65,2
R004,2025-02-13,15,3,0,Rain,14.35,28.9,FestivalOffer,None,47,41,-6
R004,2025-02-13,16,3,0,Rain,14.35,28.9,FestivalOffer,None,31,34,3
R004,2025-02-13,17,3,0,Rain,14.35,28.9,FestivalOffer,None,23,26,3
R004,2025-02-13,18,3,0,Rain,14.35,28.9,FestivalOffer,None,30,30,0
R004,2025-02-13,19,3,0,Rain,14.35,28.9,FestivalOffer,None,47,33,-14
R004,2025-02-13,20,3,0,Rain,14.35,28.9,FestivalOffer,None,56,50,-6
R004,2025-02-13,21,3,0,Rain,14.35,28.9,FestivalOffer,None,45,45,0
R004,2025-02-13,22,3,0,Rain,14.35,28.9,FestivalOffer,None,24,24,0
R004,2025-02-14,8,4,0,Storm,0.62,35.5,HappyHour,Festival,5,6,1
R004,2025-02-14,9,4,0,Storm,0.62,35.5,HappyHour,Festival,13,14,1
R004,2025-02-14,10,4,0,Storm,0.62,35.5,HappyHour,Festival,25,16,-9
R004,2025-02-14,11,4,0,Storm,0.62,35.5,HappyHour,Festival,41,35,-6
R004,2025-02-14,12,4,0,Storm,0.62,35.5,HappyHour,Festival,55,51,-4
R004,2025-02-14,13,4,0,Storm,0.62,35.5,HappyHour,Festival,61,53,-8
R004,2025-02-14,14,4,0,Storm,0.62,35.5,HappyHour,Festival,55,61,6
R004,2025-02-14,15,4,0,Storm,0.62,35.5,HappyHour,Festival,42,37,-5
R004,2025-02-14,16,4,0,Storm,0.62,35.5,HappyHour,Festival,27,21,-6
R004,2025-02-14,17,4,0,Storm,0.62,35.5,HappyHour,Festival,20,16,-4
R004,2025-02-14,18,4,0,Storm,0.62,35.5,HappyHour,Festival,27,25,-2
R004,2025-02-14,19,4,0,Storm,0.62,35.5,HappyHour,Festival,41,44,3
R004,2025-02-14,20,4,0,Storm,0.62,35.5,HappyHour,Festival,49,47,-2
R004,2025-02-14,21,4,0,Storm,0.62,35.5,HappyHour,Festival,40,34,-6
R004,2025-02-14,22,4,0,Storm,0.62,35.5,HappyHour,Festival,21,14,-7
R004,2025-02-15,8,5,1,Rain,23.96,37.0,WeekendDeal,SportsMatch,7,7,0
R004,2025-02-15,9,5,1,Rain,23.96,37.0,WeekendDeal,SportsMatch,18,17,-1
R004,2025-02-15,10,5,1,Rain,23.96,37.0,WeekendDeal,SportsMatch,35,37,2
R004,2025-02-15,11,5,1,Rain,23.96,37.0,WeekendDeal,SportsMatch,57,53,-4
R004,2025-02-15,12,5,1,Rain,23.96,37.0,WeekendDeal,SportsMatch,77,57,-20
R004,2025-02-15,13,5,1,Rain,23.96,37.0,WeekendDeal,SportsMatch,85,64,-21
R004,2025-02-15,14,5,1,Rain,23.96,37.0,WeekendDeal,SportsMatch,77,66,-11
R004,2025-02-15,15,5,1,Rain,23.96,37.0,WeekendDeal,SportsMatch,58,60,2
R004,2025-02-15,16,5,1,Rain,23.96,37.0,WeekendDeal,SportsMatch,38,29,-9
R004,2025-02-15,17,5,1,Rain,23.96,37.0,WeekendDeal,SportsMatch,28,29,1
R004,2025-02-15,18,5,1,Rain,23.96,37.0,WeekendDeal,SportsMatch,37,38,1
R004,2025-02-15,19,5,1,Rain,23.96,37.0,WeekendDeal,SportsMatch,58,52,-6
R004,2025-02-15,20,5,1,Rain,23.96,37.0,WeekendDeal,SportsMatch,68,62,-6
R004,2025-02-15,21,5,1,Rain,23.96,37.0,WeekendDeal,SportsMatch,55,56,1
R004,2025-02-15,22,5,1,Rain,23.96,37.0,WeekendDeal,SportsMatch,30,32,2
R004,2025-02-16,8,6,1,Clear,0.39,33.3,FestivalOffer,None,9,10,1
R004,2025-02-16,9,6,1,Clear,0.39,33.3,FestivalOffer,None,22,23,1
R004,2025-02-16,10,6,1,Clear,0.39,33.3,FestivalOffer,None,44,58,14
R004,2025-02-16,11,6,1,Clear,0.39,33.3,FestivalOffer,None,71,55,-16
R004,2025-02-16,12,6,1,Clear,0.39,33.3,FestivalOffer,None,95,74,-21
R004,2025-02-16,13,6,1,Clear,0.39,33.3,FestivalOffer,None,105,169,64
R004,2025-02-16,14,6,1,Clear,0.39,33.3,FestivalOffer,None,95,100,5
R004,2025-02-16,15,6,1,Clear,0.39,33.3,FestivalOffer,None,72,64,-8
R004,2025-02-16,16,6,1,Clear,0.39,33.3,FestivalOffer,None,47,56,9
R004,2025-02-16,17,6,1,Clear,0.39,33.3,FestivalOffer,None,35,38,3
R004,2025-02-16,18,6,1,Clear,0.39,33.3,FestivalOffer,None,46,50,4
R004,2025-02-16,19,6,1,Clear,0.39,33.3,FestivalOffer,None,71,56,-15
R004,2025-02-16,20,6,1,Clear,0.39,33.3,FestivalOffer,None,85,109,24
R004,2025-02-16,21,6,1,Clear,0.39,33.3,FestivalOffer,None,69,73,4
R004,2025-02-16,22,6,1,Clear,0.39,33.3,FestivalOffer,None,37,44,7
R004,2025-02-17,8,0,0,Storm,2.87,34.1,FestivalOffer,Festival,6,5,-1
R004,2025-02-17,9,0,0,Storm,2.87,34.1,FestivalOffer,Festival,14,11,-3
R004,2025-02-17,10,0,0,Storm,2.87,34.1,FestivalOffer,Festival,28,32,4
R004,2025-02-17,11,0,0,Storm,2.87,34.1,FestivalOffer,Festival,45,45,0
R004,2025-02-17,12,0,0,Storm,2.87,34.1,FestivalOffer,Festival,60,56,-4
R004,2025-02-17,13,0,0,Storm,2.87,34.1,FestivalOffer,Festival,67,66,-1
R004,2025-02-17,14,0,0,Storm,2.87,34.1,FestivalOffer,Festival,60,67,7
R004,2025-02-17,15,0,0,Storm,2.87,34.1,FestivalOffer,Festival,45,45,0
R004,2025-02-17,16,0,0,Storm,2.87,34.1,FestivalOffer,Festival,30,34,4
R004,2025-02-17,17,0,0,Storm,2.87,34.1,FestivalOffer,Festival,22,25,3
R004,2025-02-17,18,0,0,Storm,2.87,34.1,FestivalOffer,Festival,29,35,6
R004,2025-02-17,19,0,0,Storm,2.87,34.1,FestivalOffer,Festival,45,52,7
R004,2025-02-17,20,0,0,Storm,2.87,34.1,FestivalOffer,Festival,54,52,-2
R004,2025-02-17,21,0,0,Storm,2.87,34.1,FestivalOffer,Festival,43,40,-3
R004,2025-02-17,22,0,0,Storm,2.87,34.1,FestivalOffer,Festival,23,20,-3
R004,2025-02-18,8,1,0,Clear,0.45,25.3,HappyHour,Festival,8,6,-2
R004,2025-02-18,9,1,0,Clear,0.45,25.3,HappyHour,Festival,20,20,0
R004,2025-02-18,10,1,0,Clear,0.45,25.3,HappyHour,Festival,39,38,-1
R004,2025-02-18,11,1,0,Clear,0.45,25.3,HappyHour,Festival,63,62,-1
R004,2025-02-18,12,1,0,Clear,0.45,25.3,HappyHour,Festival,85,78,-7
R004,2025-02-18,13,1,0,Clear,0.45,25.3,HappyHour,Festival,94,79,-15
R004,2025-02-18,14,1,0,Clear,0.45,25.3,HappyHour,Festival,85,108,23
R004,2025-02-18,15,1,0,Clear,0.45,25.3,HappyHour,Festival,64,57,-7
R004,2025-02-18,16,1,0,Clear,0.45,25.3,HappyHour,Festival,42,52,10
R004,2025-02-18,17,1,0,Clear,0.45,25.3,HappyHour,Festival,31,38,7
R004,2025-02-18,18,1,0,Clear,0.45,25.3,HappyHour,Festival,41,39,-2
R004,2025-02-18,19,1,0,Clear,0.45,25.3,HappyHour,Festival,64,65,1
R004,2025-02-18,20,1,0,Clear,0.45,25.3,HappyHour,Festival,76,80,4
R004,2025-02-18,21,1,0,Clear,0.45,25.3,HappyHour,Festival,61,55,-6
R004,2025-02-18,22,1,0,Clear,0.45,25.3,HappyHour,Festival,33,44,11
R004,2025-02-19,8,2,0,Cloudy,0.85,36.4,FestivalOffer,LocalEvent,8,11,3
R004,2025-02-19,9,2,0,Cloudy,0.85,36.4,FestivalOffer,LocalEvent,20,19,-1
R004,2025-02-19,10,2,0,Cloudy,0.85,36.4,FestivalOffer,LocalEvent,40,38,-2
R004,2025-02-19,11,2,0,Cloudy,0.85,36.4,FestivalOffer,LocalEvent,64,57,-7
R004,2025-02-19,12,2,0,Cloudy,0.85,36.4,FestivalOffer,LocalEvent,86,98,12
R004,2025-02-19,13,2,0,Cloudy,0.85,36.4,FestivalOffer,LocalEvent,95,102,7
R004,2025-02-19,14,2,0,Cloudy,0.85,36.4,FestivalOffer,LocalEvent,86,69,-17
R004,2025-02-19,15,2,0,Cloudy,0.85,36.4,FestivalOffer,LocalEvent,65,78,13
R004,2025-02-19,16,2,0,Cloudy,0.85,36.4,FestivalOffer,LocalEvent,42,40,-2
R004,2025-02-19,17,2,0,Cloudy,0.85,36.4,FestivalOffer,LocalEvent,32,36,4
R004,2025-02-19,18,2,0,Cloudy,0.85,36.4,FestivalOffer,LocalEvent,42,35,-7
R004,2025-02-19,19,2,0,Cloudy,0.85,36.4,FestivalOffer,LocalEvent,65,70,5
R004,2025-02-19,20,2,0,Cloudy,0.85,36.4,FestivalOffer,LocalEvent,77,57,-20
R004,2025-02-19,21,2,0,Cloudy,0.85,36.4,FestivalOffer,LocalEvent,62,57,-5
R004,2025-02-19,22,2,0,Cloudy,0.85,36.4,FestivalOffer,LocalEvent,33,23,-10
R004,2025-02-20,8,3,0,Rain,27.37,30.7,FestivalOffer,Festival,7,7,0
R004,2025-02-20,9,3,0,Rain,27.37,30.7,FestivalOffer,Festival,17,18,1
R004,2025-02-20,10,3,0,Rain,27.37,30.7,FestivalOffer,Festival,33,30,-3
R004,2025-02-20,11,3,0,Rain,27.37,30.7,FestivalOffer,Festival,54,47,-7
R004,2025-02-20,12,3,0,Rain,27.37,30.7,FestivalOffer,Festival,72,54,-18
R004,2025-02-20,13,3,0,Rain,27.37,30.7,FestivalOffer,Festival,80,86,6
R004,2025-02-20,14,3,0,Rain,27.37,30.7,FestivalOffer,Festival,72,77,5
R004,2025-02-20,15,3,0,Rain,27.37,30.7,FestivalOffer,Festival,54,67,13
R004,2025-02-20,16,3,0,Rain,27.37,30.7,FestivalOffer,Festival,36,28,-8
R004,2025-02-20,17,3,0,Rain,27.37,30.7,FestivalOffer,Festival,27,27,0
R004,2025-02-20,18,3,0,Rain,27.37,30.7,FestivalOffer,Festival,35,33,-2
R004,2025-02-20,19,3,0,Rain,27.37,30.7,FestivalOffer,Festival,54,44,-10
R004,2025-02-20,20,3,0,Rain,27.37,30.7,FestivalOffer,Festival,65,69,4
R004,2025-02-20,21,3,0,Rain,27.37,30.7,FestivalOffer,Festival,52,49,-3
R004,2025-02-20,22,3,0,Rain,27.37,30.7,FestivalOffer,Festival,28,21,-7
R004,2025-02-21,8,4,0,Clear,3.58,20.0,None,LocalEvent,7,6,-1
R004,2025-02-21,9,4,0,Clear,3.58,20.0,None,LocalEvent,17,19,2
R004,2025-02-21,10,4,0,Clear,3.58,20.0,None,LocalEvent,34,33,-1
R004,2025-02-21,11,4,0,Clear,3.58,20.0,None,LocalEvent,55,49,-6
R004,2025-02-21,12,4,0,Clear,3.58,20.0,None,LocalEvent,73,67,-6
R004,2025-02-21,13,4,0,Clear,3.58,20.0,None,LocalEvent,81,83,2
R004,2025-02-21,14,4,0,Clear,3.58,20.0,None,LocalEvent,73,79,6
R004,2025-02-21,15,4,0,Clear,3.58,20.0,None,LocalEvent,55,54,-1
R004,2025-02-21,16,4,0,Clear,3.58,20.0,None,LocalEvent,36,33,-3
R004,2025-02-21,17,4,0,Clear,3.58,20.0,None,LocalEvent,27,31,4
R004,2025-02-21,18,4,0,Clear,3.58,20.0,None,LocalEvent,35,36,1
R004,2025-02-21,19,4,0,Clear,3.58,20.0,None,LocalEvent,55,58,3
R004,2025-02-21,20,4,0,Clear,3.58,20.0,None,LocalEvent,65,59,-6
R004,2025-02-21,21,4,0,Clear,3.58,20.0,None,LocalEvent,53,51,-2
R004,2025-02-21,22,4,0,Clear,3.58,20.0,None,LocalEvent,28,30,2
R004,2025-02-22,8,5,1,Clear,2.92,24.9,FestivalOffer,Festival,11,9,-2
R004,2025-02-22,9,5,1,Clear,2.92,24.9,FestivalOffer,Festival,25,22,-3
R004,2025-02-22,10,5,1,Clear,2.92,24.9,FestivalOffer,Festival,50,61,11
R004,2025-02-22,11,5,1,Clear,2.92,24.9,FestivalOffer,Festival,82,76,-6
R004,2025-02-22,12,5,1,Clear,2.92,24.9,FestivalOffer,Festival,110,109,-1
R004,2025-02-22,13,5,1,Clear,2.92,24.9,FestivalOffer,Festival,121,99,-22
R004,2025-02-22,14,5,1,Clear,2.92,24.9,FestivalOffer,Festival,110,92,-18
R004,2025-02-22,15,5,1,Clear,2.92,24.9,FestivalOffer,Festival,82,112,30
R004,2025-02-22,16,5,1,Clear,2.92,24.9,FestivalOffer,Festival,54,56,2
R004,2025-02-22,17,5,1,Clear,2.92,24.9,FestivalOffer,Festival,40,36,-4
R004,2025-02-22,18,5,1,Clear,2.92,24.9,FestivalOffer,Festival,53,55,2
R004,2025-02-22,19,5,1,Clear,2.92,24.9,FestivalOffer,Festival,82,88,6
R004,2025-02-22,20,5,1,Clear,2.92,24.9,FestivalOffer,Festival,98,106,8
R004,2025-02-22,21,5,1,Clear,2.92,24.9,FestivalOffer,Festival,79,58,-21
R004,2025-02-22,22,5,1,Clear,2.92,24.9,FestivalOffer,Festival,42,39,-3
R004,2025-02-23,8,6,1,Storm,7.87,29.4,None,None,5,8,3
R004,2025-02-23,9,6,1,Storm,7.87,29.4,None,None,12,12,0
R004,2025-02-23,10,6,1,Storm,7.87,29.4,None,None,24,30,6
R004,2025-02-23,11,6,1,Storm,7.87,29.4,None,None,39,38,-1
R004,2025-02-23,12,6,1,Storm,7.87,29.4,None,None,52,54,2
R004,2025-02-23,13,6,1,Storm,7.87,29.4,None,None,58,55,-3
R004,2025-02-23,14,6,1,Storm,7.87,29.4,None,None,52,59,7
R004,2025-02-23,15,6,1,Storm,7.87,29.4,None,None,39,31,-8
R004,2025-02-23,16,6,1,Storm,7.87,29.4,None,None,26,24,-2
R004,2025-02-23,17,6,1,Storm,7.87,29.4,None,None,19,15,-4
R004,2025-02-23,18,6,1,Storm,7.87,29.4,None,None,25,21,-4
R004,2025-02-23,19,6,1,Storm,7.87,29.4,None,None,39,34,-5
R004,2025-02-23,20,6,1,Storm,7.87,29.4,None,None,47,52,5
R004,2025-02-23,21,6,1,Storm,7.87,29.4,None,None,38,29,-9
R004,2025-02-23,22,6,1,Storm,7.87,29.4,None,None,20,15,-5
R004,2025-02-24,8,0,0,Clear,2.31,37.8,WeekendDeal,Festival,8,10,2
R004,2025-02-24,9,0,0,Clear,2.31,37.8,WeekendDeal,Festival,20,21,1
R004,2025-02-24,10,0,0,Clear,2.31,37.8,WeekendDeal,Festival,40,45,5
R004,2025-02-24,11,0,0,Clear,2.31,37.8,WeekendDeal,Festival,66,71,5
R004,2025-02-24,12,0,0,Clear,2.31,37.8,WeekendDeal,Festival,88,89,1
R004,2025-02-24,13,0,0,Clear,2.31,37.8,WeekendDeal,Festival,97,113,16
R004,2025-02-24,14,0,0,Clear,2.31,37.8,WeekendDeal,Festival,88,86,-2
R004,2025-02-24,15,0,0,Clear,2.31,37.8,WeekendDeal,Festival,66,48,-18
R004,2025-02-24,16,0,0,Clear,2.31,37.8,WeekendDeal,Festival,43,38,-5
R004,2025-02-24,17,0,0,Clear,2.31,37.8,WeekendDeal,Festival,32,38,6
R004,2025-02-24,18,0,0,Clear,2.31,37.8,WeekendDeal,Festival,42,52,10
R004,2025-02-24,19,0,0,Clear,2.31,37.8,WeekendDeal,Festival,66,59,-7
R004,2025-02-24,20,0,0,Clear,2.31,37.8,WeekendDeal,Festival,79,60,-19
R004,2025-02-24,21,0,0,Clear,2.31,37.8,WeekendDeal,Festival,63,58,-5
R004,2025-02-24,22,0,0,Clear,2.31,37.8,WeekendDeal,Festival,34,36,2
R004,2025-02-25,8,1,0,Clear,2.24,35.6,FestivalOffer,Festival,9,10,1
R004,2025-02-25,9,1,0,Clear,2.24,35.6,FestivalOffer,Festival,21,18,-3
R004,2025-02-25,10,1,0,Clear,2.24,35.6,FestivalOffer,Festival,43,48,5
R004,2025-02-25,11,1,0,Clear,2.24,35.6,FestivalOffer,Festival,69,55,-14
R004,2025-02-25,12,1,0,Clear,2.24,35.6,FestivalOffer,Festival,93,113,20
R004,2025-02-25,13,1,0,Clear,2.24,35.6,FestivalOffer,Festival,102,94,-8
R004,2025-02-25,14,1,0,Clear,2.24,35.6,FestivalOffer,Festival,93,74,-19
R004,2025-02-25,15,1,0,Clear,2.24,35.6,FestivalOffer,Festival,70,67,-3
R004,2025-02-25,16,1,0,Clear,2.24,35.6,FestivalOffer,Festival,46,51,5
R004,2025-02-25,17,1,0,Clear,2.24,35.6,FestivalOffer,Festival,34,37,3
R004,2025-02-25,18,1,0,Clear,2.24,35.6,FestivalOffer,Festival,45,39,-6
R004,2025-02-25,19,1,0,Clear,2.24,35.6,FestivalOffer,Festival,70,71,1
R004,2025-02-25,20,1,0,Clear,2.24,35.6,FestivalOffer,Festival,83,74,-9
R004,2025-02-25,21,1,0,Clear,2.24,35.6,FestivalOffer,Festival,67,61,-6
R004,2025-02-25,22,1,0,Clear,2.24,35.6,FestivalOffer,Festival,36,33,-3
R004,2025-02-26,8,2,0,Clear,0.47,25.7,HappyHour,Festival,8,10,2
R004,2025-02-26,9,2,0,Clear,0.47,25.7,HappyHour,Festival,20,24,4
R004,2025-02-26,10,2,0,Clear,0.47,25.7,HappyHour,Festival,39,36,-3
R004,2025-02-26,11,2,0,Clear,0.47,25.7,HappyHour,Festival,63,43,-20
R004,2025-02-26,12,2,0,Clear,0.47,25.7,HappyHour,Festival,85,85,0
R004,2025-02-26,13,2,0,Clear,0.47,25.7,HappyHour,Festival,94,84,-10
R004,2025-02-26,14,2,0,Clear,0.47,25.7,HappyHour,Festival,85,70,-15
R004,2025-02-26,15,2,0,Clear,0.47,25.7,HappyHour,Festival,64,49,-15
R004,2025-02-26,16,2,0,Clear,0.47,25.7,HappyHour,Festival,42,34,-8
R004,2025-02-26,17,2,0,Clear,0.47,25.7,HappyHour,Festival,31,41,10
R004,2025-02-26,18,2,0,Clear,0.47,25.7,HappyHour,Festival,41,32,-9
R004,2025-02-26,19,2,0,Clear,0.47,25.7,HappyHour,Festival,64,68,4
R004,2025-02-26,20,2,0,Clear,0.47,25.7,HappyHour,Festival,76,90,14
R004,2025-02-26,21,2,0,Clear,0.47,25.7,HappyHour,Festival,61,53,-8
R004,2025-02-26,22,2,0,Clear,0.47,25.7,HappyHour,Festival,33,26,-7
R004,2025-02-27,8,3,0,Cloudy,1.59,24.3,None,SportsMatch,7,9,2
R004,2025-02-27,9,3,0,Cloudy,1.59,24.3,None,SportsMatch,17,15,-2
R004,2025-02-27,10,3,0,Cloudy,1.59,24.3,None,SportsMatch,34,41,7
R004,2025-02-27,11,3,0,Cloudy,1.59,24.3,None,SportsMatch,56,59,3
R004,2025-02-27,12,3,0,Cloudy,1.59,24.3,None,SportsMatch,75,77,2
R004,2025-02-27,13,3,0,Cloudy,1.59,24.3,None,SportsMatch,82,98,16
R004,2025-02-27,14,3,0,Cloudy,1.59,24.3,None,SportsMatch,75,83,8
R004,2025-02-27,15,3,0,Cloudy,1.59,24.3,None,SportsMatch,56,42,-14
R004,2025-02-27,16,3,0,Cloudy,1.59,24.3,None,SportsMatch,37,20,-17
R004,2025-02-27,17,3,0,Cloudy,1.59,24.3,None,SportsMatch,27,21,-6
R004,2025-02-27,18,3,0,Cloudy,1.59,24.3,None,SportsMatch,36,34,-2
R004,2025-02-27,19,3,0,Cloudy,1.59,24.3,None,SportsMatch,56,57,1
R004,2025-02-27,20,3,0,Cloudy,1.59,24.3,None,SportsMatch,66,67,1
R004,2025-02-27,21,3,0,Cloudy,1.59,24.3,None,SportsMatch,54,47,-7
R004,2025-02-27,22,3,0,Cloudy,1.59,24.3,None,SportsMatch,29,34,5
R004,2025-02-28,8,4,0,Rain,16.29,20.5,WeekendDeal,LocalEvent,6,5,-1
R004,2025-02-28,9,4,0,Rain,16.29,20.5,WeekendDeal,LocalEvent,15,14,-1
R004,2025-02-28,10,4,0,Rain,16.29,20.5,WeekendDeal,LocalEvent,29,32,3
R004,2025-02-28,11,4,0,Rain,16.29,20.5,WeekendDeal,LocalEvent,48,51,3
R004,2025-02-28,12,4,0,Rain,16.29,20.5,WeekendDeal,LocalEvent,64,58,-6
R004,2025-02-28,13,4,0,Rain,16.29,20.5,WeekendDeal,LocalEvent,71,81,10
R004,2025-02-28,14,4,0,Rain,16.29,20.5,WeekendDeal,LocalEvent,64,88,24
R004,2025-02-28,15,4,0,Rain,16.29,20.5,WeekendDeal,LocalEvent,48,47,-1
R004,2025-02-28,16,4,0,Rain,16.29,20.5,WeekendDeal,LocalEvent,31,31,0
R004,2025-02-28,17,4,0,Rain,16.29,20.5,WeekendDeal,LocalEvent,24,25,1
R004,2025-02-28,18,4,0,Rain,16.29,20.5,WeekendDeal,LocalEvent,31,37,6
R004,2025-02-28,19,4,0,Rain,16.29,20.5,WeekendDeal,LocalEvent,48,51,3
R004,2025-02-28,20,4,0,Rain,16.29,20.5,WeekendDeal,LocalEvent,57,63,6
R004,2025-02-28,21,4,0,Rain,16.29,20.5,WeekendDeal,LocalEvent,46,52,6
R004,2025-02-28,22,4,0,Rain,16.29,20.5,WeekendDeal,LocalEvent,25,22,-3
R004,2025-03-01,8,5,1,Cloudy,0.34,22.5,WeekendDeal,SportsMatch,9,8,-1
R004,2025-03-01,9,5,1,Cloudy,0.34,22.5,WeekendDeal,SportsMatch,23,19,-4
R004,2025-03-01,10,5,1,Cloudy,0.34,22.5,WeekendDeal,SportsMatch,45,55,10
R004,2025-03-01,11,5,1,Cloudy,0.34,22.5,WeekendDeal,SportsMatch,73,64,-9
R004,2025-03-01,12,5,1,Cloudy,0.34,22.5,WeekendDeal,SportsMatch,99,98,-1
R004,2025-03-01,13,5,1,Cloudy,0.34,22.5,WeekendDeal,SportsMatch,109,107,-2
R004,2025-03-01,14,5,1,Cloudy,0.34,22.5,WeekendDeal,SportsMatch,99,91,-8
R004,2025-03-01,15,5,1,Cloudy,0.34,22.5,WeekendDeal,SportsMatch,74,63,-11
R004,2025-03-01,16,5,1,Cloudy,0.34,22.5,WeekendDeal,SportsMatch,48,56,8
R004,2025-03-01,17,5,1,Cloudy,0.34,22.5,WeekendDeal,SportsMatch,36,41,5
R004,2025-03-01,18,5,1,Cloudy,0.34,22.5,WeekendDeal,SportsMatch,47,47,0
R004,2025-03-01,19,5,1,Cloudy,0.34,22.5,WeekendDeal,SportsMatch,74,74,0
R004,2025-03-01,20,5,1,Cloudy,0.34,22.5,WeekendDeal,SportsMatch,88,89,1
R004,2025-03-01,21,5,1,Cloudy,0.34,22.5,WeekendDeal,SportsMatch,71,61,-10
R004,2025-03-01,22,5,1,Cloudy,0.34,22.5,WeekendDeal,SportsMatch,38,38,0
R004,2025-03-02,8,6,1,Rain,13.63,24.3,HappyHour,LocalEvent,7,5,-2
R004,2025-03-02,9,6,1,Rain,13.63,24.3,HappyHour,LocalEvent,17,18,1
R004,2025-03-02,10,6,1,Rain,13.63,24.3,HappyHour,LocalEvent,33,31,-2
R004,2025-03-02,11,6,1,Rain,13.63,24.3,HappyHour,LocalEvent,54,47,-7
R004,2025-03-02,12,6,1,Rain,13.63,24.3,HappyHour,LocalEvent,73,62,-11
R004,2025-03-02,13,6,1,Rain,13.63,24.3,HappyHour,LocalEvent,80,72,-8
R004,2025-03-02,14,6,1,Rain,13.63,24.3,HappyHour,LocalEvent,73,61,-12
R004,2025-03-02,15,6,1,Rain,13.63,24.3,HappyHour,LocalEvent,55,63,8
R004,2025-03-02,16,6,1,Rain,13.63,24.3,HappyHour,LocalEvent,36,35,-1
R004,2025-03-02,17,6,1,Rain,13.63,24.3,HappyHour,LocalEvent,27,30,3
R004,2025-03-02,18,6,1,Rain,13.63,24.3,HappyHour,LocalEvent,35,39,4
R004,2025-03-02,19,6,1,Rain,13.63,24.3,HappyHour,LocalEvent,55,48,-7
R004,2025-03-02,20,6,1,Rain,13.63,24.3,HappyHour,LocalEvent,65,58,-7
R004,2025-03-02,21,6,1,Rain,13.63,24.3,HappyHour,LocalEvent,52,58,6
R004,2025-03-02,22,6,1,Rain,13.63,24.3,HappyHour,LocalEvent,28,27,-1
R004,2025-03-03,8,0,0,Storm,16.88,31.3,WeekendDeal,LocalEvent,5,7,2
R004,2025-03-03,9,0,0,Storm,16.88,31.3,WeekendDeal,LocalEvent,12,12,0
R004,2025-03-03,10,0,0,Storm,16.88,31.3,WeekendDeal,LocalEvent,24,26,2
R004,2025-03-03,11,0,0,Storm,16.88,31.3,WeekendDeal,LocalEvent,40,41,1
R004,2025-03-03,12,0,0,Storm,16.88,31.3,WeekendDeal,LocalEvent,53,58,5
R004,2025-03-03,13,0,0,Storm,16.88,31.3,WeekendDeal,LocalEvent,59,57,-2
R004,2025-03-03,14,0,0,Storm,16.88,31.3,WeekendDeal,LocalEvent,53,49,-4
R004,2025-03-03,15,0,0,Storm,16.88,31.3,WeekendDeal,LocalEvent,40,34,-6
R004,2025-03-03,16,0,0,Storm,16.88,31.3,WeekendDeal,LocalEvent,26,23,-3
R004,2025-03-03,17,0,0,Storm,16.88,31.3,WeekendDeal,LocalEvent,20,22,2
R004,2025-03-03,18,0,0,Storm,16.88,31.3,WeekendDeal,LocalEvent,26,25,-1
R004,2025-03-03,19,0,0,Storm,16.88,31.3,WeekendDeal,LocalEvent,40,35,-5
R004,2025-03-03,20,0,0,Storm,16.88,31.3,WeekendDeal,LocalEvent,48,48,0
R004,2025-03-03,21,0,0,Storm,16.88,31.3,WeekendDeal,LocalEvent,38,35,-3
R004,2025-03-03,22,0,0,Storm,16.88,31.3,WeekendDeal,LocalEvent,21,19,-2
R004,2025-03-04,8,1,0,Storm,22.72,28.4,FestivalOffer,None,5,1,-4
R004,2025-03-04,9,1,0,Storm,22.72,28.4,FestivalOffer,None,12,14,2
R004,2025-03-04,10,1,0,Storm,22.72,28.4,FestivalOffer,None,24,32,8
R004,2025-03-04,11,1,0,Storm,22.72,28.4,FestivalOffer,None,39,38,-1
R004,2025-03-04,12,1,0,Storm,22.72,28.4,FestivalOffer,None,53,55,2
R004,2025-03-04,13,1,0,Storm,22.72,28.4,FestivalOffer,None,58,67,9
R004,2025-03-04,14,1,0,Storm,22.72,28.4,FestivalOffer,None,53,65,12
R004,2025-03-04,15,1,0,Storm,22.72,28.4,FestivalOffer,None,39,37,-2
R004,2025-03-04,16,1,0,Storm,22.72,28.4,FestivalOffer,None,26,25,-1
R004,2025-03-04,17,1,0,Storm,22.72,28.4,FestivalOffer,None,19,23,4
R004,2025-03-04,18,1,0,Storm,22.72,28.4,FestivalOffer,None,25,22,-3
R004,2025-03-04,19,1,0,Storm,22.72,28.4,FestivalOffer,None,39,32,-7
R004,2025-03-04,20,1,0,Storm,22.72,28.4,FestivalOffer,None,47,56,9
R004,2025-03-04,21,1,0,Storm,22.72,28.4,FestivalOffer,None,38,41,3
R004,2025-03-04,22,1,0,Storm,22.72,28.4,FestivalOffer,None,20,20,0
R004,2025-03-05,8,2,0,Clear,0.58,33.8,None,LocalEvent,7,7,0
R004,2025-03-05,9,2,0,Clear,0.58,33.8,None,LocalEvent,17,16,-1
R004,2025-03-05,10,2,0,Clear,0.58,33.8,None,LocalEvent,34,30,-4
R004,2025-03-05,11,2,0,Clear,0.58,33.8,None,LocalEvent,55,43,-12
R004,2025-03-05,12,2,0,Clear,0.58,33.8,None,LocalEvent,73,81,8
R004,2025-03-05,13,2,0,Clear,0.58,33.8,None,LocalEvent,81,81,0
R004,2025-03-05,14,2,0,Clear,0.58,33.8,None,LocalEvent,73,55,-18
R004,2025-03-05,15,2,0,Clear,0.58,33.8,None,LocalEvent,55,47,-8
R004,2025-03-05,16,2,0,Clear,0.58,33.8,None,LocalEvent,36,38,2
R004,2025-03-05,17,2,0,Clear,0.58,33.8,None,LocalEvent,27,36,9
R004,2025-03-05,18,2,0,Clear,0.58,33.8,None,LocalEvent,35,37,2
R004,2025-03-05,19,2,0,Clear,0.58,33.8,None,LocalEvent,55,50,-5
R004,2025-03-05,20,2,0,Clear,0.58,33.8,None,LocalEvent,65,71,6
R004,2025-03-05,21,2,0,Clear,0.58,33.8,None,LocalEvent,53,68,15
R004,2025-03-05,22,2,0,Clear,0.58,33.8,None,LocalEvent,28,31,3
R004,2025-03-06,8,3,0,Cloudy,3.68,30.8,None,None,7,7,0
R004,2025-03-06,9,3,0,Cloudy,3.68,30.8,None,None,16,17,1
R004,2025-03-06,10,3,0,Cloudy,3.68,30.8,None,None,31,31,0
R004,2025-03-06,11,3,0,Cloudy,3.68,30.8,None,None,51,48,-3
R004,2025-03-06,12,3,0,Cloudy,3.68,30.8,None,None,68,61,-7
R004,2025-03-06,13,3,0,Cloudy,3.68,30.8,None,None,75,70,-5
R004,2025-03-06,14,3,0,Cloudy,3.68,30.8,None,None,68,63,-5
R004,2025-03-06,15,3,0,Cloudy,3.68,30.8,None,None,51,50,-1
R004,2025-03-06,16,3,0,Cloudy,3.68,30.8,None,None,34,32,-2
R004,2025-03-06,17,3,0,Cloudy,3.68,30.8,None,None,25,25,0
R004,2025-03-06,18,3,0,Cloudy,3.68,30.8,None,None,33,39,6
R004,2025-03-06,19,3,0,Cloudy,3.68,30.8,None,None,51,57,6
R004,2025-03-06,20,3,0,Cloudy,3.68,30.8,None,None,61,79,18
R004,2025-03-06,21,3,0,Cloudy,3.68,30.8,None,None,49,35,-14
R004,2025-03-06,22,3,0,Cloudy,3.68,30.8,None,None,26,23,-3
R004,2025-03-07,8,4,0,Storm,9.76,35.3,HappyHour,None,5,8,3
R004,2025-03-07,9,4,0,Storm,9.76,35.3,HappyHour,None,11,11,0
R004,2025-03-07,10,4,0,Storm,9.76,35.3,HappyHour,None,22,21,-1
R004,2025-03-07,11,4,0,Storm,9.76,35.3,HappyHour,None,36,41,5
R004,2025-03-07,12,4,0,Storm,9.76,35.3,HappyHour,None,48,50,2
R004,2025-03-07,13,4,0,Storm,9.76,35.3,HappyHour,None,53,57,4
R004,2025-03-07,14,4,0,Storm,9.76,35.3,HappyHour,None,48,60,12
R004,2025-03-07,15,4,0,Storm,9.76,35.3,HappyHour,None,36,50,14
R004,2025-03-07,16,4,0,Storm,9.76,35.3,HappyHour,None,24,25,1
R004,2025-03-07,17,4,0,Storm,9.76,35.3,HappyHour,None,18,21,3
R004,2025-03-07,18,4,0,Storm,9.76,35.3,HappyHour,None,23,18,-5
R004,2025-03-07,19,4,0,Storm,9.76,35.3,HappyHour,None,36,32,-4
R004,2025-03-07,20,4,0,Storm,9.76,35.3,HappyHour,None,43,43,0
R004,2025-03-07,21,4,0,Storm,9.76,35.3,HappyHour,None,35,38,3
R004,2025-03-07,22,4,0,Storm,9.76,35.3,HappyHour,None,19,16,-3
R004,2025-03-08,8,5,1,Clear,1.04,26.5,FestivalOffer,SportsMatch,10,10,0
R004,2025-03-08,9,5,1,Clear,1.04,26.5,FestivalOffer,SportsMatch,24,25,1
R004,2025-03-08,10,5,1,Clear,1.04,26.5,FestivalOffer,SportsMatch,48,42,-6
R004,2025-03-08,11,5,1,Clear,1.04,26.5,FestivalOffer,SportsMatch,77,70,-7
R004,2025-03-08,12,5,1,Clear,1.04,26.5,FestivalOffer,SportsMatch,104,96,-8
R004,2025-03-08,13,5,1,Clear,1.04,26.5,FestivalOffer,SportsMatch,114,90,-24
R004,2025-03-08,14,5,1,Clear,1.04,26.5,FestivalOffer,SportsMatch,104,109,5
R004,2025-03-08,15,5,1,Clear,1.04,26.5,FestivalOffer,SportsMatch,78,77,-1
R004,2025-03-08,16,5,1,Clear,1.04,26.5,FestivalOffer,SportsMatch,51,48,-3
R004,2025-03-08,17,5,1,Clear,1.04,26.5,FestivalOffer,SportsMatch,38,35,-3
R004,2025-03-08,18,5,1,Clear,1.04,26.5,FestivalOffer,SportsMatch,50,49,-1
R004,2025-03-08,19,5,1,Clear,1.04,26.5,FestivalOffer,SportsMatch,78,87,9
R004,2025-03-08,20,5,1,Clear,1.04,26.5,FestivalOffer,SportsMatch,93,82,-11
R004,2025-03-08,21,5,1,Clear,1.04,26.5,FestivalOffer,SportsMatch,75,78,3
R004,2025-03-08,22,5,1,Clear,1.04,26.5,FestivalOffer,SportsMatch,40,37,-3
R004,2025-03-09,8,6,1,Cloudy,1.59,36.9,HappyHour,SportsMatch,9,13,4
R004,2025-03-09,9,6,1,Cloudy,1.59,36.9,HappyHour,SportsMatch,22,17,-5
R004,2025-03-09,10,6,1,Cloudy,1.59,36.9,HappyHour,SportsMatch,43,48,5
R004,2025-03-09,11,6,1,Cloudy,1.59,36.9,HappyHour,SportsMatch,71,76,5
R004,2025-03-09,12,6,1,Cloudy,1.59,36.9,HappyHour,SportsMatch,95,99,4
R004,2025-03-09,13,6,1,Cloudy,1.59,36.9,HappyHour,SportsMatch,105,118,13
R004,2025-03-09,14,6,1,Cloudy,1.59,36.9,HappyHour,SportsMatch,95,78,-17
R004,2025-03-09,15,6,1,Cloudy,1.59,36.9,HappyHour,SportsMatch,71,62,-9
R004,2025-03-09,16,6,1,Cloudy,1.59,36.9,HappyHour,SportsMatch,47,47,0
R004,2025-03-09,17,6,1,Cloudy,1.59,36.9,HappyHour,SportsMatch,35,30,-5
R004,2025-03-09,18,6,1,Cloudy,1.59,36.9,HappyHour,SportsMatch,46,41,-5
R004,2025-03-09,19,6,1,Cloudy,1.59,36.9,HappyHour,SportsMatch,71,74,3
R004,2025-03-09,20,6,1,Cloudy,1.59,36.9,HappyHour,SportsMatch,85,68,-17
R004,2025-03-09,21,6,1,Cloudy,1.59,36.9,HappyHour,SportsMatch,68,60,-8
R004,2025-03-09,22,6,1,Cloudy,1.59,36.9,HappyHour,SportsMatch,37,40,3
R004,2025-03-10,8,0,0,Storm,10.72,28.9,HappyHour,LocalEvent,5,7,2
R004,2025-03-10,9,0,0,Storm,10.72,28.9,HappyHour,LocalEvent,12,15,3
R004,2025-03-10,10,0,0,Storm,10.72,28.9,HappyHour,LocalEvent,24,27,3
R004,2025-03-10,11,0,0,Storm,10.72,28.9,HappyHour,LocalEvent,38,30,-8
R004,2025-03-10,12,0,0,Storm,10.72,28.9,HappyHour,LocalEvent,51,58,7
R004,2025-03-10,13,0,0,Storm,10.72,28.9,HappyHour,LocalEvent,57,58,1
R004,2025-03-10,14,0,0,Storm,10.72,28.9,HappyHour,LocalEvent,51,50,-1
R004,2025-03-10,15,0,0,Storm,10.72,28.9,HappyHour,LocalEvent,39,39,0
R004,2025-03-10,16,0,0,Storm,10.72,28.9,HappyHour,LocalEvent,25,26,1
R004,2025-03-10,17,0,0,Storm,10.72,28.9,HappyHour,LocalEvent,19,21,2
R004,2025-03-10,18,0,0,Storm,10.72,28.9,HappyHour,LocalEvent,25,29,4
R004,2025-03-10,19,0,0,Storm,10.72,28.9,HappyHour,LocalEvent,39,40,1
R004,2025-03-10,20,0,0,Storm,10.72,28.9,HappyHour,LocalEvent,46,35,-11
R004,2025-03-10,21,0,0,Storm,10.72,28.9,HappyHour,LocalEvent,37,38,1
R004,2025-03-10,22,0,0,Storm,10.72,28.9,HappyHour,LocalEvent,20,15,-5
R004,2025-03-11,8,1,0,Cloudy,3.35,33.7,None,None,7,8,1
R004,2025-03-11,9,1,0,Cloudy,3.35,33.7,None,None,16,14,-2
R004,2025-03-11,10,1,0,Cloudy,3.35,33.7,None,None,31,33,2
R004,2025-03-11,11,1,0,Cloudy,3.35,33.7,None,None,51,52,1
R004,2025-03-11,12,1,0,Cloudy,3.35,33.7,None,None,68,75,7
R004,2025-03-11,13,1,0,Cloudy,3.35,33.7,None,None,75,63,-12
R004,2025-03-11,14,1,0,Cloudy,3.35,33.7,None,None,68,55,-13
R004,2025-03-11,15,1,0,Cloudy,3.35,33.7,None,None,51,48,-3
R004,2025-03-11,16,1,0,Cloudy,3.35,33.7,None,None,34,41,7
R004,2025-03-11,17,1,0,Cloudy,3.35,33.7,None,None,25,27,2
R004,2025-03-11,18,1,0,Cloudy,3.35,33.7,None,None,33,35,2
R004,2025-03-11,19,1,0,Cloudy,3.35,33.7,None,None,51,56,5
R004,2025-03-11,20,1,0,Cloudy,3.35,33.7,None,None,61,76,15
R004,2025-03-11,21,1,0,Cloudy,3.35,33.7,None,None,49,39,-10
R004,2025-03-11,22,1,0,Cloudy,3.35,33.7,None,None,26,23,-3
R004,2025-03-12,8,2,0,Cloudy,4.81,30.8,FestivalOffer,LocalEvent,8,6,-2
R004,2025-03-12,9,2,0,Cloudy,4.81,30.8,FestivalOffer,LocalEvent,20,23,3
R004,2025-03-12,10,2,0,Cloudy,4.81,30.8,FestivalOffer,LocalEvent,40,34,-6
R004,2025-03-12,11,2,0,Cloudy,4.81,30.8,FestivalOffer,LocalEvent,64,52,-12
R004,2025-03-12,12,2,0,Cloudy,4.81,30.8,FestivalOffer,LocalEvent,86,95,9
R004,2025-03-12,13,2,0,Cloudy,4.81,30.8,FestivalOffer,LocalEvent,95,104,9
R004,2025-03-12,14,2,0,Cloudy,4.81,30.8,FestivalOffer,LocalEvent,86,77,-9
R004,2025-03-12,15,2,0,Cloudy,4.81,30.8,FestivalOffer,LocalEvent,65,77,12
R004,2025-03-12,16,2,0,Cloudy,4.81,30.8,FestivalOffer,LocalEvent,42,46,4
R004,2025-03-12,17,2,0,Cloudy,4.81,30.8,FestivalOffer,LocalEvent,32,36,4
R004,2025-03-12,18,2,0,Cloudy,4.81,30.8,FestivalOffer,LocalEvent,42,37,-5
R004,2025-03-12,19,2,0,Cloudy,4.81,30.8,FestivalOffer,LocalEvent,65,71,6
R004,2025-03-12,20,2,0,Cloudy,4.81,30.8,FestivalOffer,LocalEvent,77,72,-5
R004,2025-03-12,21,2,0,Cloudy,4.81,30.8,FestivalOffer,LocalEvent,62,52,-10
R004,2025-03-12,22,2,0,Cloudy,4.81,30.8,FestivalOffer,LocalEvent,33,30,-3
R004,2025-03-13,8,3,0,Storm,19.37,23.6,FestivalOffer,None,5,3,-2
R004,2025-03-13,9,3,0,Storm,19.37,23.6,FestivalOffer,None,12,14,2
R004,2025-03-13,10,3,0,Storm,19.37,23.6,FestivalOffer,None,24,24,0
R004,2025-03-13,11,3,0,Storm,19.37,23.6,FestivalOffer,None,39,43,4
R004,2025-03-13,12,3,0,Storm,19.37,23.6,FestivalOffer,None,53,59,6
R004,2025-03-13,13,3,0,Storm,19.37,23.6,FestivalOffer,None,58,55,-3
R004,2025-03-13,14,3,0,Storm,19.37,23.6,FestivalOffer,None,53,48,-5
R004,2025-03-13,15,3,0,Storm,19.37,23.6,FestivalOffer,None,39,39,0
R004,2025-03-13,16,3,0,Storm,19.37,23.6,FestivalOffer,None,26,23,-3
R004,2025-03-13,17,3,0,Storm,19.37,23.6,FestivalOffer,None,19,18,-1
R004,2025-03-13,18,3,0,Storm,19.37,23.6,FestivalOffer,None,25,29,4
R004,2025-03-13,19,3,0,Storm,19.37,23.6,FestivalOffer,None,39,30,-9
R004,2025-03-13,20,3,0,Storm,19.37,23.6,FestivalOffer,None,47,51,4
R004,2025-03-13,21,3,0,Storm,19.37,23.6,FestivalOffer,None,38,44,6
R004,2025-03-13,22,3,0,Storm,19.37,23.6,FestivalOffer,None,20,23,3
R004,2025-03-14,8,4,0,Cloudy,2.23,22.1,WeekendDeal,Festival,8,6,-2
R004,2025-03-14,9,4,0,Cloudy,2.23,22.1,WeekendDeal,Festival,20,24,4
R004,2025-03-14,10,4,0,Cloudy,2.23,22.1,WeekendDeal,Festival,40,36,-4
R004,2025-03-14,11,4,0,Cloudy,2.23,22.1,WeekendDeal,Festival,66,63,-3
R004,2025-03-14,12,4,0,Cloudy,2.23,22.1,WeekendDeal,Festival,88,108,20
R004,2025-03-14,13,4,0,Cloudy,2.23,22.1,WeekendDeal,Festival,97,85,-12
R004,2025-03-14,14,4,0,Cloudy,2.23,22.1,WeekendDeal,Festival,88,116,28
R004,2025-03-14,15,4,0,Cloudy,2.23,22.1,WeekendDeal,Festival,66,62,-4
R004,2025-03-14,16,4,0,Cloudy,2.23,22.1,WeekendDeal,Festival,43,51,8
R004,2025-03-14,17,4,0,Cloudy,2.23,22.1,WeekendDeal,Festival,32,34,2
R004,2025-03-14,18,4,0,Cloudy,2.23,22.1,WeekendDeal,Festival,42,41,-1
R004,2025-03-14,19,4,0,Cloudy,2.23,22.1,WeekendDeal,Festival,66,75,9
R004,2025-03-14,20,4,0,Cloudy,2.23,22.1,WeekendDeal,Festival,79,75,-4
R004,2025-03-14,21,4,0,Cloudy,2.23,22.1,WeekendDeal,Festival,63,61,-2
R004,2025-03-14,22,4,0,Cloudy,2.23,22.1,WeekendDeal,Festival,34,28,-6
R004,2025-03-15,8,5,1,Rain,1.28,35.3,None,Festival,7,7,0
R004,2025-03-15,9,5,1,Rain,1.28,35.3,None,Festival,17,19,2
R004,2025-03-15,10,5,1,Rain,1.28,35.3,None,Festival,33,31,-2
R004,2025-03-15,11,5,1,Rain,1.28,35.3,None,Festival,54,67,13
R004,2025-03-15,12,5,1,Rain,1.28,35.3,None,Festival,72,74,2
R004,2025-03-15,13,5,1,Rain,1.28,35.3,None,Festival,80,84,4
R004,2025-03-15,14,5,1,Rain,1.28,35.3,None,Festival,72,75,3
R004,2025-03-15,15,5,1,Rain,1.28,35.3,None,Festival,54,51,-3
R004,2025-03-15,16,5,1,Rain,1.28,35.3,None,Festival,35,30,-5
R004,2025-03-15,17,5,1,Rain,1.28,35.3,None,Festival,27,23,-4
R004,2025-03-15,18,5,1,Rain,1.28,35.3,None,Festival,35,36,1
R004,2025-03-15,19,5,1,Rain,1.28,35.3,None,Festival,54,55,1
R004,2025-03-15,20,5,1,Rain,1.28,35.3,None,Festival,65,69,4
R004,2025-03-15,21,5,1,Rain,1.28,35.3,None,Festival,52,65,13
R004,2025-03-15,22,5,1,Rain,1.28,35.3,None,Festival,28,29,1
R004,2025-03-16,8,6,1,Rain,13.77,22.1,WeekendDeal,None,7,6,-1
R004,2025-03-16,9,6,1,Rain,13.77,22.1,WeekendDeal,None,16,17,1
R004,2025-03-16,10,6,1,Rain,13.77,22.1,WeekendDeal,None,32,27,-5
R004,2025-03-16,11,6,1,Rain,13.77,22.1,WeekendDeal,None,53,57,4
R004,2025-03-16,12,6,1,Rain,13.77,22.1,WeekendDeal,None,70,66,-4
R004,2025-03-16,13,6,1,Rain,13.77,22.1,WeekendDeal,None,78,71,-7
R004,2025-03-16,14,6,1,Rain,13.77,22.1,WeekendDeal,None,71,94,23
R004,2025-03-16,15,6,1,Rain,13.77,22.1,WeekendDeal,None,53,58,5
R004,2025-03-16,16,6,1,Rain,13.77,22.1,WeekendDeal,None,35,35,0
R004,2025-03-16,17,6,1,Rain,13.77,22.1,WeekendDeal,None,26,27,1
R004,2025-03-16,18,6,1,Rain,13.77,22.1,WeekendDeal,None,34,35,1
R004,2025-03-16,19,6,1,Rain,13.77,22.1,WeekendDeal,None,53,57,4
R004,2025-03-16,20,6,1,Rain,13.77,22.1,WeekendDeal,None,63,79,16
R004,2025-03-16,21,6,1,Rain,13.77,22.1,WeekendDeal,None,51,55,4
R004,2025-03-16,22,6,1,Rain,13.77,22.1,WeekendDeal,None,27,27,0
R004,2025-03-17,8,0,0,Clear,0.83,32.9,HappyHour,LocalEvent,8,8,0
R004,2025-03-17,9,0,0,Clear,0.83,32.9,HappyHour,LocalEvent,18,19,1
R004,2025-03-17,10,0,0,Clear,0.83,32.9,HappyHour,LocalEvent,36,36,0
R004,2025-03-17,11,0,0,Clear,0.83,32.9,HappyHour,LocalEvent,59,51,-8
R004,2025-03-17,12,0,0,Clear,0.83,32.9,HappyHour,LocalEvent,79,86,7
R004,2025-03-17,13,0,0,Clear,0.83,32.9,HappyHour,LocalEvent,87,86,-1
R004,2025-03-17,14,0,0,Clear,0.83,32.9,HappyHour,LocalEvent,79,73,-6
R004,2025-03-17,15,0,0,Clear,0.83,32.9,HappyHour,LocalEvent,59,68,9
R004,2025-03-17,16,0,0,Clear,0.83,32.9,HappyHour,LocalEvent,39,52,13
R004,2025-03-17,17,0,0,Clear,0.83,32.9,HappyHour,LocalEvent,29,23,-6
R004,2025-03-17,18,0,0,Clear,0.83,32.9,HappyHour,LocalEvent,38,41,3
R004,2025-03-17,19,0,0,Clear,0.83,32.9,HappyHour,LocalEvent,59,67,8
R004,2025-03-17,20,0,0,Clear,0.83,32.9,HappyHour,LocalEvent,71,66,-5
R004,2025-03-17,21,0,0,Clear,0.83,32.9,HappyHour,LocalEvent,57,46,-11
R004,2025-03-17,22,0,0,Clear,0.83,32.9,HappyHour,LocalEvent,31,32,1
R004,2025-03-18,8,1,0,Clear,1.48,35.9,HappyHour,None,7,7,0
R004,2025-03-18,9,1,0,Clear,1.48,35.9,HappyHour,None,17,11,-6
R004,2025-03-18,10,1,0,Clear,1.48,35.9,HappyHour,None,34,34,0
R004,2025-03-18,11,1,0,Clear,1.48,35.9,HappyHour,None,55,47,-8
R004,2025-03-18,12,1,0,Clear,1.48,35.9,HappyHour,None,74,62,-12
R004,2025-03-18,13,1,0,Clear,1.48,35.9,HappyHour,None,82,91,9
R004,2025-03-18,14,1,0,Clear,1.48,35.9,HappyHour,None,74,82,8
R004,2025-03-18,15,1,0,Clear,1.48,35.9,HappyHour,None,56,52,-4
R004,2025-03-18,16,1,0,Clear,1.48,35.9,HappyHour,None,36,38,2
R004,2025-03-18,17,1,0,Clear,1.48,35.9,HappyHour,None,27,31,4
R004,2025-03-18,18,1,0,Clear,1.48,35.9,HappyHour,None,36,42,6
R004,2025-03-18,19,1,0,Clear,1.48,35.9,HappyHour,None,55,59,4
R004,2025-03-18,20,1,0,Clear,1.48,35.9,HappyHour,None,66,66,0
R004,2025-03-18,21,1,0,Clear,1.48,35.9,HappyHour,None,53,51,-2
R004,2025-03-18,22,1,0,Clear,1.48,35.9,HappyHour,None,29,29,0
R004,2025-03-19,8,2,0,Cloudy,0.24,29.3,None,None,7,7,0
R004,2025-03-19,9,2,0,Cloudy,0.24,29.3,None,None,16,14,-2
R004,2025-03-19,10,2,0,Cloudy,0.24,29.3,None,None,31,31,0
R004,2025-03-19,11,2,0,Cloudy,0.24,29.3,None,None,51,58,7
R004,2025-03-19,12,2,0,Cloudy,0.24,29.3,None,None,68,87,19
R004,2025-03-19,13,2,0,Cloudy,0.24,29.3,None,None,75,77,2
R004,2025-03-19,14,2,0,Cloudy,0.24,29.3,None,None,68,62,-6
R004,2025-03-19,15,2,0,Cloudy,0.24,29.3,None,None,51,38,-13
R004,2025-03-19,16,2,0,Cloudy,0.24,29.3,None,None,34,36,2
R004,2025-03-19,17,2,0,Cloudy,0.24,29.3,None,None,25,23,-2
R004,2025-03-19,18,2,0,Cloudy,0.24,29.3,None,None,33,44,11
R004,2025-03-19,19,2,0,Cloudy,0.24,29.3,None,None,51,52,1
R004,2025-03-19,20,2,0,Cloudy,0.24,29.3,None,None,61,65,4
R004,2025-03-19,21,2,0,Cloudy,0.24,29.3,None,None,49,54,5
R004,2025-03-19,22,2,0,Cloudy,0.24,29.3,None,None,26,28,2
R004,2025-03-20,8,3,0,Clear,2.45,20.3,HappyHour,None,7,8,1
R004,2025-03-20,9,3,0,Clear,2.45,20.3,HappyHour,None,17,19,2
R004,2025-03-20,10,3,0,Clear,2.45,20.3,HappyHour,None,34,30,-4
R004,2025-03-20,11,3,0,Clear,2.45,20.3,HappyHour,None,55,51,-4
R004,2025-03-20,12,3,0,Clear,2.45,20.3,HappyHour,None,74,72,-2
R004,2025-03-20,13,3,0,Clear,2.45,20.3,HappyHour,None,82,77,-5
R004,2025-03-20,14,3,0,Clear,2.45,20.3,HappyHour,None,74,71,-3
R004,2025-03-20,15,3,0,Clear,2.45,20.3,HappyHour,None,56,34,-22
R004,2025-03-20,16,3,0,Clear,2.45,20.3,HappyHour,None,36,45,9
R004,2025-03-20,17,3,0,Clear,2.45,20.3,HappyHour,None,27,32,5
R004,2025-03-20,18,3,0,Clear,2.45,20.3,HappyHour,None,36,43,7
R004,2025-03-20,19,3,0,Clear,2.45,20.3,HappyHour,None,55,46,-9
R004,2025-03-20,20,3,0,Clear,2.45,20.3,HappyHour,None,66,61,-5
R004,2025-03-20,21,3,0,Clear,2.45,20.3,HappyHour,None,53,57,4
R004,2025-03-20,22,3,0,Clear,2.45,20.3,HappyHour,None,29,32,3
R004,2025-03-21,8,4,0,Cloudy,3.13,25.2,HappyHour,Festival,8,7,-1
R004,2025-03-21,9,4,0,Cloudy,3.13,25.2,HappyHour,Festival,20,15,-5
R004,2025-03-21,10,4,0,Cloudy,3.13,25.2,HappyHour,Festival,39,33,-6
R004,2025-03-21,11,4,0,Cloudy,3.13,25.2,HappyHour,Festival,63,57,-6
R004,2025-03-21,12,4,0,Cloudy,3.13,25.2,HappyHour,Festival,85,83,-2
R004,2025-03-21,13,4,0,Cloudy,3.13,25.2,HappyHour,Festival,94,85,-9
R004,2025-03-21,14,4,0,Cloudy,3.13,25.2,HappyHour,Festival,85,76,-9
R004,2025-03-21,15,4,0,Cloudy,3.13,25.2,HappyHour,Festival,64,69,5
R004,2025-03-21,16,4,0,Cloudy,3.13,25.2,HappyHour,Festival,42,44,2
R004,2025-03-21,17,4,0,Cloudy,3.13,25.2,HappyHour,Festival,31,31,0
R004,2025-03-21,18,4,0,Cloudy,3.13,25.2,HappyHour,Festival,41,41,0
R004,2025-03-21,19,4,0,Cloudy,3.13,25.2,HappyHour,Festival,64,66,2
R004,2025-03-21,20,4,0,Cloudy,3.13,25.2,HappyHour,Festival,76,85,9
R004,2025-03-21,21,4,0,Cloudy,3.13,25.2,HappyHour,Festival,61,55,-6
R004,2025-03-21,22,4,0,Cloudy,3.13,25.2,HappyHour,Festival,33,32,-1
R004,2025-03-22,8,5,1,Rain,34.68,24.8,None,Festival,7,3,-4
R004,2025-03-22,9,5,1,Rain,34.68,24.8,None,Festival,17,20,3
R004,2025-03-22,10,5,1,Rain,34.68,24.8,None,Festival,33,27,-6
R004,2025-03-22,11,5,1,Rain,34.68,24.8,None,Festival,54,48,-6
R004,2025-03-22,12,5,1,Rain,34.68,24.8,None,Festival,72,71,-1
R004,2025-03-22,13,5,1,Rain,34.68,24.8,None,Festival,80,73,-7
R004,2025-03-22,14,5,1,Rain,34.68,24.8,None,Festival,72,73,1
R004,2025-03-22,15,5,1,Rain,34.68,24.8,None,Festival,54,53,-1
R004,2025-03-22,16,5,1,Rain,34.68,24.8,None,Festival,35,40,5
R004,2025-03-22,17,5,1,Rain,34.68,24.8,None,Festival,27,26,-1
R004,2025-03-22,18,5,1,Rain,34.68,24.8,None,Festival,35,34,-1
R004,2025-03-22,19,5,1,Rain,34.68,24.8,None,Festival,54,65,11
R004,2025-03-22,20,5,1,Rain,34.68,24.8,None,Festival,65,61,-4
R004,2025-03-22,21,5,1,Rain,34.68,24.8,None,Festival,52,41,-11
R004,2025-03-22,22,5,1,Rain,34.68,24.8,None,Festival,28,27,-1
R004,2025-03-23,8,6,1,Cloudy,4.91,23.7,HappyHour,SportsMatch,9,8,-1
R004,2025-03-23,9,6,1,Cloudy,4.91,23.7,HappyHour,SportsMatch,22,26,4
R004,2025-03-23,10,6,1,Cloudy,4.91,23.7,HappyHour,SportsMatch,43,44,1
R004,2025-03-23,11,6,1,Cloudy,4.91,23.7,HappyHour,SportsMatch,71,76,5
R004,2025-03-23,12,6,1,Cloudy,4.91,23.7,HappyHour,SportsMatch,95,89,-6
R004,2025-03-23,13,6,1,Cloudy,4.91,23.7,HappyHour,SportsMatch,105,98,-7
R004,2025-03-23,14,6,1,Cloudy,4.91,23.7,HappyHour,SportsMatch,95,109,14
R004,2025-03-23,15,6,1,Cloudy,4.91,23.7,HappyHour,SportsMatch,71,70,-1
R004,2025-03-23,16,6,1,Cloudy,4.91,23.7,HappyHour,SportsMatch,47,42,-5
R004,2025-03-23,17,6,1,Cloudy,4.91,23.7,HappyHour,SportsMatch,35,37,2
R004,2025-03-23,18,6,1,Cloudy,4.91,23.7,HappyHour,SportsMatch,46,40,-6
R004,2025-03-23,19,6,1,Cloudy,4.91,23.7,HappyHour,SportsMatch,71,81,10
R004,2025-03-23,20,6,1,Cloudy,4.91,23.7,HappyHour,SportsMatch,85,112,27
R004,2025-03-23,21,6,1,Cloudy,4.91,23.7,HappyHour,SportsMatch,68,71,3
R004,2025-03-23,22,6,1,Cloudy,4.91,23.7,HappyHour,SportsMatch,37,29,-8
R004,2025-03-24,8,0,0,Cloudy,4.23,24.3,HappyHour,None,7,4,-3
R004,2025-03-24,9,0,0,Cloudy,4.23,24.3,HappyHour,None,17,17,0
R004,2025-03-24,10,0,0,Cloudy,4.23,24.3,HappyHour,None,34,42,8
R004,2025-03-24,11,0,0,Cloudy,4.23,24.3,HappyHour,None,55,54,-1
R004,2025-03-24,12,0,0,Cloudy,4.23,24.3,HappyHour,None,74,67,-7
R004,2025-03-24,13,0,0,Cloudy,4.23,24.3,HappyHour,None,82,77,-5
R004,2025-03-24,14,0,0,Cloudy,4.23,24.3,HappyHour,None,74,80,6
R004,2025-03-24,15,0,0,Cloudy,4.23,24.3,HappyHour,None,56,29,-27
R004,2025-03-24,16,0,0,Cloudy,4.23,24.3,HappyHour,None,36,29,-7
R004,2025-03-24,17,0,0,Cloudy,4.23,24.3,HappyHour,None,27,25,-2
R004,2025-03-24,18,0,0,Cloudy,4.23,24.3,HappyHour,None,36,39,3
R004,2025-03-24,19,0,0,Cloudy,4.23,24.3,HappyHour,None,55,54,-1
R004,2025-03-24,20,0,0,Cloudy,4.23,24.3,HappyHour,None,66,65,-1
R004,2025-03-24,21,0,0,Cloudy,4.23,24.3,HappyHour,None,53,48,-5
R004,2025-03-24,22,0,0,Cloudy,4.23,24.3,HappyHour,None,29,30,1
R004,2025-03-25,8,1,0,Clear,0.99,26.7,None,LocalEvent,7,4,-3
R004,2025-03-25,9,1,0,Clear,0.99,26.7,None,LocalEvent,17,21,4
R004,2025-03-25,10,1,0,Clear,0.99,26.7,None,LocalEvent,34,37,3
R004,2025-03-25,11,1,0,Clear,0.99,26.7,None,LocalEvent,55,55,0
R004,2025-03-25,12,1,0,Clear,0.99,26.7,None,LocalEvent,73,73,0
R004,2025-03-25,13,1,0,Clear,0.99,26.7,None,LocalEvent,81,73,-8
R004,2025-03-25,14,1,0,Clear,0.99,26.7,None,LocalEvent,73,82,9
R004,2025-03-25,15,1,0,Clear,0.99,26.7,None,LocalEvent,55,50,-5
R004,2025-03-25,16,1,0,Clear,0.99,26.7,None,LocalEvent,36,43,7
R004,2025-03-25,17,1,0,Clear,0.99,26.7,None,LocalEvent,27,16,-11
R004,2025-03-25,18,1,0,Clear,0.99,26.7,None,LocalEvent,35,37,2
R004,2025-03-25,19,1,0,Clear,0.99,26.7,None,LocalEvent,55,52,-3
R004,2025-03-25,20,1,0,Clear,0.99,26.7,None,LocalEvent,65,55,-10
R004,2025-03-25,21,1,0,Clear,0.99,26.7,None,LocalEvent,53,47,-6
R004,2025-03-25,22,1,0,Clear,0.99,26.7,None,LocalEvent,28,18,-10
R004,2025-03-26,8,2,0,Storm,34.46,28.5,HappyHour,SportsMatch,5,3,-2
R004,2025-03-26,9,2,0,Storm,34.46,28.5,HappyHour,SportsMatch,12,11,-1
R004,2025-03-26,10,2,0,Storm,34.46,28.5,HappyHour,SportsMatch,24,24,0
R004,2025-03-26,11,2,0,Storm,34.46,28.5,HappyHour,SportsMatch,39,33,-6
R004,2025-03-26,12,2,0,Storm,34.46,28.5,HappyHour,SportsMatch,52,51,-1
R004,2025-03-26,13,2,0,Storm,34.46,28.5,HappyHour,SportsMatch,58,48,-10
R004,2025-03-26,14,2,0,Storm,34.46,28.5,HappyHour,SportsMatch,52,52,0
R004,2025-03-26,15,2,0,Storm,34.46,28.5,HappyHour,SportsMatch,39,40,1
R004,2025-03-26,16,2,0,Storm,34.46,28.5,HappyHour,SportsMatch,26,28,2
R004,2025-03-26,17,2,0,Storm,34.46,28.5,HappyHour,SportsMatch,19,19,0
R004,2025-03-26,18,2,0,Storm,34.46,28.5,HappyHour,SportsMatch,25,31,6
R004,2025-03-26,19,2,0,Storm,34.46,28.5,HappyHour,SportsMatch,39,25,-14
R004,2025-03-26,20,2,0,Storm,34.46,28.5,HappyHour,SportsMatch,47,49,2
R004,2025-03-26,21,2,0,Storm,34.46,28.5,HappyHour,SportsMatch,38,42,4
R004,2025-03-26,22,2,0,Storm,34.46,28.5,HappyHour,SportsMatch,20,21,1
R004,2025-03-27,8,3,0,Clear,0.63,31.2,WeekendDeal,LocalEvent,8,7,-1
R004,2025-03-27,9,3,0,Clear,0.63,31.2,WeekendDeal,LocalEvent,19,25,6
R004,2025-03-27,10,3,0,Clear,0.63,31.2,WeekendDeal,LocalEvent,38,47,9
R004,2025-03-27,11,3,0,Clear,0.63,31.2,WeekendDeal,LocalEvent,61,50,-11
R004,2025-03-27,12,3,0,Clear,0.63,31.2,WeekendDeal,LocalEvent,82,89,7
R004,2025-03-27,13,3,0,Clear,0.63,31.2,WeekendDeal,LocalEvent,90,88,-2
R004,2025-03-27,14,3,0,Clear,0.63,31.2,WeekendDeal,LocalEvent,82,87,5
R004,2025-03-27,15,3,0,Clear,0.63,31.2,WeekendDeal,LocalEvent,62,45,-17
R004,2025-03-27,16,3,0,Clear,0.63,31.2,WeekendDeal,LocalEvent,40,40,0
R004,2025-03-27,17,3,0,Clear,0.63,31.2,WeekendDeal,LocalEvent,30,31,1
R004,2025-03-27,18,3,0,Clear,0.63,31.2,WeekendDeal,LocalEvent,40,40,0
R004,2025-03-27,19,3,0,Clear,0.63,31.2,WeekendDeal,LocalEvent,62,62,0
R004,2025-03-27,20,3,0,Clear,0.63,31.2,WeekendDeal,LocalEvent,73,54,-19
R004,2025-03-27,21,3,0,Clear,0.63,31.2,WeekendDeal,LocalEvent,59,65,6
R004,2025-03-27,22,3,0,Clear,0.63,31.2,WeekendDeal,LocalEvent,32,30,-2
R004,2025-03-28,8,4,0,Rain,1.55,22.7,FestivalOffer,None,6,3,-3
R004,2025-03-28,9,4,0,Rain,1.55,22.7,FestivalOffer,None,15,13,-2
R004,2025-03-28,10,4,0,Rain,1.55,22.7,FestivalOffer,None,29,34,5
R004,2025-03-28,11,4,0,Rain,1.55,22.7,FestivalOffer,None,47,58,11
R004,2025-03-28,12,4,0,Rain,1.55,22.7,FestivalOffer,None,63,80,17
R004,2025-03-28,13,4,0,Rain,1.55,22.7,FestivalOffer,None,69,58,-11
R004,2025-03-28,14,4,0,Rain,1.55,22.7,FestivalOffer,None,63,66,3
R004,2025-03-28,15,4,0,Rain,1.55,22.7,FestivalOffer,None,47,45,-2
R004,2025-03-28,16,4,0,Rain,1.55,22.7,FestivalOffer,None,31,34,3
R004,2025-03-28,17,4,0,Rain,1.55,22.7,FestivalOffer,None,23,17,-6
R004,2025-03-28,18,4,0,Rain,1.55,22.7,FestivalOffer,None,30,37,7
R004,2025-03-28,19,4,0,Rain,1.55,22.7,FestivalOffer,None,47,29,-18
R004,2025-03-28,20,4,0,Rain,1.55,22.7,FestivalOffer,None,56,56,0
R004,2025-03-28,21,4,0,Rain,1.55,22.7,FestivalOffer,None,45,46,1
R004,2025-03-28,22,4,0,Rain,1.55,22.7,FestivalOffer,None,24,27,3
R004,2025-03-29,8,5,1,Storm,22.43,33.2,None,None,5,7,2
R004,2025-03-29,9,5,1,Storm,22.43,33.2,None,None,12,15,3
R004,2025-03-29,10,5,1,Storm,22.43,33.2,None,None,24,18,-6
R004,2025-03-29,11,5,1,Storm,22.43,33.2,None,None,39,45,6
R004,2025-03-29,12,5,1,Storm,22.43,33.2,None,None,52,61,9
R004,2025-03-29,13,5,1,Storm,22.43,33.2,None,None,58,54,-4
R004,2025-03-29,14,5,1,Storm,22.43,33.2,None,None,52,59,7
R004,2025-03-29,15,5,1,Storm,22.43,33.2,None,None,39,40,1
R004,2025-03-29,16,5,1,Storm,22.43,33.2,None,None,26,30,4
R004,2025-03-29,17,5,1,Storm,22.43,33.2,None,None,19,14,-5
R004,2025-03-29,18,5,1,Storm,22.43,33.2,None,None,25,31,6
R004,2025-03-29,19,5,1,Storm,22.43,33.2,None,None,39,43,4
R004,2025-03-29,20,5,1,Storm,22.43,33.2,None,None,47,45,-2
R004,2025-03-29,21,5,1,Storm,22.43,33.2,None,None,38,43,5
R004,2025-03-29,22,5,1,Storm,22.43,33.2,None,None,20,15,-5
R004,2025-03-30,8,6,1,Cloudy,0.39,36.1,None,LocalEvent,8,8,0
R004,2025-03-30,9,6,1,Cloudy,0.39,36.1,None,LocalEvent,20,25,5
R004,2025-03-30,10,6,1,Cloudy,0.39,36.1,None,LocalEvent,40,43,3
R004,2025-03-30,11,6,1,Cloudy,0.39,36.1,None,LocalEvent,64,69,5
R004,2025-03-30,12,6,1,Cloudy,0.39,36.1,None,LocalEvent,86,103,17
R004,2025-03-30,13,6,1,Cloudy,0.39,36.1,None,LocalEvent,95,111,16
R004,2025-03-30,14,6,1,Cloudy,0.39,36.1,None,LocalEvent,86,82,-4
R004,2025-03-30,15,6,1,Cloudy,0.39,36.1,None,LocalEvent,65,65,0
R004,2025-03-30,16,6,1,Cloudy,0.39,36.1,None,LocalEvent,42,48,6
R004,2025-03-30,17,6,1,Cloudy,0.39,36.1,None,LocalEvent,32,27,-5
R004,2025-03-30,18,6,1,Cloudy,0.39,36.1,None,LocalEvent,42,32,-10
R004,2025-03-30,19,6,1,Cloudy,0.39,36.1,None,LocalEvent,65,73,8
R004,2025-03-30,20,6,1,Cloudy,0.39,36.1,None,LocalEvent,77,68,-9
R004,2025-03-30,21,6,1,Cloudy,0.39,36.1,None,LocalEvent,62,52,-10
R004,2025-03-30,22,6,1,Cloudy,0.39,36.1,None,LocalEvent,33,42,9
R004,2025-03-31,8,0,0,Rain,34.1,25.5,WeekendDeal,LocalEvent,6,4,-2
R004,2025-03-31,9,0,0,Rain,34.1,25.5,WeekendDeal,LocalEvent,15,14,-1
R004,2025-03-31,10,0,0,Rain,34.1,25.5,WeekendDeal,LocalEvent,29,31,2
R004,2025-03-31,11,0,0,Rain,34.1,25.5,WeekendDeal,LocalEvent,48,54,6
R004,2025-03-31,12,0,0,Rain,34.1,25.5,WeekendDeal,LocalEvent,64,67,3
R004,2025-03-31,13,0,0,Rain,34.1,25.5,WeekendDeal,LocalEvent,71,64,-7
R004,2025-03-31,14,0,0,Rain,34.1,25.5,WeekendDeal,LocalEvent,64,53,-11
R004,2025-03-31,15,0,0,Rain,34.1,25.5,WeekendDeal,LocalEvent,48,39,-9
R004,2025-03-31,16,0,0,Rain,34.1,25.5,WeekendDeal,LocalEvent,31,35,4
R004,2025-03-31,17,0,0,Rain,34.1,25.5,WeekendDeal,LocalEvent,24,25,1
R004,2025-03-31,18,0,0,Rain,34.1,25.5,WeekendDeal,LocalEvent,31,28,-3
R004,2025-03-31,19,0,0,Rain,34.1,25.5,WeekendDeal,LocalEvent,48,57,9
R004,2025-03-31,20,0,0,Rain,34.1,25.5,WeekendDeal,LocalEvent,57,73,16
R004,2025-03-31,21,0,0,Rain,34.1,25.5,WeekendDeal,LocalEvent,46,56,10
R004,2025-03-31,22,0,0,Rain,34.1,25.5,WeekendDeal,LocalEvent,25,32,7
R005,2025-01-01,8,2,0,Rain,3.93,25.6,HappyHour,LocalEvent,5,5,0
R005,2025-01-01,9,2,0,Rain,3.93,25.6,HappyHour,LocalEvent,13,13,0
R005,2025-01-01,10,2,0,Rain,3.93,25.6,HappyHour,LocalEvent,25,25,0
R005,2025-01-01,11,2,0,Rain,3.93,25.6,HappyHour,LocalEvent,41,43,2
R005,2025-01-01,12,2,0,Rain,3.93,25.6,HappyHour,LocalEvent,55,39,-16
R005,2025-01-01,13,2,0,Rain,3.93,25.6,HappyHour,LocalEvent,61,59,-2
R005,2025-01-01,14,2,0,Rain,3.93,25.6,HappyHour,LocalEvent,55,62,7
R005,2025-01-01,15,2,0,Rain,3.93,25.6,HappyHour,LocalEvent,41,38,-3
R005,2025-01-01,16,2,0,Rain,3.93,25.6,HappyHour,LocalEvent,27,28,1
R005,2025-01-01,17,2,0,Rain,3.93,25.6,HappyHour,LocalEvent,20,19,-1
R005,2025-01-01,18,2,0,Rain,3.93,25.6,HappyHour,LocalEvent,26,30,4
R005,2025-01-01,19,2,0,Rain,3.93,25.6,HappyHour,LocalEvent,41,50,9
R005,2025-01-01,20,2,0,Rain,3.93,25.6,HappyHour,LocalEvent,49,57,8
R005,2025-01-01,21,2,0,Rain,3.93,25.6,HappyHour,LocalEvent,40,39,-1
R005,2025-01-01,22,2,0,Rain,3.93,25.6,HappyHour,LocalEvent,21,14,-7
R005,2025-01-02,8,3,0,Storm,30.73,29.2,HappyHour,SportsMatch,4,2,-2
R005,2025-01-02,9,3,0,Storm,30.73,29.2,HappyHour,SportsMatch,11,11,0
R005,2025-01-02,10,3,0,Storm,30.73,29.2,HappyHour,SportsMatch,21,20,-1
R005,2025-01-02,11,3,0,Storm,30.73,29.2,HappyHour,SportsMatch,35,31,-4
R005,2025-01-02,12,3,0,Storm,30.73,29.2,HappyHour,SportsMatch,47,46,-1
R005,2025-01-02,13,3,0,Storm,30.73,29.2,HappyHour,SportsMatch,51,49,-2
R005,2025-01-02,14,3,0,Storm,30.73,29.2,HappyHour,SportsMatch,47,40,-7
R005,2025-01-02,15,3,0,Storm,30.73,29.2,HappyHour,SportsMatch,35,36,1
R005,2025-01-02,16,3,0,Storm,30.73,29.2,HappyHour,SportsMatch,23,21,-2
R005,2025-01-02,17,3,0,Storm,30.73,29.2,HappyHour,SportsMatch,17,12,-5
R005,2025-01-02,18,3,0,Storm,30.73,29.2,HappyHour,SportsMatch,22,27,5
R005,2025-01-02,19,3,0,Storm,30.73,29.2,HappyHour,SportsMatch,35,42,7
R005,2025-01-02,20,3,0,Storm,30.73,29.2,HappyHour,SportsMatch,42,45,3
R005,2025-01-02,21,3,0,Storm,30.73,29.2,HappyHour,SportsMatch,34,36,2
R005,2025-01-02,22,3,0,Storm,30.73,29.2,HappyHour,SportsMatch,18,19,1
R005,2025-01-03,8,4,0,Clear,4.29,28.0,WeekendDeal,LocalEvent,7,6,-1
R005,2025-01-03,9,4,0,Clear,4.29,28.0,WeekendDeal,LocalEvent,17,18,1
R005,2025-01-03,10,4,0,Clear,4.29,28.0,WeekendDeal,LocalEvent,33,35,2
R005,2025-01-03,11,4,0,Clear,4.29,28.0,WeekendDeal,LocalEvent,55,53,-2
R005,2025-01-03,12,4,0,Clear,4.29,28.0,WeekendDeal,LocalEvent,73,60,-13
R005,2025-01-03,13,4,0,Clear,4.29,28.0,WeekendDeal,LocalEvent,81,86,5
R005,2025-01-03,14,4,0,Clear,4.29,28.0,WeekendDeal,LocalEvent,73,74,1
R005,2025-01-03,15,4,0,Clear,4.29,28.0,WeekendDeal,LocalEvent,55,61,6
R005,2025-01-03,16,4,0,Clear,4.29,28.0,WeekendDeal,LocalEvent,36,31,-5
R005,2025-01-03,17,4,0,Clear,4.29,28.0,WeekendDeal,LocalEvent,27,27,0
R005,2025-01-03,18,4,0,Clear,4.29,28.0,WeekendDeal,LocalEvent,35,29,-6
R005,2025-01-03,19,4,0,Clear,4.29,28.0,WeekendDeal,LocalEvent,55,38,-17
R005,2025-01-03,20,4,0,Clear,4.29,28.0,WeekendDeal,LocalEvent,65,64,-1
R005,2025-01-03,21,4,0,Clear,4.29,28.0,WeekendDeal,LocalEvent,53,61,8
R005,2025-01-03,22,4,0,Clear,4.29,28.0,WeekendDeal,LocalEvent,28,33,5
R005,2025-01-04,8,5,1,Cloudy,2.04,20.7,FestivalOffer,LocalEvent,9,8,-1
R005,2025-01-04,9,5,1,Cloudy,2.04,20.7,FestivalOffer,LocalEvent,21,26,5
R005,2025-01-04,10,5,1,Cloudy,2.04,20.7,FestivalOffer,LocalEvent,42,43,1
R005,2025-01-04,11,5,1,Cloudy,2.04,20.7,FestivalOffer,LocalEvent,68,60,-8
R005,2025-01-04,12,5,1,Cloudy,2.04,20.7,FestivalOffer,LocalEvent,91,66,-25
R005,2025-01-04,13,5,1,Cloudy,2.04,20.7,FestivalOffer,LocalEvent,100,111,11
R005,2025-01-04,14,5,1,Cloudy,2.04,20.7,FestivalOffer,LocalEvent,91,88,-3
R005,2025-01-04,15,5,1,Cloudy,2.04,20.7,FestivalOffer,LocalEvent,68,74,6
R005,2025-01-04,16,5,1,Cloudy,2.04,20.7,FestivalOffer,LocalEvent,44,55,11
R005,2025-01-04,17,5,1,Cloudy,2.04,20.7,FestivalOffer,LocalEvent,33,42,9
R005,2025-01-04,18,5,1,Cloudy,2.04,20.7,FestivalOffer,LocalEvent,44,47,3
R005,2025-01-04,19,5,1,Cloudy,2.04,20.7,FestivalOffer,LocalEvent,68,73,5
R005,2025-01-04,20,5,1,Cloudy,2.04,20.7,FestivalOffer,LocalEvent,81,95,14
R005,2025-01-04,21,5,1,Cloudy,2.04,20.7,FestivalOffer,LocalEvent,65,63,-2
R005,2025-01-04,22,5,1,Cloudy,2.04,20.7,FestivalOffer,LocalEvent,35,37,2
R005,2025-01-05,8,6,1,Clear,1.19,26.8,None,LocalEvent,7,11,4
R005,2025-01-05,9,6,1,Clear,1.19,26.8,None,LocalEvent,18,22,4
R005,2025-01-05,10,6,1,Clear,1.19,26.8,None,LocalEvent,35,33,-2
R005,2025-01-05,11,6,1,Clear,1.19,26.8,None,LocalEvent,57,63,6
R005,2025-01-05,12,6,1,Clear,1.19,26.8,None,LocalEvent,77,68,-9
R005,2025-01-05,13,6,1,Clear,1.19,26.8,None,LocalEvent,85,93,8
R005,2025-01-05,14,6,1,Clear,1.19,26.8,None,LocalEvent,77,77,0
R005,2025-01-05,15,6,1,Clear,1.19,26.8,None,LocalEvent,58,60,2
R005,2025-01-05,16,6,1,Clear,1.19,26.8,None,LocalEvent,38,41,3
R005,2025-01-05,17,6,1,Clear,1.19,26.8,None,LocalEvent,28,36,8
R005,2025-01-05,18,6,1,Clear,1.19,26.8,None,LocalEvent,37,34,-3
R005,2025-01-05,19,6,1,Clear,1.19,26.8,None,LocalEvent,58,78,20
R005,2025-01-05,20,6,1,Clear,1.19,26.8,None,LocalEvent,69,70,1
R005,2025-01-05,21,6,1,Clear,1.19,26.8,None,LocalEvent,55,52,-3
R005,2025-01-05,22,6,1,Clear,1.19,26.8,None,LocalEvent,30,27,-3
R005,2025-01-06,8,0,0,Rain,7.0,37.5,FestivalOffer,None,5,5,0
R005,2025-01-06,9,0,0,Rain,7.0,37.5,FestivalOffer,None,13,16,3
R005,2025-01-06,10,0,0,Rain,7.0,37.5,FestivalOffer,None,26,32,6
R005,2025-01-06,11,0,0,Rain,7.0,37.5,FestivalOffer,None,42,34,-8
R005,2025-01-06,12,0,0,Rain,7.0,37.5,FestivalOffer,None,56,54,-2
R005,2025-01-06,13,0,0,Rain,7.0,37.5,FestivalOffer,None,62,63,1
R005,2025-01-06,14,0,0,Rain,7.0,37.5,FestivalOffer,None,56,50,-6
R005,2025-01-06,15,0,0,Rain,7.0,37.5,FestivalOffer,None,42,31,-11
R005,2025-01-06,16,0,0,Rain,7.0,37.5,FestivalOffer,None,28,26,-2
R005,2025-01-06,17,0,0,Rain,7.0,37.5,FestivalOffer,None,21,19,-2
R005,2025-01-06,18,0,0,Rain,7.0,37.5,FestivalOffer,None,27,29,2
R005,2025-01-06,19,0,0,Rain,7.0,37.5,FestivalOffer,None,42,46,4
R005,2025-01-06,20,0,0,Rain,7.0,37.5,FestivalOffer,None,50,57,7
R005,2025-01-06,21,0,0,Rain,7.0,37.5,FestivalOffer,None,40,19,-21
R005,2025-01-06,22,0,0,Rain,7.0,37.5,FestivalOffer,None,22,21,-1
R005,2025-01-07,8,1,0,Storm,6.13,34.5,HappyHour,Festival,5,3,-2
R005,2025-01-07,9,1,0,Storm,6.13,34.5,HappyHour,Festival,11,13,2
R005,2025-01-07,10,1,0,Storm,6.13,34.5,HappyHour,Festival,23,25,2
R005,2025-01-07,11,1,0,Storm,6.13,34.5,HappyHour,Festival,37,37,0
R005,2025-01-07,12,1,0,Storm,6.13,34.5,HappyHour,Festival,49,61,12
R005,2025-01-07,13,1,0,Storm,6.13,34.5,HappyHour,Festival,54,47,-7
R005,2025-01-07,14,1,0,Storm,6.13,34.5,HappyHour,Festival,49,56,7
R005,2025-01-07,15,1,0,Storm,6.13,34.5,HappyHour,Festival,37,33,-4
R005,2025-01-07,16,1,0,Storm,6.13,34.5,HappyHour,Festival,24,22,-2
R005,2025-01-07,17,1,0,Storm,6.13,34.5,HappyHour,Festival,18,19,1
R005,2025-01-07,18,1,0,Storm,6.13,34.5,HappyHour,Festival,24,22,-2
R005,2025-01-07,19,1,0,Storm,6.13,34.5,HappyHour,Festival,37,46,9
R005,2025-01-07,20,1,0,Storm,6.13,34.5,HappyHour,Festival,44,43,-1
R005,2025-01-07,21,1,0,Storm,6.13,34.5,HappyHour,Festival,35,25,-10
R005,2025-01-07,22,1,0,Storm,6.13,34.5,HappyHour,Festival,19,18,-1
R005,2025-01-08,8,2,0,Cloudy,1.25,31.7,None,Festival,7,9,2
R005,2025-01-08,9,2,0,Cloudy,1.25,31.7,None,Festival,16,19,3
R005,2025-01-08,10,2,0,Cloudy,1.25,31.7,None,Festival,32,40,8
R005,2025-01-08,11,2,0,Cloudy,1.25,31.7,None,Festival,52,54,2
R005,2025-01-08,12,2,0,Cloudy,1.25,31.7,None,Festival,70,40,-30
R005,2025-01-08,13,2,0,Cloudy,1.25,31.7,None,Festival,77,61,-16
R005,2025-01-08,14,2,0,Cloudy,1.25,31.7,None,Festival,70,96,26
R005,2025-01-08,15,2,0,Cloudy,1.25,31.7,None,Festival,53,50,-3
R005,2025-01-08,16,2,0,Cloudy,1.25,31.7,None,Festival,34,26,-8
R005,2025-01-08,17,2,0,Cloudy,1.25,31.7,None,Festival,26,25,-1
R005,2025-01-08,18,2,0,Cloudy,1.25,31.7,None,Festival,34,29,-5
R005,2025-01-08,19,2,0,Cloudy,1.25,31.7,None,Festival,53,43,-10
R005,2025-01-08,20,2,0,Cloudy,1.25,31.7,None,Festival,63,61,-2
R005,2025-01-08,21,2,0,Cloudy,1.25,31.7,None,Festival,50,44,-6
R005,2025-01-08,22,2,0,Cloudy,1.25,31.7,None,Festival,27,26,-1
R005,2025-01-09,8,3,0,Storm,31.73,20.1,HappyHour,LocalEvent,4,2,-2
R005,2025-01-09,9,3,0,Storm,31.73,20.1,HappyHour,LocalEvent,11,8,-3
R005,2025-01-09,10,3,0,Storm,31.73,20.1,HappyHour,LocalEvent,21,13,-8
R005,2025-01-09,11,3,0,Storm,31.73,20.1,HappyHour,LocalEvent,34,31,-3
R005,2025-01-09,12,3,0,Storm,31.73,20.1,HappyHour,LocalEvent,46,48,2
R005,2025-01-09,13,3,0,Storm,31.73,20.1,HappyHour,LocalEvent,51,45,-6
R005,2025-01-09,14,3,0,Storm,31.73,20.1,HappyHour,LocalEvent,46,49,3
R005,2025-01-09,15,3,0,Storm,31.73,20.1,HappyHour,LocalEvent,34,27,-7
R005,2025-01-09,16,3,0,Storm,31.73,20.1,HappyHour,LocalEvent,22,27,5
R005,2025-01-09,17,3,0,Storm,31.73,20.1,HappyHour,LocalEvent,17,16,-1
R005,2025-01-09,18,3,0,Storm,31.73,20.1,HappyHour,LocalEvent,22,20,-2
R005,2025-01-09,19,3,0,Storm,31.73,20.1,HappyHour,LocalEvent,34,31,-3
R005,2025-01-09,20,3,0,Storm,31.73,20.1,HappyHour,LocalEvent,41,31,-10
R005,2025-01-09,21,3,0,Storm,31.73,20.1,HappyHour,LocalEvent,33,32,-1
R005,2025-01-09,22,3,0,Storm,31.73,20.1,HappyHour,LocalEvent,18,21,3
R005,2025-01-10,8,4,0,Rain,21.95,21.5,None,None,5,5,0
R005,2025-01-10,9,4,0,Rain,21.95,21.5,None,None,11,11,0
R005,2025-01-10,10,4,0,Rain,21.95,21.5,None,None,22,20,-2
R005,2025-01-10,11,4,0,Rain,21.95,21.5,None,None,35,30,-5
R005,2025-01-10,12,4,0,Rain,21.95,21.5,None,None,48,53,5
R005,2025-01-10,13,4,0,Rain,21.95,21.5,None,None,52,49,-3
R005,2025-01-10,14,4,0,Rain,21.95,21.5,None,None,48,52,4
R005,2025-01-10,15,4,0,Rain,21.95,21.5,None,None,36,32,-4
R005,2025-01-10,16,4,0,Rain,21.95,21.5,None,None,23,25,2
R005,2025-01-10,17,4,0,Rain,21.95,21.5,None,None,18,14,-4
R005,2025-01-10,18,4,0,Rain,21.95,21.5,None,None,23,23,0
R005,2025-01-10,19,4,0,Rain,21.95,21.5,None,None,36,27,-9
R005,2025-01-10,20,4,0,Rain,21.95,21.5,None,None,42,36,-6
R005,2025-01-10,21,4,0,Rain,21.95,21.5,None,None,34,33,-1
R005,2025-01-10,22,4,0,Rain,21.95,21.5,None,None,18,17,-1
R005,2025-01-11,8,5,1,Cloudy,0.89,31.3,FestivalOffer,None,8,8,0
R005,2025-01-11,9,5,1,Cloudy,0.89,31.3,FestivalOffer,None,20,21,1
R005,2025-01-11,10,5,1,Cloudy,0.89,31.3,FestivalOffer,None,39,37,-2
R005,2025-01-11,11,5,1,Cloudy,0.89,31.3,FestivalOffer,None,63,59,-4
R005,2025-01-11,12,5,1,Cloudy,0.89,31.3,FestivalOffer,None,85,97,12
R005,2025-01-11,13,5,1,Cloudy,0.89,31.3,FestivalOffer,None,94,106,12
R005,2025-01-11,14,5,1,Cloudy,0.89,31.3,FestivalOffer,None,85,101,16
R005,2025-01-11,15,5,1,Cloudy,0.89,31.3,FestivalOffer,None,64,61,-3
R005,2025-01-11,16,5,1,Cloudy,0.89,31.3,FestivalOffer,None,42,36,-6
R005,2025-01-11,17,5,1,Cloudy,0.89,31.3,FestivalOffer,None,31,39,8
R005,2025-01-11,18,5,1,Cloudy,0.89,31.3,FestivalOffer,None,41,45,4
R005,2025-01-11,19,5,1,Cloudy,0.89,31.3,FestivalOffer,None,64,63,-1
R005,2025-01-11,20,5,1,Cloudy,0.89,31.3,FestivalOffer,None,76,76,0
R005,2025-01-11,21,5,1,Cloudy,0.89,31.3,FestivalOffer,None,61,66,5
R005,2025-01-11,22,5,1,Cloudy,0.89,31.3,FestivalOffer,None,33,29,-4
R005,2025-01-12,8,6,1,Rain,34.81,23.7,WeekendDeal,Festival,7,6,-1
R005,2025-01-12,9,6,1,Rain,34.81,23.7,WeekendDeal,Festival,17,19,2
R005,2025-01-12,10,6,1,Rain,34.81,23.7,WeekendDeal,Festival,33,39,6
R005,2025-01-12,11,6,1,Rain,34.81,23.7,WeekendDeal,Festival,54,54,0
R005,2025-01-12,12,6,1,Rain,34.81,23.7,WeekendDeal,Festival,72,72,0
R005,2025-01-12,13,6,1,Rain,34.81,23.7,WeekendDeal,Festival,80,71,-9
R005,2025-01-12,14,6,1,Rain,34.81,23.7,WeekendDeal,Festival,72,80,8
R005,2025-01-12,15,6,1,Rain,34.81,23.7,WeekendDeal,Festival,54,66,12
R005,2025-01-12,16,6,1,Rain,34.81,23.7,WeekendDeal,Festival,35,34,-1
R005,2025-01-12,17,6,1,Rain,34.81,23.7,WeekendDeal,Festival,27,33,6
R005,2025-01-12,18,6,1,Rain,34.81,23.7,WeekendDeal,Festival,35,38,3
R005,2025-01-12,19,6,1,Rain,34.81,23.7,WeekendDeal,Festival,54,69,15
R005,2025-01-12,20,6,1,Rain,34.81,23.7,WeekendDeal,Festival,64,50,-14
R005,2025-01-12,21,6,1,Rain,34.81,23.7,WeekendDeal,Festival,52,52,0
R005,2025-01-12,22,6,1,Rain,34.81,23.7,WeekendDeal,Festival,28,30,2
R005,2025-01-13,8,0,0,Storm,10.27,32.0,HappyHour,LocalEvent,4,3,-1
R005,2025-01-13,9,0,0,Storm,10.27,32.0,HappyHour,LocalEvent,11,16,5
R005,2025-01-13,10,0,0,Storm,10.27,32.0,HappyHour,LocalEvent,21,16,-5
R005,2025-01-13,11,0,0,Storm,10.27,32.0,HappyHour,LocalEvent,34,34,0
R005,2025-01-13,12,0,0,Storm,10.27,32.0,HappyHour,LocalEvent,46,45,-1
R005,2025-01-13,13,0,0,Storm,10.27,32.0,HappyHour,LocalEvent,51,54,3
R005,2025-01-13,14,0,0,Storm,10.27,32.0,HappyHour,LocalEvent,46,46,0
R005,2025-01-13,15,0,0,Storm,10.27,32.0,HappyHour,LocalEvent,34,34,0
R005,2025-01-13,16,0,0,Storm,10.27,32.0,HappyHour,LocalEvent,22,18,-4
R005,2025-01-13,17,0,0,Storm,10.27,32.0,HappyHour,LocalEvent,17,17,0
R005,2025-01-13,18,0,0,Storm,10.27,32.0,HappyHour,LocalEvent,22,24,2
R005,2025-01-13,19,0,0,Storm,10.27,32.0,HappyHour,LocalEvent,34,23,-11
R005,2025-01-13,20,0,0,Storm,10.27,32.0,HappyHour,LocalEvent,41,43,2
R005,2025-01-13,21,0,0,Storm,10.27,32.0,HappyHour,LocalEvent,33,40,7
R005,2025-01-13,22,0,0,Storm,10.27,32.0,HappyHour,LocalEvent,18,18,0
R005,2025-01-14,8,1,0,Cloudy,0.96,27.9,None,SportsMatch,6,5,-1
R005,2025-01-14,9,1,0,Cloudy,0.96,27.9,None,SportsMatch,15,16,1
R005,2025-01-14,10,1,0,Cloudy,0.96,27.9,None,SportsMatch,30,38,8
R005,2025-01-14,11,1,0,Cloudy,0.96,27.9,None,SportsMatch,50,42,-8
R005,2025-01-14,12,1,0,Cloudy,0.96,27.9,None,SportsMatch,66,51,-15
R005,2025-01-14,13,1,0,Cloudy,0.96,27.9,None,SportsMatch,73,75,2
R005,2025-01-14,14,1,0,Cloudy,0.96,27.9,None,SportsMatch,67,63,-4
R005,2025-01-14,15,1,0,Cloudy,0.96,27.9,None,SportsMatch,50,55,5
R005,2025-01-14,16,1,0,Cloudy,0.96,27.9,None,SportsMatch,33,36,3
R005,2025-01-14,17,1,0,Cloudy,0.96,27.9,None,SportsMatch,24,27,3
R005,2025-01-14,18,1,0,Cloudy,0.96,27.9,None,SportsMatch,32,30,-2
R005,2025-01-14,19,1,0,Cloudy,0.96,27.9,None,SportsMatch,50,50,0
R005,2025-01-14,20,1,0,Cloudy,0.96,27.9,None,SportsMatch,59,63,4
R005,2025-01-14,21,1,0,Cloudy,0.96,27.9,None,SportsMatch,48,42,-6
R005,2025-01-14,22,1,0,Cloudy,0.96,27.9,None,SportsMatch,26,26,0
R005,2025-01-15,8,2,0,Clear,4.44,20.1,None,None,6,7,1
R005,2025-01-15,9,2,0,Clear,4.44,20.1,None,None,14,17,3
R005,2025-01-15,10,2,0,Clear,4.44,20.1,None,None,28,22,-6
R005,2025-01-15,11,2,0,Clear,4.44,20.1,None,None,45,50,5
R005,2025-01-15,12,2,0,Clear,4.44,20.1,None,None,61,59,-2
R005,2025-01-15,13,2,0,Clear,4.44,20.1,None,None,67,65,-2
R005,2025-01-15,14,2,0,Clear,4.44,20.1,None,None,61,70,9
R005,2025-01-15,15,2,0,Clear,4.44,20.1,None,None,46,54,8
R005,2025-01-15,16,2,0,Clear,4.44,20.1,None,None,30,32,2
R005,2025-01-15,17,2,0,Clear,4.44,20.1,None,None,22,20,-2
R005,2025-01-15,18,2,0,Clear,4.44,20.1,None,None,29,40,11
R005,2025-01-15,19,2,0,Clear,4.44,20.1,None,None,46,38,-8
R005,2025-01-15,20,2,0,Clear,4.44,20.1,None,None,54,57,3
R005,2025-01-15,21,2,0,Clear,4.44,20.1,None,None,44,56,12
R005,2025-01-15,22,2,0,Clear,4.44,20.1,None,None,24,27,3
R005,2025-01-16,8,3,0,Storm,7.76,34.5,HappyHour,Festival,5,5,0
R005,2025-01-16,9,3,0,Storm,7.76,34.5,HappyHour,Festival,11,8,-3
R005,2025-01-16,10,3,0,Storm,7.76,34.5,HappyHour,Festival,23,18,-5
R005,2025-01-16,11,3,0,Storm,7.76,34.5,HappyHour,Festival,37,38,1
R005,2025-01-16,12,3,0,Storm,7.76,34.5,HappyHour,Festival,49,53,4
R005,2025-01-16,13,3,0,Storm,7.76,34.5,HappyHour,Festival,54,54,0
R005,2025-01-16,14,3,0,Storm,7.76,34.5,HappyHour,Festival,49,61,12
R005,2025-01-16,15,3,0,Storm,7.76,34.5,HappyHour,Festival,37,34,-3
R005,2025-01-16,16,3,0,Storm,7.76,34.5,HappyHour,Festival,24,23,-1
R005,2025-01-16,17,3,0,Storm,7.76,34.5,HappyHour,Festival,18,17,-1
R005,2025-01-16,18,3,0,Storm,7.76,34.5,HappyHour,Festival,24,25,1
R005,2025-01-16,19,3,0,Storm,7.76,34.5,HappyHour,Festival,37,41,4
R005,2025-01-16,20,3,0,Storm,7.76,34.5,HappyHour,Festival,44,43,-1
R005,2025-01-16,21,3,0,Storm,7.76,34.5,HappyHour,Festival,35,41,6
R005,2025-01-16,22,3,0,Storm,7.76,34.5,HappyHour,Festival,19,22,3
R005,2025-01-17,8,4,0,Rain,19.22,24.1,None,SportsMatch,5,5,0
R005,2025-01-17,9,4,0,Rain,19.22,24.1,None,SportsMatch,12,14,2
R005,2025-01-17,10,4,0,Rain,19.22,24.1,None,SportsMatch,24,28,4
R005,2025-01-17,11,4,0,Rain,19.22,24.1,None,SportsMatch,39,41,2
R005,2025-01-17,12,4,0,Rain,19.22,24.1,None,SportsMatch,52,45,-7
R005,2025-01-17,13,4,0,Rain,19.22,24.1,None,SportsMatch,57,58,1
R005,2025-01-17,14,4,0,Rain,19.22,24.1,None,SportsMatch,52,54,2
R005,2025-01-17,15,4,0,Rain,19.22,24.1,None,SportsMatch,39,41,2
R005,2025-01-17,16,4,0,Rain,19.22,24.1,None,SportsMatch,25,25,0
R005,2025-01-17,17,4,0,Rain,19.22,24.1,None,SportsMatch,19,18,-1
R005,2025-01-17,18,4,0,Rain,19.22,24.1,None,SportsMatch,25,24,-1
R005,2025-01-17,19,4,0,Rain,19.22,24.1,None,SportsMatch,39,44,5
R005,2025-01-17,20,4,0,Rain,19.22,24.1,None,SportsMatch,46,48,2
R005,2025-01-17,21,4,0,Rain,19.22,24.1,None,SportsMatch,37,39,2
R005,2025-01-17,22,4,0,Rain,19.22,24.1,None,SportsMatch,20,21,1
R005,2025-01-18,8,5,1,Cloudy,2.5,35.2,None,None,7,6,-1
R005,2025-01-18,9,5,1,Cloudy,2.5,35.2,None,None,17,19,2
R005,2025-01-18,10,5,1,Cloudy,2.5,35.2,None,None,33,26,-7
R005,2025-01-18,11,5,1,Cloudy,2.5,35.2,None,None,54,53,-1
R005,2025-01-18,12,5,1,Cloudy,2.5,35.2,None,None,72,55,-17
R005,2025-01-18,13,5,1,Cloudy,2.5,35.2,None,None,79,74,-5
R005,2025-01-18,14,5,1,Cloudy,2.5,35.2,None,None,72,41,-31
R005,2025-01-18,15,5,1,Cloudy,2.5,35.2,None,None,54,61,7
R005,2025-01-18,16,5,1,Cloudy,2.5,35.2,None,None,35,29,-6
R005,2025-01-18,17,5,1,Cloudy,2.5,35.2,None,None,26,18,-8
R005,2025-01-18,18,5,1,Cloudy,2.5,35.2,None,None,35,34,-1
R005,2025-01-18,19,5,1,Cloudy,2.5,35.2,None,None,54,53,-1
R005,2025-01-18,20,5,1,Cloudy,2.5,35.2,None,None,64,68,4
R005,2025-01-18,21,5,1,Cloudy,2.5,35.2,None,None,52,48,-4
R005,2025-01-18,22,5,1,Cloudy,2.5,35.2,None,None,28,26,-2
R005,2025-01-19,8,6,1,Rain,26.02,37.1,WeekendDeal,LocalEvent,6,8,2
R005,2025-01-19,9,6,1,Rain,26.02,37.1,WeekendDeal,LocalEvent,16,17,1
R005,2025-01-19,10,6,1,Rain,26.02,37.1,WeekendDeal,LocalEvent,31,21,-10
R005,2025-01-19,11,6,1,Rain,26.02,37.1,WeekendDeal,LocalEvent,50,49,-1
R005,2025-01-19,12,6,1,Rain,26.02,37.1,WeekendDeal,LocalEvent,67,58,-9
R005,2025-01-19,13,6,1,Rain,26.02,37.1,WeekendDeal,LocalEvent,74,88,14
R005,2025-01-19,14,6,1,Rain,26.02,37.1,WeekendDeal,LocalEvent,67,77,10
R005,2025-01-19,15,6,1,Rain,26.02,37.1,WeekendDeal,LocalEvent,50,54,4
R005,2025-01-19,16,6,1,Rain,26.02,37.1,WeekendDeal,LocalEvent,33,32,-1
R005,2025-01-19,17,6,1,Rain,26.02,37.1,WeekendDeal,LocalEvent,25,25,0
R005,2025-01-19,18,6,1,Rain,26.02,37.1,WeekendDeal,LocalEvent,32,33,1
R005,2025-01-19,19,6,1,Rain,26.02,37.1,WeekendDeal,LocalEvent,50,43,-7
R005,2025-01-19,20,6,1,Rain,26.02,37.1,WeekendDeal,LocalEvent,60,56,-4
R005,2025-01-19,21,6,1,Rain,26.02,37.1,WeekendDeal,LocalEvent,48,54,6
R005,2025-01-19,22,6,1,Rain,26.02,37.1,WeekendDeal,LocalEvent,26,19,-7
R005,2025-01-20,8,0,0,Clear,0.18,21.5,HappyHour,None,6,7,1
R005,2025-01-20,9,0,0,Clear,0.18,21.5,HappyHour,None,15,11,-4
R005,2025-01-20,10,0,0,Clear,0.18,21.5,HappyHour,None,30,36,6
R005,2025-01-20,11,0,0,Clear,0.18,21.5,HappyHour,None,49,37,-12
R005,2025-01-20,12,0,0,Clear,0.18,21.5,HappyHour,None,66,68,2
R005,2025-01-20,13,0,0,Clear,0.18,21.5,HappyHour,None,73,82,9
R005,2025-01-20,14,0,0,Clear,0.18,21.5,HappyHour,None,66,59,-7
R005,2025-01-20,15,0,0,Clear,0.18,21.5,HappyHour,None,49,71,22
R005,2025-01-20,16,0,0,Clear,0.18,21.5,HappyHour,None,32,33,1
R005,2025-01-20,17,0,0,Clear,0.18,21.5,HappyHour,None,24,20,-4
R005,2025-01-20,18,0,0,Clear,0.18,21.5,HappyHour,None,32,25,-7
R005,2025-01-20,19,0,0,Clear,0.18,21.5,HappyHour,None,49,46,-3
R005,2025-01-20,20,0,0,Clear,0.18,21.5,HappyHour,None,59,55,-4
R005,2025-01-20,21,0,0,Clear,0.18,21.5,HappyHour,None,47,41,-6
R005,2025-01-20,22,0,0,Clear,0.18,21.5,HappyHour,None,25,26,1
R005,2025-01-21,8,1,0,Storm,28.71,29.3,HappyHour,None,4,6,2
R005,2025-01-21,9,1,0,Storm,28.71,29.3,HappyHour,None,10,12,2
R005,2025-01-21,10,1,0,Storm,28.71,29.3,HappyHour,None,20,17,-3
R005,2025-01-21,11,1,0,Storm,28.71,29.3,HappyHour,None,32,41,9
R005,2025-01-21,12,1,0,Storm,28.71,29.3,HappyHour,None,43,37,-6
R005,2025-01-21,13,1,0,Storm,28.71,29.3,HappyHour,None,47,50,3
R005,2025-01-21,14,1,0,Storm,28.71,29.3,HappyHour,None,43,49,6
R005,2025-01-21,15,1,0,Storm,28.71,29.3,HappyHour,None,32,33,1
R005,2025-01-21,16,1,0,Storm,28.71,29.3,HappyHour,None,21,16,-5
R005,2025-01-21,17,1,0,Storm,28.71,29.3,HappyHour,None,16,17,1
R005,2025-01-21,18,1,0,Storm,28.71,29.3,HappyHour,None,21,21,0
R005,2025-01-21,19,1,0,Storm,28.71,29.3,HappyHour,None,32,40,8
R005,2025-01-21,20,1,0,Storm,28.71,29.3,HappyHour,None,38,37,-1
R005,2025-01-21,21,1,0,Storm,28.71,29.3,HappyHour,None,31,37,6
R005,2025-01-21,22,1,0,Storm,28.71,29.3,HappyHour,None,17,17,0
R005,2025-01-22,8,2,0,Cloudy,1.78,24.5,WeekendDeal,LocalEvent,7,8,1
R005,2025-01-22,9,2,0,Cloudy,1.78,24.5,WeekendDeal,LocalEvent,17,14,-3
R005,2025-01-22,10,2,0,Cloudy,1.78,24.5,WeekendDeal,LocalEvent,33,33,0
R005,2025-01-22,11,2,0,Cloudy,1.78,24.5,WeekendDeal,LocalEvent,55,58,3
R005,2025-01-22,12,2,0,Cloudy,1.78,24.5,WeekendDeal,LocalEvent,73,75,2
R005,2025-01-22,13,2,0,Cloudy,1.78,24.5,WeekendDeal,LocalEvent,81,68,-13
R005,2025-01-22,14,2,0,Cloudy,1.78,24.5,WeekendDeal,LocalEvent,73,85,12
R005,2025-01-22,15,2,0,Cloudy,1.78,24.5,WeekendDeal,LocalEvent,55,56,1
R005,2025-01-22,16,2,0,Cloudy,1.78,24.5,WeekendDeal,LocalEvent,36,46,10
R005,2025-01-22,17,2,0,Cloudy,1.78,24.5,WeekendDeal,LocalEvent,27,31,4
R005,2025-01-22,18,2,0,Cloudy,1.78,24.5,WeekendDeal,LocalEvent,35,42,7
R005,2025-01-22,19,2,0,Cloudy,1.78,24.5,WeekendDeal,LocalEvent,55,66,11
R005,2025-01-22,20,2,0,Cloudy,1.78,24.5,WeekendDeal,LocalEvent,65,80,15
R005,2025-01-22,21,2,0,Cloudy,1.78,24.5,WeekendDeal,LocalEvent,53,56,3
R005,2025-01-22,22,2,0,Cloudy,1.78,24.5,WeekendDeal,LocalEvent,28,25,-3
R005,2025-01-23,8,3,0,Cloudy,1.39,20.9,HappyHour,None,6,4,-2
R005,2025-01-23,9,3,0,Cloudy,1.39,20.9,HappyHour,None,15,15,0
R005,2025-01-23,10,3,0,Cloudy,1.39,20.9,HappyHour,None,30,30,0
R005,2025-01-23,11,3,0,Cloudy,1.39,20.9,HappyHour,None,49,47,-2
R005,2025-01-23,12,3,0,Cloudy,1.39,20.9,HappyHour,None,66,67,1
R005,2025-01-23,13,3,0,Cloudy,1.39,20.9,HappyHour,None,73,75,2
R005,2025-01-23,14,3,0,Cloudy,1.39,20.9,HappyHour,None,66,65,-1
R005,2025-01-23,15,3,0,Cloudy,1.39,20.9,HappyHour,None,49,50,1
R005,2025-01-23,16,3,0,Cloudy,1.39,20.9,HappyHour,None,32,35,3
R005,2025-01-23,17,3,0,Cloudy,1.39,20.9,HappyHour,None,24,27,3
R005,2025-01-23,18,3,0,Cloudy,1.39,20.9,HappyHour,None,32,40,8
R005,2025-01-23,19,3,0,Cloudy,1.39,20.9,HappyHour,None,49,38,-11
R005,2025-01-23,20,3,0,Cloudy,1.39,20.9,HappyHour,None,59,60,1
R005,2025-01-23,21,3,0,Cloudy,1.39,20.9,HappyHour,None,47,58,11
R005,2025-01-23,22,3,0,Cloudy,1.39,20.9,HappyHour,None,25,23,-2
R005,2025-01-24,8,4,0,Clear,1.25,26.3,None,LocalEvent,6,4,-2
R005,2025-01-24,9,4,0,Clear,1.25,26.3,None,LocalEvent,15,15,0
R005,2025-01-24,10,4,0,Clear,1.25,26.3,None,LocalEvent,30,29,-1
R005,2025-01-24,11,4,0,Clear,1.25,26.3,None,LocalEvent,49,48,-1
R005,2025-01-24,12,4,0,Clear,1.25,26.3,None,LocalEvent,65,68,3
R005,2025-01-24,13,4,0,Clear,1.25,26.3,None,LocalEvent,72,75,3
R005,2025-01-24,14,4,0,Clear,1.25,26.3,None,LocalEvent,65,56,-9
R005,2025-01-24,15,4,0,Clear,1.25,26.3,None,LocalEvent,49,62,13
R005,2025-01-24,16,4,0,Clear,1.25,26.3,None,LocalEvent,32,33,1
R005,2025-01-24,17,4,0,Clear,1.25,26.3,None,LocalEvent,24,22,-2
R005,2025-01-24,18,4,0,Clear,1.25,26.3,None,LocalEvent,31,29,-2
R005,2025-01-24,19,4,0,Clear,1.25,26.3,None,LocalEvent,49,55,6
R005,2025-01-24,20,4,0,Clear,1.25,26.3,None,LocalEvent,58,68,10
R005,2025-01-24,21,4,0,Clear,1.25,26.3,None,LocalEvent,47,43,-4
R005,2025-01-24,22,4,0,Clear,1.25,26.3,None,LocalEvent,25,24,-1
R005,2025-01-25,8,5,1,Rain,12.54,29.6,None,SportsMatch,6,4,-2
R005,2025-01-25,9,5,1,Rain,12.54,29.6,None,SportsMatch,14,15,1
R005,2025-01-25,10,5,1,Rain,12.54,29.6,None,SportsMatch,28,28,0
R005,2025-01-25,11,5,1,Rain,12.54,29.6,None,SportsMatch,46,57,11
R005,2025-01-25,12,5,1,Rain,12.54,29.6,None,SportsMatch,61,58,-3
R005,2025-01-25,13,5,1,Rain,12.54,29.6,None,SportsMatch,67,61,-6
R005,2025-01-25,14,5,1,Rain,12.54,29.6,None,SportsMatch,61,77,16
R005,2025-01-25,15,5,1,Rain,12.54,29.6,None,SportsMatch,46,51,5
R005,2025-01-25,16,5,1,Rain,12.54,29.6,None,SportsMatch,30,24,-6
R005,2025-01-25,17,5,1,Rain,12.54,29.6,None,SportsMatch,23,23,0
R005,2025-01-25,18,5,1,Rain,12.54,29.6,None,SportsMatch,29,28,-1
R005,2025-01-25,19,5,1,Rain,12.54,29.6,None,SportsMatch,46,53,7
R005,2025-01-25,20,5,1,Rain,12.54,29.6,None,SportsMatch,54,52,-2
R005,2025-01-25,21,5,1,Rain,12.54,29.6,None,SportsMatch,44,46,2
R005,2025-01-25,22,5,1,Rain,12.54,29.6,None,SportsMatch,24,28,4
R005,2025-01-26,8,6,1,Rain,9.87,34.2,FestivalOffer,Festival,7,6,-1
R005,2025-01-26,9,6,1,Rain,9.87,34.2,FestivalOffer,Festival,18,16,-2
R005,2025-01-26,10,6,1,Rain,9.87,34.2,FestivalOffer,Festival,35,36,1
R005,2025-01-26,11,6,1,Rain,9.87,34.2,FestivalOffer,Festival,57,50,-7
R005,2025-01-26,12,6,1,Rain,9.87,34.2,FestivalOffer,Festival,76,69,-7
R005,2025-01-26,13,6,1,Rain,9.87,34.2,FestivalOffer,Festival,84,67,-17
R005,2025-01-26,14,6,1,Rain,9.87,34.2,FestivalOffer,Festival,76,68,-8
R005,2025-01-26,15,6,1,Rain,9.87,34.2,FestivalOffer,Festival,57,42,-15
R005,2025-01-26,16,6,1,Rain,9.87,34.2,FestivalOffer,Festival,37,37,0
R005,2025-01-26,17,6,1,Rain,9.87,34.2,FestivalOffer,Festival,28,27,-1
R005,2025-01-26,18,6,1,Rain,9.87,34.2,FestivalOffer,Festival,37,24,-13
R005,2025-01-26,19,6,1,Rain,9.87,34.2,FestivalOffer,Festival,57,64,7
R005,2025-01-26,20,6,1,Rain,9.87,34.2,FestivalOffer,Festival,68,56,-12
R005,2025-01-26,21,6,1,Rain,9.87,34.2,FestivalOffer,Festival,55,70,15
R005,2025-01-26,22,6,1,Rain,9.87,34.2,FestivalOffer,Festival,29,34,5
R005,2025-01-27,8,0,0,Storm,25.35,34.2,HappyHour,None,4,4,0
R005,2025-01-27,9,0,0,Storm,25.35,34.2,HappyHour,None,10,10,0
R005,2025-01-27,10,0,0,Storm,25.35,34.2,HappyHour,None,20,22,2
R005,2025-01-27,11,0,0,Storm,25.35,34.2,HappyHour,None,32,29,-3
R005,2025-01-27,12,0,0,Storm,25.35,34.2,HappyHour,None,43,33,-10
R005,2025-01-27,13,0,0,Storm,25.35,34.2,HappyHour,None,47,57,10
R005,2025-01-27,14,0,0,Storm,25.35,34.2,HappyHour,None,43,46,3
R005,2025-01-27,15,0,0,Storm,25.35,34.2,HappyHour,None,32,29,-3
R005,2025-01-27,16,0,0,Storm,25.35,34.2,HappyHour,None,21,22,1
R005,2025-01-27,17,0,0,Storm,25.35,34.2,HappyHour,None,16,15,-1
R005,2025-01-27,18,0,0,Storm,25.35,34.2,HappyHour,None,21,23,2
R005,2025-01-27,19,0,0,Storm,25.35,34.2,HappyHour,None,32,23,-9
R005,2025-01-27,20,0,0,Storm,25.35,34.2,HappyHour,None,38,40,2
R005,2025-01-27,21,0,0,Storm,25.35,34.2,HappyHour,None,31,27,-4
R005,2025-01-27,22,0,0,Storm,25.35,34.2,HappyHour,None,17,17,0
R005,2025-01-28,8,1,0,Storm,27.42,35.2,None,None,4,2,-2
R005,2025-01-28,9,1,0,Storm,27.42,35.2,None,None,9,11,2
R005,2025-01-28,10,1,0,Storm,27.42,35.2,None,None,18,23,5
R005,2025-01-28,11,1,0,Storm,27.42,35.2,None,None,30,30,0
R005,2025-01-28,12,1,0,Storm,27.42,35.2,None,None,40,31,-9
R005,2025-01-28,13,1,0,Storm,27.42,35.2,None,None,44,47,3
R005,2025-01-28,14,1,0,Storm,27.42,35.2,None,None,40,39,-1
R005,2025-01-28,15,1,0,Storm,27.42,35.2,None,None,30,28,-2
R005,2025-01-28,16,1,0,Storm,27.42,35.2,None,None,19,19,0
R005,2025-01-28,17,1,0,Storm,27.42,35.2,None,None,15,16,1
R005,2025-01-28,18,1,0,Storm,27.42,35.2,None,None,19,14,-5
R005,2025-01-28,19,1,0,Storm,27.42,35.2,None,None,30,29,-1
R005,2025-01-28,20,1,0,Storm,27.42,35.2,None,None,35,36,1
R005,2025-01-28,21,1,0,Storm,27.42,35.2,None,None,29,23,-6
R005,2025-01-28,22,1,0,Storm,27.42,35.2,None,None,15,13,-2
R005,2025-01-29,8,2,0,Clear,4.82,28.3,HappyHour,LocalEvent,7,6,-1
R005,2025-01-29,9,2,0,Clear,4.82,28.3,HappyHour,LocalEvent,16,18,2
R005,2025-01-29,10,2,0,Clear,4.82,28.3,HappyHour,LocalEvent,32,34,2
R005,2025-01-29,11,2,0,Clear,4.82,28.3,HappyHour,LocalEvent,53,45,-8
R005,2025-01-29,12,2,0,Clear,4.82,28.3,HappyHour,LocalEvent,70,82,12
R005,2025-01-29,13,2,0,Clear,4.82,28.3,HappyHour,LocalEvent,78,73,-5
R005,2025-01-29,14,2,0,Clear,4.82,28.3,HappyHour,LocalEvent,71,68,-3
R005,2025-01-29,15,2,0,Clear,4.82,28.3,HappyHour,LocalEvent,53,62,9
R005,2025-01-29,16,2,0,Clear,4.82,28.3,HappyHour,LocalEvent,35,48,13
R005,2025-01-29,17,2,0,Clear,4.82,28.3,HappyHour,LocalEvent,26,33,7
R005,2025-01-29,18,2,0,Clear,4.82,28.3,HappyHour,LocalEvent,34,40,6
R005,2025-01-29,19,2,0,Clear,4.82,28.3,HappyHour,LocalEvent,53,41,-12
R005,2025-01-29,20,2,0,Clear,4.82,28.3,HappyHour,LocalEvent,63,63,0
R005,2025-01-29,21,2,0,Clear,4.82,28.3,HappyHour,LocalEvent,51,36,-15
R005,2025-01-29,22,2,0,Clear,4.82,28.3,HappyHour,LocalEvent,27,32,5
R005,2025-01-30,8,3,0,Cloudy,1.48,21.0,WeekendDeal,None,7,10,3
R005,2025-01-30,9,3,0,Cloudy,1.48,21.0,WeekendDeal,None,16,14,-2
R005,2025-01-30,10,3,0,Cloudy,1.48,21.0,WeekendDeal,None,31,34,3
R005,2025-01-30,11,3,0,Cloudy,1.48,21.0,WeekendDeal,None,51,55,4
R005,2025-01-30,12,3,0,Cloudy,1.48,21.0,WeekendDeal,None,68,60,-8
R005,2025-01-30,13,3,0,Cloudy,1.48,21.0,WeekendDeal,None,75,61,-14
R005,2025-01-30,14,3,0,Cloudy,1.48,21.0,WeekendDeal,None,68,55,-13
R005,2025-01-30,15,3,0,Cloudy,1.48,21.0,WeekendDeal,None,51,42,-9
R005,2025-01-30,16,3,0,Cloudy,1.48,21.0,WeekendDeal,None,33,41,8
R005,2025-01-30,17,3,0,Cloudy,1.48,21.0,WeekendDeal,None,25,18,-7
R005,2025-01-30,18,3,0,Cloudy,1.48,21.0,WeekendDeal,None,33,25,-8
R005,2025-01-30,19,3,0,Cloudy,1.48,21.0,WeekendDeal,None,51,55,4
R005,2025-01-30,20,3,0,Cloudy,1.48,21.0,WeekendDeal,None,61,59,-2
R005,2025-01-30,21,3,0,Cloudy,1.48,21.0,WeekendDeal,None,49,45,-4
R005,2025-01-30,22,3,0,Cloudy,1.48,21.0,WeekendDeal,None,26,24,-2
R005,2025-01-31,8,4,0,Storm,0.27,21.2,WeekendDeal,SportsMatch,5,2,-3
R005,2025-01-31,9,4,0,Storm,0.27,21.2,WeekendDeal,SportsMatch,11,8,-3
R005,2025-01-31,10,4,0,Storm,0.27,21.2,WeekendDeal,SportsMatch,22,20,-2
R005,2025-01-31,11,4,0,Storm,0.27,21.2,WeekendDeal,SportsMatch,36,23,-13
R005,2025-01-31,12,4,0,Storm,0.27,21.2,WeekendDeal,SportsMatch,48,50,2
R005,2025-01-31,13,4,0,Storm,0.27,21.2,WeekendDeal,SportsMatch,53,54,1
R005,2025-01-31,14,4,0,Storm,0.27,21.2,WeekendDeal,SportsMatch,48,44,-4
R005,2025-01-31,15,4,0,Storm,0.27,21.2,WeekendDeal,SportsMatch,36,35,-1
R005,2025-01-31,16,4,0,Storm,0.27,21.2,WeekendDeal,SportsMatch,24,29,5
R005,2025-01-31,17,4,0,Storm,0.27,21.2,WeekendDeal,SportsMatch,18,17,-1
R005,2025-01-31,18,4,0,Storm,0.27,21.2,WeekendDeal,SportsMatch,23,25,2
R005,2025-01-31,19,4,0,Storm,0.27,21.2,WeekendDeal,SportsMatch,36,43,7
R005,2025-01-31,20,4,0,Storm,0.27,21.2,WeekendDeal,SportsMatch,43,43,0
R005,2025-01-31,21,4,0,Storm,0.27,21.2,WeekendDeal,SportsMatch,35,40,5
R005,2025-01-31,22,4,0,Storm,0.27,21.2,WeekendDeal,SportsMatch,19,26,7
R005,2025-02-01,8,5,1,Storm,12.0,22.3,WeekendDeal,LocalEvent,5,5,0
R005,2025-02-01,9,5,1,Storm,12.0,22.3,WeekendDeal,LocalEvent,13,12,-1
R005,2025-02-01,10,5,1,Storm,12.0,22.3,WeekendDeal,LocalEvent,26,34,8
R005,2025-02-01,11,5,1,Storm,12.0,22.3,WeekendDeal,LocalEvent,42,42,0
R005,2025-02-01,12,5,1,Storm,12.0,22.3,WeekendDeal,LocalEvent,56,54,-2
R005,2025-02-01,13,5,1,Storm,12.0,22.3,WeekendDeal,LocalEvent,62,57,-5
R005,2025-02-01,14,5,1,Storm,12.0,22.3,WeekendDeal,LocalEvent,56,61,5
R005,2025-02-01,15,5,1,Storm,12.0,22.3,WeekendDeal,LocalEvent,42,48,6
R005,2025-02-01,16,5,1,Storm,12.0,22.3,WeekendDeal,LocalEvent,27,32,5
R005,2025-02-01,17,5,1,Storm,12.0,22.3,WeekendDeal,LocalEvent,21,25,4
R005,2025-02-01,18,5,1,Storm,12.0,22.3,WeekendDeal,LocalEvent,27,21,-6
R005,2025-02-01,19,5,1,Storm,12.0,22.3,WeekendDeal,LocalEvent,42,44,2
R005,2025-02-01,20,5,1,Storm,12.0,22.3,WeekendDeal,LocalEvent,50,52,2
R005,2025-02-01,21,5,1,Storm,12.0,22.3,WeekendDeal,LocalEvent,40,44,4
R005,2025-02-01,22,5,1,Storm,12.0,22.3,WeekendDeal,LocalEvent,22,21,-1
R005,2025-02-02,8,6,1,Storm,8.29,26.8,FestivalOffer,SportsMatch,6,6,0
R005,2025-02-02,9,6,1,Storm,8.29,26.8,FestivalOffer,SportsMatch,14,13,-1
R005,2025-02-02,10,6,1,Storm,8.29,26.8,FestivalOffer,SportsMatch,28,18,-10
R005,2025-02-02,11,6,1,Storm,8.29,26.8,FestivalOffer,SportsMatch,45,49,4
R005,2025-02-02,12,6,1,Storm,8.29,26.8,FestivalOffer,SportsMatch,60,70,10
R005,2025-02-02,13,6,1,Storm,8.29,26.8,FestivalOffer,SportsMatch,66,65,-1
R005,2025-02-02,14,6,1,Storm,8.29,26.8,FestivalOffer,SportsMatch,60,69,9
R005,2025-02-02,15,6,1,Storm,8.29,26.8,FestivalOffer,SportsMatch,45,42,-3
R005,2025-02-02,16,6,1,Storm,8.29,26.8,FestivalOffer,SportsMatch,29,19,-10
R005,2025-02-02,17,6,1,Storm,8.29,26.8,FestivalOffer,SportsMatch,22,19,-3
R005,2025-02-02,18,6,1,Storm,8.29,26.8,FestivalOffer,SportsMatch,29,21,-8
R005,2025-02-02,19,6,1,Storm,8.29,26.8,FestivalOffer,SportsMatch,45,44,-1
R005,2025-02-02,20,6,1,Storm,8.29,26.8,FestivalOffer,SportsMatch,54,51,-3
R005,2025-02-02,21,6,1,Storm,8.29,26.8,FestivalOffer,SportsMatch,43,44,1
R005,2025-02-02,22,6,1,Storm,8.29,26.8,FestivalOffer,SportsMatch,23,21,-2
R005,2025-02-03,8,0,0,Rain,6.53,31.3,WeekendDeal,LocalEvent,5,9,4
R005,2025-02-03,9,0,0,Rain,6.53,31.3,WeekendDeal,LocalEvent,13,11,-2
R005,2025-02-03,10,0,0,Rain,6.53,31.3,WeekendDeal,LocalEvent,26,22,-4
R005,2025-02-03,11,0,0,Rain,6.53,31.3,WeekendDeal,LocalEvent,43,59,16
R005,2025-02-03,12,0,0,Rain,6.53,31.3,WeekendDeal,LocalEvent,57,60,3
R005,2025-02-03,13,0,0,Rain,6.53,31.3,WeekendDeal,LocalEvent,63,65,2
R005,2025-02-03,14,0,0,Rain,6.53,31.3,WeekendDeal,LocalEvent,57,52,-5
R005,2025-02-03,15,0,0,Rain,6.53,31.3,WeekendDeal,LocalEvent,43,46,3
R005,2025-02-03,16,0,0,Rain,6.53,31.3,WeekendDeal,LocalEvent,28,33,5
R005,2025-02-03,17,0,0,Rain,6.53,31.3,WeekendDeal,LocalEvent,21,22,1
R005,2025-02-03,18,0,0,Rain,6.53,31.3,WeekendDeal,LocalEvent,27,24,-3
R005,2025-02-03,19,0,0,Rain,6.53,31.3,WeekendDeal,LocalEvent,43,45,2
R005,2025-02-03,20,0,0,Rain,6.53,31.3,WeekendDeal,LocalEvent,51,50,-1
R005,2025-02-03,21,0,0,Rain,6.53,31.3,WeekendDeal,LocalEvent,41,45,4
R005,2025-02-03,22,0,0,Rain,6.53,31.3,WeekendDeal,LocalEvent,22,23,1
R005,2025-02-04,8,1,0,Storm,28.6,32.6,HappyHour,Festival,5,7,2
R005,2025-02-04,9,1,0,Storm,28.6,32.6,HappyHour,Festival,11,14,3
R005,2025-02-04,10,1,0,Storm,28.6,32.6,HappyHour,Festival,23,29,6
R005,2025-02-04,11,1,0,Storm,28.6,32.6,HappyHour,Festival,37,47,10
R005,2025-02-04,12,1,0,Storm,28.6,32.6,HappyHour,Festival,49,44,-5
R005,2025-02-04,13,1,0,Storm,28.6,32.6,HappyHour,Festival,54,51,-3
R005,2025-02-04,14,1,0,Storm,28.6,32.6,HappyHour,Festival,49,57,8
R005,2025-02-04,15,1,0,Storm,28.6,32.6,HappyHour,Festival,37,33,-4
R005,2025-02-04,16,1,0,Storm,28.6,32.6,HappyHour,Festival,24,22,-2
R005,2025-02-04,17,1,0,Storm,28.6,32.6,HappyHour,Festival,18,22,4
R005,2025-02-04,18,1,0,Storm,28.6,32.6,HappyHour,Festival,24,25,1
R005,2025-02-04,19,1,0,Storm,28.6,32.6,HappyHour,Festival,37,44,7
R005,2025-02-04,20,1,0,Storm,28.6,32.6,HappyHour,Festival,44,32,-12
R005,2025-02-04,21,1,0,Storm,28.6,32.6,HappyHour,Festival,35,32,-3
R005,2025-02-04,22,1,0,Storm,28.6,32.6,HappyHour,Festival,19,17,-2
R005,2025-02-05,8,2,0,Rain,4.21,30.5,WeekendDeal,SportsMatch,6,3,-3
R005,2025-02-05,9,2,0,Rain,4.21,30.5,WeekendDeal,SportsMatch,13,11,-2
R005,2025-02-05,10,2,0,Rain,4.21,30.5,WeekendDeal,SportsMatch,27,23,-4
R005,2025-02-05,11,2,0,Rain,4.21,30.5,WeekendDeal,SportsMatch,43,40,-3
R005,2025-02-05,12,2,0,Rain,4.21,30.5,WeekendDeal,SportsMatch,58,64,6
R005,2025-02-05,13,2,0,Rain,4.21,30.5,WeekendDeal,SportsMatch,64,55,-9
R005,2025-02-05,14,2,0,Rain,4.21,30.5,WeekendDeal,SportsMatch,58,49,-9
R005,2025-02-05,15,2,0,Rain,4.21,30.5,WeekendDeal,SportsMatch,44,50,6
R005,2025-02-05,16,2,0,Rain,4.21,30.5,WeekendDeal,SportsMatch,28,28,0
R005,2025-02-05,17,2,0,Rain,4.21,30.5,WeekendDeal,SportsMatch,21,23,2
R005,2025-02-05,18,2,0,Rain,4.21,30.5,WeekendDeal,SportsMatch,28,18,-10
R005,2025-02-05,19,2,0,Rain,4.21,30.5,WeekendDeal,SportsMatch,44,35,-9
R005,2025-02-05,20,2,0,Rain,4.21,30.5,WeekendDeal,SportsMatch,52,57,5
R005,2025-02-05,21,2,0,Rain,4.21,30.5,WeekendDeal,SportsMatch,42,51,9
R005,2025-02-05,22,2,0,Rain,4.21,30.5,WeekendDeal,SportsMatch,22,23,1
R005,2025-02-06,8,3,0,Clear,0.16,31.3,WeekendDeal,LocalEvent,7,5,-2
R005,2025-02-06,9,3,0,Clear,0.16,31.3,WeekendDeal,LocalEvent,17,17,0
R005,2025-02-06,10,3,0,Clear,0.16,31.3,WeekendDeal,LocalEvent,33,23,-10
R005,2025-02-06,11,3,0,Clear,0.16,31.3,WeekendDeal,LocalEvent,55,68,13
R005,2025-02-06,12,3,0,Clear,0.16,31.3,WeekendDeal,LocalEvent,73,82,9
R005,2025-02-06,13,3,0,Clear,0.16,31.3,WeekendDeal,LocalEvent,81,102,21
R005,2025-02-06,14,3,0,Clear,0.16,31.3,WeekendDeal,LocalEvent,73,63,-10
R005,2025-02-06,15,3,0,Clear,0.16,31.3,WeekendDeal,LocalEvent,55,72,17
R005,2025-02-06,16,3,0,Clear,0.16,31.3,WeekendDeal,LocalEvent,36,45,9
R005,2025-02-06,17,3,0,Clear,0.16,31.3,WeekendDeal,LocalEvent,27,37,10
R005,2025-02-06,18,3,0,Clear,0.16,31.3,WeekendDeal,LocalEvent,35,21,-14
R005,2025-02-06,19,3,0,Clear,0.16,31.3,WeekendDeal,LocalEvent,55,60,5
R005,2025-02-06,20,3,0,Clear,0.16,31.3,WeekendDeal,LocalEvent,65,73,8
R005,2025-02-06,21,3,0,Clear,0.16,31.3,WeekendDeal,LocalEvent,53,63,10
R005,2025-02-06,22,3,0,Clear,0.16,31.3,WeekendDeal,LocalEvent,28,33,5
R005,2025-02-07,8,4,0,Clear,0.65,37.8,HappyHour,None,6,4,-2
R005,2025-02-07,9,4,0,Clear,0.65,37.8,HappyHour,None,15,17,2
R005,2025-02-07,10,4,0,Clear,0.65,37.8,HappyHour,None,30,28,-2
R005,2025-02-07,11,4,0,Clear,0.65,37.8,HappyHour,None,49,50,1
R005,2025-02-07,12,4,0,Clear,0.65,37.8,HappyHour,None,66,69,3
R005,2025-02-07,13,4,0,Clear,0.65,37.8,HappyHour,None,73,84,11
R005,2025-02-07,14,4,0,Clear,0.65,37.8,HappyHour,None,66,50,-16
R005,2025-02-07,15,4,0,Clear,0.65,37.8,HappyHour,None,49,61,12
R005,2025-02-07,16,4,0,Clear,0.65,37.8,HappyHour,None,32,30,-2
R005,2025-02-07,17,4,0,Clear,0.65,37.8,HappyHour,None,24,26,2
R005,2025-02-07,18,4,0,Clear,0.65,37.8,HappyHour,None,32,31,-1
R005,2025-02-07,19,4,0,Clear,0.65,37.8,HappyHour,None,49,41,-8
R005,2025-02-07,20,4,0,Clear,0.65,37.8,HappyHour,None,59,49,-10
R005,2025-02-07,21,4,0,Clear,0.65,37.8,HappyHour,None,47,55,8
R005,2025-02-07,22,4,0,Clear,0.65,37.8,HappyHour,None,25,21,-4
R005,2025-02-08,8,5,1,Storm,7.45,33.4,HappyHour,SportsMatch,5,4,-1
R005,2025-02-08,9,5,1,Storm,7.45,33.4,HappyHour,SportsMatch,13,12,-1
R005,2025-02-08,10,5,1,Storm,7.45,33.4,HappyHour,SportsMatch,25,20,-5
R005,2025-02-08,11,5,1,Storm,7.45,33.4,HappyHour,SportsMatch,41,41,0
R005,2025-02-08,12,5,1,Storm,7.45,33.4,HappyHour,SportsMatch,55,54,-1
R005,2025-02-08,13,5,1,Storm,7.45,33.4,HappyHour,SportsMatch,61,54,-7
R005,2025-02-08,14,5,1,Storm,7.45,33.4,HappyHour,SportsMatch,55,33,-22
R005,2025-02-08,15,5,1,Storm,7.45,33.4,HappyHour,SportsMatch,41,40,-1
R005,2025-02-08,16,5,1,Storm,7.45,33.4,HappyHour,SportsMatch,27,27,0
R005,2025-02-08,17,5,1,Storm,7.45,33.4,HappyHour,SportsMatch,20,19,-1
R005,2025-02-08,18,5,1,Storm,7.45,33.4,HappyHour,SportsMatch,27,29,2
R005,2025-02-08,19,5,1,Storm,7.45,33.4,HappyHour,SportsMatch,41,39,-2
R005,2025-02-08,20,5,1,Storm,7.45,33.4,HappyHour,SportsMatch,49,41,-8
R005,2025-02-08,21,5,1,Storm,7.45,33.4,HappyHour,SportsMatch,40,39,-1
R005,2025-02-08,22,5,1,Storm,7.45,33.4,HappyHour,SportsMatch,21,22,1
R005,2025-02-09,8,6,1,Cloudy,3.64,32.8,HappyHour,SportsMatch,8,11,3
R005,2025-02-09,9,6,1,Cloudy,3.64,32.8,HappyHour,SportsMatch,20,19,-1
R005,2025-02-09,10,6,1,Cloudy,3.64,32.8,HappyHour,SportsMatch,39,45,6
R005,2025-02-09,11,6,1,Cloudy,3.64,32.8,HappyHour,SportsMatch,63,69,6
R005,2025-02-09,12,6,1,Cloudy,3.64,32.8,HappyHour,SportsMatch,85,89,4
R005,2025-02-09,13,6,1,Cloudy,3.64,32.8,HappyHour,SportsMatch,93,82,-11
R005,2025-02-09,14,6,1,Cloudy,3.64,32.8,HappyHour,SportsMatch,85,73,-12
R005,2025-02-09,15,6,1,Cloudy,3.64,32.8,HappyHour,SportsMatch,64,68,4
R005,2025-02-09,16,6,1,Cloudy,3.64,32.8,HappyHour,SportsMatch,41,30,-11
R005,2025-02-09,17,6,1,Cloudy,3.64,32.8,HappyHour,SportsMatch,31,23,-8
R005,2025-02-09,18,6,1,Cloudy,3.64,32.8,HappyHour,SportsMatch,41,42,1
R005,2025-02-09,19,6,1,Cloudy,3.64,32.8,HappyHour,SportsMatch,63,62,-1
R005,2025-02-09,20,6,1,Cloudy,3.64,32.8,HappyHour,SportsMatch,75,91,16
R005,2025-02-09,21,6,1,Cloudy,3.64,32.8,HappyHour,SportsMatch,61,56,-5
R005,2025-02-09,22,6,1,Cloudy,3.64,32.8,HappyHour,SportsMatch,33,35,2
R005,2025-02-10,8,0,0,Clear,0.05,32.2,HappyHour,LocalEvent,7,7,0
R005,2025-02-10,9,0,0,Clear,0.05,32.2,HappyHour,LocalEvent,16,18,2
R005,2025-02-10,10,0,0,Clear,0.05,32.2,HappyHour,LocalEvent,32,37,5
R005,2025-02-10,11,0,0,Clear,0.05,32.2,HappyHour,LocalEvent,53,43,-10
R005,2025-02-10,12,0,0,Clear,0.05,32.2,HappyHour,LocalEvent,70,58,-12
R005,2025-02-10,13,0,0,Clear,0.05,32.2,HappyHour,LocalEvent,78,101,23
R005,2025-02-10,14,0,0,Clear,0.05,32.2,HappyHour,LocalEvent,71,71,0
R005,2025-02-10,15,0,0,Clear,0.05,32.2,HappyHour,LocalEvent,53,47,-6
R005,2025-02-10,16,0,0,Clear,0.05,32.2,HappyHour,LocalEvent,35,32,-3
R005,2025-02-10,17,0,0,Clear,0.05,32.2,HappyHour,LocalEvent,26,29,3
R005,2025-02-10,18,0,0,Clear,0.05,32.2,HappyHour,LocalEvent,34,33,-1
R005,2025-02-10,19,0,0,Clear,0.05,32.2,HappyHour,LocalEvent,53,56,3
R005,2025-02-10,20,0,0,Clear,0.05,32.2,HappyHour,LocalEvent,63,86,23
R005,2025-02-10,21,0,0,Clear,0.05,32.2,HappyHour,LocalEvent,51,41,-10
R005,2025-02-10,22,0,0,Clear,0.05,32.2,HappyHour,LocalEvent,27,32,5
R005,2025-02-11,8,1,0,Cloudy,3.84,36.6,WeekendDeal,SportsMatch,7,7,0
R005,2025-02-11,9,1,0,Cloudy,3.84,36.6,WeekendDeal,SportsMatch,17,17,0
R005,2025-02-11,10,1,0,Cloudy,3.84,36.6,WeekendDeal,SportsMatch,34,46,12
R005,2025-02-11,11,1,0,Cloudy,3.84,36.6,WeekendDeal,SportsMatch,56,60,4
R005,2025-02-11,12,1,0,Cloudy,3.84,36.6,WeekendDeal,SportsMatch,74,63,-11
R005,2025-02-11,13,1,0,Cloudy,3.84,36.6,WeekendDeal,SportsMatch,82,77,-5
R005,2025-02-11,14,1,0,Cloudy,3.84,36.6,WeekendDeal,SportsMatch,74,60,-14
R005,2025-02-11,15,1,0,Cloudy,3.84,36.6,WeekendDeal,SportsMatch,56,47,-9
R005,2025-02-11,16,1,0,Cloudy,3.84,36.6,WeekendDeal,SportsMatch,36,47,11
R005,2025-02-11,17,1,0,Cloudy,3.84,36.6,WeekendDeal,SportsMatch,27,24,-3
R005,2025-02-11,18,1,0,Cloudy,3.84,36.6,WeekendDeal,SportsMatch,36,38,2
R005,2025-02-11,19,1,0,Cloudy,3.84,36.6,WeekendDeal,SportsMatch,56,66,10
R005,2025-02-11,20,1,0,Cloudy,3.84,36.6,WeekendDeal,SportsMatch,66,78,12
R005,2025-02-11,21,1,0,Cloudy,3.84,36.6,WeekendDeal,SportsMatch,54,65,11
R005,2025-02-11,22,1,0,Cloudy,3.84,36.6,WeekendDeal,SportsMatch,29,41,12
R005,2025-02-12,8,2,0,Cloudy,0.42,21.0,None,LocalEvent,6,8,2
R005,2025-02-12,9,2,0,Cloudy,0.42,21.0,None,LocalEvent,15,17,2
R005,2025-02-12,10,2,0,Cloudy,0.42,21.0,None,LocalEvent,30,32,2
R005,2025-02-12,11,2,0,Cloudy,0.42,21.0,None,LocalEvent,49,51,2
R005,2025-02-12,12,2,0,Cloudy,0.42,21.0,None,LocalEvent,65,62,-3
R005,2025-02-12,13,2,0,Cloudy,0.42,21.0,None,LocalEvent,72,91,19
R005,2025-02-12,14,2,0,Cloudy,0.42,21.0,None,LocalEvent,65,49,-16
R005,2025-02-12,15,2,0,Cloudy,0.42,21.0,None,LocalEvent,49,39,-10
R005,2025-02-12,16,2,0,Cloudy,0.42,21.0,None,LocalEvent,32,27,-5
R005,2025-02-12,17,2,0,Cloudy,0.42,21.0,None,LocalEvent,24,23,-1
R005,2025-02-12,18,2,0,Cloudy,0.42,21.0,None,LocalEvent,31,32,1
R005,2025-02-12,19,2,0,Cloudy,0.42,21.0,None,LocalEvent,49,44,-5
R005,2025-02-12,20,2,0,Cloudy,0.42,21.0,None,LocalEvent,58,50,-8
R005,2025-02-12,21,2,0,Cloudy,0.42,21.0,None,LocalEvent,47,52,5
R005,2025-02-12,22,2,0,Cloudy,0.42,21.0,None,LocalEvent,25,23,-2
R005,2025-02-13,8,3,0,Cloudy,0.43,30.4,FestivalOffer,Festival,8,11,3
R005,2025-02-13,9,3,0,Cloudy,0.43,30.4,FestivalOffer,Festival,19,13,-6
R005,2025-02-13,10,3,0,Cloudy,0.43,30.4,FestivalOffer,Festival,38,44,6
R005,2025-02-13,11,3,0,Cloudy,0.43,30.4,FestivalOffer,Festival,62,55,-7
R005,2025-02-13,12,3,0,Cloudy,0.43,30.4,FestivalOffer,Festival,83,93,10
R005,2025-02-13,13,3,0,Cloudy,0.43,30.4,FestivalOffer,Festival,91,81,-10
R005,2025-02-13,14,3,0,Cloudy,0.43,30.4,FestivalOffer,Festival,83,90,7
R005,2025-02-13,15,3,0,Cloudy,0.43,30.4,FestivalOffer,Festival,62,57,-5
R005,2025-02-13,16,3,0,Cloudy,0.43,30.4,FestivalOffer,Festival,41,29,-12
R005,2025-02-13,17,3,0,Cloudy,0.43,30.4,FestivalOffer,Festival,30,28,-2
R005,2025-02-13,18,3,0,Cloudy,0.43,30.4,FestivalOffer,Festival,40,61,21
R005,2025-02-13,19,3,0,Cloudy,0.43,30.4,FestivalOffer,Festival,62,70,8
R005,2025-02-13,20,3,0,Cloudy,0.43,30.4,FestivalOffer,Festival,74,95,21
R005,2025-02-13,21,3,0,Cloudy,0.43,30.4,FestivalOffer,Festival,60,73,13
R005,2025-02-13,22,3,0,Cloudy,0.43,30.4,FestivalOffer,Festival,32,23,-9
R005,2025-02-14,8,4,0,Cloudy,4.78,25.1,None,Festival,7,4,-3
R005,2025-02-14,9,4,0,Cloudy,4.78,25.1,None,Festival,16,14,-2
R005,2025-02-14,10,4,0,Cloudy,4.78,25.1,None,Festival,32,30,-2
R005,2025-02-14,11,4,0,Cloudy,4.78,25.1,None,Festival,52,49,-3
R005,2025-02-14,12,4,0,Cloudy,4.78,25.1,None,Festival,70,57,-13
R005,2025-02-14,13,4,0,Cloudy,4.78,25.1,None,Festival,77,70,-7
R005,2025-02-14,14,4,0,Cloudy,4.78,25.1,None,Festival,70,59,-11
R005,2025-02-14,15,4,0,Cloudy,4.78,25.1,None,Festival,53,58,5
R005,2025-02-14,16,4,0,Cloudy,4.78,25.1,None,Festival,34,38,4
R005,2025-02-14,17,4,0,Cloudy,4.78,25.1,None,Festival,26,27,1
R005,2025-02-14,18,4,0,Cloudy,4.78,25.1,None,Festival,34,41,7
R005,2025-02-14,19,4,0,Cloudy,4.78,25.1,None,Festival,53,53,0
R005,2025-02-14,20,4,0,Cloudy,4.78,25.1,None,Festival,63,56,-7
R005,2025-02-14,21,4,0,Cloudy,4.78,25.1,None,Festival,50,51,1
R005,2025-02-14,22,4,0,Cloudy,4.78,25.1,None,Festival,27,24,-3
R005,2025-02-15,8,5,1,Rain,16.97,29.7,HappyHour,Festival,7,9,2
R005,2025-02-15,9,5,1,Rain,16.97,29.7,HappyHour,Festival,16,17,1
R005,2025-02-15,10,5,1,Rain,16.97,29.7,HappyHour,Festival,32,30,-2
R005,2025-02-15,11,5,1,Rain,16.97,29.7,HappyHour,Festival,52,41,-11
R005,2025-02-15,12,5,1,Rain,16.97,29.7,HappyHour,Festival,70,92,22
R005,2025-02-15,13,5,1,Rain,16.97,29.7,HappyHour,Festival,77,82,5
R005,2025-02-15,14,5,1,Rain,16.97,29.7,HappyHour,Festival,70,60,-10
R005,2025-02-15,15,5,1,Rain,16.97,29.7,HappyHour,Festival,52,71,19
R005,2025-02-15,16,5,1,Rain,16.97,29.7,HappyHour,Festival,34,32,-2
R005,2025-02-15,17,5,1,Rain,16.97,29.7,HappyHour,Festival,26,30,4
R005,2025-02-15,18,5,1,Rain,16.97,29.7,HappyHour,Festival,34,48,14
R005,2025-02-15,19,5,1,Rain,16.97,29.7,HappyHour,Festival,52,43,-9
R005,2025-02-15,20,5,1,Rain,16.97,29.7,HappyHour,Festival,62,52,-10
R005,2025-02-15,21,5,1,Rain,16.97,29.7,HappyHour,Festival,50,51,1
R005,2025-02-15,22,5,1,Rain,16.97,29.7,HappyHour,Festival,27,22,-5
R005,2025-02-16,8,6,1,Rain,25.68,29.7,WeekendDeal,SportsMatch,7,9,2
R005,2025-02-16,9,6,1,Rain,25.68,29.7,WeekendDeal,SportsMatch,16,16,0
R005,2025-02-16,10,6,1,Rain,25.68,29.7,WeekendDeal,SportsMatch,31,37,6
R005,2025-02-16,11,6,1,Rain,25.68,29.7,WeekendDeal,SportsMatch,51,57,6
R005,2025-02-16,12,6,1,Rain,25.68,29.7,WeekendDeal,SportsMatch,68,59,-9
R005,2025-02-16,13,6,1,Rain,25.68,29.7,WeekendDeal,SportsMatch,75,72,-3
R005,2025-02-16,14,6,1,Rain,25.68,29.7,WeekendDeal,SportsMatch,68,69,1
R005,2025-02-16,15,6,1,Rain,25.68,29.7,WeekendDeal,SportsMatch,51,53,2
R005,2025-02-16,16,6,1,Rain,25.68,29.7,WeekendDeal,SportsMatch,34,39,5
R005,2025-02-16,17,6,1,Rain,25.68,29.7,WeekendDeal,SportsMatch,25,25,0
R005,2025-02-16,18,6,1,Rain,25.68,29.7,WeekendDeal,SportsMatch,33,33,0
R005,2025-02-16,19,6,1,Rain,25.68,29.7,WeekendDeal,SportsMatch,51,59,8
R005,2025-02-16,20,6,1,Rain,25.68,29.7,WeekendDeal,SportsMatch,61,72,11
R005,2025-02-16,21,6,1,Rain,25.68,29.7,WeekendDeal,SportsMatch,49,48,-1
R005,2025-02-16,22,6,1,Rain,25.68,29.7,WeekendDeal,SportsMatch,26,27,1
R005,2025-02-17,8,0,0,Storm,27.17,23.4,WeekendDeal,None,4,5,1
R005,2025-02-17,9,0,0,Storm,27.17,23.4,WeekendDeal,None,10,11,1
R005,2025-02-17,10,0,0,Storm,27.17,23.4,WeekendDeal,None,20,20,0
R005,2025-02-17,11,0,0,Storm,27.17,23.4,WeekendDeal,None,33,34,1
R005,2025-02-17,12,0,0,Storm,27.17,23.4,WeekendDeal,None,44,41,-3
R005,2025-02-17,13,0,0,Storm,27.17,23.4,WeekendDeal,None,49,58,9
R005,2025-02-17,14,0,0,Storm,27.17,23.4,WeekendDeal,None,44,45,1
R005,2025-02-17,15,0,0,Storm,27.17,23.4,WeekendDeal,None,33,34,1
R005,2025-02-17,16,0,0,Storm,27.17,23.4,WeekendDeal,None,22,16,-6
R005,2025-02-17,17,0,0,Storm,27.17,23.4,WeekendDeal,None,16,14,-2
R005,2025-02-17,18,0,0,Storm,27.17,23.4,WeekendDeal,None,21,23,2
R005,2025-02-17,19,0,0,Storm,27.17,23.4,WeekendDeal,None,33,35,2
R005,2025-02-17,20,0,0,Storm,27.17,23.4,WeekendDeal,None,40,40,0
R005,2025-02-17,21,0,0,Storm,27.17,23.4,WeekendDeal,None,32,32,0
R005,2025-02-17,22,0,0,Storm,27.17,23.4,WeekendDeal,None,17,12,-5
R005,2025-02-18,8,1,0,Clear,2.25,25.9,FestivalOffer,LocalEvent,7,8,1
R005,2025-02-18,9,1,0,Clear,2.25,25.9,FestivalOffer,LocalEvent,18,22,4
R005,2025-02-18,10,1,0,Clear,2.25,25.9,FestivalOffer,LocalEvent,35,42,7
R005,2025-02-18,11,1,0,Clear,2.25,25.9,FestivalOffer,LocalEvent,57,74,17
R005,2025-02-18,12,1,0,Clear,2.25,25.9,FestivalOffer,LocalEvent,77,70,-7
R005,2025-02-18,13,1,0,Clear,2.25,25.9,FestivalOffer,LocalEvent,85,83,-2
R005,2025-02-18,14,1,0,Clear,2.25,25.9,FestivalOffer,LocalEvent,77,93,16
R005,2025-02-18,15,1,0,Clear,2.25,25.9,FestivalOffer,LocalEvent,58,41,-17
R005,2025-02-18,16,1,0,Clear,2.25,25.9,FestivalOffer,LocalEvent,38,42,4
R005,2025-02-18,17,1,0,Clear,2.25,25.9,FestivalOffer,LocalEvent,28,27,-1
R005,2025-02-18,18,1,0,Clear,2.25,25.9,FestivalOffer,LocalEvent,37,32,-5
R005,2025-02-18,19,1,0,Clear,2.25,25.9,FestivalOffer,LocalEvent,58,47,-11
R005,2025-02-18,20,1,0,Clear,2.25,25.9,FestivalOffer,LocalEvent,69,67,-2
R005,2025-02-18,21,1,0,Clear,2.25,25.9,FestivalOffer,LocalEvent,55,52,-3
R005,2025-02-18,22,1,0,Clear,2.25,25.9,FestivalOffer,LocalEvent,30,26,-4
R005,2025-02-19,8,2,0,Clear,2.84,23.9,HappyHour,None,6,3,-3
R005,2025-02-19,9,2,0,Clear,2.84,23.9,HappyHour,None,15,13,-2
R005,2025-02-19,10,2,0,Clear,2.84,23.9,HappyHour,None,30,33,3
R005,2025-02-19,11,2,0,Clear,2.84,23.9,HappyHour,None,49,48,-1
R005,2025-02-19,12,2,0,Clear,2.84,23.9,HappyHour,None,66,52,-14
R005,2025-02-19,13,2,0,Clear,2.84,23.9,HappyHour,None,73,87,14
R005,2025-02-19,14,2,0,Clear,2.84,23.9,HappyHour,None,66,52,-14
R005,2025-02-19,15,2,0,Clear,2.84,23.9,HappyHour,None,49,55,6
R005,2025-02-19,16,2,0,Clear,2.84,23.9,HappyHour,None,32,23,-9
R005,2025-02-19,17,2,0,Clear,2.84,23.9,HappyHour,None,24,26,2
R005,2025-02-19,18,2,0,Clear,2.84,23.9,HappyHour,None,32,32,0
R005,2025-02-19,19,2,0,Clear,2.84,23.9,HappyHour,None,49,56,7
R005,2025-02-19,20,2,0,Clear,2.84,23.9,HappyHour,None,59,71,12
R005,2025-02-19,21,2,0,Clear,2.84,23.9,HappyHour,None,47,45,-2
R005,2025-02-19,22,2,0,Clear,2.84,23.9,HappyHour,None,25,20,-5
R005,2025-02-20,8,3,0,Clear,3.34,36.3,WeekendDeal,None,7,8,1
R005,2025-02-20,9,3,0,Clear,3.34,36.3,WeekendDeal,None,16,16,0
R005,2025-02-20,10,3,0,Clear,3.34,36.3,WeekendDeal,None,31,36,5
R005,2025-02-20,11,3,0,Clear,3.34,36.3,WeekendDeal,None,51,61,10
R005,2025-02-20,12,3,0,Clear,3.34,36.3,WeekendDeal,None,68,71,3
R005,2025-02-20,13,3,0,Clear,3.34,36.3,WeekendDeal,None,75,72,-3
R005,2025-02-20,14,3,0,Clear,3.34,36.3,WeekendDeal,None,68,67,-1
R005,2025-02-20,15,3,0,Clear,3.34,36.3,WeekendDeal,None,51,55,4
R005,2025-02-20,16,3,0,Clear,3.34,36.3,WeekendDeal,None,33,35,2
R005,2025-02-20,17,3,0,Clear,3.34,36.3,WeekendDeal,None,25,18,-7
R005,2025-02-20,18,3,0,Clear,3.34,36.3,WeekendDeal,None,33,27,-6
R005,2025-02-20,19,3,0,Clear,3.34,36.3,WeekendDeal,None,51,50,-1
R005,2025-02-20,20,3,0,Clear,3.34,36.3,WeekendDeal,None,61,59,-2
R005,2025-02-20,21,3,0,Clear,3.34,36.3,WeekendDeal,None,49,50,1
R005,2025-02-20,22,3,0,Clear,3.34,36.3,WeekendDeal,None,26,22,-4
R005,2025-02-21,8,4,0,Clear,1.55,35.5,FestivalOffer,SportsMatch,8,7,-1
R005,2025-02-21,9,4,0,Clear,1.55,35.5,FestivalOffer,SportsMatch,18,20,2
R005,2025-02-21,10,4,0,Clear,1.55,35.5,FestivalOffer,SportsMatch,36,38,2
R005,2025-02-21,11,4,0,Clear,1.55,35.5,FestivalOffer,SportsMatch,59,50,-9
R005,2025-02-21,12,4,0,Clear,1.55,35.5,FestivalOffer,SportsMatch,78,82,4
R005,2025-02-21,13,4,0,Clear,1.55,35.5,FestivalOffer,SportsMatch,86,89,3
R005,2025-02-21,14,4,0,Clear,1.55,35.5,FestivalOffer,SportsMatch,78,65,-13
R005,2025-02-21,15,4,0,Clear,1.55,35.5,FestivalOffer,SportsMatch,59,52,-7
R005,2025-02-21,16,4,0,Clear,1.55,35.5,FestivalOffer,SportsMatch,38,54,16
R005,2025-02-21,17,4,0,Clear,1.55,35.5,FestivalOffer,SportsMatch,29,39,10
R005,2025-02-21,18,4,0,Clear,1.55,35.5,FestivalOffer,SportsMatch,38,24,-14
R005,2025-02-21,19,4,0,Clear,1.55,35.5,FestivalOffer,SportsMatch,59,79,20
R005,2025-02-21,20,4,0,Clear,1.55,35.5,FestivalOffer,SportsMatch,70,84,14
R005,2025-02-21,21,4,0,Clear,1.55,35.5,FestivalOffer,SportsMatch,56,61,5
R005,2025-02-21,22,4,0,Clear,1.55,35.5,FestivalOffer,SportsMatch,30,34,4
R005,2025-02-22,8,5,1,Rain,10.21,31.3,None,Festival,6,5,-1
R005,2025-02-22,9,5,1,Rain,10.21,31.3,None,Festival,15,13,-2
R005,2025-02-22,10,5,1,Rain,10.21,31.3,None,Festival,30,25,-5
R005,2025-02-22,11,5,1,Rain,10.21,31.3,None,Festival,48,58,10
R005,2025-02-22,12,5,1,Rain,10.21,31.3,None,Festival,64,63,-1
R005,2025-02-22,13,5,1,Rain,10.21,31.3,None,Festival,71,79,8
R005,2025-02-22,14,5,1,Rain,10.21,31.3,None,Festival,65,40,-25
R005,2025-02-22,15,5,1,Rain,10.21,31.3,None,Festival,48,59,11
R005,2025-02-22,16,5,1,Rain,10.21,31.3,None,Festival,32,30,-2
R005,2025-02-22,17,5,1,Rain,10.21,31.3,None,Festival,24,28,4
R005,2025-02-22,18,5,1,Rain,10.21,31.3,None,Festival,31,36,5
R005,2025-02-22,19,5,1,Rain,10.21,31.3,None,Festival,48,37,-11
R005,2025-02-22,20,5,1,Rain,10.21,31.3,None,Festival,57,58,1
R005,2025-02-22,21,5,1,Rain,10.21,31.3,None,Festival,46,43,-3
R005,2025-02-22,22,5,1,Rain,10.21,31.3,None,Festival,25,18,-7
R005,2025-02-23,8,6,1,Clear,3.65,23.9,None,None,7,5,-2
R005,2025-02-23,9,6,1,Clear,3.65,23.9,None,None,17,18,1
R005,2025-02-23,10,6,1,Clear,3.65,23.9,None,None,33,39,6
R005,2025-02-23,11,6,1,Clear,3.65,23.9,None,None,54,51,-3
R005,2025-02-23,12,6,1,Clear,3.65,23.9,None,None,72,63,-9
R005,2025-02-23,13,6,1,Clear,3.65,23.9,None,None,79,61,-18
R005,2025-02-23,14,6,1,Clear,3.65,23.9,None,None,72,55,-17
R005,2025-02-23,15,6,1,Clear,3.65,23.9,None,None,54,65,11
R005,2025-02-23,16,6,1,Clear,3.65,23.9,None,None,35,38,3
R005,2025-02-23,17,6,1,Clear,3.65,23.9,None,None,26,27,1
R005,2025-02-23,18,6,1,Clear,3.65,23.9,None,None,35,38,3
R005,2025-02-23,19,6,1,Clear,3.65,23.9,None,None,54,41,-13
R005,2025-02-23,20,6,1,Clear,3.65,23.9,None,None,64,71,7
R005,2025-02-23,21,6,1,Clear,3.65,23.9,None,None,52,59,7
R005,2025-02-23,22,6,1,Clear,3.65,23.9,None,None,28,36,8
R005,2025-02-24,8,0,0,Clear,2.67,23.2,HappyHour,Festival,7,6,-1
R005,2025-02-24,9,0,0,Clear,2.67,23.2,HappyHour,Festival,18,19,1
R005,2025-02-24,10,0,0,Clear,2.67,23.2,HappyHour,Festival,35,30,-5
R005,2025-02-24,11,0,0,Clear,2.67,23.2,HappyHour,Festival,57,54,-3
R005,2025-02-24,12,0,0,Clear,2.67,23.2,HappyHour,Festival,76,61,-15
R005,2025-02-24,13,0,0,Clear,2.67,23.2,HappyHour,Festival,84,75,-9
R005,2025-02-24,14,0,0,Clear,2.67,23.2,HappyHour,Festival,76,73,-3
R005,2025-02-24,15,0,0,Clear,2.67,23.2,HappyHour,Festival,57,55,-2
R005,2025-02-24,16,0,0,Clear,2.67,23.2,HappyHour,Festival,37,43,6
R005,2025-02-24,17,0,0,Clear,2.67,23.2,HappyHour,Festival,28,30,2
R005,2025-02-24,18,0,0,Clear,2.67,23.2,HappyHour,Festival,37,38,1
R005,2025-02-24,19,0,0,Clear,2.67,23.2,HappyHour,Festival,57,47,-10
R005,2025-02-24,20,0,0,Clear,2.67,23.2,HappyHour,Festival,68,65,-3
R005,2025-02-24,21,0,0,Clear,2.67,23.2,HappyHour,Festival,54,53,-1
R005,2025-02-24,22,0,0,Clear,2.67,23.2,HappyHour,Festival,29,28,-1
R005,2025-02-25,8,1,0,Cloudy,0.17,26.2,FestivalOffer,Festival,8,7,-1
R005,2025-02-25,9,1,0,Cloudy,0.17,26.2,FestivalOffer,Festival,19,12,-7
R005,2025-02-25,10,1,0,Cloudy,0.17,26.2,FestivalOffer,Festival,38,34,-4
R005,2025-02-25,11,1,0,Cloudy,0.17,26.2,FestivalOffer,Festival,62,54,-8
R005,2025-02-25,12,1,0,Cloudy,0.17,26.2,FestivalOffer,Festival,83,78,-5
R005,2025-02-25,13,1,0,Cloudy,0.17,26.2,FestivalOffer,Festival,91,90,-1
R005,2025-02-25,14,1,0,Cloudy,0.17,26.2,FestivalOffer,Festival,83,69,-14
R005,2025-02-25,15,1,0,Cloudy,0.17,26.2,FestivalOffer,Festival,62,58,-4
R005,2025-02-25,16,1,0,Cloudy,0.17,26.2,FestivalOffer,Festival,41,45,4
R005,2025-02-25,17,1,0,Cloudy,0.17,26.2,FestivalOffer,Festival,30,30,0
R005,2025-02-25,18,1,0,Cloudy,0.17,26.2,FestivalOffer,Festival,40,33,-7
R005,2025-02-25,19,1,0,Cloudy,0.17,26.2,FestivalOffer,Festival,62,55,-7
R005,2025-02-25,20,1,0,Cloudy,0.17,26.2,FestivalOffer,Festival,74,64,-10
R005,2025-02-25,21,1,0,Cloudy,0.17,26.2,FestivalOffer,Festival,60,63,3
R005,2025-02-25,22,1,0,Cloudy,0.17,26.2,FestivalOffer,Festival,32,27,-5
R005,2025-02-26,8,2,0,Clear,2.22,29.3,HappyHour,None,6,1,-5
R005,2025-02-26,9,2,0,Clear,2.22,29.3,HappyHour,None,15,14,-1
R005,2025-02-26,10,2,0,Clear,2.22,29.3,HappyHour,None,30,23,-7
R005,2025-02-26,11,2,0,Clear,2.22,29.3,HappyHour,None,49,54,5
R005,2025-02-26,12,2,0,Clear,2.22,29.3,HappyHour,None,66,76,10
R005,2025-02-26,13,2,0,Clear,2.22,29.3,HappyHour,None,73,86,13
R005,2025-02-26,14,2,0,Clear,2.22,29.3,HappyHour,None,66,70,4
R005,2025-02-26,15,2,0,Clear,2.22,29.3,HappyHour,None,49,56,7
R005,2025-02-26,16,2,0,Clear,2.22,29.3,HappyHour,None,32,32,0
R005,2025-02-26,17,2,0,Clear,2.22,29.3,HappyHour,None,24,21,-3
R005,2025-02-26,18,2,0,Clear,2.22,29.3,HappyHour,None,32,33,1
R005,2025-02-26,19,2,0,Clear,2.22,29.3,HappyHour,None,49,49,0
R005,2025-02-26,20,2,0,Clear,2.22,29.3,HappyHour,None,59,44,-15
R005,2025-02-26,21,2,0,Clear,2.22,29.3,HappyHour,None,47,34,-13
R005,2025-02-26,22,2,0,Clear,2.22,29.3,HappyHour,None,25,26,1
R005,2025-02-27,8,3,0,Rain,8.94,32.8,WeekendDeal,None,5,4,-1
R005,2025-02-27,9,3,0,Rain,8.94,32.8,WeekendDeal,None,12,8,-4
R005,2025-02-27,10,3,0,Rain,8.94,32.8,WeekendDeal,None,24,20,-4
R005,2025-02-27,11,3,0,Rain,8.94,32.8,WeekendDeal,None,40,44,4
R005,2025-02-27,12,3,0,Rain,8.94,32.8,WeekendDeal,None,53,61,8
R005,2025-02-27,13,3,0,Rain,8.94,32.8,WeekendDeal,None,59,59,0
R005,2025-02-27,14,3,0,Rain,8.94,32.8,WeekendDeal,None,53,49,-4
R005,2025-02-27,15,3,0,Rain,8.94,32.8,WeekendDeal,None,40,40,0
R005,2025-02-27,16,3,0,Rain,8.94,32.8,WeekendDeal,None,26,17,-9
R005,2025-02-27,17,3,0,Rain,8.94,32.8,WeekendDeal,None,20,20,0
R005,2025-02-27,18,3,0,Rain,8.94,32.8,WeekendDeal,None,26,22,-4
R005,2025-02-27,19,3,0,Rain,8.94,32.8,WeekendDeal,None,40,39,-1
R005,2025-02-27,20,3,0,Rain,8.94,32.8,WeekendDeal,None,47,51,4
R005,2025-02-27,21,3,0,Rain,8.94,32.8,WeekendDeal,None,38,29,-9
R005,2025-02-27,22,3,0,Rain,8.94,32.8,WeekendDeal,None,21,24,3
R005,2025-02-28,8,4,0,Clear,1.36,31.1,HappyHour,SportsMatch,7,4,-3
R005,2025-02-28,9,4,0,Clear,1.36,31.1,HappyHour,SportsMatch,17,14,-3
R005,2025-02-28,10,4,0,Clear,1.36,31.1,HappyHour,SportsMatch,33,37,4
R005,2025-02-28,11,4,0,Clear,1.36,31.1,HappyHour,SportsMatch,54,56,2
R005,2025-02-28,12,4,0,Clear,1.36,31.1,HappyHour,SportsMatch,72,54,-18
R005,2025-02-28,13,4,0,Clear,1.36,31.1,HappyHour,SportsMatch,79,87,8
R005,2025-02-28,14,4,0,Clear,1.36,31.1,HappyHour,SportsMatch,72,71,-1
R005,2025-02-28,15,4,0,Clear,1.36,31.1,HappyHour,SportsMatch,54,45,-9
R005,2025-02-28,16,4,0,Clear,1.36,31.1,HappyHour,SportsMatch,35,36,1
R005,2025-02-28,17,4,0,Clear,1.36,31.1,HappyHour,SportsMatch,26,25,-1
R005,2025-02-28,18,4,0,Clear,1.36,31.1,HappyHour,SportsMatch,35,42,7
R005,2025-02-28,19,4,0,Clear,1.36,31.1,HappyHour,SportsMatch,54,48,-6
R005,2025-02-28,20,4,0,Clear,1.36,31.1,HappyHour,SportsMatch,64,41,-23
R005,2025-02-28,21,4,0,Clear,1.36,31.1,HappyHour,SportsMatch,52,55,3
R005,2025-02-28,22,4,0,Clear,1.36,31.1,HappyHour,SportsMatch,28,21,-7
R005,2025-03-01,8,5,1,Storm,20.17,37.8,HappyHour,None,5,2,-3
R005,2025-03-01,9,5,1,Storm,20.17,37.8,HappyHour,None,12,10,-2
R005,2025-03-01,10,5,1,Storm,20.17,37.8,HappyHour,None,23,23,0
R005,2025-03-01,11,5,1,Storm,20.17,37.8,HappyHour,None,38,28,-10
R005,2025-03-01,12,5,1,Storm,20.17,37.8,HappyHour,None,50,69,19
R005,2025-03-01,13,5,1,Storm,20.17,37.8,HappyHour,None,56,57,1
R005,2025-03-01,14,5,1,Storm,20.17,37.8,HappyHour,None,50,42,-8
R005,2025-03-01,15,5,1,Storm,20.17,37.8,HappyHour,None,38,31,-7
R005,2025-03-01,16,5,1,Storm,20.17,37.8,HappyHour,None,25,29,4
R005,2025-03-01,17,5,1,Storm,20.17,37.8,HappyHour,None,19,16,-3
R005,2025-03-01,18,5,1,Storm,20.17,37.8,HappyHour,None,24,22,-2
R005,2025-03-01,19,5,1,Storm,20.17,37.8,HappyHour,None,38,36,-2
R005,2025-03-01,20,5,1,Storm,20.17,37.8,HappyHour,None,45,44,-1
R005,2025-03-01,21,5,1,Storm,20.17,37.8,HappyHour,None,36,33,-3
R005,2025-03-01,22,5,1,Storm,20.17,37.8,HappyHour,None,20,21,1
R005,2025-03-02,8,6,1,Rain,6.24,32.5,FestivalOffer,Festival,7,7,0
R005,2025-03-02,9,6,1,Rain,6.24,32.5,FestivalOffer,Festival,18,20,2
R005,2025-03-02,10,6,1,Rain,6.24,32.5,FestivalOffer,Festival,35,34,-1
R005,2025-03-02,11,6,1,Rain,6.24,32.5,FestivalOffer,Festival,57,57,0
R005,2025-03-02,12,6,1,Rain,6.24,32.5,FestivalOffer,Festival,76,91,15
R005,2025-03-02,13,6,1,Rain,6.24,32.5,FestivalOffer,Festival,84,85,1
R005,2025-03-02,14,6,1,Rain,6.24,32.5,FestivalOffer,Festival,76,70,-6
R005,2025-03-02,15,6,1,Rain,6.24,32.5,FestivalOffer,Festival,57,46,-11
R005,2025-03-02,16,6,1,Rain,6.24,32.5,FestivalOffer,Festival,37,39,2
R005,2025-03-02,17,6,1,Rain,6.24,32.5,FestivalOffer,Festival,28,25,-3
R005,2025-03-02,18,6,1,Rain,6.24,32.5,FestivalOffer,Festival,37,32,-5
R005,2025-03-02,19,6,1,Rain,6.24,32.5,FestivalOffer,Festival,57,60,3
R005,2025-03-02,20,6,1,Rain,6.24,32.5,FestivalOffer,Festival,68,86,18
R005,2025-03-02,21,6,1,Rain,6.24,32.5,FestivalOffer,Festival,55,56,1
R005,2025-03-02,22,6,1,Rain,6.24,32.5,FestivalOffer,Festival,29,25,-4
R005,2025-03-03,8,0,0,Rain,6.92,30.6,None,SportsMatch,5,3,-2
R005,2025-03-03,9,0,0,Rain,6.92,30.6,None,SportsMatch,12,12,0
R005,2025-03-03,10,0,0,Rain,6.92,30.6,None,SportsMatch,24,25,1
R005,2025-03-03,11,0,0,Rain,6.92,30.6,None,SportsMatch,39,31,-8
R005,2025-03-03,12,0,0,Rain,6.92,30.6,None,SportsMatch,52,48,-4
R005,2025-03-03,13,0,0,Rain,6.92,30.6,None,SportsMatch,57,48,-9
R005,2025-03-03,14,0,0,Rain,6.92,30.6,None,SportsMatch,52,46,-6
R005,2025-03-03,15,0,0,Rain,6.92,30.6,None,SportsMatch,39,44,5
R005,2025-03-03,16,0,0,Rain,6.92,30.6,None,SportsMatch,25,22,-3
R005,2025-03-03,17,0,0,Rain,6.92,30.6,None,SportsMatch,19,15,-4
R005,2025-03-03,18,0,0,Rain,6.92,30.6,None,SportsMatch,25,25,0
R005,2025-03-03,19,0,0,Rain,6.92,30.6,None,SportsMatch,39,37,-2
R005,2025-03-03,20,0,0,Rain,6.92,30.6,None,SportsMatch,46,51,5
R005,2025-03-03,21,0,0,Rain,6.92,30.6,None,SportsMatch,37,30,-7
R005,2025-03-03,22,0,0,Rain,6.92,30.6,None,SportsMatch,20,20,0
R005,2025-03-04,8,1,0,Storm,21.23,32.1,None,Festival,4,7,3
R005,2025-03-04,9,1,0,Storm,21.23,32.1,None,Festival,11,11,0
R005,2025-03-04,10,1,0,Storm,21.23,32.1,None,Festival,21,23,2
R005,2025-03-04,11,1,0,Storm,21.23,32.1,None,Festival,34,38,4
R005,2025-03-04,12,1,0,Storm,21.23,32.1,None,Festival,46,50,4
R005,2025-03-04,13,1,0,Storm,21.23,32.1,None,Festival,50,50,0
R005,2025-03-04,14,1,0,Storm,21.23,32.1,None,Festival,46,42,-4
R005,2025-03-04,15,1,0,Storm,21.23,32.1,None,Festival,34,36,2
R005,2025-03-04,16,1,0,Storm,21.23,32.1,None,Festival,22,22,0
R005,2025-03-04,17,1,0,Storm,21.23,32.1,None,Festival,17,15,-2
R005,2025-03-04,18,1,0,Storm,21.23,32.1,None,Festival,22,23,1
R005,2025-03-04,19,1,0,Storm,21.23,32.1,None,Festival,34,36,2
R005,2025-03-04,20,1,0,Storm,21.23,32.1,None,Festival,41,43,2
R005,2025-03-04,21,1,0,Storm,21.23,32.1,None,Festival,33,25,-8
R005,2025-03-04,22,1,0,Storm,21.23,32.1,None,Festival,18,16,-2
R005,2025-03-05,8,2,0,Clear,1.53,36.1,FestivalOffer,Festival,8,10,2
R005,2025-03-05,9,2,0,Clear,1.53,36.1,FestivalOffer,Festival,19,24,5
R005,2025-03-05,10,2,0,Clear,1.53,36.1,FestivalOffer,Festival,38,34,-4
R005,2025-03-05,11,2,0,Clear,1.53,36.1,FestivalOffer,Festival,62,81,19
R005,2025-03-05,12,2,0,Clear,1.53,36.1,FestivalOffer,Festival,83,65,-18
R005,2025-03-05,13,2,0,Clear,1.53,36.1,FestivalOffer,Festival,91,72,-19
R005,2025-03-05,14,2,0,Clear,1.53,36.1,FestivalOffer,Festival,83,75,-8
R005,2025-03-05,15,2,0,Clear,1.53,36.1,FestivalOffer,Festival,62,55,-7
R005,2025-03-05,16,2,0,Clear,1.53,36.1,FestivalOffer,Festival,41,46,5
R005,2025-03-05,17,2,0,Clear,1.53,36.1,FestivalOffer,Festival,30,31,1
R005,2025-03-05,18,2,0,Clear,1.53,36.1,FestivalOffer,Festival,40,33,-7
R005,2025-03-05,19,2,0,Clear,1.53,36.1,FestivalOffer,Festival,62,54,-8
R005,2025-03-05,20,2,0,Clear,1.53,36.1,FestivalOffer,Festival,74,92,18
R005,2025-03-05,21,2,0,Clear,1.53,36.1,FestivalOffer,Festival,60,77,17
R005,2025-03-05,22,2,0,Clear,1.53,36.1,FestivalOffer,Festival,32,37,5
R005,2025-03-06,8,3,0,Storm,18.09,37.0,None,None,4,7,3
R005,2025-03-06,9,3,0,Storm,18.09,37.0,None,None,9,9,0
R005,2025-03-06,10,3,0,Storm,18.09,37.0,None,None,18,18,0
R005,2025-03-06,11,3,0,Storm,18.09,37.0,None,None,30,36,6
R005,2025-03-06,12,3,0,Storm,18.09,37.0,None,None,40,44,4
R005,2025-03-06,13,3,0,Storm,18.09,37.0,None,None,44,39,-5
R005,2025-03-06,14,3,0,Storm,18.09,37.0,None,None,40,42,2
R005,2025-03-06,15,3,0,Storm,18.09,37.0,None,None,30,32,2
R005,2025-03-06,16,3,0,Storm,18.09,37.0,None,None,19,15,-4
R005,2025-03-06,17,3,0,Storm,18.09,37.0,None,None,15,15,0
R005,2025-03-06,18,3,0,Storm,18.09,37.0,None,None,19,19,0
R005,2025-03-06,19,3,0,Storm,18.09,37.0,None,None,30,27,-3
R005,2025-03-06,20,3,0,Storm,18.09,37.0,None,None,35,27,-8
R005,2025-03-06,21,3,0,Storm,18.09,37.0,None,None,29,22,-7
R005,2025-03-06,22,3,0,Storm,18.09,37.0,None,None,15,15,0
R005,2025-03-07,8,4,0,Storm,2.55,24.8,FestivalOffer,Festival,5,7,2
R005,2025-03-07,9,4,0,Storm,2.55,24.8,FestivalOffer,Festival,12,17,5
R005,2025-03-07,10,4,0,Storm,2.55,24.8,FestivalOffer,Festival,25,32,7
R005,2025-03-07,11,4,0,Storm,2.55,24.8,FestivalOffer,Festival,40,46,6
R005,2025-03-07,12,4,0,Storm,2.55,24.8,FestivalOffer,Festival,54,65,11
R005,2025-03-07,13,4,0,Storm,2.55,24.8,FestivalOffer,Festival,59,37,-22
R005,2025-03-07,14,4,0,Storm,2.55,24.8,FestivalOffer,Festival,54,52,-2
R005,2025-03-07,15,4,0,Storm,2.55,24.8,FestivalOffer,Festival,40,33,-7
R005,2025-03-07,16,4,0,Storm,2.55,24.8,FestivalOffer,Festival,26,29,3
R005,2025-03-07,17,4,0,Storm,2.55,24.8,FestivalOffer,Festival,20,22,2
R005,2025-03-07,18,4,0,Storm,2.55,24.8,FestivalOffer,Festival,26,21,-5
R005,2025-03-07,19,4,0,Storm,2.55,24.8,FestivalOffer,Festival,40,40,0
R005,2025-03-07,20,4,0,Storm,2.55,24.8,FestivalOffer,Festival,48,24,-24
R005,2025-03-07,21,4,0,Storm,2.55,24.8,FestivalOffer,Festival,39,41,2
R005,2025-03-07,22,4,0,Storm,2.55,24.8,FestivalOffer,Festival,21,27,6
R005,2025-03-08,8,5,1,Cloudy,2.31,25.2,WeekendDeal,None,8,9,1
R005,2025-03-08,9,5,1,Cloudy,2.31,25.2,WeekendDeal,None,19,18,-1
R005,2025-03-08,10,5,1,Cloudy,2.31,25.2,WeekendDeal,None,37,36,-1
R005,2025-03-08,11,5,1,Cloudy,2.31,25.2,WeekendDeal,None,60,55,-5
R005,2025-03-08,12,5,1,Cloudy,2.31,25.2,WeekendDeal,None,81,70,-11
R005,2025-03-08,13,5,1,Cloudy,2.31,25.2,WeekendDeal,None,89,97,8
R005,2025-03-08,14,5,1,Cloudy,2.31,25.2,WeekendDeal,None,81,72,-9
R005,2025-03-08,15,5,1,Cloudy,2.31,25.2,WeekendDeal,None,60,62,2
R005,2025-03-08,16,5,1,Cloudy,2.31,25.2,WeekendDeal,None,39,31,-8
R005,2025-03-08,17,5,1,Cloudy,2.31,25.2,WeekendDeal,None,30,37,7
R005,2025-03-08,18,5,1,Cloudy,2.31,25.2,WeekendDeal,None,39,47,8
R005,2025-03-08,19,5,1,Cloudy,2.31,25.2,WeekendDeal,None,60,67,7
R005,2025-03-08,20,5,1,Cloudy,2.31,25.2,WeekendDeal,None,72,56,-16
R005,2025-03-08,21,5,1,Cloudy,2.31,25.2,WeekendDeal,None,58,62,4
R005,2025-03-08,22,5,1,Cloudy,2.31,25.2,WeekendDeal,None,31,27,-4
R005,2025-03-09,8,6,1,Clear,3.2,31.2,HappyHour,Festival,9,6,-3
R005,2025-03-09,9,6,1,Clear,3.2,31.2,HappyHour,Festival,21,21,0
R005,2025-03-09,10,6,1,Clear,3.2,31.2,HappyHour,Festival,41,42,1
R005,2025-03-09,11,6,1,Clear,3.2,31.2,HappyHour,Festival,67,69,2
R005,2025-03-09,12,6,1,Clear,3.2,31.2,HappyHour,Festival,89,86,-3
R005,2025-03-09,13,6,1,Clear,3.2,31.2,HappyHour,Festival,98,95,-3
R005,2025-03-09,14,6,1,Clear,3.2,31.2,HappyHour,Festival,89,109,20
R005,2025-03-09,15,6,1,Clear,3.2,31.2,HappyHour,Festival,67,61,-6
R005,2025-03-09,16,6,1,Clear,3.2,31.2,HappyHour,Festival,44,35,-9
R005,2025-03-09,17,6,1,Clear,3.2,31.2,HappyHour,Festival,33,32,-1
R005,2025-03-09,18,6,1,Clear,3.2,31.2,HappyHour,Festival,43,41,-2
R005,2025-03-09,19,6,1,Clear,3.2,31.2,HappyHour,Festival,67,82,15
R005,2025-03-09,20,6,1,Clear,3.2,31.2,HappyHour,Festival,80,88,8
R005,2025-03-09,21,6,1,Clear,3.2,31.2,HappyHour,Festival,64,69,5
R005,2025-03-09,22,6,1,Clear,3.2,31.2,HappyHour,Festival,35,41,6
R005,2025-03-10,8,0,0,Rain,6.35,29.2,FestivalOffer,SportsMatch,6,6,0
R005,2025-03-10,9,0,0,Rain,6.35,29.2,FestivalOffer,SportsMatch,14,16,2
R005,2025-03-10,10,0,0,Rain,6.35,29.2,FestivalOffer,SportsMatch,28,22,-6
R005,2025-03-10,11,0,0,Rain,6.35,29.2,FestivalOffer,SportsMatch,46,39,-7
R005,2025-03-10,12,0,0,Rain,6.35,29.2,FestivalOffer,SportsMatch,61,53,-8
R005,2025-03-10,13,0,0,Rain,6.35,29.2,FestivalOffer,SportsMatch,67,79,12
R005,2025-03-10,14,0,0,Rain,6.35,29.2,FestivalOffer,SportsMatch,61,62,1
R005,2025-03-10,15,0,0,Rain,6.35,29.2,FestivalOffer,SportsMatch,46,49,3
R005,2025-03-10,16,0,0,Rain,6.35,29.2,FestivalOffer,SportsMatch,30,34,4
R005,2025-03-10,17,0,0,Rain,6.35,29.2,FestivalOffer,SportsMatch,23,21,-2
R005,2025-03-10,18,0,0,Rain,6.35,29.2,FestivalOffer,SportsMatch,29,26,-3
R005,2025-03-10,19,0,0,Rain,6.35,29.2,FestivalOffer,SportsMatch,46,49,3
R005,2025-03-10,20,0,0,Rain,6.35,29.2,FestivalOffer,SportsMatch,55,42,-13
R005,2025-03-10,21,0,0,Rain,6.35,29.2,FestivalOffer,SportsMatch,44,50,6
R005,2025-03-10,22,0,0,Rain,6.35,29.2,FestivalOffer,SportsMatch,24,29,5
R005,2025-03-11,8,1,0,Rain,20.75,35.9,None,None,5,6,1
R005,2025-03-11,9,1,0,Rain,20.75,35.9,None,None,11,11,0
R005,2025-03-11,10,1,0,Rain,20.75,35.9,None,None,22,19,-3
R005,2025-03-11,11,1,0,Rain,20.75,35.9,None,None,35,42,7
R005,2025-03-11,12,1,0,Rain,20.75,35.9,None,None,48,60,12
R005,2025-03-11,13,1,0,Rain,20.75,35.9,None,None,52,57,5
R005,2025-03-11,14,1,0,Rain,20.75,35.9,None,None,48,60,12
R005,2025-03-11,15,1,0,Rain,20.75,35.9,None,None,36,35,-1
R005,2025-03-11,16,1,0,Rain,20.75,35.9,None,None,23,22,-1
R005,2025-03-11,17,1,0,Rain,20.75,35.9,None,None,18,18,0
R005,2025-03-11,18,1,0,Rain,20.75,35.9,None,None,23,22,-1
R005,2025-03-11,19,1,0,Rain,20.75,35.9,None,None,36,34,-2
R005,2025-03-11,20,1,0,Rain,20.75,35.9,None,None,42,46,4
R005,2025-03-11,21,1,0,Rain,20.75,35.9,None,None,34,34,0
R005,2025-03-11,22,1,0,Rain,20.75,35.9,None,None,18,21,3
R005,2025-03-12,8,2,0,Clear,0.79,37.8,FestivalOffer,None,7,4,-3
R005,2025-03-12,9,2,0,Clear,0.79,37.8,FestivalOffer,None,17,16,-1
R005,2025-03-12,10,2,0,Clear,0.79,37.8,FestivalOffer,None,33,42,9
R005,2025-03-12,11,2,0,Clear,0.79,37.8,FestivalOffer,None,54,59,5
R005,2025-03-12,12,2,0,Clear,0.79,37.8,FestivalOffer,None,72,61,-11
R005,2025-03-12,13,2,0,Clear,0.79,37.8,FestivalOffer,None,79,88,9
R005,2025-03-12,14,2,0,Clear,0.79,37.8,FestivalOffer,None,72,78,6
R005,2025-03-12,15,2,0,Clear,0.79,37.8,FestivalOffer,None,54,64,10
R005,2025-03-12,16,2,0,Clear,0.79,37.8,FestivalOffer,None,35,31,-4
R005,2025-03-12,17,2,0,Clear,0.79,37.8,FestivalOffer,None,27,26,-1
R005,2025-03-12,18,2,0,Clear,0.79,37.8,FestivalOffer,None,35,38,3
R005,2025-03-12,19,2,0,Clear,0.79,37.8,FestivalOffer,None,54,43,-11
R005,2025-03-12,20,2,0,Clear,0.79,37.8,FestivalOffer,None,64,78,14
R005,2025-03-12,21,2,0,Clear,0.79,37.8,FestivalOffer,None,52,52,0
R005,2025-03-12,22,2,0,Clear,0.79,37.8,FestivalOffer,None,28,25,-3
R005,2025-03-13,8,3,0,Clear,3.01,33.8,FestivalOffer,LocalEvent,7,7,0
R005,2025-03-13,9,3,0,Clear,3.01,33.8,FestivalOffer,LocalEvent,18,20,2
R005,2025-03-13,10,3,0,Clear,3.01,33.8,FestivalOffer,LocalEvent,35,38,3
R005,2025-03-13,11,3,0,Clear,3.01,33.8,FestivalOffer,LocalEvent,57,71,14
R005,2025-03-13,12,3,0,Clear,3.01,33.8,FestivalOffer,LocalEvent,77,101,24
R005,2025-03-13,13,3,0,Clear,3.01,33.8,FestivalOffer,LocalEvent,85,87,2
R005,2025-03-13,14,3,0,Clear,3.01,33.8,FestivalOffer,LocalEvent,77,71,-6
R005,2025-03-13,15,3,0,Clear,3.01,33.8,FestivalOffer,LocalEvent,58,46,-12
R005,2025-03-13,16,3,0,Clear,3.01,33.8,FestivalOffer,LocalEvent,38,39,1
R005,2025-03-13,17,3,0,Clear,3.01,33.8,FestivalOffer,LocalEvent,28,27,-1
R005,2025-03-13,18,3,0,Clear,3.01,33.8,FestivalOffer,LocalEvent,37,45,8
R005,2025-03-13,19,3,0,Clear,3.01,33.8,FestivalOffer,LocalEvent,58,59,1
R005,2025-03-13,20,3,0,Clear,3.01,33.8,FestivalOffer,LocalEvent,69,62,-7
R005,2025-03-13,21,3,0,Clear,3.01,33.8,FestivalOffer,LocalEvent,55,61,6
R005,2025-03-13,22,3,0,Clear,3.01,33.8,FestivalOffer,LocalEvent,30,34,4
R005,2025-03-14,8,4,0,Cloudy,3.52,34.2,HappyHour,None,6,7,1
R005,2025-03-14,9,4,0,Cloudy,3.52,34.2,HappyHour,None,15,17,2
R005,2025-03-14,10,4,0,Cloudy,3.52,34.2,HappyHour,None,30,29,-1
R005,2025-03-14,11,4,0,Cloudy,3.52,34.2,HappyHour,None,49,48,-1
R005,2025-03-14,12,4,0,Cloudy,3.52,34.2,HappyHour,None,66,60,-6
R005,2025-03-14,13,4,0,Cloudy,3.52,34.2,HappyHour,None,73,83,10
R005,2025-03-14,14,4,0,Cloudy,3.52,34.2,HappyHour,None,66,66,0
R005,2025-03-14,15,4,0,Cloudy,3.52,34.2,HappyHour,None,49,48,-1
R005,2025-03-14,16,4,0,Cloudy,3.52,34.2,HappyHour,None,32,37,5
R005,2025-03-14,17,4,0,Cloudy,3.52,34.2,HappyHour,None,24,25,1
R005,2025-03-14,18,4,0,Cloudy,3.52,34.2,HappyHour,None,32,31,-1
R005,2025-03-14,19,4,0,Cloudy,3.52,34.2,HappyHour,None,49,52,3
R005,2025-03-14,20,4,0,Cloudy,3.52,34.2,HappyHour,None,59,59,0
R005,2025-03-14,21,4,0,Cloudy,3.52,34.2,HappyHour,None,47,40,-7
R005,2025-03-14,22,4,0,Cloudy,3.52,34.2,HappyHour,None,25,31,6
R005,2025-03-15,8,5,1,Rain,29.37,28.9,WeekendDeal,LocalEvent,6,4,-2
R005,2025-03-15,9,5,1,Rain,29.37,28.9,WeekendDeal,LocalEvent,16,16,0
R005,2025-03-15,10,5,1,Rain,29.37,28.9,WeekendDeal,LocalEvent,31,32,1
R005,2025-03-15,11,5,1,Rain,29.37,28.9,WeekendDeal,LocalEvent,50,49,-1
R005,2025-03-15,12,5,1,Rain,29.37,28.9,WeekendDeal,LocalEvent,67,76,9
R005,2025-03-15,13,5,1,Rain,29.37,28.9,WeekendDeal,LocalEvent,74,51,-23
R005,2025-03-15,14,5,1,Rain,29.37,28.9,WeekendDeal,LocalEvent,67,74,7
R005,2025-03-15,15,5,1,Rain,29.37,28.9,WeekendDeal,LocalEvent,50,56,6
R005,2025-03-15,16,5,1,Rain,29.37,28.9,WeekendDeal,LocalEvent,33,29,-4
R005,2025-03-15,17,5,1,Rain,29.37,28.9,WeekendDeal,LocalEvent,25,26,1
R005,2025-03-15,18,5,1,Rain,29.37,28.9,WeekendDeal,LocalEvent,32,38,6
R005,2025-03-15,19,5,1,Rain,29.37,28.9,WeekendDeal,LocalEvent,50,57,7
R005,2025-03-15,20,5,1,Rain,29.37,28.9,WeekendDeal,LocalEvent,60,75,15
R005,2025-03-15,21,5,1,Rain,29.37,28.9,WeekendDeal,LocalEvent,48,45,-3
R005,2025-03-15,22,5,1,Rain,29.37,28.9,WeekendDeal,LocalEvent,26,15,-11
R005,2025-03-16,8,6,1,Storm,6.64,27.9,FestivalOffer,LocalEvent,6,8,2
R005,2025-03-16,9,6,1,Storm,6.64,27.9,FestivalOffer,LocalEvent,14,14,0
R005,2025-03-16,10,6,1,Storm,6.64,27.9,FestivalOffer,LocalEvent,27,20,-7
R005,2025-03-16,11,6,1,Storm,6.64,27.9,FestivalOffer,LocalEvent,44,45,1
R005,2025-03-16,12,6,1,Storm,6.64,27.9,FestivalOffer,LocalEvent,59,51,-8
R005,2025-03-16,13,6,1,Storm,6.64,27.9,FestivalOffer,LocalEvent,65,67,2
R005,2025-03-16,14,6,1,Storm,6.64,27.9,FestivalOffer,LocalEvent,59,63,4
R005,2025-03-16,15,6,1,Storm,6.64,27.9,FestivalOffer,LocalEvent,44,50,6
R005,2025-03-16,16,6,1,Storm,6.64,27.9,FestivalOffer,LocalEvent,29,32,3
R005,2025-03-16,17,6,1,Storm,6.64,27.9,FestivalOffer,LocalEvent,22,18,-4
R005,2025-03-16,18,6,1,Storm,6.64,27.9,FestivalOffer,LocalEvent,28,29,1
R005,2025-03-16,19,6,1,Storm,6.64,27.9,FestivalOffer,LocalEvent,44,43,-1
R005,2025-03-16,20,6,1,Storm,6.64,27.9,FestivalOffer,LocalEvent,53,60,7
R005,2025-03-16,21,6,1,Storm,6.64,27.9,FestivalOffer,LocalEvent,42,38,-4
R005,2025-03-16,22,6,1,Storm,6.64,27.9,FestivalOffer,LocalEvent,23,28,5
R005,2025-03-17,8,0,0,Cloudy,2.16,36.6,HappyHour,None,6,7,1
R005,2025-03-17,9,0,0,Cloudy,2.16,36.6,HappyHour,None,15,15,0
R005,2025-03-17,10,0,0,Cloudy,2.16,36.6,HappyHour,None,30,31,1
R005,2025-03-17,11,0,0,Cloudy,2.16,36.6,HappyHour,None,49,51,2
R005,2025-03-17,12,0,0,Cloudy,2.16,36.6,HappyHour,None,66,46,-20
R005,2025-03-17,13,0,0,Cloudy,2.16,36.6,HappyHour,None,73,62,-11
R005,2025-03-17,14,0,0,Cloudy,2.16,36.6,HappyHour,None,66,59,-7
R005,2025-03-17,15,0,0,Cloudy,2.16,36.6,HappyHour,None,49,41,-8
R005,2025-03-17,16,0,0,Cloudy,2.16,36.6,HappyHour,None,32,35,3
R005,2025-03-17,17,0,0,Cloudy,2.16,36.6,HappyHour,None,24,22,-2
R005,2025-03-17,18,0,0,Cloudy,2.16,36.6,HappyHour,None,32,38,6
R005,2025-03-17,19,0,0,Cloudy,2.16,36.6,HappyHour,None,49,42,-7
R005,2025-03-17,20,0,0,Cloudy,2.16,36.6,HappyHour,None,59,55,-4
R005,2025-03-17,21,0,0,Cloudy,2.16,36.6,HappyHour,None,47,36,-11
R005,2025-03-17,22,0,0,Cloudy,2.16,36.6,HappyHour,None,25,22,-3
R005,2025-03-18,8,1,0,Cloudy,0.55,25.3,None,None,6,10,4
R005,2025-03-18,9,1,0,Cloudy,0.55,25.3,None,None,14,14,0
R005,2025-03-18,10,1,0,Cloudy,0.55,25.3,None,None,28,25,-3
R005,2025-03-18,11,1,0,Cloudy,0.55,25.3,None,None,45,40,-5
R005,2025-03-18,12,1,0,Cloudy,0.55,25.3,None,None,61,64,3
R005,2025-03-18,13,1,0,Cloudy,0.55,25.3,None,None,67,91,24
R005,2025-03-18,14,1,0,Cloudy,0.55,25.3,None,None,61,63,2
R005,2025-03-18,15,1,0,Cloudy,0.55,25.3,None,None,46,44,-2
R005,2025-03-18,16,1,0,Cloudy,0.55,25.3,None,None,30,27,-3
R005,2025-03-18,17,1,0,Cloudy,0.55,25.3,None,None,22,22,0
R005,2025-03-18,18,1,0,Cloudy,0.55,25.3,None,None,29,31,2
R005,2025-03-18,19,1,0,Cloudy,0.55,25.3,None,None,46,36,-10
R005,2025-03-18,20,1,0,Cloudy,0.55,25.3,None,None,54,49,-5
R005,2025-03-18,21,1,0,Cloudy,0.55,25.3,None,None,44,49,5
R005,2025-03-18,22,1,0,Cloudy,0.55,25.3,None,None,24,27,3
R005,2025-03-19,8,2,0,Cloudy,2.22,24.8,HappyHour,None,6,8,2
R005,2025-03-19,9,2,0,Cloudy,2.22,24.8,HappyHour,None,15,15,0
R005,2025-03-19,10,2,0,Cloudy,2.22,24.8,HappyHour,None,30,25,-5
R005,2025-03-19,11,2,0,Cloudy,2.22,24.8,HappyHour,None,49,41,-8
R005,2025-03-19,12,2,0,Cloudy,2.22,24.8,HappyHour,None,66,71,5
R005,2025-03-19,13,2,0,Cloudy,2.22,24.8,HappyHour,None,73,80,7
R005,2025-03-19,14,2,0,Cloudy,2.22,24.8,HappyHour,None,66,58,-8
R005,2025-03-19,15,2,0,Cloudy,2.22,24.8,HappyHour,None,49,43,-6
R005,2025-03-19,16,2,0,Cloudy,2.22,24.8,HappyHour,None,32,29,-3
R005,2025-03-19,17,2,0,Cloudy,2.22,24.8,HappyHour,None,24,26,2
R005,2025-03-19,18,2,0,Cloudy,2.22,24.8,HappyHour,None,32,37,5
R005,2025-03-19,19,2,0,Cloudy,2.22,24.8,HappyHour,None,49,48,-1
R005,2025-03-19,20,2,0,Cloudy,2.22,24.8,HappyHour,None,59,69,10
R005,2025-03-19,21,2,0,Cloudy,2.22,24.8,HappyHour,None,47,58,11
R005,2025-03-19,22,2,0,Cloudy,2.22,24.8,HappyHour,None,25,25,0
R005,2025-03-20,8,3,0,Storm,11.84,23.0,None,None,4,1,-3
R005,2025-03-20,9,3,0,Storm,11.84,23.0,None,None,9,9,0
R005,2025-03-20,10,3,0,Storm,11.84,23.0,None,None,18,16,-2
R005,2025-03-20,11,3,0,Storm,11.84,23.0,None,None,30,32,2
R005,2025-03-20,12,3,0,Storm,11.84,23.0,None,None,40,41,1
R005,2025-03-20,13,3,0,Storm,11.84,23.0,None,None,44,36,-8
R005,2025-03-20,14,3,0,Storm,11.84,23.0,None,None,40,36,-4
R005,2025-03-20,15,3,0,Storm,11.84,23.0,None,None,30,22,-8
R005,2025-03-20,16,3,0,Storm,11.84,23.0,None,None,19,16,-3
R005,2025-03-20,17,3,0,Storm,11.84,23.0,None,None,15,18,3
R005,2025-03-20,18,3,0,Storm,11.84,23.0,None,None,19,13,-6
R005,2025-03-20,19,3,0,Storm,11.84,23.0,None,None,30,26,-4
R005,2025-03-20,20,3,0,Storm,11.84,23.0,None,None,35,25,-10
R005,2025-03-20,21,3,0,Storm,11.84,23.0,None,None,29,26,-3
R005,2025-03-20,22,3,0,Storm,11.84,23.0,None,None,15,10,-5
R005,2025-03-21,8,4,0,Storm,34.96,23.9,FestivalOffer,LocalEvent,5,4,-1
R005,2025-03-21,9,4,0,Storm,34.96,23.9,FestivalOffer,LocalEvent,12,13,1
R005,2025-03-21,10,4,0,Storm,34.96,23.9,FestivalOffer,LocalEvent,23,29,6
R005,2025-03-21,11,4,0,Storm,34.96,23.9,FestivalOffer,LocalEvent,37,39,2
R005,2025-03-21,12,4,0,Storm,34.96,23.9,FestivalOffer,LocalEvent,50,57,7
R005,2025-03-21,13,4,0,Storm,34.96,23.9,FestivalOffer,LocalEvent,55,57,2
R005,2025-03-21,14,4,0,Storm,34.96,23.9,FestivalOffer,LocalEvent,50,53,3
R005,2025-03-21,15,4,0,Storm,34.96,23.9,FestivalOffer,LocalEvent,38,41,3
R005,2025-03-21,16,4,0,Storm,34.96,23.9,FestivalOffer,LocalEvent,25,24,-1
R005,2025-03-21,17,4,0,Storm,34.96,23.9,FestivalOffer,LocalEvent,18,20,2
R005,2025-03-21,18,4,0,Storm,34.96,23.9,FestivalOffer,LocalEvent,24,24,0
R005,2025-03-21,19,4,0,Storm,34.96,23.9,FestivalOffer,LocalEvent,38,37,-1
R005,2025-03-21,20,4,0,Storm,34.96,23.9,FestivalOffer,LocalEvent,45,38,-7
R005,2025-03-21,21,4,0,Storm,34.96,23.9,FestivalOffer,LocalEvent,36,38,2
R005,2025-03-21,22,4,0,Storm,34.96,23.9,FestivalOffer,LocalEvent,19,18,-1
R005,2025-03-22,8,5,1,Storm,14.4,29.6,None,LocalEvent,5,7,2
R005,2025-03-22,9,5,1,Storm,14.4,29.6,None,LocalEvent,12,13,1
R005,2025-03-22,10,5,1,Storm,14.4,29.6,None,LocalEvent,23,25,2
R005,2025-03-22,11,5,1,Storm,14.4,29.6,None,LocalEvent,37,36,-1
R005,2025-03-22,12,5,1,Storm,14.4,29.6,None,LocalEvent,50,47,-3
R005,2025-03-22,13,5,1,Storm,14.4,29.6,None,LocalEvent,55,67,12
R005,2025-03-22,14,5,1,Storm,14.4,29.6,None,LocalEvent,50,54,4
R005,2025-03-22,15,5,1,Storm,14.4,29.6,None,LocalEvent,38,30,-8
R005,2025-03-22,16,5,1,Storm,14.4,29.6,None,LocalEvent,25,30,5
R005,2025-03-22,17,5,1,Storm,14.4,29.6,None,LocalEvent,18,22,4
R005,2025-03-22,18,5,1,Storm,14.4,29.6,None,LocalEvent,24,27,3
R005,2025-03-22,19,5,1,Storm,14.4,29.6,None,LocalEvent,38,43,5
R005,2025-03-22,20,5,1,Storm,14.4,29.6,None,LocalEvent,45,43,-2
R005,2025-03-22,21,5,1,Storm,14.4,29.6,None,LocalEvent,36,42,6
R005,2025-03-22,22,5,1,Storm,14.4,29.6,None,LocalEvent,19,26,7
R005,2025-03-23,8,6,1,Storm,18.92,34.4,None,Festival,5,5,0
R005,2025-03-23,9,6,1,Storm,18.92,34.4,None,Festival,12,9,-3
R005,2025-03-23,10,6,1,Storm,18.92,34.4,None,Festival,25,31,6
R005,2025-03-23,11,6,1,Storm,18.92,34.4,None,Festival,40,45,5
R005,2025-03-23,12,6,1,Storm,18.92,34.4,None,Festival,54,57,3
R005,2025-03-23,13,6,1,Storm,18.92,34.4,None,Festival,59,59,0
R005,2025-03-23,14,6,1,Storm,18.92,34.4,None,Festival,54,45,-9
R005,2025-03-23,15,6,1,Storm,18.92,34.4,None,Festival,40,43,3
R005,2025-03-23,16,6,1,Storm,18.92,34.4,None,Festival,26,24,-2
R005,2025-03-23,17,6,1,Storm,18.92,34.4,None,Festival,20,25,5
R005,2025-03-23,18,6,1,Storm,18.92,34.4,None,Festival,26,25,-1
R005,2025-03-23,19,6,1,Storm,18.92,34.4,None,Festival,40,41,1
R005,2025-03-23,20,6,1,Storm,18.92,34.4,None,Festival,48,48,0
R005,2025-03-23,21,6,1,Storm,18.92,34.4,None,Festival,39,37,-2
R005,2025-03-23,22,6,1,Storm,18.92,34.4,None,Festival,21,23,2
R005,2025-03-24,8,0,0,Clear,2.13,37.8,WeekendDeal,Festival,8,11,3
R005,2025-03-24,9,0,0,Clear,2.13,37.8,WeekendDeal,Festival,18,16,-2
R005,2025-03-24,10,0,0,Clear,2.13,37.8,WeekendDeal,Festival,36,37,1
R005,2025-03-24,11,0,0,Clear,2.13,37.8,WeekendDeal,Festival,59,56,-3
R005,2025-03-24,12,0,0,Clear,2.13,37.8,WeekendDeal,Festival,79,87,8
R005,2025-03-24,13,0,0,Clear,2.13,37.8,WeekendDeal,Festival,87,85,-2
R005,2025-03-24,14,0,0,Clear,2.13,37.8,WeekendDeal,Festival,79,96,17
R005,2025-03-24,15,0,0,Clear,2.13,37.8,WeekendDeal,Festival,59,68,9
R005,2025-03-24,16,0,0,Clear,2.13,37.8,WeekendDeal,Festival,39,37,-2
R005,2025-03-24,17,0,0,Clear,2.13,37.8,WeekendDeal,Festival,29,22,-7
R005,2025-03-24,18,0,0,Clear,2.13,37.8,WeekendDeal,Festival,38,32,-6
R005,2025-03-24,19,0,0,Clear,2.13,37.8,WeekendDeal,Festival,59,63,4
R005,2025-03-24,20,0,0,Clear,2.13,37.8,WeekendDeal,Festival,70,82,12
R005,2025-03-24,21,0,0,Clear,2.13,37.8,WeekendDeal,Festival,57,58,1
R005,2025-03-24,22,0,0,Clear,2.13,37.8,WeekendDeal,Festival,30,25,-5
R005,2025-03-25,8,1,0,Clear,1.97,28.2,HappyHour,LocalEvent,7,6,-1
R005,2025-03-25,9,1,0,Clear,1.97,28.2,HappyHour,LocalEvent,16,14,-2
R005,2025-03-25,10,1,0,Clear,1.97,28.2,HappyHour,LocalEvent,32,41,9
R005,2025-03-25,11,1,0,Clear,1.97,28.2,HappyHour,LocalEvent,53,40,-13
R005,2025-03-25,12,1,0,Clear,1.97,28.2,HappyHour,LocalEvent,70,69,-1
R005,2025-03-25,13,1,0,Clear,1.97,28.2,HappyHour,LocalEvent,78,78,0
R005,2025-03-25,14,1,0,Clear,1.97,28.2,HappyHour,LocalEvent,71,80,9
R005,2025-03-25,15,1,0,Clear,1.97,28.2,HappyHour,LocalEvent,53,47,-6
R005,2025-03-25,16,1,0,Clear,1.97,28.2,HappyHour,LocalEvent,35,35,0
R005,2025-03-25,17,1,0,Clear,1.97,28.2,HappyHour,LocalEvent,26,25,-1
R005,2025-03-25,18,1,0,Clear,1.97,28.2,HappyHour,LocalEvent,34,32,-2
R005,2025-03-25,19,1,0,Clear,1.97,28.2,HappyHour,LocalEvent,53,48,-5
R005,2025-03-25,20,1,0,Clear,1.97,28.2,HappyHour,LocalEvent,63,57,-6
R005,2025-03-25,21,1,0,Clear,1.97,28.2,HappyHour,LocalEvent,51,45,-6
R005,2025-03-25,22,1,0,Clear,1.97,28.2,HappyHour,LocalEvent,27,23,-4
R005,2025-03-26,8,2,0,Storm,22.97,35.1,None,Festival,4,2,-2
R005,2025-03-26,9,2,0,Storm,22.97,35.1,None,Festival,11,9,-2
R005,2025-03-26,10,2,0,Storm,22.97,35.1,None,Festival,21,16,-5
R005,2025-03-26,11,2,0,Storm,22.97,35.1,None,Festival,34,33,-1
R005,2025-03-26,12,2,0,Storm,22.97,35.1,None,Festival,46,51,5
R005,2025-03-26,13,2,0,Storm,22.97,35.1,None,Festival,50,59,9
R005,2025-03-26,14,2,0,Storm,22.97,35.1,None,Festival,46,42,-4
R005,2025-03-26,15,2,0,Storm,22.97,35.1,None,Festival,34,33,-1
R005,2025-03-26,16,2,0,Storm,22.97,35.1,None,Festival,22,22,0
R005,2025-03-26,17,2,0,Storm,22.97,35.1,None,Festival,17,19,2
R005,2025-03-26,18,2,0,Storm,22.97,35.1,None,Festival,22,25,3
R005,2025-03-26,19,2,0,Storm,22.97,35.1,None,Festival,34,38,4
R005,2025-03-26,20,2,0,Storm,22.97,35.1,None,Festival,41,44,3
R005,2025-03-26,21,2,0,Storm,22.97,35.1,None,Festival,33,23,-10
R005,2025-03-26,22,2,0,Storm,22.97,35.1,None,Festival,18,18,0
R005,2025-03-27,8,3,0,Storm,7.23,31.5,None,SportsMatch,4,3,-1
R005,2025-03-27,9,3,0,Storm,7.23,31.5,None,SportsMatch,10,14,4
R005,2025-03-27,10,3,0,Storm,7.23,31.5,None,SportsMatch,20,20,0
R005,2025-03-27,11,3,0,Storm,7.23,31.5,None,SportsMatch,32,37,5
R005,2025-03-27,12,3,0,Storm,7.23,31.5,None,SportsMatch,43,48,5
R005,2025-03-27,13,3,0,Storm,7.23,31.5,None,SportsMatch,48,47,-1
R005,2025-03-27,14,3,0,Storm,7.23,31.5,None,SportsMatch,43,44,1
R005,2025-03-27,15,3,0,Storm,7.23,31.5,None,SportsMatch,32,32,0
R005,2025-03-27,16,3,0,Storm,7.23,31.5,None,SportsMatch,21,16,-5
R005,2025-03-27,17,3,0,Storm,7.23,31.5,None,SportsMatch,16,19,3
R005,2025-03-27,18,3,0,Storm,7.23,31.5,None,SportsMatch,21,17,-4
R005,2025-03-27,19,3,0,Storm,7.23,31.5,None,SportsMatch,32,32,0
R005,2025-03-27,20,3,0,Storm,7.23,31.5,None,SportsMatch,39,34,-5
R005,2025-03-27,21,3,0,Storm,7.23,31.5,None,SportsMatch,31,27,-4
R005,2025-03-27,22,3,0,Storm,7.23,31.5,None,SportsMatch,17,18,1
R005,2025-03-28,8,4,0,Cloudy,4.52,31.0,WeekendDeal,LocalEvent,7,10,3
R005,2025-03-28,9,4,0,Cloudy,4.52,31.0,WeekendDeal,LocalEvent,17,16,-1
R005,2025-03-28,10,4,0,Cloudy,4.52,31.0,WeekendDeal,LocalEvent,33,36,3
R005,2025-03-28,11,4,0,Cloudy,4.52,31.0,WeekendDeal,LocalEvent,55,61,6
R005,2025-03-28,12,4,0,Cloudy,4.52,31.0,WeekendDeal,LocalEvent,73,79,6
R005,2025-03-28,13,4,0,Cloudy,4.52,31.0,WeekendDeal,LocalEvent,81,96,15
R005,2025-03-28,14,4,0,Cloudy,4.52,31.0,WeekendDeal,LocalEvent,73,82,9
R005,2025-03-28,15,4,0,Cloudy,4.52,31.0,WeekendDeal,LocalEvent,55,57,2
R005,2025-03-28,16,4,0,Cloudy,4.52,31.0,WeekendDeal,LocalEvent,36,28,-8
R005,2025-03-28,17,4,0,Cloudy,4.52,31.0,WeekendDeal,LocalEvent,27,33,6
R005,2025-03-28,18,4,0,Cloudy,4.52,31.0,WeekendDeal,LocalEvent,35,43,8
R005,2025-03-28,19,4,0,Cloudy,4.52,31.0,WeekendDeal,LocalEvent,55,52,-3
R005,2025-03-28,20,4,0,Cloudy,4.52,31.0,WeekendDeal,LocalEvent,65,57,-8
R005,2025-03-28,21,4,0,Cloudy,4.52,31.0,WeekendDeal,LocalEvent,53,48,-5
R005,2025-03-28,22,4,0,Cloudy,4.52,31.0,WeekendDeal,LocalEvent,28,22,-6
R005,2025-03-29,8,5,1,Rain,3.65,31.8,HappyHour,Festival,7,12,5
R005,2025-03-29,9,5,1,Rain,3.65,31.8,HappyHour,Festival,16,16,0
R005,2025-03-29,10,5,1,Rain,3.65,31.8,HappyHour,Festival,32,32,0
R005,2025-03-29,11,5,1,Rain,3.65,31.8,HappyHour,Festival,52,58,6
R005,2025-03-29,12,5,1,Rain,3.65,31.8,HappyHour,Festival,70,62,-8
R005,2025-03-29,13,5,1,Rain,3.65,31.8,HappyHour,Festival,77,87,10
R005,2025-03-29,14,5,1,Rain,3.65,31.8,HappyHour,Festival,70,64,-6
R005,2025-03-29,15,5,1,Rain,3.65,31.8,HappyHour,Festival,52,52,0
R005,2025-03-29,16,5,1,Rain,3.65,31.8,HappyHour,Festival,34,33,-1
R005,2025-03-29,17,5,1,Rain,3.65,31.8,HappyHour,Festival,26,31,5
R005,2025-03-29,18,5,1,Rain,3.65,31.8,HappyHour,Festival,34,32,-2
R005,2025-03-29,19,5,1,Rain,3.65,31.8,HappyHour,Festival,52,51,-1
R005,2025-03-29,20,5,1,Rain,3.65,31.8,HappyHour,Festival,62,50,-12
R005,2025-03-29,21,5,1,Rain,3.65,31.8,HappyHour,Festival,50,51,1
R005,2025-03-29,22,5,1,Rain,3.65,31.8,HappyHour,Festival,27,25,-2
R005,2025-03-30,8,6,1,Storm,3.76,23.2,None,Festival,5,8,3
R005,2025-03-30,9,6,1,Storm,3.76,23.2,None,Festival,12,11,-1
R005,2025-03-30,10,6,1,Storm,3.76,23.2,None,Festival,25,22,-3
R005,2025-03-30,11,6,1,Storm,3.76,23.2,None,Festival,40,37,-3
R005,2025-03-30,12,6,1,Storm,3.76,23.2,None,Festival,54,51,-3
R005,2025-03-30,13,6,1,Storm,3.76,23.2,None,Festival,59,66,7
R005,2025-03-30,14,6,1,Storm,3.76,23.2,None,Festival,54,61,7
R005,2025-03-30,15,6,1,Storm,3.76,23.2,None,Festival,40,41,1
R005,2025-03-30,16,6,1,Storm,3.76,23.2,None,Festival,26,21,-5
R005,2025-03-30,17,6,1,Storm,3.76,23.2,None,Festival,20,21,1
R005,2025-03-30,18,6,1,Storm,3.76,23.2,None,Festival,26,31,5
R005,2025-03-30,19,6,1,Storm,3.76,23.2,None,Festival,40,40,0
R005,2025-03-30,20,6,1,Storm,3.76,23.2,None,Festival,48,43,-5
R005,2025-03-30,21,6,1,Storm,3.76,23.2,None,Festival,39,29,-10
R005,2025-03-30,22,6,1,Storm,3.76,23.2,None,Festival,21,26,5
R005,2025-03-31,8,0,0,Storm,5.55,35.8,None,Festival,4,6,2
R005,2025-03-31,9,0,0,Storm,5.55,35.8,None,Festival,11,10,-1
R005,2025-03-31,10,0,0,Storm,5.55,35.8,None,Festival,21,23,2
R005,2025-03-31,11,0,0,Storm,5.55,35.8,None,Festival,34,35,1
R005,2025-03-31,12,0,0,Storm,5.55,35.8,None,Festival,46,42,-4
R005,2025-03-31,13,0,0,Storm,5.55,35.8,None,Festival,50,67,17
R005,2025-03-31,14,0,0,Storm,5.55,35.8,None,Festival,46,41,-5
R005,2025-03-31,15,0,0,Storm,5.55,35.8,None,Festival,34,28,-6
R005,2025-03-31,16,0,0,Storm,5.55,35.8,None,Festival,22,19,-3
R005,2025-03-31,17,0,0,Storm,5.55,35.8,None,Festival,17,15,-2
R005,2025-03-31,18,0,0,Storm,5.55,35.8,None,Festival,22,19,-3
R005,2025-03-31,19,0,0,Storm,5.55,35.8,None,Festival,34,38,4
R005,2025-03-31,20,0,0,Storm,5.55,35.8,None,Festival,41,52,11
R005,2025-03-31,21,0,0,Storm,5.55,35.8,None,Festival,33,32,-1
R005,2025-03-31,22,0,0,Storm,5.55,35.8,None,Festival,18,15,-3
R006,2025-01-01,8,2,0,Storm,23.13,24.9,FestivalOffer,None,4,2,-2
R006,2025-01-01,9,2,0,Storm,23.13,24.9,FestivalOffer,None,9,9,0
R006,2025-01-01,10,2,0,Storm,23.13,24.9,FestivalOffer,None,18,17,-1
R006,2025-01-01,11,2,0,Storm,23.13,24.9,FestivalOffer,None,30,27,-3
R006,2025-01-01,12,2,0,Storm,23.13,24.9,FestivalOffer,None,40,37,-3
R006,2025-01-01,13,2,0,Storm,23.13,24.9,FestivalOffer,None,44,36,-8
R006,2025-01-01,14,2,0,Storm,23.13,24.9,FestivalOffer,None,40,45,5
R006,2025-01-01,15,2,0,Storm,23.13,24.9,FestivalOffer,None,30,28,-2
R006,2025-01-01,16,2,0,Storm,23.13,24.9,FestivalOffer,None,20,20,0
R006,2025-01-01,17,2,0,Storm,23.13,24.9,FestivalOffer,None,15,13,-2
R006,2025-01-01,18,2,0,Storm,23.13,24.9,FestivalOffer,None,19,19,0
R006,2025-01-01,19,2,0,Storm,23.13,24.9,FestivalOffer,None,30,31,1
R006,2025-01-01,20,2,0,Storm,23.13,24.9,FestivalOffer,None,36,42,6
R006,2025-01-01,21,2,0,Storm,23.13,24.9,FestivalOffer,None,29,31,2
R006,2025-01-01,22,2,0,Storm,23.13,24.9,FestivalOffer,None,16,18,2
R006,2025-01-02,8,3,0,Cloudy,2.14,28.1,HappyHour,LocalEvent,6,7,1
R006,2025-01-02,9,3,0,Cloudy,2.14,28.1,HappyHour,LocalEvent,14,12,-2
R006,2025-01-02,10,3,0,Cloudy,2.14,28.1,HappyHour,LocalEvent,28,26,-2
R006,2025-01-02,11,3,0,Cloudy,2.14,28.1,HappyHour,LocalEvent,45,44,-1
R006,2025-01-02,12,3,0,Cloudy,2.14,28.1,HappyHour,LocalEvent,60,83,23
R006,2025-01-02,13,3,0,Cloudy,2.14,28.1,HappyHour,LocalEvent,67,66,-1
R006,2025-01-02,14,3,0,Cloudy,2.14,28.1,HappyHour,LocalEvent,60,61,1
R006,2025-01-02,15,3,0,Cloudy,2.14,28.1,HappyHour,LocalEvent,45,34,-11
R006,2025-01-02,16,3,0,Cloudy,2.14,28.1,HappyHour,LocalEvent,30,33,3
R006,2025-01-02,17,3,0,Cloudy,2.14,28.1,HappyHour,LocalEvent,22,16,-6
R006,2025-01-02,18,3,0,Cloudy,2.14,28.1,HappyHour,LocalEvent,29,27,-2
R006,2025-01-02,19,3,0,Cloudy,2.14,28.1,HappyHour,LocalEvent,45,32,-13
R006,2025-01-02,20,3,0,Cloudy,2.14,28.1,HappyHour,LocalEvent,54,67,13
R006,2025-01-02,21,3,0,Cloudy,2.14,28.1,HappyHour,LocalEvent,44,40,-4
R006,2025-01-02,22,3,0,Cloudy,2.14,28.1,HappyHour,LocalEvent,23,19,-4
R006,2025-01-03,8,4,0,Cloudy,1.51,24.9,WeekendDeal,SportsMatch,6,0,-6
R006,2025-01-03,9,4,0,Cloudy,1.51,24.9,WeekendDeal,SportsMatch,15,15,0
R006,2025-01-03,10,4,0,Cloudy,1.51,24.9,WeekendDeal,SportsMatch,29,32,3
R006,2025-01-03,11,4,0,Cloudy,1.51,24.9,WeekendDeal,SportsMatch,48,24,-24
R006,2025-01-03,12,4,0,Cloudy,1.51,24.9,WeekendDeal,SportsMatch,64,63,-1
R006,2025-01-03,13,4,0,Cloudy,1.51,24.9,WeekendDeal,SportsMatch,70,42,-28
R006,2025-01-03,14,4,0,Cloudy,1.51,24.9,WeekendDeal,SportsMatch,64,57,-7
R006,2025-01-03,15,4,0,Cloudy,1.51,24.9,WeekendDeal,SportsMatch,48,45,-3
R006,2025-01-03,16,4,0,Cloudy,1.51,24.9,WeekendDeal,SportsMatch,31,27,-4
R006,2025-01-03,17,4,0,Cloudy,1.51,24.9,WeekendDeal,SportsMatch,24,27,3
R006,2025-01-03,18,4,0,Cloudy,1.51,24.9,WeekendDeal,SportsMatch,31,28,-3
R006,2025-01-03,19,4,0,Cloudy,1.51,24.9,WeekendDeal,SportsMatch,48,51,3
R006,2025-01-03,20,4,0,Cloudy,1.51,24.9,WeekendDeal,SportsMatch,57,61,4
R006,2025-01-03,21,4,0,Cloudy,1.51,24.9,WeekendDeal,SportsMatch,46,46,0
R006,2025-01-03,22,4,0,Cloudy,1.51,24.9,WeekendDeal,SportsMatch,25,35,10
R006,2025-01-04,8,5,1,Rain,28.17,34.0,FestivalOffer,SportsMatch,6,6,0
R006,2025-01-04,9,5,1,Rain,28.17,34.0,FestivalOffer,SportsMatch,14,15,1
R006,2025-01-04,10,5,1,Rain,28.17,34.0,FestivalOffer,SportsMatch,28,25,-3
R006,2025-01-04,11,5,1,Rain,28.17,34.0,FestivalOffer,SportsMatch,46,42,-4
R006,2025-01-04,12,5,1,Rain,28.17,34.0,FestivalOffer,SportsMatch,62,58,-4
R006,2025-01-04,13,5,1,Rain,28.17,34.0,FestivalOffer,SportsMatch,68,67,-1
R006,2025-01-04,14,5,1,Rain,28.17,34.0,FestivalOffer,SportsMatch,62,63,1
R006,2025-01-04,15,5,1,Rain,28.17,34.0,FestivalOffer,SportsMatch,46,45,-1
R006,2025-01-04,16,5,1,Rain,28.17,34.0,FestivalOffer,SportsMatch,30,23,-7
R006,2025-01-04,17,5,1,Rain,28.17,34.0,FestivalOffer,SportsMatch,23,23,0
R006,2025-01-04,18,5,1,Rain,28.17,34.0,FestivalOffer,SportsMatch,30,29,-1
R006,2025-01-04,19,5,1,Rain,28.17,34.0,FestivalOffer,SportsMatch,46,52,6
R006,2025-01-04,20,5,1,Rain,28.17,34.0,FestivalOffer,SportsMatch,55,45,-10
R006,2025-01-04,21,5,1,Rain,28.17,34.0,FestivalOffer,SportsMatch,45,51,6
R006,2025-01-04,22,5,1,Rain,28.17,34.0,FestivalOffer,SportsMatch,24,18,-6
R006,2025-01-05,8,6,1,Cloudy,3.04,28.6,HappyHour,None,6,5,-1
R006,2025-01-05,9,6,1,Cloudy,3.04,28.6,HappyHour,None,15,11,-4
R006,2025-01-05,10,6,1,Cloudy,3.04,28.6,HappyHour,None,31,37,6
R006,2025-01-05,11,6,1,Cloudy,3.04,28.6,HappyHour,None,50,28,-22
R006,2025-01-05,12,6,1,Cloudy,3.04,28.6,HappyHour,None,67,70,3
R006,2025-01-05,13,6,1,Cloudy,3.04,28.6,HappyHour,None,73,74,1
R006,2025-01-05,14,6,1,Cloudy,3.04,28.6,HappyHour,None,67,76,9
R006,2025-01-05,15,6,1,Cloudy,3.04,28.6,HappyHour,None,50,54,4
R006,2025-01-05,16,6,1,Cloudy,3.04,28.6,HappyHour,None,33,28,-5
R006,2025-01-05,17,6,1,Cloudy,3.04,28.6,HappyHour,None,25,26,1
R006,2025-01-05,18,6,1,Cloudy,3.04,28.6,HappyHour,None,32,31,-1
R006,2025-01-05,19,6,1,Cloudy,3.04,28.6,HappyHour,None,50,47,-3
R006,2025-01-05,20,6,1,Cloudy,3.04,28.6,HappyHour,None,59,45,-14
R006,2025-01-05,21,6,1,Cloudy,3.04,28.6,HappyHour,None,48,43,-5
R006,2025-01-05,22,6,1,Cloudy,3.04,28.6,HappyHour,None,26,26,0
R006,2025-01-06,8,0,0,Clear,1.06,23.6,HappyHour,None,5,5,0
R006,2025-01-06,9,0,0,Clear,1.06,23.6,HappyHour,None,13,12,-1
R006,2025-01-06,10,0,0,Clear,1.06,23.6,HappyHour,None,26,27,1
R006,2025-01-06,11,0,0,Clear,1.06,23.6,HappyHour,None,42,40,-2
R006,2025-01-06,12,0,0,Clear,1.06,23.6,HappyHour,None,57,53,-4
R006,2025-01-06,13,0,0,Clear,1.06,23.6,HappyHour,None,62,80,18
R006,2025-01-06,14,0,0,Clear,1.06,23.6,HappyHour,None,57,48,-9
R006,2025-01-06,15,0,0,Clear,1.06,23.6,HappyHour,None,42,47,5
R006,2025-01-06,16,0,0,Clear,1.06,23.6,HappyHour,None,28,27,-1
R006,2025-01-06,17,0,0,Clear,1.06,23.6,HappyHour,None,21,21,0
R006,2025-01-06,18,0,0,Clear,1.06,23.6,HappyHour,None,27,28,1
R006,2025-01-06,19,0,0,Clear,1.06,23.6,HappyHour,None,42,40,-2
R006,2025-01-06,20,0,0,Clear,1.06,23.6,HappyHour,None,50,37,-13
R006,2025-01-06,21,0,0,Clear,1.06,23.6,HappyHour,None,41,55,14
R006,2025-01-06,22,0,0,Clear,1.06,23.6,HappyHour,None,22,24,2
R006,2025-01-07,8,1,0,Storm,26.52,21.7,FestivalOffer,SportsMatch,4,2,-2
R006,2025-01-07,9,1,0,Storm,26.52,21.7,FestivalOffer,SportsMatch,10,8,-2
R006,2025-01-07,10,1,0,Storm,26.52,21.7,FestivalOffer,SportsMatch,20,22,2
R006,2025-01-07,11,1,0,Storm,26.52,21.7,FestivalOffer,SportsMatch,33,33,0
R006,2025-01-07,12,1,0,Storm,26.52,21.7,FestivalOffer,SportsMatch,44,41,-3
R006,2025-01-07,13,1,0,Storm,26.52,21.7,FestivalOffer,SportsMatch,48,43,-5
R006,2025-01-07,14,1,0,Storm,26.52,21.7,FestivalOffer,SportsMatch,44,49,5
R006,2025-01-07,15,1,0,Storm,26.52,21.7,FestivalOffer,SportsMatch,33,32,-1
R006,2025-01-07,16,1,0,Storm,26.52,21.7,FestivalOffer,SportsMatch,21,22,1
R006,2025-01-07,17,1,0,Storm,26.52,21.7,FestivalOffer,SportsMatch,16,15,-1
R006,2025-01-07,18,1,0,Storm,26.52,21.7,FestivalOffer,SportsMatch,21,20,-1
R006,2025-01-07,19,1,0,Storm,26.52,21.7,FestivalOffer,SportsMatch,33,38,5
R006,2025-01-07,20,1,0,Storm,26.52,21.7,FestivalOffer,SportsMatch,39,49,10
R006,2025-01-07,21,1,0,Storm,26.52,21.7,FestivalOffer,SportsMatch,31,31,0
R006,2025-01-07,22,1,0,Storm,26.52,21.7,FestivalOffer,SportsMatch,17,18,1
R006,2025-01-08,8,2,0,Storm,2.79,31.7,WeekendDeal,Festival,4,3,-1
R006,2025-01-08,9,2,0,Storm,2.79,31.7,WeekendDeal,Festival,10,13,3
R006,2025-01-08,10,2,0,Storm,2.79,31.7,WeekendDeal,Festival,20,24,4
R006,2025-01-08,11,2,0,Storm,2.79,31.7,WeekendDeal,Festival,33,32,-1
R006,2025-01-08,12,2,0,Storm,2.79,31.7,WeekendDeal,Festival,44,45,1
R006,2025-01-08,13,2,0,Storm,2.79,31.7,WeekendDeal,Festival,48,48,0
R006,2025-01-08,14,2,0,Storm,2.79,31.7,WeekendDeal,Festival,44,47,3
R006,2025-01-08,15,2,0,Storm,2.79,31.7,WeekendDeal,Festival,33,27,-6
R006,2025-01-08,16,2,0,Storm,2.79,31.7,WeekendDeal,Festival,21,19,-2
R006,2025-01-08,17,2,0,Storm,2.79,31.7,WeekendDeal,Festival,16,14,-2
R006,2025-01-08,18,2,0,Storm,2.79,31.7,WeekendDeal,Festival,21,24,3
R006,2025-01-08,19,2,0,Storm,2.79,31.7,WeekendDeal,Festival,33,36,3
R006,2025-01-08,20,2,0,Storm,2.79,31.7,WeekendDeal,Festival,39,43,4
R006,2025-01-08,21,2,0,Storm,2.79,31.7,WeekendDeal,Festival,32,36,4
R006,2025-01-08,22,2,0,Storm,2.79,31.7,WeekendDeal,Festival,17,17,0
R006,2025-01-09,8,3,0,Clear,1.95,28.7,FestivalOffer,SportsMatch,6,5,-1
R006,2025-01-09,9,3,0,Clear,1.95,28.7,FestivalOffer,SportsMatch,16,15,-1
R006,2025-01-09,10,3,0,Clear,1.95,28.7,FestivalOffer,SportsMatch,31,41,10
R006,2025-01-09,11,3,0,Clear,1.95,28.7,FestivalOffer,SportsMatch,50,48,-2
R006,2025-01-09,12,3,0,Clear,1.95,28.7,FestivalOffer,SportsMatch,67,75,8
R006,2025-01-09,13,3,0,Clear,1.95,28.7,FestivalOffer,SportsMatch,74,72,-2
R006,2025-01-09,14,3,0,Clear,1.95,28.7,FestivalOffer,SportsMatch,67,71,4
R006,2025-01-09,15,3,0,Clear,1.95,28.7,FestivalOffer,SportsMatch,51,56,5
R006,2025-01-09,16,3,0,Clear,1.95,28.7,FestivalOffer,SportsMatch,33,39,6
R006,2025-01-09,17,3,0,Clear,1.95,28.7,FestivalOffer,SportsMatch,25,20,-5
R006,2025-01-09,18,3,0,Clear,1.95,28.7,FestivalOffer,SportsMatch,32,26,-6
R006,2025-01-09,19,3,0,Clear,1.95,28.7,FestivalOffer,SportsMatch,50,49,-1
R006,2025-01-09,20,3,0,Clear,1.95,28.7,FestivalOffer,SportsMatch,60,57,-3
R006,2025-01-09,21,3,0,Clear,1.95,28.7,FestivalOffer,SportsMatch,48,61,13
R006,2025-01-09,22,3,0,Clear,1.95,28.7,FestivalOffer,SportsMatch,26,31,5
R006,2025-01-10,8,4,0,Rain,0.32,25.4,WeekendDeal,SportsMatch,5,2,-3
R006,2025-01-10,9,4,0,Rain,0.32,25.4,WeekendDeal,SportsMatch,12,9,-3
R006,2025-01-10,10,4,0,Rain,0.32,25.4,WeekendDeal,SportsMatch,23,24,1
R006,2025-01-10,11,4,0,Rain,0.32,25.4,WeekendDeal,SportsMatch,37,38,1
R006,2025-01-10,12,4,0,Rain,0.32,25.4,WeekendDeal,SportsMatch,50,39,-11
R006,2025-01-10,13,4,0,Rain,0.32,25.4,WeekendDeal,SportsMatch,55,55,0
R006,2025-01-10,14,4,0,Rain,0.32,25.4,WeekendDeal,SportsMatch,50,49,-1
R006,2025-01-10,15,4,0,Rain,0.32,25.4,WeekendDeal,SportsMatch,37,27,-10
R006,2025-01-10,16,4,0,Rain,0.32,25.4,WeekendDeal,SportsMatch,24,23,-1
R006,2025-01-10,17,4,0,Rain,0.32,25.4,WeekendDeal,SportsMatch,18,18,0
R006,2025-01-10,18,4,0,Rain,0.32,25.4,WeekendDeal,SportsMatch,24,18,-6
R006,2025-01-10,19,4,0,Rain,0.32,25.4,WeekendDeal,SportsMatch,37,31,-6
R006,2025-01-10,20,4,0,Rain,0.32,25.4,WeekendDeal,SportsMatch,44,40,-4
R006,2025-01-10,21,4,0,Rain,0.32,25.4,WeekendDeal,SportsMatch,36,32,-4
R006,2025-01-10,22,4,0,Rain,0.32,25.4,WeekendDeal,SportsMatch,19,17,-2
R006,2025-01-11,8,5,1,Rain,22.9,35.2,WeekendDeal,Festival,6,2,-4
R006,2025-01-11,9,5,1,Rain,22.9,35.2,WeekendDeal,Festival,14,14,0
R006,2025-01-11,10,5,1,Rain,22.9,35.2,WeekendDeal,Festival,28,29,1
R006,2025-01-11,11,5,1,Rain,22.9,35.2,WeekendDeal,Festival,46,50,4
R006,2025-01-11,12,5,1,Rain,22.9,35.2,WeekendDeal,Festival,62,57,-5
R006,2025-01-11,13,5,1,Rain,22.9,35.2,WeekendDeal,Festival,68,52,-16
R006,2025-01-11,14,5,1,Rain,22.9,35.2,WeekendDeal,Festival,62,60,-2
R006,2025-01-11,15,5,1,Rain,22.9,35.2,WeekendDeal,Festival,47,49,2
R006,2025-01-11,16,5,1,Rain,22.9,35.2,WeekendDeal,Festival,30,41,11
R006,2025-01-11,17,5,1,Rain,22.9,35.2,WeekendDeal,Festival,23,25,2
R006,2025-01-11,18,5,1,Rain,22.9,35.2,WeekendDeal,Festival,30,28,-2
R006,2025-01-11,19,5,1,Rain,22.9,35.2,WeekendDeal,Festival,46,28,-18
R006,2025-01-11,20,5,1,Rain,22.9,35.2,WeekendDeal,Festival,55,38,-17
R006,2025-01-11,21,5,1,Rain,22.9,35.2,WeekendDeal,Festival,45,44,-1
R006,2025-01-11,22,5,1,Rain,22.9,35.2,WeekendDeal,Festival,24,26,2
R006,2025-01-12,8,6,1,Cloudy,4.56,27.9,HappyHour,Festival,7,6,-1
R006,2025-01-12,9,6,1,Cloudy,4.56,27.9,HappyHour,Festival,18,19,1
R006,2025-01-12,10,6,1,Cloudy,4.56,27.9,HappyHour,Festival,35,25,-10
R006,2025-01-12,11,6,1,Cloudy,4.56,27.9,HappyHour,Festival,57,55,-2
R006,2025-01-12,12,6,1,Cloudy,4.56,27.9,HappyHour,Festival,77,100,23
R006,2025-01-12,13,6,1,Cloudy,4.56,27.9,HappyHour,Festival,84,81,-3
R006,2025-01-12,14,6,1,Cloudy,4.56,27.9,HappyHour,Festival,77,87,10
R006,2025-01-12,15,6,1,Cloudy,4.56,27.9,HappyHour,Festival,58,71,13
R006,2025-01-12,16,6,1,Cloudy,4.56,27.9,HappyHour,Festival,38,30,-8
R006,2025-01-12,17,6,1,Cloudy,4.56,27.9,HappyHour,Festival,28,25,-3
R006,2025-01-12,18,6,1,Cloudy,4.56,27.9,HappyHour,Festival,37,33,-4
R006,2025-01-12,19,6,1,Cloudy,4.56,27.9,HappyHour,Festival,57,55,-2
R006,2025-01-12,20,6,1,Cloudy,4.56,27.9,HappyHour,Festival,68,81,13
R006,2025-01-12,21,6,1,Cloudy,4.56,27.9,HappyHour,Festival,55,64,9
R006,2025-01-12,22,6,1,Cloudy,4.56,27.9,HappyHour,Festival,30,31,1
R006,2025-01-13,8,0,0,Cloudy,2.93,29.9,HappyHour,SportsMatch,6,7,1
R006,2025-01-13,9,0,0,Cloudy,2.93,29.9,HappyHour,SportsMatch,14,17,3
R006,2025-01-13,10,0,0,Cloudy,2.93,29.9,HappyHour,SportsMatch,28,27,-1
R006,2025-01-13,11,0,0,Cloudy,2.93,29.9,HappyHour,SportsMatch,46,34,-12
R006,2025-01-13,12,0,0,Cloudy,2.93,29.9,HappyHour,SportsMatch,62,70,8
R006,2025-01-13,13,0,0,Cloudy,2.93,29.9,HappyHour,SportsMatch,68,73,5
R006,2025-01-13,14,0,0,Cloudy,2.93,29.9,HappyHour,SportsMatch,62,56,-6
R006,2025-01-13,15,0,0,Cloudy,2.93,29.9,HappyHour,SportsMatch,46,46,0
R006,2025-01-13,16,0,0,Cloudy,2.93,29.9,HappyHour,SportsMatch,30,27,-3
R006,2025-01-13,17,0,0,Cloudy,2.93,29.9,HappyHour,SportsMatch,23,21,-2
R006,2025-01-13,18,0,0,Cloudy,2.93,29.9,HappyHour,SportsMatch,30,26,-4
R006,2025-01-13,19,0,0,Cloudy,2.93,29.9,HappyHour,SportsMatch,46,45,-1
R006,2025-01-13,20,0,0,Cloudy,2.93,29.9,HappyHour,SportsMatch,55,54,-1
R006,2025-01-13,21,0,0,Cloudy,2.93,29.9,HappyHour,SportsMatch,44,49,5
R006,2025-01-13,22,0,0,Cloudy,2.93,29.9,HappyHour,SportsMatch,24,27,3
R006,2025-01-14,8,1,0,Rain,15.71,21.3,FestivalOffer,SportsMatch,5,7,2
R006,2025-01-14,9,1,0,Rain,15.71,21.3,FestivalOffer,SportsMatch,12,9,-3
R006,2025-01-14,10,1,0,Rain,15.71,21.3,FestivalOffer,SportsMatch,24,26,2
R006,2025-01-14,11,1,0,Rain,15.71,21.3,FestivalOffer,SportsMatch,39,38,-1
R006,2025-01-14,12,1,0,Rain,15.71,21.3,FestivalOffer,SportsMatch,52,57,5
R006,2025-01-14,13,1,0,Rain,15.71,21.3,FestivalOffer,SportsMatch,58,62,4
R006,2025-01-14,14,1,0,Rain,15.71,21.3,FestivalOffer,SportsMatch,53,62,9
R006,2025-01-14,15,1,0,Rain,15.71,21.3,FestivalOffer,SportsMatch,39,49,10
R006,2025-01-14,16,1,0,Rain,15.71,21.3,FestivalOffer,SportsMatch,26,27,1
R006,2025-01-14,17,1,0,Rain,15.71,21.3,FestivalOffer,SportsMatch,19,19,0
R006,2025-01-14,18,1,0,Rain,15.71,21.3,FestivalOffer,SportsMatch,25,24,-1
R006,2025-01-14,19,1,0,Rain,15.71,21.3,FestivalOffer,SportsMatch,39,45,6
R006,2025-01-14,20,1,0,Rain,15.71,21.3,FestivalOffer,SportsMatch,47,41,-6
R006,2025-01-14,21,1,0,Rain,15.71,21.3,FestivalOffer,SportsMatch,38,33,-5
R006,2025-01-14,22,1,0,Rain,15.71,21.3,FestivalOffer,SportsMatch,20,17,-3
R006,2025-01-15,8,2,0,Cloudy,3.02,36.1,FestivalOffer,None,6,8,2
R006,2025-01-15,9,2,0,Cloudy,3.02,36.1,FestivalOffer,None,14,13,-1
R006,2025-01-15,10,2,0,Cloudy,3.02,36.1,FestivalOffer,None,28,26,-2
R006,2025-01-15,11,2,0,Cloudy,3.02,36.1,FestivalOffer,None,46,53,7
R006,2025-01-15,12,2,0,Cloudy,3.02,36.1,FestivalOffer,None,62,58,-4
R006,2025-01-15,13,2,0,Cloudy,3.02,36.1,FestivalOffer,None,68,84,16
R006,2025-01-15,14,2,0,Cloudy,3.02,36.1,FestivalOffer,None,62,65,3
R006,2025-01-15,15,2,0,Cloudy,3.02,36.1,FestivalOffer,None,46,46,0
R006,2025-01-15,16,2,0,Cloudy,3.02,36.1,FestivalOffer,None,30,33,3
R006,2025-01-15,17,2,0,Cloudy,3.02,36.1,FestivalOffer,None,23,18,-5
R006,2025-01-15,18,2,0,Cloudy,3.02,36.1,FestivalOffer,None,30,27,-3
R006,2025-01-15,19,2,0,Cloudy,3.02,36.1,FestivalOffer,None,46,60,14
R006,2025-01-15,20,2,0,Cloudy,3.02,36.1,FestivalOffer,None,55,43,-12
R006,2025-01-15,21,2,0,Cloudy,3.02,36.1,FestivalOffer,None,44,33,-11
R006,2025-01-15,22,2,0,Cloudy,3.02,36.1,FestivalOffer,None,24,32,8
R006,2025-01-16,8,3,0,Clear,0.62,29.3,WeekendDeal,None,6,9,3
R006,2025-01-16,9,3,0,Clear,0.62,29.3,WeekendDeal,None,14,16,2
R006,2025-01-16,10,3,0,Clear,0.62,29.3,WeekendDeal,None,27,26,-1
R006,2025-01-16,11,3,0,Clear,0.62,29.3,WeekendDeal,None,44,44,0
R006,2025-01-16,12,3,0,Clear,0.62,29.3,WeekendDeal,None,59,41,-18
R006,2025-01-16,13,3,0,Clear,0.62,29.3,WeekendDeal,None,65,56,-9
R006,2025-01-16,14,3,0,Clear,0.62,29.3,WeekendDeal,None,59,49,-10
R006,2025-01-16,15,3,0,Clear,0.62,29.3,WeekendDeal,None,44,37,-7
R006,2025-01-16,16,3,0,Clear,0.62,29.3,WeekendDeal,None,29,27,-2
R006,2025-01-16,17,3,0,Clear,0.62,29.3,WeekendDeal,None,22,27,5
R006,2025-01-16,18,3,0,Clear,0.62,29.3,WeekendDeal,None,28,30,2
R006,2025-01-16,19,3,0,Clear,0.62,29.3,WeekendDeal,None,44,40,-4
R006,2025-01-16,20,3,0,Clear,0.62,29.3,WeekendDeal,None,52,64,12
R006,2025-01-16,21,3,0,Clear,0.62,29.3,WeekendDeal,None,42,43,1
R006,2025-01-16,22,3,0,Clear,0.62,29.3,WeekendDeal,None,23,24,1
R006,2025-01-17,8,4,0,Rain,11.45,38.0,FestivalOffer,Festival,5,7,2
R006,2025-01-17,9,4,0,Rain,11.45,38.0,FestivalOffer,Festival,13,15,2
R006,2025-01-17,10,4,0,Rain,11.45,38.0,FestivalOffer,Festival,25,26,1
R006,2025-01-17,11,4,0,Rain,11.45,38.0,FestivalOffer,Festival,41,50,9
R006,2025-01-17,12,4,0,Rain,11.45,38.0,FestivalOffer,Festival,55,57,2
R006,2025-01-17,13,4,0,Rain,11.45,38.0,FestivalOffer,Festival,61,46,-15
R006,2025-01-17,14,4,0,Rain,11.45,38.0,FestivalOffer,Festival,55,54,-1
R006,2025-01-17,15,4,0,Rain,11.45,38.0,FestivalOffer,Festival,42,45,3
R006,2025-01-17,16,4,0,Rain,11.45,38.0,FestivalOffer,Festival,27,27,0
R006,2025-01-17,17,4,0,Rain,11.45,38.0,FestivalOffer,Festival,20,20,0
R006,2025-01-17,18,4,0,Rain,11.45,38.0,FestivalOffer,Festival,27,29,2
R006,2025-01-17,19,4,0,Rain,11.45,38.0,FestivalOffer,Festival,42,56,14
R006,2025-01-17,20,4,0,Rain,11.45,38.0,FestivalOffer,Festival,49,40,-9
R006,2025-01-17,21,4,0,Rain,11.45,38.0,FestivalOffer,Festival,40,44,4
R006,2025-01-17,22,4,0,Rain,11.45,38.0,FestivalOffer,Festival,21,28,7
R006,2025-01-18,8,5,1,Storm,23.3,24.7,HappyHour,LocalEvent,4,5,1
R006,2025-01-18,9,5,1,Storm,23.3,24.7,HappyHour,LocalEvent,11,13,2
R006,2025-01-18,10,5,1,Storm,23.3,24.7,HappyHour,LocalEvent,21,23,2
R006,2025-01-18,11,5,1,Storm,23.3,24.7,HappyHour,LocalEvent,35,25,-10
R006,2025-01-18,12,5,1,Storm,23.3,24.7,HappyHour,LocalEvent,46,49,3
R006,2025-01-18,13,5,1,Storm,23.3,24.7,HappyHour,LocalEvent,51,60,9
R006,2025-01-18,14,5,1,Storm,23.3,24.7,HappyHour,LocalEvent,46,45,-1
R006,2025-01-18,15,5,1,Storm,23.3,24.7,HappyHour,LocalEvent,35,30,-5
R006,2025-01-18,16,5,1,Storm,23.3,24.7,HappyHour,LocalEvent,23,26,3
R006,2025-01-18,17,5,1,Storm,23.3,24.7,HappyHour,LocalEvent,17,17,0
R006,2025-01-18,18,5,1,Storm,23.3,24.7,HappyHour,LocalEvent,22,18,-4
R006,2025-01-18,19,5,1,Storm,23.3,24.7,HappyHour,LocalEvent,35,33,-2
R006,2025-01-18,20,5,1,Storm,23.3,24.7,HappyHour,LocalEvent,41,38,-3
R006,2025-01-18,21,5,1,Storm,23.3,24.7,HappyHour,LocalEvent,33,41,8
R006,2025-01-18,22,5,1,Storm,23.3,24.7,HappyHour,LocalEvent,18,16,-2
R006,2025-01-19,8,6,1,Rain,23.99,22.1,FestivalOffer,Festival,6,5,-1
R006,2025-01-19,9,6,1,Rain,23.99,22.1,FestivalOffer,Festival,15,11,-4
R006,2025-01-19,10,6,1,Rain,23.99,22.1,FestivalOffer,Festival,30,35,5
R006,2025-01-19,11,6,1,Rain,23.99,22.1,FestivalOffer,Festival,49,67,18
R006,2025-01-19,12,6,1,Rain,23.99,22.1,FestivalOffer,Festival,65,49,-16
R006,2025-01-19,13,6,1,Rain,23.99,22.1,FestivalOffer,Festival,72,67,-5
R006,2025-01-19,14,6,1,Rain,23.99,22.1,FestivalOffer,Festival,65,55,-10
R006,2025-01-19,15,6,1,Rain,23.99,22.1,FestivalOffer,Festival,49,53,4
R006,2025-01-19,16,6,1,Rain,23.99,22.1,FestivalOffer,Festival,32,28,-4
R006,2025-01-19,17,6,1,Rain,23.99,22.1,FestivalOffer,Festival,24,27,3
R006,2025-01-19,18,6,1,Rain,23.99,22.1,FestivalOffer,Festival,31,30,-1
R006,2025-01-19,19,6,1,Rain,23.99,22.1,FestivalOffer,Festival,49,46,-3
R006,2025-01-19,20,6,1,Rain,23.99,22.1,FestivalOffer,Festival,58,62,4
R006,2025-01-19,21,6,1,Rain,23.99,22.1,FestivalOffer,Festival,47,35,-12
R006,2025-01-19,22,6,1,Rain,23.99,22.1,FestivalOffer,Festival,25,24,-1
R006,2025-01-20,8,0,0,Storm,4.96,32.4,FestivalOffer,SportsMatch,4,4,0
R006,2025-01-20,9,0,0,Storm,4.96,32.4,FestivalOffer,SportsMatch,10,9,-1
R006,2025-01-20,10,0,0,Storm,4.96,32.4,FestivalOffer,SportsMatch,20,22,2
R006,2025-01-20,11,0,0,Storm,4.96,32.4,FestivalOffer,SportsMatch,33,31,-2
R006,2025-01-20,12,0,0,Storm,4.96,32.4,FestivalOffer,SportsMatch,44,35,-9
R006,2025-01-20,13,0,0,Storm,4.96,32.4,FestivalOffer,SportsMatch,48,49,1
R006,2025-01-20,14,0,0,Storm,4.96,32.4,FestivalOffer,SportsMatch,44,27,-17
R006,2025-01-20,15,0,0,Storm,4.96,32.4,FestivalOffer,SportsMatch,33,37,4
R006,2025-01-20,16,0,0,Storm,4.96,32.4,FestivalOffer,SportsMatch,21,13,-8
R006,2025-01-20,17,0,0,Storm,4.96,32.4,FestivalOffer,SportsMatch,16,16,0
R006,2025-01-20,18,0,0,Storm,4.96,32.4,FestivalOffer,SportsMatch,21,30,9
R006,2025-01-20,19,0,0,Storm,4.96,32.4,FestivalOffer,SportsMatch,33,32,-1
R006,2025-01-20,20,0,0,Storm,4.96,32.4,FestivalOffer,SportsMatch,39,38,-1
R006,2025-01-20,21,0,0,Storm,4.96,32.4,FestivalOffer,SportsMatch,31,40,9
R006,2025-01-20,22,0,0,Storm,4.96,32.4,FestivalOffer,SportsMatch,17,16,-1
R006,2025-01-21,8,1,0,Rain,0.58,20.3,None,SportsMatch,4,5,1
R006,2025-01-21,9,1,0,Rain,0.58,20.3,None,SportsMatch,10,10,0
R006,2025-01-21,10,1,0,Rain,0.58,20.3,None,SportsMatch,20,25,5
R006,2025-01-21,11,1,0,Rain,0.58,20.3,None,SportsMatch,33,32,-1
R006,2025-01-21,12,1,0,Rain,0.58,20.3,None,SportsMatch,44,46,2
R006,2025-01-21,13,1,0,Rain,0.58,20.3,None,SportsMatch,49,50,1
R006,2025-01-21,14,1,0,Rain,0.58,20.3,None,SportsMatch,45,39,-6
R006,2025-01-21,15,1,0,Rain,0.58,20.3,None,SportsMatch,33,35,2
R006,2025-01-21,16,1,0,Rain,0.58,20.3,None,SportsMatch,22,15,-7
R006,2025-01-21,17,1,0,Rain,0.58,20.3,None,SportsMatch,16,11,-5
R006,2025-01-21,18,1,0,Rain,0.58,20.3,None,SportsMatch,21,21,0
R006,2025-01-21,19,1,0,Rain,0.58,20.3,None,SportsMatch,33,33,0
R006,2025-01-21,20,1,0,Rain,0.58,20.3,None,SportsMatch,40,42,2
R006,2025-01-21,21,1,0,Rain,0.58,20.3,None,SportsMatch,32,28,-4
R006,2025-01-21,22,1,0,Rain,0.58,20.3,None,SportsMatch,17,21,4
R006,2025-01-22,8,2,0,Rain,32.15,30.4,None,Festival,5,6,1
R006,2025-01-22,9,2,0,Rain,32.15,30.4,None,Festival,11,12,1
R006,2025-01-22,10,2,0,Rain,32.15,30.4,None,Festival,21,21,0
R006,2025-01-22,11,2,0,Rain,32.15,30.4,None,Festival,35,30,-5
R006,2025-01-22,12,2,0,Rain,32.15,30.4,None,Festival,47,50,3
R006,2025-01-22,13,2,0,Rain,32.15,30.4,None,Festival,52,47,-5
R006,2025-01-22,14,2,0,Rain,32.15,30.4,None,Festival,47,45,-2
R006,2025-01-22,15,2,0,Rain,32.15,30.4,None,Festival,35,37,2
R006,2025-01-22,16,2,0,Rain,32.15,30.4,None,Festival,23,24,1
R006,2025-01-22,17,2,0,Rain,32.15,30.4,None,Festival,17,16,-1
R006,2025-01-22,18,2,0,Rain,32.15,30.4,None,Festival,23,21,-2
R006,2025-01-22,19,2,0,Rain,32.15,30.4,None,Festival,35,38,3
R006,2025-01-22,20,2,0,Rain,32.15,30.4,None,Festival,42,41,-1
R006,2025-01-22,21,2,0,Rain,32.15,30.4,None,Festival,34,34,0
R006,2025-01-22,22,2,0,Rain,32.15,30.4,None,Festival,18,16,-2
R006,2025-01-23,8,3,0,Clear,1.69,35.0,HappyHour,SportsMatch,6,3,-3
R006,2025-01-23,9,3,0,Clear,1.69,35.0,HappyHour,SportsMatch,14,10,-4
R006,2025-01-23,10,3,0,Clear,1.69,35.0,HappyHour,SportsMatch,28,27,-1
R006,2025-01-23,11,3,0,Clear,1.69,35.0,HappyHour,SportsMatch,46,55,9
R006,2025-01-23,12,3,0,Clear,1.69,35.0,HappyHour,SportsMatch,62,59,-3
R006,2025-01-23,13,3,0,Clear,1.69,35.0,HappyHour,SportsMatch,68,66,-2
R006,2025-01-23,14,3,0,Clear,1.69,35.0,HappyHour,SportsMatch,62,61,-1
R006,2025-01-23,15,3,0,Clear,1.69,35.0,HappyHour,SportsMatch,46,39,-7
R006,2025-01-23,16,3,0,Clear,1.69,35.0,HappyHour,SportsMatch,30,24,-6
R006,2025-01-23,17,3,0,Clear,1.69,35.0,HappyHour,SportsMatch,23,20,-3
R006,2025-01-23,18,3,0,Clear,1.69,35.0,HappyHour,SportsMatch,30,27,-3
R006,2025-01-23,19,3,0,Clear,1.69,35.0,HappyHour,SportsMatch,46,46,0
R006,2025-01-23,20,3,0,Clear,1.69,35.0,HappyHour,SportsMatch,55,43,-12
R006,2025-01-23,21,3,0,Clear,1.69,35.0,HappyHour,SportsMatch,44,38,-6
R006,2025-01-23,22,3,0,Clear,1.69,35.0,HappyHour,SportsMatch,24,23,-1
R006,2025-01-24,8,4,0,Clear,2.21,27.5,None,Festival,6,9,3
R006,2025-01-24,9,4,0,Clear,2.21,27.5,None,Festival,14,15,1
R006,2025-01-24,10,4,0,Clear,2.21,27.5,None,Festival,28,34,6
R006,2025-01-24,11,4,0,Clear,2.21,27.5,None,Festival,45,44,-1
R006,2025-01-24,12,4,0,Clear,2.21,27.5,None,Festival,60,48,-12
R006,2025-01-24,13,4,0,Clear,2.21,27.5,None,Festival,66,84,18
R006,2025-01-24,14,4,0,Clear,2.21,27.5,None,Festival,60,56,-4
R006,2025-01-24,15,4,0,Clear,2.21,27.5,None,Festival,45,42,-3
R006,2025-01-24,16,4,0,Clear,2.21,27.5,None,Festival,29,20,-9
R006,2025-01-24,17,4,0,Clear,2.21,27.5,None,Festival,22,25,3
R006,2025-01-24,18,4,0,Clear,2.21,27.5,None,Festival,29,21,-8
R006,2025-01-24,19,4,0,Clear,2.21,27.5,None,Festival,45,42,-3
R006,2025-01-24,20,4,0,Clear,2.21,27.5,None,Festival,54,57,3
R006,2025-01-24,21,4,0,Clear,2.21,27.5,None,Festival,43,38,-5
R006,2025-01-24,22,4,0,Clear,2.21,27.5,None,Festival,23,18,-5
R006,2025-01-25,8,5,1,Rain,34.58,34.1,WeekendDeal,Festival,6,7,1
R006,2025-01-25,9,5,1,Rain,34.58,34.1,WeekendDeal,Festival,14,15,1
R006,2025-01-25,10,5,1,Rain,34.58,34.1,WeekendDeal,Festival,28,27,-1
R006,2025-01-25,11,5,1,Rain,34.58,34.1,WeekendDeal,Festival,46,48,2
R006,2025-01-25,12,5,1,Rain,34.58,34.1,WeekendDeal,Festival,62,70,8
R006,2025-01-25,13,5,1,Rain,34.58,34.1,WeekendDeal,Festival,68,66,-2
R006,2025-01-25,14,5,1,Rain,34.58,34.1,WeekendDeal,Festival,62,63,1
R006,2025-01-25,15,5,1,Rain,34.58,34.1,WeekendDeal,Festival,47,54,7
R006,2025-01-25,16,5,1,Rain,34.58,34.1,WeekendDeal,Festival,30,33,3
R006,2025-01-25,17,5,1,Rain,34.58,34.1,WeekendDeal,Festival,23,23,0
R006,2025-01-25,18,5,1,Rain,34.58,34.1,WeekendDeal,Festival,30,30,0
R006,2025-01-25,19,5,1,Rain,34.58,34.1,WeekendDeal,Festival,46,44,-2
R006,2025-01-25,20,5,1,Rain,34.58,34.1,WeekendDeal,Festival,55,59,4
R006,2025-01-25,21,5,1,Rain,34.58,34.1,WeekendDeal,Festival,45,53,8
R006,2025-01-25,22,5,1,Rain,34.58,34.1,WeekendDeal,Festival,24,26,2
R006,2025-01-26,8,6,1,Rain,8.37,28.8,HappyHour,LocalEvent,5,5,0
R006,2025-01-26,9,6,1,Rain,8.37,28.8,HappyHour,LocalEvent,13,12,-1
R006,2025-01-26,10,6,1,Rain,8.37,28.8,HappyHour,LocalEvent,25,27,2
R006,2025-01-26,11,6,1,Rain,8.37,28.8,HappyHour,LocalEvent,41,35,-6
R006,2025-01-26,12,6,1,Rain,8.37,28.8,HappyHour,LocalEvent,56,55,-1
R006,2025-01-26,13,6,1,Rain,8.37,28.8,HappyHour,LocalEvent,61,48,-13
R006,2025-01-26,14,6,1,Rain,8.37,28.8,HappyHour,LocalEvent,56,54,-2
R006,2025-01-26,15,6,1,Rain,8.37,28.8,HappyHour,LocalEvent,42,35,-7
R006,2025-01-26,16,6,1,Rain,8.37,28.8,HappyHour,LocalEvent,27,33,6
R006,2025-01-26,17,6,1,Rain,8.37,28.8,HappyHour,LocalEvent,20,23,3
R006,2025-01-26,18,6,1,Rain,8.37,28.8,HappyHour,LocalEvent,27,29,2
R006,2025-01-26,19,6,1,Rain,8.37,28.8,HappyHour,LocalEvent,42,45,3
R006,2025-01-26,20,6,1,Rain,8.37,28.8,HappyHour,LocalEvent,50,59,9
R006,2025-01-26,21,6,1,Rain,8.37,28.8,HappyHour,LocalEvent,40,39,-1
R006,2025-01-26,22,6,1,Rain,8.37,28.8,HappyHour,LocalEvent,21,19,-2
R006,2025-01-27,8,0,0,Rain,6.35,25.6,HappyHour,None,4,5,1
R006,2025-01-27,9,0,0,Rain,6.35,25.6,HappyHour,None,10,11,1
R006,2025-01-27,10,0,0,Rain,6.35,25.6,HappyHour,None,20,24,4
R006,2025-01-27,11,0,0,Rain,6.35,25.6,HappyHour,None,33,37,4
R006,2025-01-27,12,0,0,Rain,6.35,25.6,HappyHour,None,44,51,7
R006,2025-01-27,13,0,0,Rain,6.35,25.6,HappyHour,None,49,43,-6
R006,2025-01-27,14,0,0,Rain,6.35,25.6,HappyHour,None,44,44,0
R006,2025-01-27,15,0,0,Rain,6.35,25.6,HappyHour,None,33,32,-1
R006,2025-01-27,16,0,0,Rain,6.35,25.6,HappyHour,None,22,17,-5
R006,2025-01-27,17,0,0,Rain,6.35,25.6,HappyHour,None,16,18,2
R006,2025-01-27,18,0,0,Rain,6.35,25.6,HappyHour,None,21,19,-2
R006,2025-01-27,19,0,0,Rain,6.35,25.6,HappyHour,None,33,30,-3
R006,2025-01-27,20,0,0,Rain,6.35,25.6,HappyHour,None,39,30,-9
R006,2025-01-27,21,0,0,Rain,6.35,25.6,HappyHour,None,32,40,8
R006,2025-01-27,22,0,0,Rain,6.35,25.6,HappyHour,None,17,19,2
R006,2025-01-28,8,1,0,Clear,1.18,37.5,HappyHour,LocalEvent,6,4,-2
R006,2025-01-28,9,1,0,Clear,1.18,37.5,HappyHour,LocalEvent,14,16,2
R006,2025-01-28,10,1,0,Clear,1.18,37.5,HappyHour,LocalEvent,28,34,6
R006,2025-01-28,11,1,0,Clear,1.18,37.5,HappyHour,LocalEvent,45,49,4
R006,2025-01-28,12,1,0,Clear,1.18,37.5,HappyHour,LocalEvent,60,44,-16
R006,2025-01-28,13,1,0,Clear,1.18,37.5,HappyHour,LocalEvent,67,55,-12
R006,2025-01-28,14,1,0,Clear,1.18,37.5,HappyHour,LocalEvent,60,55,-5
R006,2025-01-28,15,1,0,Clear,1.18,37.5,HappyHour,LocalEvent,45,34,-11
R006,2025-01-28,16,1,0,Clear,1.18,37.5,HappyHour,LocalEvent,30,27,-3
R006,2025-01-28,17,1,0,Clear,1.18,37.5,HappyHour,LocalEvent,22,23,1
R006,2025-01-28,18,1,0,Clear,1.18,37.5,HappyHour,LocalEvent,29,22,-7
R006,2025-01-28,19,1,0,Clear,1.18,37.5,HappyHour,LocalEvent,45,55,10
R006,2025-01-28,20,1,0,Clear,1.18,37.5,HappyHour,LocalEvent,54,54,0
R006,2025-01-28,21,1,0,Clear,1.18,37.5,HappyHour,LocalEvent,44,48,4
R006,2025-01-28,22,1,0,Clear,1.18,37.5,HappyHour,LocalEvent,23,27,4
R006,2025-01-29,8,2,0,Clear,0.69,31.6,FestivalOffer,Festival,7,7,0
R006,2025-01-29,9,2,0,Clear,0.69,31.6,FestivalOffer,Festival,16,18,2
R006,2025-01-29,10,2,0,Clear,0.69,31.6,FestivalOffer,Festival,33,35,2
R006,2025-01-29,11,2,0,Clear,0.69,31.6,FestivalOffer,Festival,53,51,-2
R006,2025-01-29,12,2,0,Clear,0.69,31.6,FestivalOffer,Festival,71,65,-6
R006,2025-01-29,13,2,0,Clear,0.69,31.6,FestivalOffer,Festival,78,68,-10
R006,2025-01-29,14,2,0,Clear,0.69,31.6,FestivalOffer,Festival,71,72,1
R006,2025-01-29,15,2,0,Clear,0.69,31.6,FestivalOffer,Festival,53,57,4
R006,2025-01-29,16,2,0,Clear,0.69,31.6,FestivalOffer,Festival,35,34,-1
R006,2025-01-29,17,2,0,Clear,0.69,31.6,FestivalOffer,Festival,26,24,-2
R006,2025-01-29,18,2,0,Clear,0.69,31.6,FestivalOffer,Festival,34,41,7
R006,2025-01-29,19,2,0,Clear,0.69,31.6,FestivalOffer,Festival,53,50,-3
R006,2025-01-29,20,2,0,Clear,0.69,31.6,FestivalOffer,Festival,63,50,-13
R006,2025-01-29,21,2,0,Clear,0.69,31.6,FestivalOffer,Festival,51,58,7
R006,2025-01-29,22,2,0,Clear,0.69,31.6,FestivalOffer,Festival,27,36,9
R006,2025-01-30,8,3,0,Storm,31.92,32.5,WeekendDeal,LocalEvent,4,4,0
R006,2025-01-30,9,3,0,Storm,31.92,32.5,WeekendDeal,LocalEvent,9,10,1
R006,2025-01-30,10,3,0,Storm,31.92,32.5,WeekendDeal,LocalEvent,19,17,-2
R006,2025-01-30,11,3,0,Storm,31.92,32.5,WeekendDeal,LocalEvent,30,28,-2
R006,2025-01-30,12,3,0,Storm,31.92,32.5,WeekendDeal,LocalEvent,41,46,5
R006,2025-01-30,13,3,0,Storm,31.92,32.5,WeekendDeal,LocalEvent,45,33,-12
R006,2025-01-30,14,3,0,Storm,31.92,32.5,WeekendDeal,LocalEvent,41,57,16
R006,2025-01-30,15,3,0,Storm,31.92,32.5,WeekendDeal,LocalEvent,31,30,-1
R006,2025-01-30,16,3,0,Storm,31.92,32.5,WeekendDeal,LocalEvent,20,20,0
R006,2025-01-30,17,3,0,Storm,31.92,32.5,WeekendDeal,LocalEvent,15,17,2
R006,2025-01-30,18,3,0,Storm,31.92,32.5,WeekendDeal,LocalEvent,20,20,0
R006,2025-01-30,19,3,0,Storm,31.92,32.5,WeekendDeal,LocalEvent,31,30,-1
R006,2025-01-30,20,3,0,Storm,31.92,32.5,WeekendDeal,LocalEvent,36,42,6
R006,2025-01-30,21,3,0,Storm,31.92,32.5,WeekendDeal,LocalEvent,29,30,1
R006,2025-01-30,22,3,0,Storm,31.92,32.5,WeekendDeal,LocalEvent,16,15,-1
R006,2025-01-31,8,4,0,Storm,32.32,36.7,FestivalOffer,LocalEvent,4,4,0
R006,2025-01-31,9,4,0,Storm,32.32,36.7,FestivalOffer,LocalEvent,10,5,-5
R006,2025-01-31,10,4,0,Storm,32.32,36.7,FestivalOffer,LocalEvent,20,21,1
R006,2025-01-31,11,4,0,Storm,32.32,36.7,FestivalOffer,LocalEvent,32,34,2
R006,2025-01-31,12,4,0,Storm,32.32,36.7,FestivalOffer,LocalEvent,43,47,4
R006,2025-01-31,13,4,0,Storm,32.32,36.7,FestivalOffer,LocalEvent,47,38,-9
R006,2025-01-31,14,4,0,Storm,32.32,36.7,FestivalOffer,LocalEvent,43,31,-12
R006,2025-01-31,15,4,0,Storm,32.32,36.7,FestivalOffer,LocalEvent,32,37,5
R006,2025-01-31,16,4,0,Storm,32.32,36.7,FestivalOffer,LocalEvent,21,24,3
R006,2025-01-31,17,4,0,Storm,32.32,36.7,FestivalOffer,LocalEvent,16,14,-2
R006,2025-01-31,18,4,0,Storm,32.32,36.7,FestivalOffer,LocalEvent,21,27,6
R006,2025-01-31,19,4,0,Storm,32.32,36.7,FestivalOffer,LocalEvent,32,35,3
R006,2025-01-31,20,4,0,Storm,32.32,36.7,FestivalOffer,LocalEvent,38,39,1
R006,2025-01-31,21,4,0,Storm,32.32,36.7,FestivalOffer,LocalEvent,31,23,-8
R006,2025-01-31,22,4,0,Storm,32.32,36.7,FestivalOffer,LocalEvent,17,16,-1
R006,2025-02-01,8,5,1,Storm,2.68,29.9,None,LocalEvent,4,2,-2
R006,2025-02-01,9,5,1,Storm,2.68,29.9,None,LocalEvent,10,10,0
R006,2025-02-01,10,5,1,Storm,2.68,29.9,None,LocalEvent,20,16,-4
R006,2025-02-01,11,5,1,Storm,2.68,29.9,None,LocalEvent,32,32,0
R006,2025-02-01,12,5,1,Storm,2.68,29.9,None,LocalEvent,43,47,4
R006,2025-02-01,13,5,1,Storm,2.68,29.9,None,LocalEvent,47,39,-8
R006,2025-02-01,14,5,1,Storm,2.68,29.9,None,LocalEvent,43,39,-4
R006,2025-02-01,15,5,1,Storm,2.68,29.9,None,LocalEvent,32,36,4
R006,2025-02-01,16,5,1,Storm,2.68,29.9,None,LocalEvent,21,20,-1
R006,2025-02-01,17,5,1,Storm,2.68,29.9,None,LocalEvent,16,16,0
R006,2025-02-01,18,5,1,Storm,2.68,29.9,None,LocalEvent,21,14,-7
R006,2025-02-01,19,5,1,Storm,2.68,29.9,None,LocalEvent,32,30,-2
R006,2025-02-01,20,5,1,Storm,2.68,29.9,None,LocalEvent,38,36,-2
R006,2025-02-01,21,5,1,Storm,2.68,29.9,None,LocalEvent,31,30,-1
R006,2025-02-01,22,5,1,Storm,2.68,29.9,None,LocalEvent,17,19,2
R006,2025-02-02,8,6,1,Storm,15.5,31.0,WeekendDeal,None,4,8,4
R006,2025-02-02,9,6,1,Storm,15.5,31.0,WeekendDeal,None,10,12,2
R006,2025-02-02,10,6,1,Storm,15.5,31.0,WeekendDeal,None,21,20,-1
R006,2025-02-02,11,6,1,Storm,15.5,31.0,WeekendDeal,None,34,35,1
R006,2025-02-02,12,6,1,Storm,15.5,31.0,WeekendDeal,None,45,59,14
R006,2025-02-02,13,6,1,Storm,15.5,31.0,WeekendDeal,None,50,40,-10
R006,2025-02-02,14,6,1,Storm,15.5,31.0,WeekendDeal,None,45,34,-11
R006,2025-02-02,15,6,1,Storm,15.5,31.0,WeekendDeal,None,34,38,4
R006,2025-02-02,16,6,1,Storm,15.5,31.0,WeekendDeal,None,22,24,2
R006,2025-02-02,17,6,1,Storm,15.5,31.0,WeekendDeal,None,17,16,-1
R006,2025-02-02,18,6,1,Storm,15.5,31.0,WeekendDeal,None,22,26,4
R006,2025-02-02,19,6,1,Storm,15.5,31.0,WeekendDeal,None,34,39,5
R006,2025-02-02,20,6,1,Storm,15.5,31.0,WeekendDeal,None,40,37,-3
R006,2025-02-02,21,6,1,Storm,15.5,31.0,WeekendDeal,None,32,22,-10
R006,2025-02-02,22,6,1,Storm,15.5,31.0,WeekendDeal,None,17,18,1
R006,2025-02-03,8,0,0,Rain,0.77,34.0,WeekendDeal,Festival,5,3,-2
R006,2025-02-03,9,0,0,Rain,0.77,34.0,WeekendDeal,Festival,12,15,3
R006,2025-02-03,10,0,0,Rain,0.77,34.0,WeekendDeal,Festival,24,27,3
R006,2025-02-03,11,0,0,Rain,0.77,34.0,WeekendDeal,Festival,39,34,-5
R006,2025-02-03,12,0,0,Rain,0.77,34.0,WeekendDeal,Festival,53,48,-5
R006,2025-02-03,13,0,0,Rain,0.77,34.0,WeekendDeal,Festival,58,71,13
R006,2025-02-03,14,0,0,Rain,0.77,34.0,WeekendDeal,Festival,53,52,-1
R006,2025-02-03,15,0,0,Rain,0.77,34.0,WeekendDeal,Festival,39,37,-2
R006,2025-02-03,16,0,0,Rain,0.77,34.0,WeekendDeal,Festival,26,27,1
R006,2025-02-03,17,0,0,Rain,0.77,34.0,WeekendDeal,Festival,19,15,-4
R006,2025-02-03,18,0,0,Rain,0.77,34.0,WeekendDeal,Festival,25,26,1
R006,2025-02-03,19,0,0,Rain,0.77,34.0,WeekendDeal,Festival,39,36,-3
R006,2025-02-03,20,0,0,Rain,0.77,34.0,WeekendDeal,Festival,47,50,3
R006,2025-02-03,21,0,0,Rain,0.77,34.0,WeekendDeal,Festival,38,29,-9
R006,2025-02-03,22,0,0,Rain,0.77,34.0,WeekendDeal,Festival,20,21,1
R006,2025-02-04,8,1,0,Storm,31.39,33.9,WeekendDeal,None,4,8,4
R006,2025-02-04,9,1,0,Storm,31.39,33.9,WeekendDeal,None,9,9,0
R006,2025-02-04,10,1,0,Storm,31.39,33.9,WeekendDeal,None,17,12,-5
R006,2025-02-04,11,1,0,Storm,31.39,33.9,WeekendDeal,None,28,26,-2
R006,2025-02-04,12,1,0,Storm,31.39,33.9,WeekendDeal,None,38,42,4
R006,2025-02-04,13,1,0,Storm,31.39,33.9,WeekendDeal,None,42,42,0
R006,2025-02-04,14,1,0,Storm,31.39,33.9,WeekendDeal,None,38,37,-1
R006,2025-02-04,15,1,0,Storm,31.39,33.9,WeekendDeal,None,29,28,-1
R006,2025-02-04,16,1,0,Storm,31.39,33.9,WeekendDeal,None,19,19,0
R006,2025-02-04,17,1,0,Storm,31.39,33.9,WeekendDeal,None,14,12,-2
R006,2025-02-04,18,1,0,Storm,31.39,33.9,WeekendDeal,None,18,18,0
R006,2025-02-04,19,1,0,Storm,31.39,33.9,WeekendDeal,None,29,29,0
R006,2025-02-04,20,1,0,Storm,31.39,33.9,WeekendDeal,None,34,31,-3
R006,2025-02-04,21,1,0,Storm,31.39,33.9,WeekendDeal,None,27,33,6
R006,2025-02-04,22,1,0,Storm,31.39,33.9,WeekendDeal,None,15,17,2
R006,2025-02-05,8,2,0,Cloudy,4.35,37.8,HappyHour,None,5,3,-2
R006,2025-02-05,9,2,0,Cloudy,4.35,37.8,HappyHour,None,13,12,-1
R006,2025-02-05,10,2,0,Cloudy,4.35,37.8,HappyHour,None,26,24,-2
R006,2025-02-05,11,2,0,Cloudy,4.35,37.8,HappyHour,None,42,36,-6
R006,2025-02-05,12,2,0,Cloudy,4.35,37.8,HappyHour,None,57,61,4
R006,2025-02-05,13,2,0,Cloudy,4.35,37.8,HappyHour,None,62,71,9
R006,2025-02-05,14,2,0,Cloudy,4.35,37.8,HappyHour,None,57,56,-1
R006,2025-02-05,15,2,0,Cloudy,4.35,37.8,HappyHour,None,42,46,4
R006,2025-02-05,16,2,0,Cloudy,4.35,37.8,HappyHour,None,28,22,-6
R006,2025-02-05,17,2,0,Cloudy,4.35,37.8,HappyHour,None,21,20,-1
R006,2025-02-05,18,2,0,Cloudy,4.35,37.8,HappyHour,None,27,34,7
R006,2025-02-05,19,2,0,Cloudy,4.35,37.8,HappyHour,None,42,41,-1
R006,2025-02-05,20,2,0,Cloudy,4.35,37.8,HappyHour,None,50,43,-7
R006,2025-02-05,21,2,0,Cloudy,4.35,37.8,HappyHour,None,41,51,10
R006,2025-02-05,22,2,0,Cloudy,4.35,37.8,HappyHour,None,22,23,1
R006,2025-02-06,8,3,0,Rain,15.78,25.8,HappyHour,None,4,2,-2
R006,2025-02-06,9,3,0,Rain,15.78,25.8,HappyHour,None,10,11,1
R006,2025-02-06,10,3,0,Rain,15.78,25.8,HappyHour,None,20,20,0
R006,2025-02-06,11,3,0,Rain,15.78,25.8,HappyHour,None,33,28,-5
R006,2025-02-06,12,3,0,Rain,15.78,25.8,HappyHour,None,44,40,-4
R006,2025-02-06,13,3,0,Rain,15.78,25.8,HappyHour,None,49,48,-1
R006,2025-02-06,14,3,0,Rain,15.78,25.8,HappyHour,None,44,38,-6
R006,2025-02-06,15,3,0,Rain,15.78,25.8,HappyHour,None,33,36,3
R006,2025-02-06,16,3,0,Rain,15.78,25.8,HappyHour,None,22,23,1
R006,2025-02-06,17,3,0,Rain,15.78,25.8,HappyHour,None,16,13,-3
R006,2025-02-06,18,3,0,Rain,15.78,25.8,HappyHour,None,21,21,0
R006,2025-02-06,19,3,0,Rain,15.78,25.8,HappyHour,None,33,33,0
R006,2025-02-06,20,3,0,Rain,15.78,25.8,HappyHour,None,39,39,0
R006,2025-02-06,21,3,0,Rain,15.78,25.8,HappyHour,None,32,36,4
R006,2025-02-06,22,3,0,Rain,15.78,25.8,HappyHour,None,17,19,2
R006,2025-02-07,8,4,0,Storm,6.61,24.9,WeekendDeal,SportsMatch,4,3,-1
R006,2025-02-07,9,4,0,Storm,6.61,24.9,WeekendDeal,SportsMatch,10,11,1
R006,2025-02-07,10,4,0,Storm,6.61,24.9,WeekendDeal,SportsMatch,19,21,2
R006,2025-02-07,11,4,0,Storm,6.61,24.9,WeekendDeal,SportsMatch,31,41,10
R006,2025-02-07,12,4,0,Storm,6.61,24.9,WeekendDeal,SportsMatch,42,40,-2
R006,2025-02-07,13,4,0,Storm,6.61,24.9,WeekendDeal,SportsMatch,46,55,9
R006,2025-02-07,14,4,0,Storm,6.61,24.9,WeekendDeal,SportsMatch,42,43,1
R006,2025-02-07,15,4,0,Storm,6.61,24.9,WeekendDeal,SportsMatch,31,39,8
R006,2025-02-07,16,4,0,Storm,6.61,24.9,WeekendDeal,SportsMatch,20,18,-2
R006,2025-02-07,17,4,0,Storm,6.61,24.9,WeekendDeal,SportsMatch,15,14,-1
R006,2025-02-07,18,4,0,Storm,6.61,24.9,WeekendDeal,SportsMatch,20,21,1
R006,2025-02-07,19,4,0,Storm,6.61,24.9,WeekendDeal,SportsMatch,31,29,-2
R006,2025-02-07,20,4,0,Storm,6.61,24.9,WeekendDeal,SportsMatch,37,40,3
R006,2025-02-07,21,4,0,Storm,6.61,24.9,WeekendDeal,SportsMatch,30,20,-10
R006,2025-02-07,22,4,0,Storm,6.61,24.9,WeekendDeal,SportsMatch,16,13,-3
R006,2025-02-08,8,5,1,Cloudy,1.2,20.6,None,SportsMatch,6,5,-1
R006,2025-02-08,9,5,1,Cloudy,1.2,20.6,None,SportsMatch,16,15,-1
R006,2025-02-08,10,5,1,Cloudy,1.2,20.6,None,SportsMatch,31,27,-4
R006,2025-02-08,11,5,1,Cloudy,1.2,20.6,None,SportsMatch,50,54,4
R006,2025-02-08,12,5,1,Cloudy,1.2,20.6,None,SportsMatch,67,60,-7
R006,2025-02-08,13,5,1,Cloudy,1.2,20.6,None,SportsMatch,74,90,16
R006,2025-02-08,14,5,1,Cloudy,1.2,20.6,None,SportsMatch,67,64,-3
R006,2025-02-08,15,5,1,Cloudy,1.2,20.6,None,SportsMatch,51,47,-4
R006,2025-02-08,16,5,1,Cloudy,1.2,20.6,None,SportsMatch,33,35,2
R006,2025-02-08,17,5,1,Cloudy,1.2,20.6,None,SportsMatch,25,25,0
R006,2025-02-08,18,5,1,Cloudy,1.2,20.6,None,SportsMatch,32,28,-4
R006,2025-02-08,19,5,1,Cloudy,1.2,20.6,None,SportsMatch,50,48,-2
R006,2025-02-08,20,5,1,Cloudy,1.2,20.6,None,SportsMatch,60,76,16
R006,2025-02-08,21,5,1,Cloudy,1.2,20.6,None,SportsMatch,48,45,-3
R006,2025-02-08,22,5,1,Cloudy,1.2,20.6,None,SportsMatch,26,28,2
R006,2025-02-09,8,6,1,Rain,21.77,20.9,WeekendDeal,LocalEvent,6,3,-3
R006,2025-02-09,9,6,1,Rain,21.77,20.9,WeekendDeal,LocalEvent,13,13,0
R006,2025-02-09,10,6,1,Rain,21.77,20.9,WeekendDeal,LocalEvent,26,30,4
R006,2025-02-09,11,6,1,Rain,21.77,20.9,WeekendDeal,LocalEvent,43,39,-4
R006,2025-02-09,12,6,1,Rain,21.77,20.9,WeekendDeal,LocalEvent,58,58,0
R006,2025-02-09,13,6,1,Rain,21.77,20.9,WeekendDeal,LocalEvent,64,58,-6
R006,2025-02-09,14,6,1,Rain,21.77,20.9,WeekendDeal,LocalEvent,58,56,-2
R006,2025-02-09,15,6,1,Rain,21.77,20.9,WeekendDeal,LocalEvent,43,36,-7
R006,2025-02-09,16,6,1,Rain,21.77,20.9,WeekendDeal,LocalEvent,28,33,5
R006,2025-02-09,17,6,1,Rain,21.77,20.9,WeekendDeal,LocalEvent,21,20,-1
R006,2025-02-09,18,6,1,Rain,21.77,20.9,WeekendDeal,LocalEvent,28,20,-8
R006,2025-02-09,19,6,1,Rain,21.77,20.9,WeekendDeal,LocalEvent,43,44,1
R006,2025-02-09,20,6,1,Rain,21.77,20.9,WeekendDeal,LocalEvent,51,49,-2
R006,2025-02-09,21,6,1,Rain,21.77,20.9,WeekendDeal,LocalEvent,41,30,-11
R006,2025-02-09,22,6,1,Rain,21.77,20.9,WeekendDeal,LocalEvent,22,24,2
R006,2025-02-10,8,0,0,Cloudy,3.59,37.7,FestivalOffer,SportsMatch,6,3,-3
R006,2025-02-10,9,0,0,Cloudy,3.59,37.7,FestivalOffer,SportsMatch,16,17,1
R006,2025-02-10,10,0,0,Cloudy,3.59,37.7,FestivalOffer,SportsMatch,31,30,-1
R006,2025-02-10,11,0,0,Cloudy,3.59,37.7,FestivalOffer,SportsMatch,50,39,-11
R006,2025-02-10,12,0,0,Cloudy,3.59,37.7,FestivalOffer,SportsMatch,67,46,-21
R006,2025-02-10,13,0,0,Cloudy,3.59,37.7,FestivalOffer,SportsMatch,74,65,-9
R006,2025-02-10,14,0,0,Cloudy,3.59,37.7,FestivalOffer,SportsMatch,67,43,-24
R006,2025-02-10,15,0,0,Cloudy,3.59,37.7,FestivalOffer,SportsMatch,51,57,6
R006,2025-02-10,16,0,0,Cloudy,3.59,37.7,FestivalOffer,SportsMatch,33,33,0
R006,2025-02-10,17,0,0,Cloudy,3.59,37.7,FestivalOffer,SportsMatch,25,24,-1
R006,2025-02-10,18,0,0,Cloudy,3.59,37.7,FestivalOffer,SportsMatch,32,45,13
R006,2025-02-10,19,0,0,Cloudy,3.59,37.7,FestivalOffer,SportsMatch,50,46,-4
R006,2025-02-10,20,0,0,Cloudy,3.59,37.7,FestivalOffer,SportsMatch,60,72,12
R006,2025-02-10,21,0,0,Cloudy,3.59,37.7,FestivalOffer,SportsMatch,48,51,3
R006,2025-02-10,22,0,0,Cloudy,3.59,37.7,FestivalOffer,SportsMatch,26,30,4
R006,2025-02-11,8,1,0,Rain,5.27,37.2,FestivalOffer,LocalEvent,5,4,-1
R006,2025-02-11,9,1,0,Rain,5.27,37.2,FestivalOffer,LocalEvent,12,15,3
R006,2025-02-11,10,1,0,Rain,5.27,37.2,FestivalOffer,LocalEvent,24,25,1
R006,2025-02-11,11,1,0,Rain,5.27,37.2,FestivalOffer,LocalEvent,38,29,-9
R006,2025-02-11,12,1,0,Rain,5.27,37.2,FestivalOffer,LocalEvent,52,52,0
R006,2025-02-11,13,1,0,Rain,5.27,37.2,FestivalOffer,LocalEvent,57,42,-15
R006,2025-02-11,14,1,0,Rain,5.27,37.2,FestivalOffer,LocalEvent,52,50,-2
R006,2025-02-11,15,1,0,Rain,5.27,37.2,FestivalOffer,LocalEvent,39,31,-8
R006,2025-02-11,16,1,0,Rain,5.27,37.2,FestivalOffer,LocalEvent,25,20,-5
R006,2025-02-11,17,1,0,Rain,5.27,37.2,FestivalOffer,LocalEvent,19,20,1
R006,2025-02-11,18,1,0,Rain,5.27,37.2,FestivalOffer,LocalEvent,25,23,-2
R006,2025-02-11,19,1,0,Rain,5.27,37.2,FestivalOffer,LocalEvent,39,49,10
R006,2025-02-11,20,1,0,Rain,5.27,37.2,FestivalOffer,LocalEvent,46,62,16
R006,2025-02-11,21,1,0,Rain,5.27,37.2,FestivalOffer,LocalEvent,37,35,-2
R006,2025-02-11,22,1,0,Rain,5.27,37.2,FestivalOffer,LocalEvent,20,20,0
R006,2025-02-12,8,2,0,Clear,2.8,26.0,HappyHour,LocalEvent,6,6,0
R006,2025-02-12,9,2,0,Clear,2.8,26.0,HappyHour,LocalEvent,14,11,-3
R006,2025-02-12,10,2,0,Clear,2.8,26.0,HappyHour,LocalEvent,28,27,-1
R006,2025-02-12,11,2,0,Clear,2.8,26.0,HappyHour,LocalEvent,45,40,-5
R006,2025-02-12,12,2,0,Clear,2.8,26.0,HappyHour,LocalEvent,60,72,12
R006,2025-02-12,13,2,0,Clear,2.8,26.0,HappyHour,LocalEvent,67,72,5
R006,2025-02-12,14,2,0,Clear,2.8,26.0,HappyHour,LocalEvent,60,44,-16
R006,2025-02-12,15,2,0,Clear,2.8,26.0,HappyHour,LocalEvent,45,38,-7
R006,2025-02-12,16,2,0,Clear,2.8,26.0,HappyHour,LocalEvent,30,21,-9
R006,2025-02-12,17,2,0,Clear,2.8,26.0,HappyHour,LocalEvent,22,18,-4
R006,2025-02-12,18,2,0,Clear,2.8,26.0,HappyHour,LocalEvent,29,29,0
R006,2025-02-12,19,2,0,Clear,2.8,26.0,HappyHour,LocalEvent,45,54,9
R006,2025-02-12,20,2,0,Clear,2.8,26.0,HappyHour,LocalEvent,54,54,0
R006,2025-02-12,21,2,0,Clear,2.8,26.0,HappyHour,LocalEvent,44,39,-5
R006,2025-02-12,22,2,0,Clear,2.8,26.0,HappyHour,LocalEvent,23,24,1
R006,2025-02-13,8,3,0,Clear,2.79,27.9,None,LocalEvent,5,6,1
R006,2025-02-13,9,3,0,Clear,2.79,27.9,None,LocalEvent,13,13,0
R006,2025-02-13,10,3,0,Clear,2.79,27.9,None,LocalEvent,26,26,0
R006,2025-02-13,11,3,0,Clear,2.79,27.9,None,LocalEvent,42,51,9
R006,2025-02-13,12,3,0,Clear,2.79,27.9,None,LocalEvent,56,53,-3
R006,2025-02-13,13,3,0,Clear,2.79,27.9,None,LocalEvent,62,56,-6
R006,2025-02-13,14,3,0,Clear,2.79,27.9,None,LocalEvent,56,57,1
R006,2025-02-13,15,3,0,Clear,2.79,27.9,None,LocalEvent,42,37,-5
R006,2025-02-13,16,3,0,Clear,2.79,27.9,None,LocalEvent,27,30,3
R006,2025-02-13,17,3,0,Clear,2.79,27.9,None,LocalEvent,21,24,3
R006,2025-02-13,18,3,0,Clear,2.79,27.9,None,LocalEvent,27,30,3
R006,2025-02-13,19,3,0,Clear,2.79,27.9,None,LocalEvent,42,44,2
R006,2025-02-13,20,3,0,Clear,2.79,27.9,None,LocalEvent,50,52,2
R006,2025-02-13,21,3,0,Clear,2.79,27.9,None,LocalEvent,40,46,6
R006,2025-02-13,22,3,0,Clear,2.79,27.9,None,LocalEvent,22,19,-3
R006,2025-02-14,8,4,0,Rain,23.4,27.4,FestivalOffer,Festival,5,4,-1
R006,2025-02-14,9,4,0,Rain,23.4,27.4,FestivalOffer,Festival,13,13,0
R006,2025-02-14,10,4,0,Rain,23.4,27.4,FestivalOffer,Festival,25,26,1
R006,2025-02-14,11,4,0,Rain,23.4,27.4,FestivalOffer,Festival,41,41,0
R006,2025-02-14,12,4,0,Rain,23.4,27.4,FestivalOffer,Festival,55,52,-3
R006,2025-02-14,13,4,0,Rain,23.4,27.4,FestivalOffer,Festival,61,62,1
R006,2025-02-14,14,4,0,Rain,23.4,27.4,FestivalOffer,Festival,55,40,-15
R006,2025-02-14,15,4,0,Rain,23.4,27.4,FestivalOffer,Festival,42,45,3
R006,2025-02-14,16,4,0,Rain,23.4,27.4,FestivalOffer,Festival,27,27,0
R006,2025-02-14,17,4,0,Rain,23.4,27.4,FestivalOffer,Festival,20,16,-4
R006,2025-02-14,18,4,0,Rain,23.4,27.4,FestivalOffer,Festival,27,24,-3
R006,2025-02-14,19,4,0,Rain,23.4,27.4,FestivalOffer,Festival,42,42,0
R006,2025-02-14,20,4,0,Rain,23.4,27.4,FestivalOffer,Festival,49,47,-2
R006,2025-02-14,21,4,0,Rain,23.4,27.4,FestivalOffer,Festival,40,44,4
R006,2025-02-14,22,4,0,Rain,23.4,27.4,FestivalOffer,Festival,21,21,0
R006,2025-02-15,8,5,1,Storm,30.59,21.6,WeekendDeal,LocalEvent,5,6,1
R006,2025-02-15,9,5,1,Storm,30.59,21.6,WeekendDeal,LocalEvent,11,13,2
R006,2025-02-15,10,5,1,Storm,30.59,21.6,WeekendDeal,LocalEvent,22,20,-2
R006,2025-02-15,11,5,1,Storm,30.59,21.6,WeekendDeal,LocalEvent,36,46,10
R006,2025-02-15,12,5,1,Storm,30.59,21.6,WeekendDeal,LocalEvent,48,42,-6
R006,2025-02-15,13,5,1,Storm,30.59,21.6,WeekendDeal,LocalEvent,53,57,4
R006,2025-02-15,14,5,1,Storm,30.59,21.6,WeekendDeal,LocalEvent,48,47,-1
R006,2025-02-15,15,5,1,Storm,30.59,21.6,WeekendDeal,LocalEvent,36,30,-6
R006,2025-02-15,16,5,1,Storm,30.59,21.6,WeekendDeal,LocalEvent,24,15,-9
R006,2025-02-15,17,5,1,Storm,30.59,21.6,WeekendDeal,LocalEvent,18,21,3
R006,2025-02-15,18,5,1,Storm,30.59,21.6,WeekendDeal,LocalEvent,23,25,2
R006,2025-02-15,19,5,1,Storm,30.59,21.6,WeekendDeal,LocalEvent,36,39,3
R006,2025-02-15,20,5,1,Storm,30.59,21.6,WeekendDeal,LocalEvent,43,44,1
R006,2025-02-15,21,5,1,Storm,30.59,21.6,WeekendDeal,LocalEvent,35,29,-6
R006,2025-02-15,22,5,1,Storm,30.59,21.6,WeekendDeal,LocalEvent,19,21,2
R006,2025-02-16,8,6,1,Storm,4.75,30.4,HappyHour,Festival,5,4,-1
R006,2025-02-16,9,6,1,Storm,4.75,30.4,HappyHour,Festival,12,12,0
R006,2025-02-16,10,6,1,Storm,4.75,30.4,HappyHour,Festival,23,24,1
R006,2025-02-16,11,6,1,Storm,4.75,30.4,HappyHour,Festival,37,39,2
R006,2025-02-16,12,6,1,Storm,4.75,30.4,HappyHour,Festival,50,60,10
R006,2025-02-16,13,6,1,Storm,4.75,30.4,HappyHour,Festival,55,48,-7
R006,2025-02-16,14,6,1,Storm,4.75,30.4,HappyHour,Festival,50,43,-7
R006,2025-02-16,15,6,1,Storm,4.75,30.4,HappyHour,Festival,37,34,-3
R006,2025-02-16,16,6,1,Storm,4.75,30.4,HappyHour,Festival,24,25,1
R006,2025-02-16,17,6,1,Storm,4.75,30.4,HappyHour,Festival,18,24,6
R006,2025-02-16,18,6,1,Storm,4.75,30.4,HappyHour,Festival,24,23,-1
R006,2025-02-16,19,6,1,Storm,4.75,30.4,HappyHour,Festival,37,30,-7
R006,2025-02-16,20,6,1,Storm,4.75,30.4,HappyHour,Festival,44,38,-6
R006,2025-02-16,21,6,1,Storm,4.75,30.4,HappyHour,Festival,36,34,-2
R006,2025-02-16,22,6,1,Storm,4.75,30.4,HappyHour,Festival,19,22,3
R006,2025-02-17,8,0,0,Storm,16.7,34.8,FestivalOffer,None,4,7,3
R006,2025-02-17,9,0,0,Storm,16.7,34.8,FestivalOffer,None,9,8,-1
R006,2025-02-17,10,0,0,Storm,16.7,34.8,FestivalOffer,None,18,20,2
R006,2025-02-17,11,0,0,Storm,16.7,34.8,FestivalOffer,None,30,29,-1
R006,2025-02-17,12,0,0,Storm,16.7,34.8,FestivalOffer,None,40,37,-3
R006,2025-02-17,13,0,0,Storm,16.7,34.8,FestivalOffer,None,44,43,-1
R006,2025-02-17,14,0,0,Storm,16.7,34.8,FestivalOffer,None,40,39,-1
R006,2025-02-17,15,0,0,Storm,16.7,34.8,FestivalOffer,None,30,34,4
R006,2025-02-17,16,0,0,Storm,16.7,34.8,FestivalOffer,None,20,21,1
R006,2025-02-17,17,0,0,Storm,16.7,34.8,FestivalOffer,None,15,16,1
R006,2025-02-17,18,0,0,Storm,16.7,34.8,FestivalOffer,None,19,17,-2
R006,2025-02-17,19,0,0,Storm,16.7,34.8,FestivalOffer,None,30,35,5
R006,2025-02-17,20,0,0,Storm,16.7,34.8,FestivalOffer,None,36,32,-4
R006,2025-02-17,21,0,0,Storm,16.7,34.8,FestivalOffer,None,29,29,0
R006,2025-02-17,22,0,0,Storm,16.7,34.8,FestivalOffer,None,16,18,2
R006,2025-02-18,8,1,0,Cloudy,1.78,32.3,WeekendDeal,Festival,6,5,-1
R006,2025-02-18,9,1,0,Cloudy,1.78,32.3,WeekendDeal,Festival,16,15,-1
R006,2025-02-18,10,1,0,Cloudy,1.78,32.3,WeekendDeal,Festival,31,25,-6
R006,2025-02-18,11,1,0,Cloudy,1.78,32.3,WeekendDeal,Festival,50,58,8
R006,2025-02-18,12,1,0,Cloudy,1.78,32.3,WeekendDeal,Festival,67,74,7
R006,2025-02-18,13,1,0,Cloudy,1.78,32.3,WeekendDeal,Festival,74,69,-5
R006,2025-02-18,14,1,0,Cloudy,1.78,32.3,WeekendDeal,Festival,67,64,-3
R006,2025-02-18,15,1,0,Cloudy,1.78,32.3,WeekendDeal,Festival,51,50,-1
R006,2025-02-18,16,1,0,Cloudy,1.78,32.3,WeekendDeal,Festival,33,41,8
R006,2025-02-18,17,1,0,Cloudy,1.78,32.3,WeekendDeal,Festival,25,21,-4
R006,2025-02-18,18,1,0,Cloudy,1.78,32.3,WeekendDeal,Festival,32,33,1
R006,2025-02-18,19,1,0,Cloudy,1.78,32.3,WeekendDeal,Festival,51,58,7
R006,2025-02-18,20,1,0,Cloudy,1.78,32.3,WeekendDeal,Festival,60,61,1
R006,2025-02-18,21,1,0,Cloudy,1.78,32.3,WeekendDeal,Festival,48,39,-9
R006,2025-02-18,22,1,0,Cloudy,1.78,32.3,WeekendDeal,Festival,26,23,-3
R006,2025-02-19,8,2,0,Cloudy,3.6,24.7,HappyHour,LocalEvent,6,2,-4
R006,2025-02-19,9,2,0,Cloudy,3.6,24.7,HappyHour,LocalEvent,14,15,1
R006,2025-02-19,10,2,0,Cloudy,3.6,24.7,HappyHour,LocalEvent,28,29,1
R006,2025-02-19,11,2,0,Cloudy,3.6,24.7,HappyHour,LocalEvent,45,47,2
R006,2025-02-19,12,2,0,Cloudy,3.6,24.7,HappyHour,LocalEvent,60,68,8
R006,2025-02-19,13,2,0,Cloudy,3.6,24.7,HappyHour,LocalEvent,67,82,15
R006,2025-02-19,14,2,0,Cloudy,3.6,24.7,HappyHour,LocalEvent,60,55,-5
R006,2025-02-19,15,2,0,Cloudy,3.6,24.7,HappyHour,LocalEvent,45,45,0
R006,2025-02-19,16,2,0,Cloudy,3.6,24.7,HappyHour,LocalEvent,30,34,4
R006,2025-02-19,17,2,0,Cloudy,3.6,24.7,HappyHour,LocalEvent,22,24,2
R006,2025-02-19,18,2,0,Cloudy,3.6,24.7,HappyHour,LocalEvent,29,34,5
R006,2025-02-19,19,2,0,Cloudy,3.6,24.7,HappyHour,LocalEvent,45,48,3
R006,2025-02-19,20,2,0,Cloudy,3.6,24.7,HappyHour,LocalEvent,54,73,19
R006,2025-02-19,21,2,0,Cloudy,3.6,24.7,HappyHour,LocalEvent,44,38,-6
R006,2025-02-19,22,2,0,Cloudy,3.6,24.7,HappyHour,LocalEvent,23,26,3
R006,2025-02-20,8,3,0,Rain,11.12,31.5,HappyHour,SportsMatch,5,3,-2
R006,2025-02-20,9,3,0,Rain,11.12,31.5,HappyHour,SportsMatch,11,14,3
R006,2025-02-20,10,3,0,Rain,11.12,31.5,HappyHour,SportsMatch,22,17,-5
R006,2025-02-20,11,3,0,Rain,11.12,31.5,HappyHour,SportsMatch,36,37,1
R006,2025-02-20,12,3,0,Rain,11.12,31.5,HappyHour,SportsMatch,48,42,-6
R006,2025-02-20,13,3,0,Rain,11.12,31.5,HappyHour,SportsMatch,53,53,0
R006,2025-02-20,14,3,0,Rain,11.12,31.5,HappyHour,SportsMatch,48,46,-2
R006,2025-02-20,15,3,0,Rain,11.12,31.5,HappyHour,SportsMatch,36,39,3
R006,2025-02-20,16,3,0,Rain,11.12,31.5,HappyHour,SportsMatch,24,24,0
R006,2025-02-20,17,3,0,Rain,11.12,31.5,HappyHour,SportsMatch,18,19,1
R006,2025-02-20,18,3,0,Rain,11.12,31.5,HappyHour,SportsMatch,23,22,-1
R006,2025-02-20,19,3,0,Rain,11.12,31.5,HappyHour,SportsMatch,36,45,9
R006,2025-02-20,20,3,0,Rain,11.12,31.5,HappyHour,SportsMatch,43,36,-7
R006,2025-02-20,21,3,0,Rain,11.12,31.5,HappyHour,SportsMatch,35,37,2
R006,2025-02-20,22,3,0,Rain,11.12,31.5,HappyHour,SportsMatch,19,13,-6
R006,2025-02-21,8,4,0,Cloudy,2.18,31.1,WeekendDeal,None,6,7,1
R006,2025-02-21,9,4,0,Cloudy,2.18,31.1,WeekendDeal,None,14,13,-1
R006,2025-02-21,10,4,0,Cloudy,2.18,31.1,WeekendDeal,None,27,31,4
R006,2025-02-21,11,4,0,Cloudy,2.18,31.1,WeekendDeal,None,44,46,2
R006,2025-02-21,12,4,0,Cloudy,2.18,31.1,WeekendDeal,None,59,65,6
R006,2025-02-21,13,4,0,Cloudy,2.18,31.1,WeekendDeal,None,65,71,6
R006,2025-02-21,14,4,0,Cloudy,2.18,31.1,WeekendDeal,None,59,63,4
R006,2025-02-21,15,4,0,Cloudy,2.18,31.1,WeekendDeal,None,44,39,-5
R006,2025-02-21,16,4,0,Cloudy,2.18,31.1,WeekendDeal,None,29,26,-3
R006,2025-02-21,17,4,0,Cloudy,2.18,31.1,WeekendDeal,None,22,19,-3
R006,2025-02-21,18,4,0,Cloudy,2.18,31.1,WeekendDeal,None,28,26,-2
R006,2025-02-21,19,4,0,Cloudy,2.18,31.1,WeekendDeal,None,44,38,-6
R006,2025-02-21,20,4,0,Cloudy,2.18,31.1,WeekendDeal,None,52,38,-14
R006,2025-02-21,21,4,0,Cloudy,2.18,31.1,WeekendDeal,None,42,49,7
R006,2025-02-21,22,4,0,Cloudy,2.18,31.1,WeekendDeal,None,23,23,0
R006,2025-02-22,8,5,1,Rain,3.17,25.1,None,Festival,5,4,-1
R006,2025-02-22,9,5,1,Rain,3.17,25.1,None,Festival,13,13,0
R006,2025-02-22,10,5,1,Rain,3.17,25.1,None,Festival,25,21,-4
R006,2025-02-22,11,5,1,Rain,3.17,25.1,None,Festival,41,42,1
R006,2025-02-22,12,5,1,Rain,3.17,25.1,None,Festival,55,49,-6
R006,2025-02-22,13,5,1,Rain,3.17,25.1,None,Festival,61,52,-9
R006,2025-02-22,14,5,1,Rain,3.17,25.1,None,Festival,55,62,7
R006,2025-02-22,15,5,1,Rain,3.17,25.1,None,Festival,42,43,1
R006,2025-02-22,16,5,1,Rain,3.17,25.1,None,Festival,27,24,-3
R006,2025-02-22,17,5,1,Rain,3.17,25.1,None,Festival,20,19,-1
R006,2025-02-22,18,5,1,Rain,3.17,25.1,None,Festival,27,30,3
R006,2025-02-22,19,5,1,Rain,3.17,25.1,None,Festival,42,47,5
R006,2025-02-22,20,5,1,Rain,3.17,25.1,None,Festival,49,51,2
R006,2025-02-22,21,5,1,Rain,3.17,25.1,None,Festival,40,50,10
R006,2025-02-22,22,5,1,Rain,3.17,25.1,None,Festival,21,23,2
R006,2025-02-23,8,6,1,Rain,9.3,35.5,WeekendDeal,None,5,6,1
R006,2025-02-23,9,6,1,Rain,9.3,35.5,WeekendDeal,None,12,17,5
R006,2025-02-23,10,6,1,Rain,9.3,35.5,WeekendDeal,None,25,22,-3
R006,2025-02-23,11,6,1,Rain,9.3,35.5,WeekendDeal,None,40,38,-2
R006,2025-02-23,12,6,1,Rain,9.3,35.5,WeekendDeal,None,54,60,6
R006,2025-02-23,13,6,1,Rain,9.3,35.5,WeekendDeal,None,59,58,-1
R006,2025-02-23,14,6,1,Rain,9.3,35.5,WeekendDeal,None,54,56,2
R006,2025-02-23,15,6,1,Rain,9.3,35.5,WeekendDeal,None,40,40,0
R006,2025-02-23,16,6,1,Rain,9.3,35.5,WeekendDeal,None,26,28,2
R006,2025-02-23,17,6,1,Rain,9.3,35.5,WeekendDeal,None,20,24,4
R006,2025-02-23,18,6,1,Rain,9.3,35.5,WeekendDeal,None,26,29,3
R006,2025-02-23,19,6,1,Rain,9.3,35.5,WeekendDeal,None,40,49,9
R006,2025-02-23,20,6,1,Rain,9.3,35.5,WeekendDeal,None,48,52,4
R006,2025-02-23,21,6,1,Rain,9.3,35.5,WeekendDeal,None,39,37,-2
R006,2025-02-23,22,6,1,Rain,9.3,35.5,WeekendDeal,None,21,24,3
R006,2025-02-24,8,0,0,Rain,22.7,30.9,HappyHour,SportsMatch,5,5,0
R006,2025-02-24,9,0,0,Rain,22.7,30.9,HappyHour,SportsMatch,11,11,0
R006,2025-02-24,10,0,0,Rain,22.7,30.9,HappyHour,SportsMatch,22,21,-1
R006,2025-02-24,11,0,0,Rain,22.7,30.9,HappyHour,SportsMatch,36,39,3
R006,2025-02-24,12,0,0,Rain,22.7,30.9,HappyHour,SportsMatch,48,55,7
R006,2025-02-24,13,0,0,Rain,22.7,30.9,HappyHour,SportsMatch,53,58,5
R006,2025-02-24,14,0,0,Rain,22.7,30.9,HappyHour,SportsMatch,48,37,-11
R006,2025-02-24,15,0,0,Rain,22.7,30.9,HappyHour,SportsMatch,36,36,0
R006,2025-02-24,16,0,0,Rain,22.7,30.9,HappyHour,SportsMatch,24,17,-7
R006,2025-02-24,17,0,0,Rain,22.7,30.9,HappyHour,SportsMatch,18,18,0
R006,2025-02-24,18,0,0,Rain,22.7,30.9,HappyHour,SportsMatch,23,24,1
R006,2025-02-24,19,0,0,Rain,22.7,30.9,HappyHour,SportsMatch,36,29,-7
R006,2025-02-24,20,0,0,Rain,22.7,30.9,HappyHour,SportsMatch,43,48,5
R006,2025-02-24,21,0,0,Rain,22.7,30.9,HappyHour,SportsMatch,35,35,0
R006,2025-02-24,22,0,0,Rain,22.7,30.9,HappyHour,SportsMatch,19,22,3
R006,2025-02-25,8,1,0,Rain,3.86,23.0,None,Festival,5,7,2
R006,2025-02-25,9,1,0,Rain,3.86,23.0,None,Festival,11,10,-1
R006,2025-02-25,10,1,0,Rain,3.86,23.0,None,Festival,21,20,-1
R006,2025-02-25,11,1,0,Rain,3.86,23.0,None,Festival,35,36,1
R006,2025-02-25,12,1,0,Rain,3.86,23.0,None,Festival,47,58,11
R006,2025-02-25,13,1,0,Rain,3.86,23.0,None,Festival,52,59,7
R006,2025-02-25,14,1,0,Rain,3.86,23.0,None,Festival,47,46,-1
R006,2025-02-25,15,1,0,Rain,3.86,23.0,None,Festival,35,38,3
R006,2025-02-25,16,1,0,Rain,3.86,23.0,None,Festival,23,26,3
R006,2025-02-25,17,1,0,Rain,3.86,23.0,None,Festival,17,18,1
R006,2025-02-25,18,1,0,Rain,3.86,23.0,None,Festival,23,29,6
R006,2025-02-25,19,1,0,Rain,3.86,23.0,None,Festival,35,26,-9
R006,2025-02-25,20,1,0,Rain,3.86,23.0,None,Festival,42,45,3
R006,2025-02-25,21,1,0,Rain,3.86,23.0,None,Festival,34,37,3
R006,2025-02-25,22,1,0,Rain,3.86,23.0,None,Festival,18,16,-2
R006,2025-02-26,8,2,0,Cloudy,3.08,34.3,FestivalOffer,LocalEvent,6,5,-1
R006,2025-02-26,9,2,0,Cloudy,3.08,34.3,FestivalOffer,LocalEvent,15,18,3
R006,2025-02-26,10,2,0,Cloudy,3.08,34.3,FestivalOffer,LocalEvent,30,22,-8
R006,2025-02-26,11,2,0,Cloudy,3.08,34.3,FestivalOffer,LocalEvent,49,56,7
R006,2025-02-26,12,2,0,Cloudy,3.08,34.3,FestivalOffer,LocalEvent,66,61,-5
R006,2025-02-26,13,2,0,Cloudy,3.08,34.3,FestivalOffer,LocalEvent,73,74,1
R006,2025-02-26,14,2,0,Cloudy,3.08,34.3,FestivalOffer,LocalEvent,66,63,-3
R006,2025-02-26,15,2,0,Cloudy,3.08,34.3,FestivalOffer,LocalEvent,50,53,3
R006,2025-02-26,16,2,0,Cloudy,3.08,34.3,FestivalOffer,LocalEvent,32,31,-1
R006,2025-02-26,17,2,0,Cloudy,3.08,34.3,FestivalOffer,LocalEvent,24,27,3
R006,2025-02-26,18,2,0,Cloudy,3.08,34.3,FestivalOffer,LocalEvent,32,31,-1
R006,2025-02-26,19,2,0,Cloudy,3.08,34.3,FestivalOffer,LocalEvent,50,55,5
R006,2025-02-26,20,2,0,Cloudy,3.08,34.3,FestivalOffer,LocalEvent,59,48,-11
R006,2025-02-26,21,2,0,Cloudy,3.08,34.3,FestivalOffer,LocalEvent,48,52,4
R006,2025-02-26,22,2,0,Cloudy,3.08,34.3,FestivalOffer,LocalEvent,26,28,2
R006,2025-02-27,8,3,0,Clear,0.16,26.7,WeekendDeal,None,6,7,1
R006,2025-02-27,9,3,0,Clear,0.16,26.7,WeekendDeal,None,14,14,0
R006,2025-02-27,10,3,0,Clear,0.16,26.7,WeekendDeal,None,27,29,2
R006,2025-02-27,11,3,0,Clear,0.16,26.7,WeekendDeal,None,44,33,-11
R006,2025-02-27,12,3,0,Clear,0.16,26.7,WeekendDeal,None,59,61,2
R006,2025-02-27,13,3,0,Clear,0.16,26.7,WeekendDeal,None,65,69,4
R006,2025-02-27,14,3,0,Clear,0.16,26.7,WeekendDeal,None,59,53,-6
R006,2025-02-27,15,3,0,Clear,0.16,26.7,WeekendDeal,None,44,41,-3
R006,2025-02-27,16,3,0,Clear,0.16,26.7,WeekendDeal,None,29,27,-2
R006,2025-02-27,17,3,0,Clear,0.16,26.7,WeekendDeal,None,22,23,1
R006,2025-02-27,18,3,0,Clear,0.16,26.7,WeekendDeal,None,28,41,13
R006,2025-02-27,19,3,0,Clear,0.16,26.7,WeekendDeal,None,44,42,-2
R006,2025-02-27,20,3,0,Clear,0.16,26.7,WeekendDeal,None,52,62,10
R006,2025-02-27,21,3,0,Clear,0.16,26.7,WeekendDeal,None,42,48,6
R006,2025-02-27,22,3,0,Clear,0.16,26.7,WeekendDeal,None,23,23,0
R006,2025-02-28,8,4,0,Clear,0.26,33.7,FestivalOffer,Festival,7,7,0
R006,2025-02-28,9,4,0,Clear,0.26,33.7,FestivalOffer,Festival,16,15,-1
R006,2025-02-28,10,4,0,Clear,0.26,33.7,FestivalOffer,Festival,33,37,4
R006,2025-02-28,11,4,0,Clear,0.26,33.7,FestivalOffer,Festival,53,60,7
R006,2025-02-28,12,4,0,Clear,0.26,33.7,FestivalOffer,Festival,71,78,7
R006,2025-02-28,13,4,0,Clear,0.26,33.7,FestivalOffer,Festival,78,81,3
R006,2025-02-28,14,4,0,Clear,0.26,33.7,FestivalOffer,Festival,71,56,-15
R006,2025-02-28,15,4,0,Clear,0.26,33.7,FestivalOffer,Festival,53,51,-2
R006,2025-02-28,16,4,0,Clear,0.26,33.7,FestivalOffer,Festival,35,43,8
R006,2025-02-28,17,4,0,Clear,0.26,33.7,FestivalOffer,Festival,26,29,3
R006,2025-02-28,18,4,0,Clear,0.26,33.7,FestivalOffer,Festival,34,41,7
R006,2025-02-28,19,4,0,Clear,0.26,33.7,FestivalOffer,Festival,53,38,-15
R006,2025-02-28,20,4,0,Clear,0.26,33.7,FestivalOffer,Festival,63,68,5
R006,2025-02-28,21,4,0,Clear,0.26,33.7,FestivalOffer,Festival,51,44,-7
R006,2025-02-28,22,4,0,Clear,0.26,33.7,FestivalOffer,Festival,27,27,0
R006,2025-03-01,8,5,1,Clear,1.09,22.4,WeekendDeal,SportsMatch,7,8,1
R006,2025-03-01,9,5,1,Clear,1.09,22.4,WeekendDeal,SportsMatch,17,20,3
R006,2025-03-01,10,5,1,Clear,1.09,22.4,WeekendDeal,SportsMatch,34,34,0
R006,2025-03-01,11,5,1,Clear,1.09,22.4,WeekendDeal,SportsMatch,56,50,-6
R006,2025-03-01,12,5,1,Clear,1.09,22.4,WeekendDeal,SportsMatch,75,67,-8
R006,2025-03-01,13,5,1,Clear,1.09,22.4,WeekendDeal,SportsMatch,83,90,7
R006,2025-03-01,14,5,1,Clear,1.09,22.4,WeekendDeal,SportsMatch,75,54,-21
R006,2025-03-01,15,5,1,Clear,1.09,22.4,WeekendDeal,SportsMatch,57,44,-13
R006,2025-03-01,16,5,1,Clear,1.09,22.4,WeekendDeal,SportsMatch,37,41,4
R006,2025-03-01,17,5,1,Clear,1.09,22.4,WeekendDeal,SportsMatch,28,28,0
R006,2025-03-01,18,5,1,Clear,1.09,22.4,WeekendDeal,SportsMatch,36,45,9
R006,2025-03-01,19,5,1,Clear,1.09,22.4,WeekendDeal,SportsMatch,56,61,5
R006,2025-03-01,20,5,1,Clear,1.09,22.4,WeekendDeal,SportsMatch,67,60,-7
R006,2025-03-01,21,5,1,Clear,1.09,22.4,WeekendDeal,SportsMatch,54,53,-1
R006,2025-03-01,22,5,1,Clear,1.09,22.4,WeekendDeal,SportsMatch,29,21,-8
R006,2025-03-02,8,6,1,Storm,11.73,25.0,WeekendDeal,SportsMatch,5,4,-1
R006,2025-03-02,9,6,1,Storm,11.73,25.0,WeekendDeal,SportsMatch,11,6,-5
R006,2025-03-02,10,6,1,Storm,11.73,25.0,WeekendDeal,SportsMatch,22,19,-3
R006,2025-03-02,11,6,1,Storm,11.73,25.0,WeekendDeal,SportsMatch,37,31,-6
R006,2025-03-02,12,6,1,Storm,11.73,25.0,WeekendDeal,SportsMatch,49,60,11
R006,2025-03-02,13,6,1,Storm,11.73,25.0,WeekendDeal,SportsMatch,54,67,13
R006,2025-03-02,14,6,1,Storm,11.73,25.0,WeekendDeal,SportsMatch,49,48,-1
R006,2025-03-02,15,6,1,Storm,11.73,25.0,WeekendDeal,SportsMatch,37,37,0
R006,2025-03-02,16,6,1,Storm,11.73,25.0,WeekendDeal,SportsMatch,24,30,6
R006,2025-03-02,17,6,1,Storm,11.73,25.0,WeekendDeal,SportsMatch,18,20,2
R006,2025-03-02,18,6,1,Storm,11.73,25.0,WeekendDeal,SportsMatch,24,20,-4
R006,2025-03-02,19,6,1,Storm,11.73,25.0,WeekendDeal,SportsMatch,37,36,-1
R006,2025-03-02,20,6,1,Storm,11.73,25.0,WeekendDeal,SportsMatch,44,43,-1
R006,2025-03-02,21,6,1,Storm,11.73,25.0,WeekendDeal,SportsMatch,35,33,-2
R006,2025-03-02,22,6,1,Storm,11.73,25.0,WeekendDeal,SportsMatch,19,20,1
R006,2025-03-03,8,0,0,Clear,2.23,30.0,WeekendDeal,SportsMatch,6,9,3
R006,2025-03-03,9,0,0,Clear,2.23,30.0,WeekendDeal,SportsMatch,15,15,0
R006,2025-03-03,10,0,0,Clear,2.23,30.0,WeekendDeal,SportsMatch,29,29,0
R006,2025-03-03,11,0,0,Clear,2.23,30.0,WeekendDeal,SportsMatch,48,54,6
R006,2025-03-03,12,0,0,Clear,2.23,30.0,WeekendDeal,SportsMatch,64,66,2
R006,2025-03-03,13,0,0,Clear,2.23,30.0,WeekendDeal,SportsMatch,70,64,-6
R006,2025-03-03,14,0,0,Clear,2.23,30.0,WeekendDeal,SportsMatch,64,69,5
R006,2025-03-03,15,0,0,Clear,2.23,30.0,WeekendDeal,SportsMatch,48,53,5
R006,2025-03-03,16,0,0,Clear,2.23,30.0,WeekendDeal,SportsMatch,31,32,1
R006,2025-03-03,17,0,0,Clear,2.23,30.0,WeekendDeal,SportsMatch,24,23,-1
R006,2025-03-03,18,0,0,Clear,2.23,30.0,WeekendDeal,SportsMatch,31,31,0
R006,2025-03-03,19,0,0,Clear,2.23,30.0,WeekendDeal,SportsMatch,48,42,-6
R006,2025-03-03,20,0,0,Clear,2.23,30.0,WeekendDeal,SportsMatch,57,50,-7
R006,2025-03-03,21,0,0,Clear,2.23,30.0,WeekendDeal,SportsMatch,46,49,3
R006,2025-03-03,22,0,0,Clear,2.23,30.0,WeekendDeal,SportsMatch,25,27,2
R006,2025-03-04,8,1,0,Rain,15.27,26.9,HappyHour,SportsMatch,5,4,-1
R006,2025-03-04,9,1,0,Rain,15.27,26.9,HappyHour,SportsMatch,11,10,-1
R006,2025-03-04,10,1,0,Rain,15.27,26.9,HappyHour,SportsMatch,22,22,0
R006,2025-03-04,11,1,0,Rain,15.27,26.9,HappyHour,SportsMatch,36,37,1
R006,2025-03-04,12,1,0,Rain,15.27,26.9,HappyHour,SportsMatch,48,52,4
R006,2025-03-04,13,1,0,Rain,15.27,26.9,HappyHour,SportsMatch,53,67,14
R006,2025-03-04,14,1,0,Rain,15.27,26.9,HappyHour,SportsMatch,48,52,4
R006,2025-03-04,15,1,0,Rain,15.27,26.9,HappyHour,SportsMatch,36,41,5
R006,2025-03-04,16,1,0,Rain,15.27,26.9,HappyHour,SportsMatch,24,23,-1
R006,2025-03-04,17,1,0,Rain,15.27,26.9,HappyHour,SportsMatch,18,17,-1
R006,2025-03-04,18,1,0,Rain,15.27,26.9,HappyHour,SportsMatch,23,29,6
R006,2025-03-04,19,1,0,Rain,15.27,26.9,HappyHour,SportsMatch,36,35,-1
R006,2025-03-04,20,1,0,Rain,15.27,26.9,HappyHour,SportsMatch,43,41,-2
R006,2025-03-04,21,1,0,Rain,15.27,26.9,HappyHour,SportsMatch,35,38,3
R006,2025-03-04,22,1,0,Rain,15.27,26.9,HappyHour,SportsMatch,19,18,-1
R006,2025-03-05,8,2,0,Storm,30.03,25.1,WeekendDeal,SportsMatch,4,5,1
R006,2025-03-05,9,2,0,Storm,30.03,25.1,WeekendDeal,SportsMatch,10,10,0
R006,2025-03-05,10,2,0,Storm,30.03,25.1,WeekendDeal,SportsMatch,19,18,-1
R006,2025-03-05,11,2,0,Storm,30.03,25.1,WeekendDeal,SportsMatch,31,34,3
R006,2025-03-05,12,2,0,Storm,30.03,25.1,WeekendDeal,SportsMatch,42,50,8
R006,2025-03-05,13,2,0,Storm,30.03,25.1,WeekendDeal,SportsMatch,46,38,-8
R006,2025-03-05,14,2,0,Storm,30.03,25.1,WeekendDeal,SportsMatch,42,38,-4
R006,2025-03-05,15,2,0,Storm,30.03,25.1,WeekendDeal,SportsMatch,31,34,3
R006,2025-03-05,16,2,0,Storm,30.03,25.1,WeekendDeal,SportsMatch,20,24,4
R006,2025-03-05,17,2,0,Storm,30.03,25.1,WeekendDeal,SportsMatch,15,13,-2
R006,2025-03-05,18,2,0,Storm,30.03,25.1,WeekendDeal,SportsMatch,20,20,0
R006,2025-03-05,19,2,0,Storm,30.03,25.1,WeekendDeal,SportsMatch,31,36,5
R006,2025-03-05,20,2,0,Storm,30.03,25.1,WeekendDeal,SportsMatch,37,44,7
R006,2025-03-05,21,2,0,Storm,30.03,25.1,WeekendDeal,SportsMatch,30,37,7
R006,2025-03-05,22,2,0,Storm,30.03,25.1,WeekendDeal,SportsMatch,16,13,-3
R006,2025-03-06,8,3,0,Storm,27.0,34.1,None,LocalEvent,3,5,2
R006,2025-03-06,9,3,0,Storm,27.0,34.1,None,LocalEvent,8,9,1
R006,2025-03-06,10,3,0,Storm,27.0,34.1,None,LocalEvent,17,16,-1
R006,2025-03-06,11,3,0,Storm,27.0,34.1,None,LocalEvent,27,30,3
R006,2025-03-06,12,3,0,Storm,27.0,34.1,None,LocalEvent,36,36,0
R006,2025-03-06,13,3,0,Storm,27.0,34.1,None,LocalEvent,40,53,13
R006,2025-03-06,14,3,0,Storm,27.0,34.1,None,LocalEvent,36,37,1
R006,2025-03-06,15,3,0,Storm,27.0,34.1,None,LocalEvent,27,16,-11
R006,2025-03-06,16,3,0,Storm,27.0,34.1,None,LocalEvent,18,17,-1
R006,2025-03-06,17,3,0,Storm,27.0,34.1,None,LocalEvent,13,13,0
R006,2025-03-06,18,3,0,Storm,27.0,34.1,None,LocalEvent,18,19,1
R006,2025-03-06,19,3,0,Storm,27.0,34.1,None,LocalEvent,27,30,3
R006,2025-03-06,20,3,0,Storm,27.0,34.1,None,LocalEvent,32,27,-5
R006,2025-03-06,21,3,0,Storm,27.0,34.1,None,LocalEvent,26,22,-4
R006,2025-03-06,22,3,0,Storm,27.0,34.1,None,LocalEvent,14,14,0
R006,2025-03-07,8,4,0,Storm,24.97,24.7,HappyHour,None,4,5,1
R006,2025-03-07,9,4,0,Storm,24.97,24.7,HappyHour,None,8,10,2
R006,2025-03-07,10,4,0,Storm,24.97,24.7,HappyHour,None,17,20,3
R006,2025-03-07,11,4,0,Storm,24.97,24.7,HappyHour,None,27,30,3
R006,2025-03-07,12,4,0,Storm,24.97,24.7,HappyHour,None,37,34,-3
R006,2025-03-07,13,4,0,Storm,24.97,24.7,HappyHour,None,41,39,-2
R006,2025-03-07,14,4,0,Storm,24.97,24.7,HappyHour,None,37,47,10
R006,2025-03-07,15,4,0,Storm,24.97,24.7,HappyHour,None,28,32,4
R006,2025-03-07,16,4,0,Storm,24.97,24.7,HappyHour,None,18,14,-4
R006,2025-03-07,17,4,0,Storm,24.97,24.7,HappyHour,None,14,15,1
R006,2025-03-07,18,4,0,Storm,24.97,24.7,HappyHour,None,18,19,1
R006,2025-03-07,19,4,0,Storm,24.97,24.7,HappyHour,None,28,26,-2
R006,2025-03-07,20,4,0,Storm,24.97,24.7,HappyHour,None,33,27,-6
R006,2025-03-07,21,4,0,Storm,24.97,24.7,HappyHour,None,26,24,-2
R006,2025-03-07,22,4,0,Storm,24.97,24.7,HappyHour,None,14,14,0
R006,2025-03-08,8,5,1,Cloudy,2.1,24.0,None,LocalEvent,6,6,0
R006,2025-03-08,9,5,1,Cloudy,2.1,24.0,None,LocalEvent,15,16,1
R006,2025-03-08,10,5,1,Cloudy,2.1,24.0,None,LocalEvent,30,31,1
R006,2025-03-08,11,5,1,Cloudy,2.1,24.0,None,LocalEvent,49,49,0
R006,2025-03-08,12,5,1,Cloudy,2.1,24.0,None,LocalEvent,66,63,-3
R006,2025-03-08,13,5,1,Cloudy,2.1,24.0,None,LocalEvent,73,59,-14
R006,2025-03-08,14,5,1,Cloudy,2.1,24.0,None,LocalEvent,66,86,20
R006,2025-03-08,15,5,1,Cloudy,2.1,24.0,None,LocalEvent,50,45,-5
R006,2025-03-08,16,5,1,Cloudy,2.1,24.0,None,LocalEvent,32,29,-3
R006,2025-03-08,17,5,1,Cloudy,2.1,24.0,None,LocalEvent,24,26,2
R006,2025-03-08,18,5,1,Cloudy,2.1,24.0,None,LocalEvent,32,35,3
R006,2025-03-08,19,5,1,Cloudy,2.1,24.0,None,LocalEvent,50,54,4
R006,2025-03-08,20,5,1,Cloudy,2.1,24.0,None,LocalEvent,59,65,6
R006,2025-03-08,21,5,1,Cloudy,2.1,24.0,None,LocalEvent,47,41,-6
R006,2025-03-08,22,5,1,Cloudy,2.1,24.0,None,LocalEvent,26,30,4
R006,2025-03-09,8,6,1,Clear,1.63,24.5,FestivalOffer,None,7,6,-1
R006,2025-03-09,9,6,1,Clear,1.63,24.5,FestivalOffer,None,17,16,-1
R006,2025-03-09,10,6,1,Clear,1.63,24.5,FestivalOffer,None,33,36,3
R006,2025-03-09,11,6,1,Clear,1.63,24.5,FestivalOffer,None,54,57,3
R006,2025-03-09,12,6,1,Clear,1.63,24.5,FestivalOffer,None,73,65,-8
R006,2025-03-09,13,6,1,Clear,1.63,24.5,FestivalOffer,None,80,67,-13
R006,2025-03-09,14,6,1,Clear,1.63,24.5,FestivalOffer,None,73,66,-7
R006,2025-03-09,15,6,1,Clear,1.63,24.5,FestivalOffer,None,55,60,5
R006,2025-03-09,16,6,1,Clear,1.63,24.5,FestivalOffer,None,36,41,5
R006,2025-03-09,17,6,1,Clear,1.63,24.5,FestivalOffer,None,27,28,1
R006,2025-03-09,18,6,1,Clear,1.63,24.5,FestivalOffer,None,35,36,1
R006,2025-03-09,19,6,1,Clear,1.63,24.5,FestivalOffer,None,55,61,6
R006,2025-03-09,20,6,1,Clear,1.63,24.5,FestivalOffer,None,65,60,-5
R006,2025-03-09,21,6,1,Clear,1.63,24.5,FestivalOffer,None,52,51,-1
R006,2025-03-09,22,6,1,Clear,1.63,24.5,FestivalOffer,None,28,29,1
R006,2025-03-10,8,0,0,Storm,8.75,37.4,FestivalOffer,SportsMatch,4,6,2
R006,2025-03-10,9,0,0,Storm,8.75,37.4,FestivalOffer,SportsMatch,10,10,0
R006,2025-03-10,10,0,0,Storm,8.75,37.4,FestivalOffer,SportsMatch,20,18,-2
R006,2025-03-10,11,0,0,Storm,8.75,37.4,FestivalOffer,SportsMatch,33,32,-1
R006,2025-03-10,12,0,0,Storm,8.75,37.4,FestivalOffer,SportsMatch,44,41,-3
R006,2025-03-10,13,0,0,Storm,8.75,37.4,FestivalOffer,SportsMatch,48,44,-4
R006,2025-03-10,14,0,0,Storm,8.75,37.4,FestivalOffer,SportsMatch,44,43,-1
R006,2025-03-10,15,0,0,Storm,8.75,37.4,FestivalOffer,SportsMatch,33,28,-5
R006,2025-03-10,16,0,0,Storm,8.75,37.4,FestivalOffer,SportsMatch,21,22,1
R006,2025-03-10,17,0,0,Storm,8.75,37.4,FestivalOffer,SportsMatch,16,17,1
R006,2025-03-10,18,0,0,Storm,8.75,37.4,FestivalOffer,SportsMatch,21,19,-2
R006,2025-03-10,19,0,0,Storm,8.75,37.4,FestivalOffer,SportsMatch,33,29,-4
R006,2025-03-10,20,0,0,Storm,8.75,37.4,FestivalOffer,SportsMatch,39,40,1
R006,2025-03-10,21,0,0,Storm,8.75,37.4,FestivalOffer,SportsMatch,31,28,-3
R006,2025-03-10,22,0,0,Storm,8.75,37.4,FestivalOffer,SportsMatch,17,18,1
R006,2025-03-11,8,1,0,Clear,0.52,38.0,HappyHour,SportsMatch,6,5,-1
R006,2025-03-11,9,1,0,Clear,0.52,38.0,HappyHour,SportsMatch,14,19,5
R006,2025-03-11,10,1,0,Clear,0.52,38.0,HappyHour,SportsMatch,28,25,-3
R006,2025-03-11,11,1,0,Clear,0.52,38.0,HappyHour,SportsMatch,46,44,-2
R006,2025-03-11,12,1,0,Clear,0.52,38.0,HappyHour,SportsMatch,62,64,2
R006,2025-03-11,13,1,0,Clear,0.52,38.0,HappyHour,SportsMatch,68,62,-6
R006,2025-03-11,14,1,0,Clear,0.52,38.0,HappyHour,SportsMatch,62,57,-5
R006,2025-03-11,15,1,0,Clear,0.52,38.0,HappyHour,SportsMatch,46,44,-2
R006,2025-03-11,16,1,0,Clear,0.52,38.0,HappyHour,SportsMatch,30,33,3
R006,2025-03-11,17,1,0,Clear,0.52,38.0,HappyHour,SportsMatch,23,19,-4
R006,2025-03-11,18,1,0,Clear,0.52,38.0,HappyHour,SportsMatch,30,31,1
R006,2025-03-11,19,1,0,Clear,0.52,38.0,HappyHour,SportsMatch,46,56,10
R006,2025-03-11,20,1,0,Clear,0.52,38.0,HappyHour,SportsMatch,55,51,-4
R006,2025-03-11,21,1,0,Clear,0.52,38.0,HappyHour,SportsMatch,44,37,-7
R006,2025-03-11,22,1,0,Clear,0.52,38.0,HappyHour,SportsMatch,24,21,-3
R006,2025-03-12,8,2,0,Clear,2.47,24.2,FestivalOffer,SportsMatch,6,8,2
R006,2025-03-12,9,2,0,Clear,2.47,24.2,FestivalOffer,SportsMatch,16,18,2
R006,2025-03-12,10,2,0,Clear,2.47,24.2,FestivalOffer,SportsMatch,31,27,-4
R006,2025-03-12,11,2,0,Clear,2.47,24.2,FestivalOffer,SportsMatch,50,51,1
R006,2025-03-12,12,2,0,Clear,2.47,24.2,FestivalOffer,SportsMatch,67,62,-5
R006,2025-03-12,13,2,0,Clear,2.47,24.2,FestivalOffer,SportsMatch,74,70,-4
R006,2025-03-12,14,2,0,Clear,2.47,24.2,FestivalOffer,SportsMatch,67,62,-5
R006,2025-03-12,15,2,0,Clear,2.47,24.2,FestivalOffer,SportsMatch,51,37,-14
R006,2025-03-12,16,2,0,Clear,2.47,24.2,FestivalOffer,SportsMatch,33,40,7
R006,2025-03-12,17,2,0,Clear,2.47,24.2,FestivalOffer,SportsMatch,25,23,-2
R006,2025-03-12,18,2,0,Clear,2.47,24.2,FestivalOffer,SportsMatch,32,24,-8
R006,2025-03-12,19,2,0,Clear,2.47,24.2,FestivalOffer,SportsMatch,50,55,5
R006,2025-03-12,20,2,0,Clear,2.47,24.2,FestivalOffer,SportsMatch,60,48,-12
R006,2025-03-12,21,2,0,Clear,2.47,24.2,FestivalOffer,SportsMatch,48,61,13
R006,2025-03-12,22,2,0,Clear,2.47,24.2,FestivalOffer,SportsMatch,26,33,7
R006,2025-03-13,8,3,0,Storm,4.44,20.5,FestivalOffer,Festival,4,5,1
R006,2025-03-13,9,3,0,Storm,4.44,20.5,FestivalOffer,Festival,11,11,0
R006,2025-03-13,10,3,0,Storm,4.44,20.5,FestivalOffer,Festival,21,24,3
R006,2025-03-13,11,3,0,Storm,4.44,20.5,FestivalOffer,Festival,34,42,8
R006,2025-03-13,12,3,0,Storm,4.44,20.5,FestivalOffer,Festival,46,41,-5
R006,2025-03-13,13,3,0,Storm,4.44,20.5,FestivalOffer,Festival,51,46,-5
R006,2025-03-13,14,3,0,Storm,4.44,20.5,FestivalOffer,Festival,46,44,-2
R006,2025-03-13,15,3,0,Storm,4.44,20.5,FestivalOffer,Festival,35,35,0
R006,2025-03-13,16,3,0,Storm,4.44,20.5,FestivalOffer,Festival,23,27,4
R006,2025-03-13,17,3,0,Storm,4.44,20.5,FestivalOffer,Festival,17,15,-2
R006,2025-03-13,18,3,0,Storm,4.44,20.5,FestivalOffer,Festival,22,27,5
R006,2025-03-13,19,3,0,Storm,4.44,20.5,FestivalOffer,Festival,35,39,4
R006,2025-03-13,20,3,0,Storm,4.44,20.5,FestivalOffer,Festival,41,45,4
R006,2025-03-13,21,3,0,Storm,4.44,20.5,FestivalOffer,Festival,33,32,-1
R006,2025-03-13,22,3,0,Storm,4.44,20.5,FestivalOffer,Festival,18,17,-1
R006,2025-03-14,8,4,0,Clear,0.28,34.0,FestivalOffer,LocalEvent,6,5,-1
R006,2025-03-14,9,4,0,Clear,0.28,34.0,FestivalOffer,LocalEvent,15,15,0
R006,2025-03-14,10,4,0,Clear,0.28,34.0,FestivalOffer,LocalEvent,30,33,3
R006,2025-03-14,11,4,0,Clear,0.28,34.0,FestivalOffer,LocalEvent,49,55,6
R006,2025-03-14,12,4,0,Clear,0.28,34.0,FestivalOffer,LocalEvent,66,53,-13
R006,2025-03-14,13,4,0,Clear,0.28,34.0,FestivalOffer,LocalEvent,73,67,-6
R006,2025-03-14,14,4,0,Clear,0.28,34.0,FestivalOffer,LocalEvent,66,95,29
R006,2025-03-14,15,4,0,Clear,0.28,34.0,FestivalOffer,LocalEvent,50,33,-17
R006,2025-03-14,16,4,0,Clear,0.28,34.0,FestivalOffer,LocalEvent,32,39,7
R006,2025-03-14,17,4,0,Clear,0.28,34.0,FestivalOffer,LocalEvent,24,26,2
R006,2025-03-14,18,4,0,Clear,0.28,34.0,FestivalOffer,LocalEvent,32,34,2
R006,2025-03-14,19,4,0,Clear,0.28,34.0,FestivalOffer,LocalEvent,50,58,8
R006,2025-03-14,20,4,0,Clear,0.28,34.0,FestivalOffer,LocalEvent,59,65,6
R006,2025-03-14,21,4,0,Clear,0.28,34.0,FestivalOffer,LocalEvent,48,52,4
R006,2025-03-14,22,4,0,Clear,0.28,34.0,FestivalOffer,LocalEvent,26,33,7
R006,2025-03-15,8,5,1,Clear,0.67,37.4,HappyHour,SportsMatch,7,6,-1
R006,2025-03-15,9,5,1,Clear,0.67,37.4,HappyHour,SportsMatch,17,13,-4
R006,2025-03-15,10,5,1,Clear,0.67,37.4,HappyHour,SportsMatch,33,39,6
R006,2025-03-15,11,5,1,Clear,0.67,37.4,HappyHour,SportsMatch,54,50,-4
R006,2025-03-15,12,5,1,Clear,0.67,37.4,HappyHour,SportsMatch,73,67,-6
R006,2025-03-15,13,5,1,Clear,0.67,37.4,HappyHour,SportsMatch,80,101,21
R006,2025-03-15,14,5,1,Clear,0.67,37.4,HappyHour,SportsMatch,73,76,3
R006,2025-03-15,15,5,1,Clear,0.67,37.4,HappyHour,SportsMatch,55,54,-1
R006,2025-03-15,16,5,1,Clear,0.67,37.4,HappyHour,SportsMatch,36,35,-1
R006,2025-03-15,17,5,1,Clear,0.67,37.4,HappyHour,SportsMatch,27,23,-4
R006,2025-03-15,18,5,1,Clear,0.67,37.4,HappyHour,SportsMatch,35,42,7
R006,2025-03-15,19,5,1,Clear,0.67,37.4,HappyHour,SportsMatch,54,79,25
R006,2025-03-15,20,5,1,Clear,0.67,37.4,HappyHour,SportsMatch,65,70,5
R006,2025-03-15,21,5,1,Clear,0.67,37.4,HappyHour,SportsMatch,52,50,-2
R006,2025-03-15,22,5,1,Clear,0.67,37.4,HappyHour,SportsMatch,28,26,-2
R006,2025-03-16,8,6,1,Rain,9.5,20.9,WeekendDeal,Festival,6,7,1
R006,2025-03-16,9,6,1,Rain,9.5,20.9,WeekendDeal,Festival,14,13,-1
R006,2025-03-16,10,6,1,Rain,9.5,20.9,WeekendDeal,Festival,28,28,0
R006,2025-03-16,11,6,1,Rain,9.5,20.9,WeekendDeal,Festival,46,46,0
R006,2025-03-16,12,6,1,Rain,9.5,20.9,WeekendDeal,Festival,62,56,-6
R006,2025-03-16,13,6,1,Rain,9.5,20.9,WeekendDeal,Festival,68,76,8
R006,2025-03-16,14,6,1,Rain,9.5,20.9,WeekendDeal,Festival,62,64,2
R006,2025-03-16,15,6,1,Rain,9.5,20.9,WeekendDeal,Festival,47,36,-11
R006,2025-03-16,16,6,1,Rain,9.5,20.9,WeekendDeal,Festival,30,26,-4
R006,2025-03-16,17,6,1,Rain,9.5,20.9,WeekendDeal,Festival,23,21,-2
R006,2025-03-16,18,6,1,Rain,9.5,20.9,WeekendDeal,Festival,30,34,4
R006,2025-03-16,19,6,1,Rain,9.5,20.9,WeekendDeal,Festival,46,43,-3
R006,2025-03-16,20,6,1,Rain,9.5,20.9,WeekendDeal,Festival,55,63,8
R006,2025-03-16,21,6,1,Rain,9.5,20.9,WeekendDeal,Festival,45,40,-5
R006,2025-03-16,22,6,1,Rain,9.5,20.9,WeekendDeal,Festival,24,20,-4
R006,2025-03-17,8,0,0,Clear,1.05,25.6,HappyHour,LocalEvent,6,8,2
R006,2025-03-17,9,0,0,Clear,1.05,25.6,HappyHour,LocalEvent,14,14,0
R006,2025-03-17,10,0,0,Clear,1.05,25.6,HappyHour,LocalEvent,28,29,1
R006,2025-03-17,11,0,0,Clear,1.05,25.6,HappyHour,LocalEvent,45,43,-2
R006,2025-03-17,12,0,0,Clear,1.05,25.6,HappyHour,LocalEvent,60,36,-24
R006,2025-03-17,13,0,0,Clear,1.05,25.6,HappyHour,LocalEvent,67,68,1
R006,2025-03-17,14,0,0,Clear,1.05,25.6,HappyHour,LocalEvent,60,56,-4
R006,2025-03-17,15,0,0,Clear,1.05,25.6,HappyHour,LocalEvent,45,44,-1
R006,2025-03-17,16,0,0,Clear,1.05,25.6,HappyHour,LocalEvent,30,29,-1
R006,2025-03-17,17,0,0,Clear,1.05,25.6,HappyHour,LocalEvent,22,21,-1
R006,2025-03-17,18,0,0,Clear,1.05,25.6,HappyHour,LocalEvent,29,33,4
R006,2025-03-17,19,0,0,Clear,1.05,25.6,HappyHour,LocalEvent,45,48,3
R006,2025-03-17,20,0,0,Clear,1.05,25.6,HappyHour,LocalEvent,54,52,-2
R006,2025-03-17,21,0,0,Clear,1.05,25.6,HappyHour,LocalEvent,44,47,3
R006,2025-03-17,22,0,0,Clear,1.05,25.6,HappyHour,LocalEvent,23,22,-1
R006,2025-03-18,8,1,0,Clear,3.77,36.9,HappyHour,None,5,3,-2
R006,2025-03-18,9,1,0,Clear,3.77,36.9,HappyHour,None,13,10,-3
R006,2025-03-18,10,1,0,Clear,3.77,36.9,HappyHour,None,26,23,-3
R006,2025-03-18,11,1,0,Clear,3.77,36.9,HappyHour,None,42,32,-10
R006,2025-03-18,12,1,0,Clear,3.77,36.9,HappyHour,None,57,60,3
R006,2025-03-18,13,1,0,Clear,3.77,36.9,HappyHour,None,62,63,1
R006,2025-03-18,14,1,0,Clear,3.77,36.9,HappyHour,None,57,47,-10
R006,2025-03-18,15,1,0,Clear,3.77,36.9,HappyHour,None,42,51,9
R006,2025-03-18,16,1,0,Clear,3.77,36.9,HappyHour,None,28,23,-5
R006,2025-03-18,17,1,0,Clear,3.77,36.9,HappyHour,None,21,22,1
R006,2025-03-18,18,1,0,Clear,3.77,36.9,HappyHour,None,27,24,-3
R006,2025-03-18,19,1,0,Clear,3.77,36.9,HappyHour,None,42,33,-9
R006,2025-03-18,20,1,0,Clear,3.77,36.9,HappyHour,None,50,38,-12
R006,2025-03-18,21,1,0,Clear,3.77,36.9,HappyHour,None,41,47,6
R006,2025-03-18,22,1,0,Clear,3.77,36.9,HappyHour,None,22,25,3
R006,2025-03-19,8,2,0,Rain,23.6,26.7,HappyHour,None,4,4,0
R006,2025-03-19,9,2,0,Rain,23.6,26.7,HappyHour,None,10,12,2
R006,2025-03-19,10,2,0,Rain,23.6,26.7,HappyHour,None,20,20,0
R006,2025-03-19,11,2,0,Rain,23.6,26.7,HappyHour,None,33,36,3
R006,2025-03-19,12,2,0,Rain,23.6,26.7,HappyHour,None,44,42,-2
R006,2025-03-19,13,2,0,Rain,23.6,26.7,HappyHour,None,49,59,10
R006,2025-03-19,14,2,0,Rain,23.6,26.7,HappyHour,None,44,30,-14
R006,2025-03-19,15,2,0,Rain,23.6,26.7,HappyHour,None,33,35,2
R006,2025-03-19,16,2,0,Rain,23.6,26.7,HappyHour,None,22,22,0
R006,2025-03-19,17,2,0,Rain,23.6,26.7,HappyHour,None,16,19,3
R006,2025-03-19,18,2,0,Rain,23.6,26.7,HappyHour,None,21,25,4
R006,2025-03-19,19,2,0,Rain,23.6,26.7,HappyHour,None,33,27,-6
R006,2025-03-19,20,2,0,Rain,23.6,26.7,HappyHour,None,39,37,-2
R006,2025-03-19,21,2,0,Rain,23.6,26.7,HappyHour,None,32,27,-5
R006,2025-03-19,22,2,0,Rain,23.6,26.7,HappyHour,None,17,19,2
R006,2025-03-20,8,3,0,Cloudy,3.09,23.9,FestivalOffer,SportsMatch,6,6,0
R006,2025-03-20,9,3,0,Cloudy,3.09,23.9,FestivalOffer,SportsMatch,16,15,-1
R006,2025-03-20,10,3,0,Cloudy,3.09,23.9,FestivalOffer,SportsMatch,31,25,-6
R006,2025-03-20,11,3,0,Cloudy,3.09,23.9,FestivalOffer,SportsMatch,50,55,5
R006,2025-03-20,12,3,0,Cloudy,3.09,23.9,FestivalOffer,SportsMatch,67,91,24
R006,2025-03-20,13,3,0,Cloudy,3.09,23.9,FestivalOffer,SportsMatch,74,67,-7
R006,2025-03-20,14,3,0,Cloudy,3.09,23.9,FestivalOffer,SportsMatch,67,64,-3
R006,2025-03-20,15,3,0,Cloudy,3.09,23.9,FestivalOffer,SportsMatch,51,60,9
R006,2025-03-20,16,3,0,Cloudy,3.09,23.9,FestivalOffer,SportsMatch,33,24,-9
R006,2025-03-20,17,3,0,Cloudy,3.09,23.9,FestivalOffer,SportsMatch,25,25,0
R006,2025-03-20,18,3,0,Cloudy,3.09,23.9,FestivalOffer,SportsMatch,32,31,-1
R006,2025-03-20,19,3,0,Cloudy,3.09,23.9,FestivalOffer,SportsMatch,50,58,8
R006,2025-03-20,20,3,0,Cloudy,3.09,23.9,FestivalOffer,SportsMatch,60,51,-9
R006,2025-03-20,21,3,0,Cloudy,3.09,23.9,FestivalOffer,SportsMatch,48,55,7
R006,2025-03-20,22,3,0,Cloudy,3.09,23.9,FestivalOffer,SportsMatch,26,25,-1
R006,2025-03-21,8,4,0,Storm,14.23,24.6,WeekendDeal,LocalEvent,4,6,2
R006,2025-03-21,9,4,0,Storm,14.23,24.6,WeekendDeal,LocalEvent,9,11,2
R006,2025-03-21,10,4,0,Storm,14.23,24.6,WeekendDeal,LocalEvent,19,19,0
R006,2025-03-21,11,4,0,Storm,14.23,24.6,WeekendDeal,LocalEvent,30,31,1
R006,2025-03-21,12,4,0,Storm,14.23,24.6,WeekendDeal,LocalEvent,41,34,-7
R006,2025-03-21,13,4,0,Storm,14.23,24.6,WeekendDeal,LocalEvent,45,48,3
R006,2025-03-21,14,4,0,Storm,14.23,24.6,WeekendDeal,LocalEvent,41,50,9
R006,2025-03-21,15,4,0,Storm,14.23,24.6,WeekendDeal,LocalEvent,31,30,-1
R006,2025-03-21,16,4,0,Storm,14.23,24.6,WeekendDeal,LocalEvent,20,19,-1
R006,2025-03-21,17,4,0,Storm,14.23,24.6,WeekendDeal,LocalEvent,15,14,-1
R006,2025-03-21,18,4,0,Storm,14.23,24.6,WeekendDeal,LocalEvent,20,19,-1
R006,2025-03-21,19,4,0,Storm,14.23,24.6,WeekendDeal,LocalEvent,31,19,-12
R006,2025-03-21,20,4,0,Storm,14.23,24.6,WeekendDeal,LocalEvent,36,29,-7
R006,2025-03-21,21,4,0,Storm,14.23,24.6,WeekendDeal,LocalEvent,29,33,4
R006,2025-03-21,22,4,0,Storm,14.23,24.6,WeekendDeal,LocalEvent,16,13,-3
R006,2025-03-22,8,5,1,Clear,1.24,26.1,WeekendDeal,None,7,5,-2
R006,2025-03-22,9,5,1,Clear,1.24,26.1,WeekendDeal,None,16,14,-2
R006,2025-03-22,10,5,1,Clear,1.24,26.1,WeekendDeal,None,32,31,-1
R006,2025-03-22,11,5,1,Clear,1.24,26.1,WeekendDeal,None,52,52,0
R006,2025-03-22,12,5,1,Clear,1.24,26.1,WeekendDeal,None,69,61,-8
R006,2025-03-22,13,5,1,Clear,1.24,26.1,WeekendDeal,None,76,83,7
R006,2025-03-22,14,5,1,Clear,1.24,26.1,WeekendDeal,None,69,61,-8
R006,2025-03-22,15,5,1,Clear,1.24,26.1,WeekendDeal,None,52,47,-5
R006,2025-03-22,16,5,1,Clear,1.24,26.1,WeekendDeal,None,34,38,4
R006,2025-03-22,17,5,1,Clear,1.24,26.1,WeekendDeal,None,25,20,-5
R006,2025-03-22,18,5,1,Clear,1.24,26.1,WeekendDeal,None,33,28,-5
R006,2025-03-22,19,5,1,Clear,1.24,26.1,WeekendDeal,None,52,53,1
R006,2025-03-22,20,5,1,Clear,1.24,26.1,WeekendDeal,None,62,66,4
R006,2025-03-22,21,5,1,Clear,1.24,26.1,WeekendDeal,None,50,52,2
R006,2025-03-22,22,5,1,Clear,1.24,26.1,WeekendDeal,None,27,30,3
R006,2025-03-23,8,6,1,Clear,4.02,36.5,HappyHour,LocalEvent,7,7,0
R006,2025-03-23,9,6,1,Clear,4.02,36.5,HappyHour,LocalEvent,16,13,-3
R006,2025-03-23,10,6,1,Clear,4.02,36.5,HappyHour,LocalEvent,33,33,0
R006,2025-03-23,11,6,1,Clear,4.02,36.5,HappyHour,LocalEvent,53,48,-5
R006,2025-03-23,12,6,1,Clear,4.02,36.5,HappyHour,LocalEvent,71,60,-11
R006,2025-03-23,13,6,1,Clear,4.02,36.5,HappyHour,LocalEvent,79,63,-16
R006,2025-03-23,14,6,1,Clear,4.02,36.5,HappyHour,LocalEvent,71,93,22
R006,2025-03-23,15,6,1,Clear,4.02,36.5,HappyHour,LocalEvent,54,55,1
R006,2025-03-23,16,6,1,Clear,4.02,36.5,HappyHour,LocalEvent,35,37,2
R006,2025-03-23,17,6,1,Clear,4.02,36.5,HappyHour,LocalEvent,26,27,1
R006,2025-03-23,18,6,1,Clear,4.02,36.5,HappyHour,LocalEvent,34,31,-3
R006,2025-03-23,19,6,1,Clear,4.02,36.5,HappyHour,LocalEvent,53,41,-12
R006,2025-03-23,20,6,1,Clear,4.02,36.5,HappyHour,LocalEvent,64,73,9
R006,2025-03-23,21,6,1,Clear,4.02,36.5,HappyHour,LocalEvent,51,55,4
R006,2025-03-23,22,6,1,Clear,4.02,36.5,HappyHour,LocalEvent,28,24,-4
R006,2025-03-24,8,0,0,Cloudy,2.0,28.6,None,SportsMatch,5,6,1
R006,2025-03-24,9,0,0,Cloudy,2.0,28.6,None,SportsMatch,13,13,0
R006,2025-03-24,10,0,0,Cloudy,2.0,28.6,None,SportsMatch,26,27,1
R006,2025-03-24,11,0,0,Cloudy,2.0,28.6,None,SportsMatch,43,42,-1
R006,2025-03-24,12,0,0,Cloudy,2.0,28.6,None,SportsMatch,57,66,9
R006,2025-03-24,13,0,0,Cloudy,2.0,28.6,None,SportsMatch,63,49,-14
R006,2025-03-24,14,0,0,Cloudy,2.0,28.6,None,SportsMatch,57,57,0
R006,2025-03-24,15,0,0,Cloudy,2.0,28.6,None,SportsMatch,43,42,-1
R006,2025-03-24,16,0,0,Cloudy,2.0,28.6,None,SportsMatch,28,30,2
R006,2025-03-24,17,0,0,Cloudy,2.0,28.6,None,SportsMatch,21,23,2
R006,2025-03-24,18,0,0,Cloudy,2.0,28.6,None,SportsMatch,27,30,3
R006,2025-03-24,19,0,0,Cloudy,2.0,28.6,None,SportsMatch,43,43,0
R006,2025-03-24,20,0,0,Cloudy,2.0,28.6,None,SportsMatch,51,47,-4
R006,2025-03-24,21,0,0,Cloudy,2.0,28.6,None,SportsMatch,41,46,5
R006,2025-03-24,22,0,0,Cloudy,2.0,28.6,None,SportsMatch,22,19,-3
R006,2025-03-25,8,1,0,Storm,34.92,31.3,WeekendDeal,LocalEvent,4,4,0
R006,2025-03-25,9,1,0,Storm,34.92,31.3,WeekendDeal,LocalEvent,9,9,0
R006,2025-03-25,10,1,0,Storm,34.92,31.3,WeekendDeal,LocalEvent,19,18,-1
R006,2025-03-25,11,1,0,Storm,34.92,31.3,WeekendDeal,LocalEvent,30,33,3
R006,2025-03-25,12,1,0,Storm,34.92,31.3,WeekendDeal,LocalEvent,41,43,2
R006,2025-03-25,13,1,0,Storm,34.92,31.3,WeekendDeal,LocalEvent,45,45,0
R006,2025-03-25,14,1,0,Storm,34.92,31.3,WeekendDeal,LocalEvent,41,36,-5
R006,2025-03-25,15,1,0,Storm,34.92,31.3,WeekendDeal,LocalEvent,31,31,0
R006,2025-03-25,16,1,0,Storm,34.92,31.3,WeekendDeal,LocalEvent,20,19,-1
R006,2025-03-25,17,1,0,Storm,34.92,31.3,WeekendDeal,LocalEvent,15,15,0
R006,2025-03-25,18,1,0,Storm,34.92,31.3,WeekendDeal,LocalEvent,20,24,4
R006,2025-03-25,19,1,0,Storm,34.92,31.3,WeekendDeal,LocalEvent,31,35,4
R006,2025-03-25,20,1,0,Storm,34.92,31.3,WeekendDeal,LocalEvent,36,35,-1
R006,2025-03-25,21,1,0,Storm,34.92,31.3,WeekendDeal,LocalEvent,29,32,3
R006,2025-03-25,22,1,0,Storm,34.92,31.3,WeekendDeal,LocalEvent,16,15,-1
R006,2025-03-26,8,2,0,Storm,26.88,22.2,HappyHour,LocalEvent,4,1,-3
R006,2025-03-26,9,2,0,Storm,26.88,22.2,HappyHour,LocalEvent,9,12,3
R006,2025-03-26,10,2,0,Storm,26.88,22.2,HappyHour,LocalEvent,18,15,-3
R006,2025-03-26,11,2,0,Storm,26.88,22.2,HappyHour,LocalEvent,29,27,-2
R006,2025-03-26,12,2,0,Storm,26.88,22.2,HappyHour,LocalEvent,39,28,-11
R006,2025-03-26,13,2,0,Storm,26.88,22.2,HappyHour,LocalEvent,43,51,8
R006,2025-03-26,14,2,0,Storm,26.88,22.2,HappyHour,LocalEvent,39,43,4
R006,2025-03-26,15,2,0,Storm,26.88,22.2,HappyHour,LocalEvent,30,31,1
R006,2025-03-26,16,2,0,Storm,26.88,22.2,HappyHour,LocalEvent,19,16,-3
R006,2025-03-26,17,2,0,Storm,26.88,22.2,HappyHour,LocalEvent,14,12,-2
R006,2025-03-26,18,2,0,Storm,26.88,22.2,HappyHour,LocalEvent,19,14,-5
R006,2025-03-26,19,2,0,Storm,26.88,22.2,HappyHour,LocalEvent,29,39,10
R006,2025-03-26,20,2,0,Storm,26.88,22.2,HappyHour,LocalEvent,35,39,4
R006,2025-03-26,21,2,0,Storm,26.88,22.2,HappyHour,LocalEvent,28,30,2
R006,2025-03-26,22,2,0,Storm,26.88,22.2,HappyHour,LocalEvent,15,15,0
R006,2025-03-27,8,3,0,Storm,2.0,36.0,FestivalOffer,Festival,4,5,1
R006,2025-03-27,9,3,0,Storm,2.0,36.0,FestivalOffer,Festival,11,10,-1
R006,2025-03-27,10,3,0,Storm,2.0,36.0,FestivalOffer,Festival,21,17,-4
R006,2025-03-27,11,3,0,Storm,2.0,36.0,FestivalOffer,Festival,34,26,-8
R006,2025-03-27,12,3,0,Storm,2.0,36.0,FestivalOffer,Festival,46,45,-1
R006,2025-03-27,13,3,0,Storm,2.0,36.0,FestivalOffer,Festival,51,62,11
R006,2025-03-27,14,3,0,Storm,2.0,36.0,FestivalOffer,Festival,46,41,-5
R006,2025-03-27,15,3,0,Storm,2.0,36.0,FestivalOffer,Festival,35,35,0
R006,2025-03-27,16,3,0,Storm,2.0,36.0,FestivalOffer,Festival,23,25,2
R006,2025-03-27,17,3,0,Storm,2.0,36.0,FestivalOffer,Festival,17,13,-4
R006,2025-03-27,18,3,0,Storm,2.0,36.0,FestivalOffer,Festival,22,25,3
R006,2025-03-27,19,3,0,Storm,2.0,36.0,FestivalOffer,Festival,35,37,2
R006,2025-03-27,20,3,0,Storm,2.0,36.0,FestivalOffer,Festival,41,40,-1
R006,2025-03-27,21,3,0,Storm,2.0,36.0,FestivalOffer,Festival,33,42,9
R006,2025-03-27,22,3,0,Storm,2.0,36.0,FestivalOffer,Festival,18,18,0
R006,2025-03-28,8,4,0,Rain,14.65,37.2,WeekendDeal,SportsMatch,5,6,1
R006,2025-03-28,9,4,0,Rain,14.65,37.2,WeekendDeal,SportsMatch,12,12,0
R006,2025-03-28,10,4,0,Rain,14.65,37.2,WeekendDeal,SportsMatch,23,22,-1
R006,2025-03-28,11,4,0,Rain,14.65,37.2,WeekendDeal,SportsMatch,37,39,2
R006,2025-03-28,12,4,0,Rain,14.65,37.2,WeekendDeal,SportsMatch,50,46,-4
R006,2025-03-28,13,4,0,Rain,14.65,37.2,WeekendDeal,SportsMatch,55,57,2
R006,2025-03-28,14,4,0,Rain,14.65,37.2,WeekendDeal,SportsMatch,50,24,-26
R006,2025-03-28,15,4,0,Rain,14.65,37.2,WeekendDeal,SportsMatch,37,39,2
R006,2025-03-28,16,4,0,Rain,14.65,37.2,WeekendDeal,SportsMatch,24,21,-3
R006,2025-03-28,17,4,0,Rain,14.65,37.2,WeekendDeal,SportsMatch,18,19,1
R006,2025-03-28,18,4,0,Rain,14.65,37.2,WeekendDeal,SportsMatch,24,28,4
R006,2025-03-28,19,4,0,Rain,14.65,37.2,WeekendDeal,SportsMatch,37,36,-1
R006,2025-03-28,20,4,0,Rain,14.65,37.2,WeekendDeal,SportsMatch,44,47,3
R006,2025-03-28,21,4,0,Rain,14.65,37.2,WeekendDeal,SportsMatch,36,38,2
R006,2025-03-28,22,4,0,Rain,14.65,37.2,WeekendDeal,SportsMatch,19,14,-5
R006,2025-03-29,8,5,1,Rain,22.81,21.7,WeekendDeal,LocalEvent,6,1,-5
R006,2025-03-29,9,5,1,Rain,22.81,21.7,WeekendDeal,LocalEvent,13,17,4
R006,2025-03-29,10,5,1,Rain,22.81,21.7,WeekendDeal,LocalEvent,26,28,2
R006,2025-03-29,11,5,1,Rain,22.81,21.7,WeekendDeal,LocalEvent,43,58,15
R006,2025-03-29,12,5,1,Rain,22.81,21.7,WeekendDeal,LocalEvent,58,55,-3
R006,2025-03-29,13,5,1,Rain,22.81,21.7,WeekendDeal,LocalEvent,64,45,-19
R006,2025-03-29,14,5,1,Rain,22.81,21.7,WeekendDeal,LocalEvent,58,71,13
R006,2025-03-29,15,5,1,Rain,22.81,21.7,WeekendDeal,LocalEvent,43,40,-3
R006,2025-03-29,16,5,1,Rain,22.81,21.7,WeekendDeal,LocalEvent,28,34,6
R006,2025-03-29,17,5,1,Rain,22.81,21.7,WeekendDeal,LocalEvent,21,22,1
R006,2025-03-29,18,5,1,Rain,22.81,21.7,WeekendDeal,LocalEvent,28,38,10
R006,2025-03-29,19,5,1,Rain,22.81,21.7,WeekendDeal,LocalEvent,43,36,-7
R006,2025-03-29,20,5,1,Rain,22.81,21.7,WeekendDeal,LocalEvent,51,58,7
R006,2025-03-29,21,5,1,Rain,22.81,21.7,WeekendDeal,LocalEvent,41,47,6
R006,2025-03-29,22,5,1,Rain,22.81,21.7,WeekendDeal,LocalEvent,22,21,-1
R006,2025-03-30,8,6,1,Cloudy,2.97,25.6,WeekendDeal,SportsMatch,7,6,-1
R006,2025-03-30,9,6,1,Cloudy,2.97,25.6,WeekendDeal,SportsMatch,17,17,0
R006,2025-03-30,10,6,1,Cloudy,2.97,25.6,WeekendDeal,SportsMatch,34,33,-1
R006,2025-03-30,11,6,1,Cloudy,2.97,25.6,WeekendDeal,SportsMatch,56,43,-13
R006,2025-03-30,12,6,1,Cloudy,2.97,25.6,WeekendDeal,SportsMatch,75,76,1
R006,2025-03-30,13,6,1,Cloudy,2.97,25.6,WeekendDeal,SportsMatch,83,100,17
R006,2025-03-30,14,6,1,Cloudy,2.97,25.6,WeekendDeal,SportsMatch,75,75,0
R006,2025-03-30,15,6,1,Cloudy,2.97,25.6,WeekendDeal,SportsMatch,57,62,5
R006,2025-03-30,16,6,1,Cloudy,2.97,25.6,WeekendDeal,SportsMatch,37,37,0
R006,2025-03-30,17,6,1,Cloudy,2.97,25.6,WeekendDeal,SportsMatch,28,28,0
R006,2025-03-30,18,6,1,Cloudy,2.97,25.6,WeekendDeal,SportsMatch,36,36,0
R006,2025-03-30,19,6,1,Cloudy,2.97,25.6,WeekendDeal,SportsMatch,56,45,-11
R006,2025-03-30,20,6,1,Cloudy,2.97,25.6,WeekendDeal,SportsMatch,67,70,3
R006,2025-03-30,21,6,1,Cloudy,2.97,25.6,WeekendDeal,SportsMatch,54,51,-3
R006,2025-03-30,22,6,1,Cloudy,2.97,25.6,WeekendDeal,SportsMatch,29,35,6
R006,2025-03-31,8,0,0,Storm,1.05,27.0,HappyHour,LocalEvent,4,5,1
R006,2025-03-31,9,0,0,Storm,1.05,27.0,HappyHour,LocalEvent,9,10,1
R006,2025-03-31,10,0,0,Storm,1.05,27.0,HappyHour,LocalEvent,18,15,-3
R006,2025-03-31,11,0,0,Storm,1.05,27.0,HappyHour,LocalEvent,29,23,-6
R006,2025-03-31,12,0,0,Storm,1.05,27.0,HappyHour,LocalEvent,39,40,1
R006,2025-03-31,13,0,0,Storm,1.05,27.0,HappyHour,LocalEvent,43,45,2
R006,2025-03-31,14,0,0,Storm,1.05,27.0,HappyHour,LocalEvent,39,44,5
R006,2025-03-31,15,0,0,Storm,1.05,27.0,HappyHour,LocalEvent,30,27,-3
R006,2025-03-31,16,0,0,Storm,1.05,27.0,HappyHour,LocalEvent,19,21,2
R006,2025-03-31,17,0,0,Storm,1.05,27.0,HappyHour,LocalEvent,14,13,-1
R006,2025-03-31,18,0,0,Storm,1.05,27.0,HappyHour,LocalEvent,19,18,-1
R006,2025-03-31,19,0,0,Storm,1.05,27.0,HappyHour,LocalEvent,29,30,1
R006,2025-03-31,20,0,0,Storm,1.05,27.0,HappyHour,LocalEvent,35,35,0
R006,2025-03-31,21,0,0,Storm,1.05,27.0,HappyHour,LocalEvent,28,30,2
R006,2025-03-31,22,0,0,Storm,1.05,27.0,HappyHour,LocalEvent,15,14,-1
R007,2025-01-01,8,2,0,Clear,1.97,32.4,None,SportsMatch,7,6,-1
R007,2025-01-01,9,2,0,Clear,1.97,32.4,None,SportsMatch,16,18,2
R007,2025-01-01,10,2,0,Clear,1.97,32.4,None,SportsMatch,32,27,-5
R007,2025-01-01,11,2,0,Clear,1.97,32.4,None,SportsMatch,52,58,6
R007,2025-01-01,12,2,0,Clear,1.97,32.4,None,SportsMatch,70,80,10
R007,2025-01-01,13,2,0,Clear,1.97,32.4,None,SportsMatch,77,58,-19
R007,2025-01-01,14,2,0,Clear,1.97,32.4,None,SportsMatch,70,71,1
R007,2025-01-01,15,2,0,Clear,1.97,32.4,None,SportsMatch,53,57,4
R007,2025-01-01,16,2,0,Clear,1.97,32.4,None,SportsMatch,34,30,-4
R007,2025-01-01,17,2,0,Clear,1.97,32.4,None,SportsMatch,26,24,-2
R007,2025-01-01,18,2,0,Clear,1.97,32.4,None,SportsMatch,34,30,-4
R007,2025-01-01,19,2,0,Clear,1.97,32.4,None,SportsMatch,53,50,-3
R007,2025-01-01,20,2,0,Clear,1.97,32.4,None,SportsMatch,62,67,5
R007,2025-01-01,21,2,0,Clear,1.97,32.4,None,SportsMatch,50,49,-1
R007,2025-01-01,22,2,0,Clear,1.97,32.4,None,SportsMatch,27,36,9
R007,2025-01-02,8,3,0,Storm,18.86,20.5,FestivalOffer,SportsMatch,5,8,3
R007,2025-01-02,9,3,0,Storm,18.86,20.5,FestivalOffer,SportsMatch,12,16,4
R007,2025-01-02,10,3,0,Storm,18.86,20.5,FestivalOffer,SportsMatch,25,21,-4
R007,2025-01-02,11,3,0,Storm,18.86,20.5,FestivalOffer,SportsMatch,40,42,2
R007,2025-01-02,12,3,0,Storm,18.86,20.5,FestivalOffer,SportsMatch,54,60,6
R007,2025-01-02,13,3,0,Storm,18.86,20.5,FestivalOffer,SportsMatch,59,81,22
R007,2025-01-02,14,3,0,Storm,18.86,20.5,FestivalOffer,SportsMatch,54,64,10
R007,2025-01-02,15,3,0,Storm,18.86,20.5,FestivalOffer,SportsMatch,40,41,1
R007,2025-01-02,16,3,0,Storm,18.86,20.5,FestivalOffer,SportsMatch,26,22,-4
R007,2025-01-02,17,3,0,Storm,18.86,20.5,FestivalOffer,SportsMatch,20,21,1
R007,2025-01-02,18,3,0,Storm,18.86,20.5,FestivalOffer,SportsMatch,26,32,6
R007,2025-01-02,19,3,0,Storm,18.86,20.5,FestivalOffer,SportsMatch,40,34,-6
R007,2025-01-02,20,3,0,Storm,18.86,20.5,FestivalOffer,SportsMatch,48,41,-7
R007,2025-01-02,21,3,0,Storm,18.86,20.5,FestivalOffer,SportsMatch,39,36,-3
R007,2025-01-02,22,3,0,Storm,18.86,20.5,FestivalOffer,SportsMatch,21,18,-3
R007,2025-01-03,8,4,0,Rain,9.56,35.7,FestivalOffer,None,6,7,1
R007,2025-01-03,9,4,0,Rain,9.56,35.7,FestivalOffer,None,14,14,0
R007,2025-01-03,10,4,0,Rain,9.56,35.7,FestivalOffer,None,27,24,-3
R007,2025-01-03,11,4,0,Rain,9.56,35.7,FestivalOffer,None,44,38,-6
R007,2025-01-03,12,4,0,Rain,9.56,35.7,FestivalOffer,None,59,49,-10
R007,2025-01-03,13,4,0,Rain,9.56,35.7,FestivalOffer,None,65,54,-11
R007,2025-01-03,14,4,0,Rain,9.56,35.7,FestivalOffer,None,59,64,5
R007,2025-01-03,15,4,0,Rain,9.56,35.7,FestivalOffer,None,44,50,6
R007,2025-01-03,16,4,0,Rain,9.56,35.7,FestivalOffer,None,29,29,0
R007,2025-01-03,17,4,0,Rain,9.56,35.7,FestivalOffer,None,22,19,-3
R007,2025-01-03,18,4,0,Rain,9.56,35.7,FestivalOffer,None,29,28,-1
R007,2025-01-03,19,4,0,Rain,9.56,35.7,FestivalOffer,None,44,38,-6
R007,2025-01-03,20,4,0,Rain,9.56,35.7,FestivalOffer,None,53,48,-5
R007,2025-01-03,21,4,0,Rain,9.56,35.7,FestivalOffer,None,43,44,1
R007,2025-01-03,22,4,0,Rain,9.56,35.7,FestivalOffer,None,23,18,-5
R007,2025-01-04,8,5,1,Storm,24.33,24.3,FestivalOffer,Festival,6,7,1
R007,2025-01-04,9,5,1,Storm,24.33,24.3,FestivalOffer,Festival,15,14,-1
R007,2025-01-04,10,5,1,Storm,24.33,24.3,FestivalOffer,Festival,31,33,2
R007,2025-01-04,11,5,1,Storm,24.33,24.3,FestivalOffer,Festival,50,36,-14
R007,2025-01-04,12,5,1,Storm,24.33,24.3,FestivalOffer,Festival,67,48,-19
R007,2025-01-04,13,5,1,Storm,24.33,24.3,FestivalOffer,Festival,74,69,-5
R007,2025-01-04,14,5,1,Storm,24.33,24.3,FestivalOffer,Festival,67,76,9
R007,2025-01-04,15,5,1,Storm,24.33,24.3,FestivalOffer,Festival,50,50,0
R007,2025-01-04,16,5,1,Storm,24.33,24.3,FestivalOffer,Festival,33,27,-6
R007,2025-01-04,17,5,1,Storm,24.33,24.3,FestivalOffer,Festival,25,25,0
R007,2025-01-04,18,5,1,Storm,24.33,24.3,FestivalOffer,Festival,32,31,-1
R007,2025-01-04,19,5,1,Storm,24.33,24.3,FestivalOffer,Festival,50,55,5
R007,2025-01-04,20,5,1,Storm,24.33,24.3,FestivalOffer,Festival,60,50,-10
R007,2025-01-04,21,5,1,Storm,24.33,24.3,FestivalOffer,Festival,48,33,-15
R007,2025-01-04,22,5,1,Storm,24.33,24.3,FestivalOffer,Festival,26,25,-1
R007,2025-01-05,8,6,1,Rain,17.4,37.4,WeekendDeal,Festival,7,7,0
R007,2025-01-05,9,6,1,Rain,17.4,37.4,WeekendDeal,Festival,18,16,-2
R007,2025-01-05,10,6,1,Rain,17.4,37.4,WeekendDeal,Festival,35,30,-5
R007,2025-01-05,11,6,1,Rain,17.4,37.4,WeekendDeal,Festival,57,78,21
R007,2025-01-05,12,6,1,Rain,17.4,37.4,WeekendDeal,Festival,76,71,-5
R007,2025-01-05,13,6,1,Rain,17.4,37.4,WeekendDeal,Festival,84,67,-17
R007,2025-01-05,14,6,1,Rain,17.4,37.4,WeekendDeal,Festival,76,82,6
R007,2025-01-05,15,6,1,Rain,17.4,37.4,WeekendDeal,Festival,57,56,-1
R007,2025-01-05,16,6,1,Rain,17.4,37.4,WeekendDeal,Festival,37,39,2
R007,2025-01-05,17,6,1,Rain,17.4,37.4,WeekendDeal,Festival,28,34,6
R007,2025-01-05,18,6,1,Rain,17.4,37.4,WeekendDeal,Festival,37,35,-2
R007,2025-01-05,19,6,1,Rain,17.4,37.4,WeekendDeal,Festival,57,53,-4
R007,2025-01-05,20,6,1,Rain,17.4,37.4,WeekendDeal,Festival,68,68,0
R007,2025-01-05,21,6,1,Rain,17.4,37.4,WeekendDeal,Festival,55,56,1
R007,2025-01-05,22,6,1,Rain,17.4,37.4,WeekendDeal,Festival,29,35,6
R007,2025-01-06,8,0,0,Rain,1.95,26.5,WeekendDeal,SportsMatch,6,7,1
R007,2025-01-06,9,0,0,Rain,1.95,26.5,WeekendDeal,SportsMatch,14,14,0
R007,2025-01-06,10,0,0,Rain,1.95,26.5,WeekendDeal,SportsMatch,28,27,-1
R007,2025-01-06,11,0,0,Rain,1.95,26.5,WeekendDeal,SportsMatch,46,38,-8
R007,2025-01-06,12,0,0,Rain,1.95,26.5,WeekendDeal,SportsMatch,61,53,-8
R007,2025-01-06,13,0,0,Rain,1.95,26.5,WeekendDeal,SportsMatch,68,75,7
R007,2025-01-06,14,0,0,Rain,1.95,26.5,WeekendDeal,SportsMatch,61,61,0
R007,2025-01-06,15,0,0,Rain,1.95,26.5,WeekendDeal,SportsMatch,46,46,0
R007,2025-01-06,16,0,0,Rain,1.95,26.5,WeekendDeal,SportsMatch,30,26,-4
R007,2025-01-06,17,0,0,Rain,1.95,26.5,WeekendDeal,SportsMatch,23,20,-3
R007,2025-01-06,18,0,0,Rain,1.95,26.5,WeekendDeal,SportsMatch,30,29,-1
R007,2025-01-06,19,0,0,Rain,1.95,26.5,WeekendDeal,SportsMatch,46,44,-2
R007,2025-01-06,20,0,0,Rain,1.95,26.5,WeekendDeal,SportsMatch,55,48,-7
R007,2025-01-06,21,0,0,Rain,1.95,26.5,WeekendDeal,SportsMatch,44,35,-9
R007,2025-01-06,22,0,0,Rain,1.95,26.5,WeekendDeal,SportsMatch,24,25,1
R007,2025-01-07,8,1,0,Storm,3.39,37.5,None,SportsMatch,4,3,-1
R007,2025-01-07,9,1,0,Storm,3.39,37.5,None,SportsMatch,11,13,2
R007,2025-01-07,10,1,0,Storm,3.39,37.5,None,SportsMatch,21,22,1
R007,2025-01-07,11,1,0,Storm,3.39,37.5,None,SportsMatch,34,42,8
R007,2025-01-07,12,1,0,Storm,3.39,37.5,None,SportsMatch,46,34,-12
R007,2025-01-07,13,1,0,Storm,3.39,37.5,None,SportsMatch,50,47,-3
R007,2025-01-07,14,1,0,Storm,3.39,37.5,None,SportsMatch,46,51,5
R007,2025-01-07,15,1,0,Storm,3.39,37.5,None,SportsMatch,34,40,6
R007,2025-01-07,16,1,0,Storm,3.39,37.5,None,SportsMatch,22,24,2
R007,2025-01-07,17,1,0,Storm,3.39,37.5,None,SportsMatch,17,22,5
R007,2025-01-07,18,1,0,Storm,3.39,37.5,None,SportsMatch,22,20,-2
R007,2025-01-07,19,1,0,Storm,3.39,37.5,None,SportsMatch,34,45,11
R007,2025-01-07,20,1,0,Storm,3.39,37.5,None,SportsMatch,41,45,4
R007,2025-01-07,21,1,0,Storm,3.39,37.5,None,SportsMatch,33,28,-5
R007,2025-01-07,22,1,0,Storm,3.39,37.5,None,SportsMatch,18,17,-1
R007,2025-01-08,8,2,0,Clear,3.6,26.9,WeekendDeal,LocalEvent,7,6,-1
R007,2025-01-08,9,2,0,Clear,3.6,26.9,WeekendDeal,LocalEvent,18,20,2
R007,2025-01-08,10,2,0,Clear,3.6,26.9,WeekendDeal,LocalEvent,35,39,4
R007,2025-01-08,11,2,0,Clear,3.6,26.9,WeekendDeal,LocalEvent,57,58,1
R007,2025-01-08,12,2,0,Clear,3.6,26.9,WeekendDeal,LocalEvent,77,86,9
R007,2025-01-08,13,2,0,Clear,3.6,26.9,WeekendDeal,LocalEvent,85,70,-15
R007,2025-01-08,14,2,0,Clear,3.6,26.9,WeekendDeal,LocalEvent,77,78,1
R007,2025-01-08,15,2,0,Clear,3.6,26.9,WeekendDeal,LocalEvent,58,60,2
R007,2025-01-08,16,2,0,Clear,3.6,26.9,WeekendDeal,LocalEvent,38,44,6
R007,2025-01-08,17,2,0,Clear,3.6,26.9,WeekendDeal,LocalEvent,28,39,11
R007,2025-01-08,18,2,0,Clear,3.6,26.9,WeekendDeal,LocalEvent,37,41,4
R007,2025-01-08,19,2,0,Clear,3.6,26.9,WeekendDeal,LocalEvent,58,67,9
R007,2025-01-08,20,2,0,Clear,3.6,26.9,WeekendDeal,LocalEvent,69,94,25
R007,2025-01-08,21,2,0,Clear,3.6,26.9,WeekendDeal,LocalEvent,55,48,-7
R007,2025-01-08,22,2,0,Clear,3.6,26.9,WeekendDeal,LocalEvent,30,32,2
R007,2025-01-09,8,3,0,Cloudy,2.14,25.3,HappyHour,SportsMatch,7,8,1
R007,2025-01-09,9,3,0,Cloudy,2.14,25.3,HappyHour,SportsMatch,17,16,-1
R007,2025-01-09,10,3,0,Cloudy,2.14,25.3,HappyHour,SportsMatch,35,30,-5
R007,2025-01-09,11,3,0,Cloudy,2.14,25.3,HappyHour,SportsMatch,56,71,15
R007,2025-01-09,12,3,0,Cloudy,2.14,25.3,HappyHour,SportsMatch,76,75,-1
R007,2025-01-09,13,3,0,Cloudy,2.14,25.3,HappyHour,SportsMatch,83,79,-4
R007,2025-01-09,14,3,0,Cloudy,2.14,25.3,HappyHour,SportsMatch,76,86,10
R007,2025-01-09,15,3,0,Cloudy,2.14,25.3,HappyHour,SportsMatch,57,61,4
R007,2025-01-09,16,3,0,Cloudy,2.14,25.3,HappyHour,SportsMatch,37,34,-3
R007,2025-01-09,17,3,0,Cloudy,2.14,25.3,HappyHour,SportsMatch,28,28,0
R007,2025-01-09,18,3,0,Cloudy,2.14,25.3,HappyHour,SportsMatch,36,35,-1
R007,2025-01-09,19,3,0,Cloudy,2.14,25.3,HappyHour,SportsMatch,57,68,11
R007,2025-01-09,20,3,0,Cloudy,2.14,25.3,HappyHour,SportsMatch,67,73,6
R007,2025-01-09,21,3,0,Cloudy,2.14,25.3,HappyHour,SportsMatch,54,48,-6
R007,2025-01-09,22,3,0,Cloudy,2.14,25.3,HappyHour,SportsMatch,29,30,1
R007,2025-01-10,8,4,0,Cloudy,2.17,29.7,None,LocalEvent,7,5,-2
R007,2025-01-10,9,4,0,Cloudy,2.17,29.7,None,LocalEvent,16,12,-4
R007,2025-01-10,10,4,0,Cloudy,2.17,29.7,None,LocalEvent,32,32,0
R007,2025-01-10,11,4,0,Cloudy,2.17,29.7,None,LocalEvent,51,59,8
R007,2025-01-10,12,4,0,Cloudy,2.17,29.7,None,LocalEvent,69,75,6
R007,2025-01-10,13,4,0,Cloudy,2.17,29.7,None,LocalEvent,76,101,25
R007,2025-01-10,14,4,0,Cloudy,2.17,29.7,None,LocalEvent,69,64,-5
R007,2025-01-10,15,4,0,Cloudy,2.17,29.7,None,LocalEvent,52,58,6
R007,2025-01-10,16,4,0,Cloudy,2.17,29.7,None,LocalEvent,34,27,-7
R007,2025-01-10,17,4,0,Cloudy,2.17,29.7,None,LocalEvent,25,25,0
R007,2025-01-10,18,4,0,Cloudy,2.17,29.7,None,LocalEvent,33,36,3
R007,2025-01-10,19,4,0,Cloudy,2.17,29.7,None,LocalEvent,52,44,-8
R007,2025-01-10,20,4,0,Cloudy,2.17,29.7,None,LocalEvent,61,71,10
R007,2025-01-10,21,4,0,Cloudy,2.17,29.7,None,LocalEvent,50,64,14
R007,2025-01-10,22,4,0,Cloudy,2.17,29.7,None,LocalEvent,27,26,-1
R007,2025-01-11,8,5,1,Rain,2.69,25.4,HappyHour,SportsMatch,7,8,1
R007,2025-01-11,9,5,1,Rain,2.69,25.4,HappyHour,SportsMatch,16,16,0
R007,2025-01-11,10,5,1,Rain,2.69,25.4,HappyHour,SportsMatch,32,34,2
R007,2025-01-11,11,5,1,Rain,2.69,25.4,HappyHour,SportsMatch,52,61,9
R007,2025-01-11,12,5,1,Rain,2.69,25.4,HappyHour,SportsMatch,70,84,14
R007,2025-01-11,13,5,1,Rain,2.69,25.4,HappyHour,SportsMatch,77,69,-8
R007,2025-01-11,14,5,1,Rain,2.69,25.4,HappyHour,SportsMatch,70,73,3
R007,2025-01-11,15,5,1,Rain,2.69,25.4,HappyHour,SportsMatch,52,46,-6
R007,2025-01-11,16,5,1,Rain,2.69,25.4,HappyHour,SportsMatch,34,32,-2
R007,2025-01-11,17,5,1,Rain,2.69,25.4,HappyHour,SportsMatch,26,19,-7
R007,2025-01-11,18,5,1,Rain,2.69,25.4,HappyHour,SportsMatch,34,26,-8
R007,2025-01-11,19,5,1,Rain,2.69,25.4,HappyHour,SportsMatch,52,56,4
R007,2025-01-11,20,5,1,Rain,2.69,25.4,HappyHour,SportsMatch,62,64,2
R007,2025-01-11,21,5,1,Rain,2.69,25.4,HappyHour,SportsMatch,50,46,-4
R007,2025-01-11,22,5,1,Rain,2.69,25.4,HappyHour,SportsMatch,27,31,4
R007,2025-01-12,8,6,1,Rain,31.61,36.9,WeekendDeal,LocalEvent,7,10,3
R007,2025-01-12,9,6,1,Rain,31.61,36.9,WeekendDeal,LocalEvent,16,15,-1
R007,2025-01-12,10,6,1,Rain,31.61,36.9,WeekendDeal,LocalEvent,32,27,-5
R007,2025-01-12,11,6,1,Rain,31.61,36.9,WeekendDeal,LocalEvent,53,45,-8
R007,2025-01-12,12,6,1,Rain,31.61,36.9,WeekendDeal,LocalEvent,71,62,-9
R007,2025-01-12,13,6,1,Rain,31.61,36.9,WeekendDeal,LocalEvent,78,86,8
R007,2025-01-12,14,6,1,Rain,31.61,36.9,WeekendDeal,LocalEvent,71,72,1
R007,2025-01-12,15,6,1,Rain,31.61,36.9,WeekendDeal,LocalEvent,53,46,-7
R007,2025-01-12,16,6,1,Rain,31.61,36.9,WeekendDeal,LocalEvent,35,37,2
R007,2025-01-12,17,6,1,Rain,31.61,36.9,WeekendDeal,LocalEvent,26,28,2
R007,2025-01-12,18,6,1,Rain,31.61,36.9,WeekendDeal,LocalEvent,34,39,5
R007,2025-01-12,19,6,1,Rain,31.61,36.9,WeekendDeal,LocalEvent,53,43,-10
R007,2025-01-12,20,6,1,Rain,31.61,36.9,WeekendDeal,LocalEvent,63,52,-11
R007,2025-01-12,21,6,1,Rain,31.61,36.9,WeekendDeal,LocalEvent,51,55,4
R007,2025-01-12,22,6,1,Rain,31.61,36.9,WeekendDeal,LocalEvent,27,30,3
R007,2025-01-13,8,0,0,Rain,32.93,32.5,FestivalOffer,None,6,5,-1
R007,2025-01-13,9,0,0,Rain,32.93,32.5,FestivalOffer,None,14,11,-3
R007,2025-01-13,10,0,0,Rain,32.93,32.5,FestivalOffer,None,27,24,-3
R007,2025-01-13,11,0,0,Rain,32.93,32.5,FestivalOffer,None,44,50,6
R007,2025-01-13,12,0,0,Rain,32.93,32.5,FestivalOffer,None,59,66,7
R007,2025-01-13,13,0,0,Rain,32.93,32.5,FestivalOffer,None,65,49,-16
R007,2025-01-13,14,0,0,Rain,32.93,32.5,FestivalOffer,None,59,60,1
R007,2025-01-13,15,0,0,Rain,32.93,32.5,FestivalOffer,None,44,47,3
R007,2025-01-13,16,0,0,Rain,32.93,32.5,FestivalOffer,None,29,28,-1
R007,2025-01-13,17,0,0,Rain,32.93,32.5,FestivalOffer,None,22,20,-2
R007,2025-01-13,18,0,0,Rain,32.93,32.5,FestivalOffer,None,29,26,-3
R007,2025-01-13,19,0,0,Rain,32.93,32.5,FestivalOffer,None,44,39,-5
R007,2025-01-13,20,0,0,Rain,32.93,32.5,FestivalOffer,None,53,61,8
R007,2025-01-13,21,0,0,Rain,32.93,32.5,FestivalOffer,None,43,43,0
R007,2025-01-13,22,0,0,Rain,32.93,32.5,FestivalOffer,None,23,21,-2
R007,2025-01-14,8,1,0,Storm,12.65,31.2,FestivalOffer,None,5,5,0
R007,2025-01-14,9,1,0,Storm,12.65,31.2,FestivalOffer,None,11,10,-1
R007,2025-01-14,10,1,0,Storm,12.65,31.2,FestivalOffer,None,23,27,4
R007,2025-01-14,11,1,0,Storm,12.65,31.2,FestivalOffer,None,37,30,-7
R007,2025-01-14,12,1,0,Storm,12.65,31.2,FestivalOffer,None,49,42,-7
R007,2025-01-14,13,1,0,Storm,12.65,31.2,FestivalOffer,None,54,44,-10
R007,2025-01-14,14,1,0,Storm,12.65,31.2,FestivalOffer,None,49,55,6
R007,2025-01-14,15,1,0,Storm,12.65,31.2,FestivalOffer,None,37,31,-6
R007,2025-01-14,16,1,0,Storm,12.65,31.2,FestivalOffer,None,24,28,4
R007,2025-01-14,17,1,0,Storm,12.65,31.2,FestivalOffer,None,18,17,-1
R007,2025-01-14,18,1,0,Storm,12.65,31.2,FestivalOffer,None,24,21,-3
R007,2025-01-14,19,1,0,Storm,12.65,31.2,FestivalOffer,None,37,40,3
R007,2025-01-14,20,1,0,Storm,12.65,31.2,FestivalOffer,None,44,46,2
R007,2025-01-14,21,1,0,Storm,12.65,31.2,FestivalOffer,None,35,40,5
R007,2025-01-14,22,1,0,Storm,12.65,31.2,FestivalOffer,None,19,19,0
R007,2025-01-15,8,2,0,Rain,24.93,22.5,HappyHour,LocalEvent,6,6,0
R007,2025-01-15,9,2,0,Rain,24.93,22.5,HappyHour,LocalEvent,13,15,2
R007,2025-01-15,10,2,0,Rain,24.93,22.5,HappyHour,LocalEvent,27,23,-4
R007,2025-01-15,11,2,0,Rain,24.93,22.5,HappyHour,LocalEvent,43,42,-1
R007,2025-01-15,12,2,0,Rain,24.93,22.5,HappyHour,LocalEvent,58,64,6
R007,2025-01-15,13,2,0,Rain,24.93,22.5,HappyHour,LocalEvent,64,88,24
R007,2025-01-15,14,2,0,Rain,24.93,22.5,HappyHour,LocalEvent,58,70,12
R007,2025-01-15,15,2,0,Rain,24.93,22.5,HappyHour,LocalEvent,44,56,12
R007,2025-01-15,16,2,0,Rain,24.93,22.5,HappyHour,LocalEvent,28,24,-4
R007,2025-01-15,17,2,0,Rain,24.93,22.5,HappyHour,LocalEvent,21,16,-5
R007,2025-01-15,18,2,0,Rain,24.93,22.5,HappyHour,LocalEvent,28,24,-4
R007,2025-01-15,19,2,0,Rain,24.93,22.5,HappyHour,LocalEvent,43,50,7
R007,2025-01-15,20,2,0,Rain,24.93,22.5,HappyHour,LocalEvent,52,45,-7
R007,2025-01-15,21,2,0,Rain,24.93,22.5,HappyHour,LocalEvent,42,44,2
R007,2025-01-15,22,2,0,Rain,24.93,22.5,HappyHour,LocalEvent,22,25,3
R007,2025-01-16,8,3,0,Rain,10.26,37.2,None,Festival,6,5,-1
R007,2025-01-16,9,3,0,Rain,10.26,37.2,None,Festival,13,12,-1
R007,2025-01-16,10,3,0,Rain,10.26,37.2,None,Festival,26,21,-5
R007,2025-01-16,11,3,0,Rain,10.26,37.2,None,Festival,43,43,0
R007,2025-01-16,12,3,0,Rain,10.26,37.2,None,Festival,58,58,0
R007,2025-01-16,13,3,0,Rain,10.26,37.2,None,Festival,64,68,4
R007,2025-01-16,14,3,0,Rain,10.26,37.2,None,Festival,58,62,4
R007,2025-01-16,15,3,0,Rain,10.26,37.2,None,Festival,43,53,10
R007,2025-01-16,16,3,0,Rain,10.26,37.2,None,Festival,28,31,3
R007,2025-01-16,17,3,0,Rain,10.26,37.2,None,Festival,21,24,3
R007,2025-01-16,18,3,0,Rain,10.26,37.2,None,Festival,28,28,0
R007,2025-01-16,19,3,0,Rain,10.26,37.2,None,Festival,43,45,2
R007,2025-01-16,20,3,0,Rain,10.26,37.2,None,Festival,51,62,11
R007,2025-01-16,21,3,0,Rain,10.26,37.2,None,Festival,42,47,5
R007,2025-01-16,22,3,0,Rain,10.26,37.2,None,Festival,22,25,3
R007,2025-01-17,8,4,0,Rain,10.31,23.7,FestivalOffer,Festival,7,8,1
R007,2025-01-17,9,4,0,Rain,10.31,23.7,FestivalOffer,Festival,16,17,1
R007,2025-01-17,10,4,0,Rain,10.31,23.7,FestivalOffer,Festival,31,32,1
R007,2025-01-17,11,4,0,Rain,10.31,23.7,FestivalOffer,Festival,51,55,4
R007,2025-01-17,12,4,0,Rain,10.31,23.7,FestivalOffer,Festival,68,70,2
R007,2025-01-17,13,4,0,Rain,10.31,23.7,FestivalOffer,Festival,75,60,-15
R007,2025-01-17,14,4,0,Rain,10.31,23.7,FestivalOffer,Festival,68,85,17
R007,2025-01-17,15,4,0,Rain,10.31,23.7,FestivalOffer,Festival,51,49,-2
R007,2025-01-17,16,4,0,Rain,10.31,23.7,FestivalOffer,Festival,33,32,-1
R007,2025-01-17,17,4,0,Rain,10.31,23.7,FestivalOffer,Festival,25,25,0
R007,2025-01-17,18,4,0,Rain,10.31,23.7,FestivalOffer,Festival,33,26,-7
R007,2025-01-17,19,4,0,Rain,10.31,23.7,FestivalOffer,Festival,51,43,-8
R007,2025-01-17,20,4,0,Rain,10.31,23.7,FestivalOffer,Festival,61,69,8
R007,2025-01-17,21,4,0,Rain,10.31,23.7,FestivalOffer,Festival,49,61,12
R007,2025-01-17,22,4,0,Rain,10.31,23.7,FestivalOffer,Festival,26,29,3
R007,2025-01-18,8,5,1,Storm,5.76,22.2,HappyHour,Festival,6,5,-1
R007,2025-01-18,9,5,1,Storm,5.76,22.2,HappyHour,Festival,14,12,-2
R007,2025-01-18,10,5,1,Storm,5.76,22.2,HappyHour,Festival,28,21,-7
R007,2025-01-18,11,5,1,Storm,5.76,22.2,HappyHour,Festival,46,46,0
R007,2025-01-18,12,5,1,Storm,5.76,22.2,HappyHour,Festival,61,68,7
R007,2025-01-18,13,5,1,Storm,5.76,22.2,HappyHour,Festival,67,62,-5
R007,2025-01-18,14,5,1,Storm,5.76,22.2,HappyHour,Festival,61,65,4
R007,2025-01-18,15,5,1,Storm,5.76,22.2,HappyHour,Festival,46,41,-5
R007,2025-01-18,16,5,1,Storm,5.76,22.2,HappyHour,Festival,30,32,2
R007,2025-01-18,17,5,1,Storm,5.76,22.2,HappyHour,Festival,23,21,-2
R007,2025-01-18,18,5,1,Storm,5.76,22.2,HappyHour,Festival,29,26,-3
R007,2025-01-18,19,5,1,Storm,5.76,22.2,HappyHour,Festival,46,48,2
R007,2025-01-18,20,5,1,Storm,5.76,22.2,HappyHour,Festival,55,62,7
R007,2025-01-18,21,5,1,Storm,5.76,22.2,HappyHour,Festival,44,43,-1
R007,2025-01-18,22,5,1,Storm,5.76,22.2,HappyHour,Festival,24,18,-6
R007,2025-01-19,8,6,1,Rain,16.73,35.7,WeekendDeal,SportsMatch,7,7,0
R007,2025-01-19,9,6,1,Rain,16.73,35.7,WeekendDeal,SportsMatch,17,13,-4
R007,2025-01-19,10,6,1,Rain,16.73,35.7,WeekendDeal,SportsMatch,33,32,-1
R007,2025-01-19,11,6,1,Rain,16.73,35.7,WeekendDeal,SportsMatch,54,52,-2
R007,2025-01-19,12,6,1,Rain,16.73,35.7,WeekendDeal,SportsMatch,72,59,-13
R007,2025-01-19,13,6,1,Rain,16.73,35.7,WeekendDeal,SportsMatch,80,67,-13
R007,2025-01-19,14,6,1,Rain,16.73,35.7,WeekendDeal,SportsMatch,72,77,5
R007,2025-01-19,15,6,1,Rain,16.73,35.7,WeekendDeal,SportsMatch,54,58,4
R007,2025-01-19,16,6,1,Rain,16.73,35.7,WeekendDeal,SportsMatch,35,37,2
R007,2025-01-19,17,6,1,Rain,16.73,35.7,WeekendDeal,SportsMatch,27,36,9
R007,2025-01-19,18,6,1,Rain,16.73,35.7,WeekendDeal,SportsMatch,35,45,10
R007,2025-01-19,19,6,1,Rain,16.73,35.7,WeekendDeal,SportsMatch,54,57,3
R007,2025-01-19,20,6,1,Rain,16.73,35.7,WeekendDeal,SportsMatch,64,47,-17
R007,2025-01-19,21,6,1,Rain,16.73,35.7,WeekendDeal,SportsMatch,52,59,7
R007,2025-01-19,22,6,1,Rain,16.73,35.7,WeekendDeal,SportsMatch,28,32,4
R007,2025-01-20,8,0,0,Storm,2.0,27.8,None,None,4,3,-1
R007,2025-01-20,9,0,0,Storm,2.0,27.8,None,None,10,8,-2
R007,2025-01-20,10,0,0,Storm,2.0,27.8,None,None,19,26,7
R007,2025-01-20,11,0,0,Storm,2.0,27.8,None,None,31,31,0
R007,2025-01-20,12,0,0,Storm,2.0,27.8,None,None,42,50,8
R007,2025-01-20,13,0,0,Storm,2.0,27.8,None,None,46,43,-3
R007,2025-01-20,14,0,0,Storm,2.0,27.8,None,None,42,42,0
R007,2025-01-20,15,0,0,Storm,2.0,27.8,None,None,31,26,-5
R007,2025-01-20,16,0,0,Storm,2.0,27.8,None,None,20,19,-1
R007,2025-01-20,17,0,0,Storm,2.0,27.8,None,None,15,13,-2
R007,2025-01-20,18,0,0,Storm,2.0,27.8,None,None,20,19,-1
R007,2025-01-20,19,0,0,Storm,2.0,27.8,None,None,31,33,2
R007,2025-01-20,20,0,0,Storm,2.0,27.8,None,None,37,34,-3
R007,2025-01-20,21,0,0,Storm,2.0,27.8,None,None,30,25,-5
R007,2025-01-20,22,0,0,Storm,2.0,27.8,None,None,16,16,0
R007,2025-01-21,8,1,0,Rain,17.87,29.0,HappyHour,None,5,8,3
R007,2025-01-21,9,1,0,Rain,17.87,29.0,HappyHour,None,13,13,0
R007,2025-01-21,10,1,0,Rain,17.87,29.0,HappyHour,None,25,26,1
R007,2025-01-21,11,1,0,Rain,17.87,29.0,HappyHour,None,40,31,-9
R007,2025-01-21,12,1,0,Rain,17.87,29.0,HappyHour,None,54,59,5
R007,2025-01-21,13,1,0,Rain,17.87,29.0,HappyHour,None,60,67,7
R007,2025-01-21,14,1,0,Rain,17.87,29.0,HappyHour,None,54,51,-3
R007,2025-01-21,15,1,0,Rain,17.87,29.0,HappyHour,None,41,35,-6
R007,2025-01-21,16,1,0,Rain,17.87,29.0,HappyHour,None,27,25,-2
R007,2025-01-21,17,1,0,Rain,17.87,29.0,HappyHour,None,20,25,5
R007,2025-01-21,18,1,0,Rain,17.87,29.0,HappyHour,None,26,28,2
R007,2025-01-21,19,1,0,Rain,17.87,29.0,HappyHour,None,41,40,-1
R007,2025-01-21,20,1,0,Rain,17.87,29.0,HappyHour,None,48,40,-8
R007,2025-01-21,21,1,0,Rain,17.87,29.0,HappyHour,None,39,39,0
R007,2025-01-21,22,1,0,Rain,17.87,29.0,HappyHour,None,21,24,3
R007,2025-01-22,8,2,0,Clear,4.79,31.7,None,Festival,7,7,0
R007,2025-01-22,9,2,0,Clear,4.79,31.7,None,Festival,17,15,-2
R007,2025-01-22,10,2,0,Clear,4.79,31.7,None,Festival,34,42,8
R007,2025-01-22,11,2,0,Clear,4.79,31.7,None,Festival,55,53,-2
R007,2025-01-22,12,2,0,Clear,4.79,31.7,None,Festival,74,84,10
R007,2025-01-22,13,2,0,Clear,4.79,31.7,None,Festival,82,88,6
R007,2025-01-22,14,2,0,Clear,4.79,31.7,None,Festival,74,73,-1
R007,2025-01-22,15,2,0,Clear,4.79,31.7,None,Festival,56,60,4
R007,2025-01-22,16,2,0,Clear,4.79,31.7,None,Festival,36,29,-7
R007,2025-01-22,17,2,0,Clear,4.79,31.7,None,Festival,27,25,-2
R007,2025-01-22,18,2,0,Clear,4.79,31.7,None,Festival,36,28,-8
R007,2025-01-22,19,2,0,Clear,4.79,31.7,None,Festival,55,57,2
R007,2025-01-22,20,2,0,Clear,4.79,31.7,None,Festival,66,55,-11
R007,2025-01-22,21,2,0,Clear,4.79,31.7,None,Festival,53,53,0
R007,2025-01-22,22,2,0,Clear,4.79,31.7,None,Festival,29,30,1
R007,2025-01-23,8,3,0,Clear,2.12,28.1,HappyHour,None,7,9,2
R007,2025-01-23,9,3,0,Clear,2.12,28.1,HappyHour,None,16,14,-2
R007,2025-01-23,10,3,0,Clear,2.12,28.1,HappyHour,None,32,32,0
R007,2025-01-23,11,3,0,Clear,2.12,28.1,HappyHour,None,52,58,6
R007,2025-01-23,12,3,0,Clear,2.12,28.1,HappyHour,None,69,71,2
R007,2025-01-23,13,3,0,Clear,2.12,28.1,HappyHour,None,77,107,30
R007,2025-01-23,14,3,0,Clear,2.12,28.1,HappyHour,None,69,46,-23
R007,2025-01-23,15,3,0,Clear,2.12,28.1,HappyHour,None,52,42,-10
R007,2025-01-23,16,3,0,Clear,2.12,28.1,HappyHour,None,34,30,-4
R007,2025-01-23,17,3,0,Clear,2.12,28.1,HappyHour,None,26,26,0
R007,2025-01-23,18,3,0,Clear,2.12,28.1,HappyHour,None,33,28,-5
R007,2025-01-23,19,3,0,Clear,2.12,28.1,HappyHour,None,52,60,8
R007,2025-01-23,20,3,0,Clear,2.12,28.1,HappyHour,None,62,63,1
R007,2025-01-23,21,3,0,Clear,2.12,28.1,HappyHour,None,50,55,5
R007,2025-01-23,22,3,0,Clear,2.12,28.1,HappyHour,None,27,29,2
R007,2025-01-24,8,4,0,Clear,0.92,26.6,HappyHour,SportsMatch,7,9,2
R007,2025-01-24,9,4,0,Clear,0.92,26.6,HappyHour,SportsMatch,17,16,-1
R007,2025-01-24,10,4,0,Clear,0.92,26.6,HappyHour,SportsMatch,35,45,10
R007,2025-01-24,11,4,0,Clear,0.92,26.6,HappyHour,SportsMatch,56,58,2
R007,2025-01-24,12,4,0,Clear,0.92,26.6,HappyHour,SportsMatch,76,87,11
R007,2025-01-24,13,4,0,Clear,0.92,26.6,HappyHour,SportsMatch,83,104,21
R007,2025-01-24,14,4,0,Clear,0.92,26.6,HappyHour,SportsMatch,76,68,-8
R007,2025-01-24,15,4,0,Clear,0.92,26.6,HappyHour,SportsMatch,57,73,16
R007,2025-01-24,16,4,0,Clear,0.92,26.6,HappyHour,SportsMatch,37,38,1
R007,2025-01-24,17,4,0,Clear,0.92,26.6,HappyHour,SportsMatch,28,23,-5
R007,2025-01-24,18,4,0,Clear,0.92,26.6,HappyHour,SportsMatch,36,39,3
R007,2025-01-24,19,4,0,Clear,0.92,26.6,HappyHour,SportsMatch,57,51,-6
R007,2025-01-24,20,4,0,Clear,0.92,26.6,HappyHour,SportsMatch,67,67,0
R007,2025-01-24,21,4,0,Clear,0.92,26.6,HappyHour,SportsMatch,54,47,-7
R007,2025-01-24,22,4,0,Clear,0.92,26.6,HappyHour,SportsMatch,29,32,3
R007,2025-01-25,8,5,1,Rain,15.75,32.0,WeekendDeal,LocalEvent,7,6,-1
R007,2025-01-25,9,5,1,Rain,15.75,32.0,WeekendDeal,LocalEvent,16,16,0
R007,2025-01-25,10,5,1,Rain,15.75,32.0,WeekendDeal,LocalEvent,32,24,-8
R007,2025-01-25,11,5,1,Rain,15.75,32.0,WeekendDeal,LocalEvent,53,79,26
R007,2025-01-25,12,5,1,Rain,15.75,32.0,WeekendDeal,LocalEvent,71,49,-22
R007,2025-01-25,13,5,1,Rain,15.75,32.0,WeekendDeal,LocalEvent,78,82,4
R007,2025-01-25,14,5,1,Rain,15.75,32.0,WeekendDeal,LocalEvent,71,54,-17
R007,2025-01-25,15,5,1,Rain,15.75,32.0,WeekendDeal,LocalEvent,53,48,-5
R007,2025-01-25,16,5,1,Rain,15.75,32.0,WeekendDeal,LocalEvent,35,28,-7
R007,2025-01-25,17,5,1,Rain,15.75,32.0,WeekendDeal,LocalEvent,26,24,-2
R007,2025-01-25,18,5,1,Rain,15.75,32.0,WeekendDeal,LocalEvent,34,25,-9
R007,2025-01-25,19,5,1,Rain,15.75,32.0,WeekendDeal,LocalEvent,53,56,3
R007,2025-01-25,20,5,1,Rain,15.75,32.0,WeekendDeal,LocalEvent,63,60,-3
R007,2025-01-25,21,5,1,Rain,15.75,32.0,WeekendDeal,LocalEvent,51,56,5
R007,2025-01-25,22,5,1,Rain,15.75,32.0,WeekendDeal,LocalEvent,27,29,2
R007,2025-01-26,8,6,1,Storm,3.66,36.1,WeekendDeal,Festival,6,7,1
R007,2025-01-26,9,6,1,Storm,3.66,36.1,WeekendDeal,Festival,15,15,0
R007,2025-01-26,10,6,1,Storm,3.66,36.1,WeekendDeal,Festival,29,36,7
R007,2025-01-26,11,6,1,Storm,3.66,36.1,WeekendDeal,Festival,47,38,-9
R007,2025-01-26,12,6,1,Storm,3.66,36.1,WeekendDeal,Festival,63,46,-17
R007,2025-01-26,13,6,1,Storm,3.66,36.1,WeekendDeal,Festival,70,76,6
R007,2025-01-26,14,6,1,Storm,3.66,36.1,WeekendDeal,Festival,64,68,4
R007,2025-01-26,15,6,1,Storm,3.66,36.1,WeekendDeal,Festival,48,50,2
R007,2025-01-26,16,6,1,Storm,3.66,36.1,WeekendDeal,Festival,31,22,-9
R007,2025-01-26,17,6,1,Storm,3.66,36.1,WeekendDeal,Festival,23,27,4
R007,2025-01-26,18,6,1,Storm,3.66,36.1,WeekendDeal,Festival,31,27,-4
R007,2025-01-26,19,6,1,Storm,3.66,36.1,WeekendDeal,Festival,48,36,-12
R007,2025-01-26,20,6,1,Storm,3.66,36.1,WeekendDeal,Festival,57,45,-12
R007,2025-01-26,21,6,1,Storm,3.66,36.1,WeekendDeal,Festival,46,41,-5
R007,2025-01-26,22,6,1,Storm,3.66,36.1,WeekendDeal,Festival,25,18,-7
R007,2025-01-27,8,0,0,Clear,0.03,20.4,FestivalOffer,Festival,8,6,-2
R007,2025-01-27,9,0,0,Clear,0.03,20.4,FestivalOffer,Festival,20,19,-1
R007,2025-01-27,10,0,0,Clear,0.03,20.4,FestivalOffer,Festival,40,45,5
R007,2025-01-27,11,0,0,Clear,0.03,20.4,FestivalOffer,Festival,65,68,3
R007,2025-01-27,12,0,0,Clear,0.03,20.4,FestivalOffer,Festival,87,68,-19
R007,2025-01-27,13,0,0,Clear,0.03,20.4,FestivalOffer,Festival,96,101,5
R007,2025-01-27,14,0,0,Clear,0.03,20.4,FestivalOffer,Festival,87,94,7
R007,2025-01-27,15,0,0,Clear,0.03,20.4,FestivalOffer,Festival,66,72,6
R007,2025-01-27,16,0,0,Clear,0.03,20.4,FestivalOffer,Festival,43,39,-4
R007,2025-01-27,17,0,0,Clear,0.03,20.4,FestivalOffer,Festival,32,30,-2
R007,2025-01-27,18,0,0,Clear,0.03,20.4,FestivalOffer,Festival,42,38,-4
R007,2025-01-27,19,0,0,Clear,0.03,20.4,FestivalOffer,Festival,65,68,3
R007,2025-01-27,20,0,0,Clear,0.03,20.4,FestivalOffer,Festival,78,96,18
R007,2025-01-27,21,0,0,Clear,0.03,20.4,FestivalOffer,Festival,63,65,2
R007,2025-01-27,22,0,0,Clear,0.03,20.4,FestivalOffer,Festival,34,30,-4
R007,2025-01-28,8,1,0,Cloudy,4.03,31.3,None,Festival,7,7,0
R007,2025-01-28,9,1,0,Cloudy,4.03,31.3,None,Festival,17,17,0
R007,2025-01-28,10,1,0,Cloudy,4.03,31.3,None,Festival,34,45,11
R007,2025-01-28,11,1,0,Cloudy,4.03,31.3,None,Festival,55,47,-8
R007,2025-01-28,12,1,0,Cloudy,4.03,31.3,None,Festival,74,74,0
R007,2025-01-28,13,1,0,Cloudy,4.03,31.3,None,Festival,82,79,-3
R007,2025-01-28,14,1,0,Cloudy,4.03,31.3,None,Festival,74,85,11
R007,2025-01-28,15,1,0,Cloudy,4.03,31.3,None,Festival,56,54,-2
R007,2025-01-28,16,1,0,Cloudy,4.03,31.3,None,Festival,36,35,-1
R007,2025-01-28,17,1,0,Cloudy,4.03,31.3,None,Festival,27,25,-2
R007,2025-01-28,18,1,0,Cloudy,4.03,31.3,None,Festival,36,36,0
R007,2025-01-28,19,1,0,Cloudy,4.03,31.3,None,Festival,55,45,-10
R007,2025-01-28,20,1,0,Cloudy,4.03,31.3,None,Festival,66,68,2
R007,2025-01-28,21,1,0,Cloudy,4.03,31.3,None,Festival,53,44,-9
R007,2025-01-28,22,1,0,Cloudy,4.03,31.3,None,Festival,29,25,-4
R007,2025-01-29,8,2,0,Storm,19.2,33.7,HappyHour,SportsMatch,5,7,2
R007,2025-01-29,9,2,0,Storm,19.2,33.7,HappyHour,SportsMatch,11,11,0
R007,2025-01-29,10,2,0,Storm,19.2,33.7,HappyHour,SportsMatch,23,22,-1
R007,2025-01-29,11,2,0,Storm,19.2,33.7,HappyHour,SportsMatch,37,23,-14
R007,2025-01-29,12,2,0,Storm,19.2,33.7,HappyHour,SportsMatch,49,51,2
R007,2025-01-29,13,2,0,Storm,19.2,33.7,HappyHour,SportsMatch,54,56,2
R007,2025-01-29,14,2,0,Storm,19.2,33.7,HappyHour,SportsMatch,49,50,1
R007,2025-01-29,15,2,0,Storm,19.2,33.7,HappyHour,SportsMatch,37,29,-8
R007,2025-01-29,16,2,0,Storm,19.2,33.7,HappyHour,SportsMatch,24,24,0
R007,2025-01-29,17,2,0,Storm,19.2,33.7,HappyHour,SportsMatch,18,12,-6
R007,2025-01-29,18,2,0,Storm,19.2,33.7,HappyHour,SportsMatch,24,27,3
R007,2025-01-29,19,2,0,Storm,19.2,33.7,HappyHour,SportsMatch,37,26,-11
R007,2025-01-29,20,2,0,Storm,19.2,33.7,HappyHour,SportsMatch,44,54,10
R007,2025-01-29,21,2,0,Storm,19.2,33.7,HappyHour,SportsMatch,35,33,-2
R007,2025-01-29,22,2,0,Storm,19.2,33.7,HappyHour,SportsMatch,19,18,-1
R007,2025-01-30,8,3,0,Storm,21.59,28.8,None,Festival,5,4,-1
R007,2025-01-30,9,3,0,Storm,21.59,28.8,None,Festival,11,9,-2
R007,2025-01-30,10,3,0,Storm,21.59,28.8,None,Festival,22,23,1
R007,2025-01-30,11,3,0,Storm,21.59,28.8,None,Festival,36,27,-9
R007,2025-01-30,12,3,0,Storm,21.59,28.8,None,Festival,48,55,7
R007,2025-01-30,13,3,0,Storm,21.59,28.8,None,Festival,53,51,-2
R007,2025-01-30,14,3,0,Storm,21.59,28.8,None,Festival,48,36,-12
R007,2025-01-30,15,3,0,Storm,21.59,28.8,None,Festival,36,38,2
R007,2025-01-30,16,3,0,Storm,21.59,28.8,None,Festival,24,21,-3
R007,2025-01-30,17,3,0,Storm,21.59,28.8,None,Festival,18,15,-3
R007,2025-01-30,18,3,0,Storm,21.59,28.8,None,Festival,23,26,3
R007,2025-01-30,19,3,0,Storm,21.59,28.8,None,Festival,36,35,-1
R007,2025-01-30,20,3,0,Storm,21.59,28.8,None,Festival,43,41,-2
R007,2025-01-30,21,3,0,Storm,21.59,28.8,None,Festival,35,34,-1
R007,2025-01-30,22,3,0,Storm,21.59,28.8,None,Festival,19,16,-3
R007,2025-01-31,8,4,0,Cloudy,0.06,35.0,HappyHour,None,7,9,2
R007,2025-01-31,9,4,0,Cloudy,0.06,35.0,HappyHour,None,16,10,-6
R007,2025-01-31,10,4,0,Cloudy,0.06,35.0,HappyHour,None,32,32,0
R007,2025-01-31,11,4,0,Cloudy,0.06,35.0,HappyHour,None,52,48,-4
R007,2025-01-31,12,4,0,Cloudy,0.06,35.0,HappyHour,None,69,66,-3
R007,2025-01-31,13,4,0,Cloudy,0.06,35.0,HappyHour,None,77,67,-10
R007,2025-01-31,14,4,0,Cloudy,0.06,35.0,HappyHour,None,69,61,-8
R007,2025-01-31,15,4,0,Cloudy,0.06,35.0,HappyHour,None,52,61,9
R007,2025-01-31,16,4,0,Cloudy,0.06,35.0,HappyHour,None,34,45,11
R007,2025-01-31,17,4,0,Cloudy,0.06,35.0,HappyHour,None,26,28,2
R007,2025-01-31,18,4,0,Cloudy,0.06,35.0,HappyHour,None,33,35,2
R007,2025-01-31,19,4,0,Cloudy,0.06,35.0,HappyHour,None,52,56,4
R007,2025-01-31,20,4,0,Cloudy,0.06,35.0,HappyHour,None,62,65,3
R007,2025-01-31,21,4,0,Cloudy,0.06,35.0,HappyHour,None,50,35,-15
R007,2025-01-31,22,4,0,Cloudy,0.06,35.0,HappyHour,None,27,27,0
R007,2025-02-01,8,5,1,Rain,22.79,32.4,HappyHour,Festival,7,13,6
R007,2025-02-01,9,5,1,Rain,22.79,32.4,HappyHour,Festival,17,17,0
R007,2025-02-01,10,5,1,Rain,22.79,32.4,HappyHour,Festival,34,30,-4
R007,2025-02-01,11,5,1,Rain,22.79,32.4,HappyHour,Festival,55,50,-5
R007,2025-02-01,12,5,1,Rain,22.79,32.4,HappyHour,Festival,73,52,-21
R007,2025-02-01,13,5,1,Rain,22.79,32.4,HappyHour,Festival,81,103,22
R007,2025-02-01,14,5,1,Rain,22.79,32.4,HappyHour,Festival,73,69,-4
R007,2025-02-01,15,5,1,Rain,22.79,32.4,HappyHour,Festival,55,49,-6
R007,2025-02-01,16,5,1,Rain,22.79,32.4,HappyHour,Festival,36,45,9
R007,2025-02-01,17,5,1,Rain,22.79,32.4,HappyHour,Festival,27,25,-2
R007,2025-02-01,18,5,1,Rain,22.79,32.4,HappyHour,Festival,35,39,4
R007,2025-02-01,19,5,1,Rain,22.79,32.4,HappyHour,Festival,55,56,1
R007,2025-02-01,20,5,1,Rain,22.79,32.4,HappyHour,Festival,65,70,5
R007,2025-02-01,21,5,1,Rain,22.79,32.4,HappyHour,Festival,53,58,5
R007,2025-02-01,22,5,1,Rain,22.79,32.4,HappyHour,Festival,28,28,0
R007,2025-02-02,8,6,1,Cloudy,1.33,32.8,None,Festival,8,5,-3
R007,2025-02-02,9,6,1,Cloudy,1.33,32.8,None,Festival,20,16,-4
R007,2025-02-02,10,6,1,Cloudy,1.33,32.8,None,Festival,40,46,6
R007,2025-02-02,11,6,1,Cloudy,1.33,32.8,None,Festival,65,68,3
R007,2025-02-02,12,6,1,Cloudy,1.33,32.8,None,Festival,87,82,-5
R007,2025-02-02,13,6,1,Cloudy,1.33,32.8,None,Festival,96,66,-30
R007,2025-02-02,14,6,1,Cloudy,1.33,32.8,None,Festival,87,96,9
R007,2025-02-02,15,6,1,Cloudy,1.33,32.8,None,Festival,65,66,1
R007,2025-02-02,16,6,1,Cloudy,1.33,32.8,None,Festival,43,39,-4
R007,2025-02-02,17,6,1,Cloudy,1.33,32.8,None,Festival,32,38,6
R007,2025-02-02,18,6,1,Cloudy,1.33,32.8,None,Festival,42,36,-6
R007,2025-02-02,19,6,1,Cloudy,1.33,32.8,None,Festival,65,64,-1
R007,2025-02-02,20,6,1,Cloudy,1.33,32.8,None,Festival,78,74,-4
R007,2025-02-02,21,6,1,Cloudy,1.33,32.8,None,Festival,63,66,3
R007,2025-02-02,22,6,1,Cloudy,1.33,32.8,None,Festival,34,35,1
R007,2025-02-03,8,0,0,Clear,4.82,36.5,HappyHour,Festival,8,8,0
R007,2025-02-03,9,0,0,Clear,4.82,36.5,HappyHour,Festival,18,18,0
R007,2025-02-03,10,0,0,Clear,4.82,36.5,HappyHour,Festival,37,42,5
R007,2025-02-03,11,0,0,Clear,4.82,36.5,HappyHour,Festival,60,51,-9
R007,2025-02-03,12,0,0,Clear,4.82,36.5,HappyHour,Festival,80,95,15
R007,2025-02-03,13,0,0,Clear,4.82,36.5,HappyHour,Festival,88,93,5
R007,2025-02-03,14,0,0,Clear,4.82,36.5,HappyHour,Festival,80,79,-1
R007,2025-02-03,15,0,0,Clear,4.82,36.5,HappyHour,Festival,60,52,-8
R007,2025-02-03,16,0,0,Clear,4.82,36.5,HappyHour,Festival,39,28,-11
R007,2025-02-03,17,0,0,Clear,4.82,36.5,HappyHour,Festival,29,20,-9
R007,2025-02-03,18,0,0,Clear,4.82,36.5,HappyHour,Festival,38,41,3
R007,2025-02-03,19,0,0,Clear,4.82,36.5,HappyHour,Festival,60,63,3
R007,2025-02-03,20,0,0,Clear,4.82,36.5,HappyHour,Festival,71,72,1
R007,2025-02-03,21,0,0,Clear,4.82,36.5,HappyHour,Festival,57,49,-8
R007,2025-02-03,22,0,0,Clear,4.82,36.5,HappyHour,Festival,31,36,5
R007,2025-02-04,8,1,0,Storm,27.02,20.9,HappyHour,Festival,5,10,5
R007,2025-02-04,9,1,0,Storm,27.02,20.9,HappyHour,Festival,12,11,-1
R007,2025-02-04,10,1,0,Storm,27.02,20.9,HappyHour,Festival,24,18,-6
R007,2025-02-04,11,1,0,Storm,27.02,20.9,HappyHour,Festival,39,35,-4
R007,2025-02-04,12,1,0,Storm,27.02,20.9,HappyHour,Festival,52,54,2
R007,2025-02-04,13,1,0,Storm,27.02,20.9,HappyHour,Festival,57,49,-8
R007,2025-02-04,14,1,0,Storm,27.02,20.9,HappyHour,Festival,52,59,7
R007,2025-02-04,15,1,0,Storm,27.02,20.9,HappyHour,Festival,39,44,5
R007,2025-02-04,16,1,0,Storm,27.02,20.9,HappyHour,Festival,25,33,8
R007,2025-02-04,17,1,0,Storm,27.02,20.9,HappyHour,Festival,19,15,-4
R007,2025-02-04,18,1,0,Storm,27.02,20.9,HappyHour,Festival,25,26,1
R007,2025-02-04,19,1,0,Storm,27.02,20.9,HappyHour,Festival,39,39,0
R007,2025-02-04,20,1,0,Storm,27.02,20.9,HappyHour,Festival,46,49,3
R007,2025-02-04,21,1,0,Storm,27.02,20.9,HappyHour,Festival,37,37,0
R007,2025-02-04,22,1,0,Storm,27.02,20.9,HappyHour,Festival,20,18,-2
R007,2025-02-05,8,2,0,Cloudy,3.94,24.0,WeekendDeal,LocalEvent,7,9,2
R007,2025-02-05,9,2,0,Cloudy,3.94,24.0,WeekendDeal,LocalEvent,18,14,-4
R007,2025-02-05,10,2,0,Cloudy,3.94,24.0,WeekendDeal,LocalEvent,35,35,0
R007,2025-02-05,11,2,0,Cloudy,3.94,24.0,WeekendDeal,LocalEvent,57,64,7
R007,2025-02-05,12,2,0,Cloudy,3.94,24.0,WeekendDeal,LocalEvent,77,77,0
R007,2025-02-05,13,2,0,Cloudy,3.94,24.0,WeekendDeal,LocalEvent,85,113,28
R007,2025-02-05,14,2,0,Cloudy,3.94,24.0,WeekendDeal,LocalEvent,77,66,-11
R007,2025-02-05,15,2,0,Cloudy,3.94,24.0,WeekendDeal,LocalEvent,58,64,6
R007,2025-02-05,16,2,0,Cloudy,3.94,24.0,WeekendDeal,LocalEvent,38,27,-11
R007,2025-02-05,17,2,0,Cloudy,3.94,24.0,WeekendDeal,LocalEvent,28,21,-7
R007,2025-02-05,18,2,0,Cloudy,3.94,24.0,WeekendDeal,LocalEvent,37,33,-4
R007,2025-02-05,19,2,0,Cloudy,3.94,24.0,WeekendDeal,LocalEvent,58,59,1
R007,2025-02-05,20,2,0,Cloudy,3.94,24.0,WeekendDeal,LocalEvent,69,66,-3
R007,2025-02-05,21,2,0,Cloudy,3.94,24.0,WeekendDeal,LocalEvent,55,71,16
R007,2025-02-05,22,2,0,Cloudy,3.94,24.0,WeekendDeal,LocalEvent,30,33,3
R007,2025-02-06,8,3,0,Cloudy,1.47,34.3,WeekendDeal,SportsMatch,8,6,-2
R007,2025-02-06,9,3,0,Cloudy,1.47,34.3,WeekendDeal,SportsMatch,18,19,1
R007,2025-02-06,10,3,0,Cloudy,1.47,34.3,WeekendDeal,SportsMatch,36,35,-1
R007,2025-02-06,11,3,0,Cloudy,1.47,34.3,WeekendDeal,SportsMatch,59,57,-2
R007,2025-02-06,12,3,0,Cloudy,1.47,34.3,WeekendDeal,SportsMatch,79,70,-9
R007,2025-02-06,13,3,0,Cloudy,1.47,34.3,WeekendDeal,SportsMatch,87,83,-4
R007,2025-02-06,14,3,0,Cloudy,1.47,34.3,WeekendDeal,SportsMatch,79,89,10
R007,2025-02-06,15,3,0,Cloudy,1.47,34.3,WeekendDeal,SportsMatch,59,59,0
R007,2025-02-06,16,3,0,Cloudy,1.47,34.3,WeekendDeal,SportsMatch,38,37,-1
R007,2025-02-06,17,3,0,Cloudy,1.47,34.3,WeekendDeal,SportsMatch,29,29,0
R007,2025-02-06,18,3,0,Cloudy,1.47,34.3,WeekendDeal,SportsMatch,38,45,7
R007,2025-02-06,19,3,0,Cloudy,1.47,34.3,WeekendDeal,SportsMatch,59,56,-3
R007,2025-02-06,20,3,0,Cloudy,1.47,34.3,WeekendDeal,SportsMatch,70,60,-10
R007,2025-02-06,21,3,0,Cloudy,1.47,34.3,WeekendDeal,SportsMatch,56,45,-11
R007,2025-02-06,22,3,0,Cloudy,1.47,34.3,WeekendDeal,SportsMatch,30,28,-2
R007,2025-02-07,8,4,0,Rain,14.85,33.8,HappyHour,Festival,6,4,-2
R007,2025-02-07,9,4,0,Rain,14.85,33.8,HappyHour,Festival,14,15,1
R007,2025-02-07,10,4,0,Rain,14.85,33.8,HappyHour,Festival,29,34,5
R007,2025-02-07,11,4,0,Rain,14.85,33.8,HappyHour,Festival,46,41,-5
R007,2025-02-07,12,4,0,Rain,14.85,33.8,HappyHour,Festival,62,62,0
R007,2025-02-07,13,4,0,Rain,14.85,33.8,HappyHour,Festival,69,63,-6
R007,2025-02-07,14,4,0,Rain,14.85,33.8,HappyHour,Festival,62,64,2
R007,2025-02-07,15,4,0,Rain,14.85,33.8,HappyHour,Festival,47,49,2
R007,2025-02-07,16,4,0,Rain,14.85,33.8,HappyHour,Festival,31,32,1
R007,2025-02-07,17,4,0,Rain,14.85,33.8,HappyHour,Festival,23,23,0
R007,2025-02-07,18,4,0,Rain,14.85,33.8,HappyHour,Festival,30,39,9
R007,2025-02-07,19,4,0,Rain,14.85,33.8,HappyHour,Festival,47,50,3
R007,2025-02-07,20,4,0,Rain,14.85,33.8,HappyHour,Festival,56,55,-1
R007,2025-02-07,21,4,0,Rain,14.85,33.8,HappyHour,Festival,45,42,-3
R007,2025-02-07,22,4,0,Rain,14.85,33.8,HappyHour,Festival,24,20,-4
R007,2025-02-08,8,5,1,Rain,18.1,33.3,WeekendDeal,LocalEvent,7,10,3
R007,2025-02-08,9,5,1,Rain,18.1,33.3,WeekendDeal,LocalEvent,16,17,1
R007,2025-02-08,10,5,1,Rain,18.1,33.3,WeekendDeal,LocalEvent,32,21,-11
R007,2025-02-08,11,5,1,Rain,18.1,33.3,WeekendDeal,LocalEvent,53,53,0
R007,2025-02-08,12,5,1,Rain,18.1,33.3,WeekendDeal,LocalEvent,71,57,-14
R007,2025-02-08,13,5,1,Rain,18.1,33.3,WeekendDeal,LocalEvent,78,75,-3
R007,2025-02-08,14,5,1,Rain,18.1,33.3,WeekendDeal,LocalEvent,71,83,12
R007,2025-02-08,15,5,1,Rain,18.1,33.3,WeekendDeal,LocalEvent,53,63,10
R007,2025-02-08,16,5,1,Rain,18.1,33.3,WeekendDeal,LocalEvent,35,33,-2
R007,2025-02-08,17,5,1,Rain,18.1,33.3,WeekendDeal,LocalEvent,26,22,-4
R007,2025-02-08,18,5,1,Rain,18.1,33.3,WeekendDeal,LocalEvent,34,37,3
R007,2025-02-08,19,5,1,Rain,18.1,33.3,WeekendDeal,LocalEvent,53,43,-10
R007,2025-02-08,20,5,1,Rain,18.1,33.3,WeekendDeal,LocalEvent,63,69,6
R007,2025-02-08,21,5,1,Rain,18.1,33.3,WeekendDeal,LocalEvent,51,54,3
R007,2025-02-08,22,5,1,Rain,18.1,33.3,WeekendDeal,LocalEvent,27,17,-10
R007,2025-02-09,8,6,1,Storm,3.44,25.2,FestivalOffer,SportsMatch,6,7,1
R007,2025-02-09,9,6,1,Storm,3.44,25.2,FestivalOffer,SportsMatch,15,17,2
R007,2025-02-09,10,6,1,Storm,3.44,25.2,FestivalOffer,SportsMatch,29,33,4
R007,2025-02-09,11,6,1,Storm,3.44,25.2,FestivalOffer,SportsMatch,47,48,1
R007,2025-02-09,12,6,1,Storm,3.44,25.2,FestivalOffer,SportsMatch,63,63,0
R007,2025-02-09,13,6,1,Storm,3.44,25.2,FestivalOffer,SportsMatch,70,79,9
R007,2025-02-09,14,6,1,Storm,3.44,25.2,FestivalOffer,SportsMatch,63,83,20
R007,2025-02-09,15,6,1,Storm,3.44,25.2,FestivalOffer,SportsMatch,48,57,9
R007,2025-02-09,16,6,1,Storm,3.44,25.2,FestivalOffer,SportsMatch,31,35,4
R007,2025-02-09,17,6,1,Storm,3.44,25.2,FestivalOffer,SportsMatch,23,22,-1
R007,2025-02-09,18,6,1,Storm,3.44,25.2,FestivalOffer,SportsMatch,31,41,10
R007,2025-02-09,19,6,1,Storm,3.44,25.2,FestivalOffer,SportsMatch,48,55,7
R007,2025-02-09,20,6,1,Storm,3.44,25.2,FestivalOffer,SportsMatch,56,35,-21
R007,2025-02-09,21,6,1,Storm,3.44,25.2,FestivalOffer,SportsMatch,46,41,-5
R007,2025-02-09,22,6,1,Storm,3.44,25.2,FestivalOffer,SportsMatch,24,25,1
R007,2025-02-10,8,0,0,Storm,24.22,22.1,FestivalOffer,LocalEvent,5,5,0
R007,2025-02-10,9,0,0,Storm,24.22,22.1,FestivalOffer,LocalEvent,12,11,-1
R007,2025-02-10,10,0,0,Storm,24.22,22.1,FestivalOffer,LocalEvent,24,22,-2
R007,2025-02-10,11,0,0,Storm,24.22,22.1,FestivalOffer,LocalEvent,39,35,-4
R007,2025-02-10,12,0,0,Storm,24.22,22.1,FestivalOffer,LocalEvent,53,42,-11
R007,2025-02-10,13,0,0,Storm,24.22,22.1,FestivalOffer,LocalEvent,58,61,3
R007,2025-02-10,14,0,0,Storm,24.22,22.1,FestivalOffer,LocalEvent,53,60,7
R007,2025-02-10,15,0,0,Storm,24.22,22.1,FestivalOffer,LocalEvent,40,39,-1
R007,2025-02-10,16,0,0,Storm,24.22,22.1,FestivalOffer,LocalEvent,26,26,0
R007,2025-02-10,17,0,0,Storm,24.22,22.1,FestivalOffer,LocalEvent,19,20,1
R007,2025-02-10,18,0,0,Storm,24.22,22.1,FestivalOffer,LocalEvent,25,34,9
R007,2025-02-10,19,0,0,Storm,24.22,22.1,FestivalOffer,LocalEvent,40,46,6
R007,2025-02-10,20,0,0,Storm,24.22,22.1,FestivalOffer,LocalEvent,47,39,-8
R007,2025-02-10,21,0,0,Storm,24.22,22.1,FestivalOffer,LocalEvent,38,39,1
R007,2025-02-10,22,0,0,Storm,24.22,22.1,FestivalOffer,LocalEvent,20,26,6
R007,2025-02-11,8,1,0,Clear,4.15,31.1,None,None,6,7,1
R007,2025-02-11,9,1,0,Clear,4.15,31.1,None,None,15,11,-4
R007,2025-02-11,10,1,0,Clear,4.15,31.1,None,None,29,40,11
R007,2025-02-11,11,1,0,Clear,4.15,31.1,None,None,48,45,-3
R007,2025-02-11,12,1,0,Clear,4.15,31.1,None,None,64,42,-22
R007,2025-02-11,13,1,0,Clear,4.15,31.1,None,None,71,70,-1
R007,2025-02-11,14,1,0,Clear,4.15,31.1,None,None,64,68,4
R007,2025-02-11,15,1,0,Clear,4.15,31.1,None,None,48,50,2
R007,2025-02-11,16,1,0,Clear,4.15,31.1,None,None,32,30,-2
R007,2025-02-11,17,1,0,Clear,4.15,31.1,None,None,24,20,-4
R007,2025-02-11,18,1,0,Clear,4.15,31.1,None,None,31,31,0
R007,2025-02-11,19,1,0,Clear,4.15,31.1,None,None,48,53,5
R007,2025-02-11,20,1,0,Clear,4.15,31.1,None,None,57,59,2
R007,2025-02-11,21,1,0,Clear,4.15,31.1,None,None,46,40,-6
R007,2025-02-11,22,1,0,Clear,4.15,31.1,None,None,25,24,-1
R007,2025-02-12,8,2,0,Storm,0.37,27.4,FestivalOffer,None,5,3,-2
R007,2025-02-12,9,2,0,Storm,0.37,27.4,FestivalOffer,None,11,11,0
R007,2025-02-12,10,2,0,Storm,0.37,27.4,FestivalOffer,None,23,20,-3
R007,2025-02-12,11,2,0,Storm,0.37,27.4,FestivalOffer,None,37,35,-2
R007,2025-02-12,12,2,0,Storm,0.37,27.4,FestivalOffer,None,49,36,-13
R007,2025-02-12,13,2,0,Storm,0.37,27.4,FestivalOffer,None,54,47,-7
R007,2025-02-12,14,2,0,Storm,0.37,27.4,FestivalOffer,None,49,55,6
R007,2025-02-12,15,2,0,Storm,0.37,27.4,FestivalOffer,None,37,31,-6
R007,2025-02-12,16,2,0,Storm,0.37,27.4,FestivalOffer,None,24,21,-3
R007,2025-02-12,17,2,0,Storm,0.37,27.4,FestivalOffer,None,18,22,4
R007,2025-02-12,18,2,0,Storm,0.37,27.4,FestivalOffer,None,24,26,2
R007,2025-02-12,19,2,0,Storm,0.37,27.4,FestivalOffer,None,37,41,4
R007,2025-02-12,20,2,0,Storm,0.37,27.4,FestivalOffer,None,44,50,6
R007,2025-02-12,21,2,0,Storm,0.37,27.4,FestivalOffer,None,35,45,10
R007,2025-02-12,22,2,0,Storm,0.37,27.4,FestivalOffer,None,19,20,1
R007,2025-02-13,8,3,0,Storm,13.98,36.7,HappyHour,Festival,5,5,0
R007,2025-02-13,9,3,0,Storm,13.98,36.7,HappyHour,Festival,12,15,3
R007,2025-02-13,10,3,0,Storm,13.98,36.7,HappyHour,Festival,24,24,0
R007,2025-02-13,11,3,0,Storm,13.98,36.7,HappyHour,Festival,39,33,-6
R007,2025-02-13,12,3,0,Storm,13.98,36.7,HappyHour,Festival,52,50,-2
R007,2025-02-13,13,3,0,Storm,13.98,36.7,HappyHour,Festival,57,62,5
R007,2025-02-13,14,3,0,Storm,13.98,36.7,HappyHour,Festival,52,54,2
R007,2025-02-13,15,3,0,Storm,13.98,36.7,HappyHour,Festival,39,43,4
R007,2025-02-13,16,3,0,Storm,13.98,36.7,HappyHour,Festival,25,20,-5
R007,2025-02-13,17,3,0,Storm,13.98,36.7,HappyHour,Festival,19,21,2
R007,2025-02-13,18,3,0,Storm,13.98,36.7,HappyHour,Festival,25,32,7
R007,2025-02-13,19,3,0,Storm,13.98,36.7,HappyHour,Festival,39,38,-1
R007,2025-02-13,20,3,0,Storm,13.98,36.7,HappyHour,Festival,46,46,0
R007,2025-02-13,21,3,0,Storm,13.98,36.7,HappyHour,Festival,37,36,-1
R007,2025-02-13,22,3,0,Storm,13.98,36.7,HappyHour,Festival,20,22,2
R007,2025-02-14,8,4,0,Rain,26.53,25.0,WeekendDeal,SportsMatch,6,9,3
R007,2025-02-14,9,4,0,Rain,26.53,25.0,WeekendDeal,SportsMatch,14,14,0
R007,2025-02-14,10,4,0,Rain,26.53,25.0,WeekendDeal,SportsMatch,28,26,-2
R007,2025-02-14,11,4,0,Rain,26.53,25.0,WeekendDeal,SportsMatch,46,56,10
R007,2025-02-14,12,4,0,Rain,26.53,25.0,WeekendDeal,SportsMatch,61,58,-3
R007,2025-02-14,13,4,0,Rain,26.53,25.0,WeekendDeal,SportsMatch,68,78,10
R007,2025-02-14,14,4,0,Rain,26.53,25.0,WeekendDeal,SportsMatch,61,69,8
R007,2025-02-14,15,4,0,Rain,26.53,25.0,WeekendDeal,SportsMatch,46,43,-3
R007,2025-02-14,16,4,0,Rain,26.53,25.0,WeekendDeal,SportsMatch,30,30,0
R007,2025-02-14,17,4,0,Rain,26.53,25.0,WeekendDeal,SportsMatch,23,25,2
R007,2025-02-14,18,4,0,Rain,26.53,25.0,WeekendDeal,SportsMatch,30,27,-3
R007,2025-02-14,19,4,0,Rain,26.53,25.0,WeekendDeal,SportsMatch,46,56,10
R007,2025-02-14,20,4,0,Rain,26.53,25.0,WeekendDeal,SportsMatch,55,58,3
R007,2025-02-14,21,4,0,Rain,26.53,25.0,WeekendDeal,SportsMatch,44,38,-6
R007,2025-02-14,22,4,0,Rain,26.53,25.0,WeekendDeal,SportsMatch,24,20,-4
R007,2025-02-15,8,5,1,Rain,1.46,29.9,None,None,6,7,1
R007,2025-02-15,9,5,1,Rain,1.46,29.9,None,None,14,16,2
R007,2025-02-15,10,5,1,Rain,1.46,29.9,None,None,27,32,5
R007,2025-02-15,11,5,1,Rain,1.46,29.9,None,None,44,56,12
R007,2025-02-15,12,5,1,Rain,1.46,29.9,None,None,59,57,-2
R007,2025-02-15,13,5,1,Rain,1.46,29.9,None,None,65,47,-18
R007,2025-02-15,14,5,1,Rain,1.46,29.9,None,None,59,62,3
R007,2025-02-15,15,5,1,Rain,1.46,29.9,None,None,44,56,12
R007,2025-02-15,16,5,1,Rain,1.46,29.9,None,None,29,28,-1
R007,2025-02-15,17,5,1,Rain,1.46,29.9,None,None,22,18,-4
R007,2025-02-15,18,5,1,Rain,1.46,29.9,None,None,29,23,-6
R007,2025-02-15,19,5,1,Rain,1.46,29.9,None,None,44,43,-1
R007,2025-02-15,20,5,1,Rain,1.46,29.9,None,None,53,51,-2
R007,2025-02-15,21,5,1,Rain,1.46,29.9,None,None,43,36,-7
R007,2025-02-15,22,5,1,Rain,1.46,29.9,None,None,23,26,3
R007,2025-02-16,8,6,1,Storm,20.98,28.1,None,Festival,5,3,-2
R007,2025-02-16,9,6,1,Storm,20.98,28.1,None,Festival,13,11,-2
R007,2025-02-16,10,6,1,Storm,20.98,28.1,None,Festival,26,26,0
R007,2025-02-16,11,6,1,Storm,20.98,28.1,None,Festival,42,46,4
R007,2025-02-16,12,6,1,Storm,20.98,28.1,None,Festival,57,51,-6
R007,2025-02-16,13,6,1,Storm,20.98,28.1,None,Festival,62,67,5
R007,2025-02-16,14,6,1,Storm,20.98,28.1,None,Festival,57,55,-2
R007,2025-02-16,15,6,1,Storm,20.98,28.1,None,Festival,43,34,-9
R007,2025-02-16,16,6,1,Storm,20.98,28.1,None,Festival,28,24,-4
R007,2025-02-16,17,6,1,Storm,20.98,28.1,None,Festival,21,22,1
R007,2025-02-16,18,6,1,Storm,20.98,28.1,None,Festival,27,33,6
R007,2025-02-16,19,6,1,Storm,20.98,28.1,None,Festival,43,41,-2
R007,2025-02-16,20,6,1,Storm,20.98,28.1,None,Festival,51,58,7
R007,2025-02-16,21,6,1,Storm,20.98,28.1,None,Festival,41,45,4
R007,2025-02-16,22,6,1,Storm,20.98,28.1,None,Festival,22,28,6
R007,2025-02-17,8,0,0,Clear,4.03,25.5,FestivalOffer,None,7,7,0
R007,2025-02-17,9,0,0,Clear,4.03,25.5,FestivalOffer,None,18,16,-2
R007,2025-02-17,10,0,0,Clear,4.03,25.5,FestivalOffer,None,35,38,3
R007,2025-02-17,11,0,0,Clear,4.03,25.5,FestivalOffer,None,57,65,8
R007,2025-02-17,12,0,0,Clear,4.03,25.5,FestivalOffer,None,76,84,8
R007,2025-02-17,13,0,0,Clear,4.03,25.5,FestivalOffer,None,84,77,-7
R007,2025-02-17,14,0,0,Clear,4.03,25.5,FestivalOffer,None,76,67,-9
R007,2025-02-17,15,0,0,Clear,4.03,25.5,FestivalOffer,None,57,62,5
R007,2025-02-17,16,0,0,Clear,4.03,25.5,FestivalOffer,None,37,44,7
R007,2025-02-17,17,0,0,Clear,4.03,25.5,FestivalOffer,None,28,29,1
R007,2025-02-17,18,0,0,Clear,4.03,25.5,FestivalOffer,None,37,34,-3
R007,2025-02-17,19,0,0,Clear,4.03,25.5,FestivalOffer,None,57,73,16
R007,2025-02-17,20,0,0,Clear,4.03,25.5,FestivalOffer,None,68,72,4
R007,2025-02-17,21,0,0,Clear,4.03,25.5,FestivalOffer,None,55,65,10
R007,2025-02-17,22,0,0,Clear,4.03,25.5,FestivalOffer,None,29,31,2
R007,2025-02-18,8,1,0,Rain,28.86,25.1,HappyHour,SportsMatch,6,7,1
R007,2025-02-18,9,1,0,Rain,28.86,25.1,HappyHour,SportsMatch,14,13,-1
R007,2025-02-18,10,1,0,Rain,28.86,25.1,HappyHour,SportsMatch,27,28,1
R007,2025-02-18,11,1,0,Rain,28.86,25.1,HappyHour,SportsMatch,44,50,6
R007,2025-02-18,12,1,0,Rain,28.86,25.1,HappyHour,SportsMatch,59,62,3
R007,2025-02-18,13,1,0,Rain,28.86,25.1,HappyHour,SportsMatch,65,77,12
R007,2025-02-18,14,1,0,Rain,28.86,25.1,HappyHour,SportsMatch,59,63,4
R007,2025-02-18,15,1,0,Rain,28.86,25.1,HappyHour,SportsMatch,44,52,8
R007,2025-02-18,16,1,0,Rain,28.86,25.1,HappyHour,SportsMatch,29,28,-1
R007,2025-02-18,17,1,0,Rain,28.86,25.1,HappyHour,SportsMatch,22,30,8
R007,2025-02-18,18,1,0,Rain,28.86,25.1,HappyHour,SportsMatch,28,27,-1
R007,2025-02-18,19,1,0,Rain,28.86,25.1,HappyHour,SportsMatch,44,38,-6
R007,2025-02-18,20,1,0,Rain,28.86,25.1,HappyHour,SportsMatch,53,44,-9
R007,2025-02-18,21,1,0,Rain,28.86,25.1,HappyHour,SportsMatch,42,48,6
R007,2025-02-18,22,1,0,Rain,28.86,25.1,HappyHour,SportsMatch,23,18,-5
R007,2025-02-19,8,2,0,Rain,12.45,27.3,None,SportsMatch,5,5,0
R007,2025-02-19,9,2,0,Rain,12.45,27.3,None,SportsMatch,13,14,1
R007,2025-02-19,10,2,0,Rain,12.45,27.3,None,SportsMatch,25,21,-4
R007,2025-02-19,11,2,0,Rain,12.45,27.3,None,SportsMatch,41,31,-10
R007,2025-02-19,12,2,0,Rain,12.45,27.3,None,SportsMatch,55,67,12
R007,2025-02-19,13,2,0,Rain,12.45,27.3,None,SportsMatch,60,39,-21
R007,2025-02-19,14,2,0,Rain,12.45,27.3,None,SportsMatch,55,58,3
R007,2025-02-19,15,2,0,Rain,12.45,27.3,None,SportsMatch,41,26,-15
R007,2025-02-19,16,2,0,Rain,12.45,27.3,None,SportsMatch,27,27,0
R007,2025-02-19,17,2,0,Rain,12.45,27.3,None,SportsMatch,20,18,-2
R007,2025-02-19,18,2,0,Rain,12.45,27.3,None,SportsMatch,26,30,4
R007,2025-02-19,19,2,0,Rain,12.45,27.3,None,SportsMatch,41,24,-17
R007,2025-02-19,20,2,0,Rain,12.45,27.3,None,SportsMatch,49,63,14
R007,2025-02-19,21,2,0,Rain,12.45,27.3,None,SportsMatch,39,48,9
R007,2025-02-19,22,2,0,Rain,12.45,27.3,None,SportsMatch,21,19,-2
R007,2025-02-20,8,3,0,Rain,34.62,35.7,HappyHour,None,5,6,1
R007,2025-02-20,9,3,0,Rain,34.62,35.7,HappyHour,None,13,11,-2
R007,2025-02-20,10,3,0,Rain,34.62,35.7,HappyHour,None,25,30,5
R007,2025-02-20,11,3,0,Rain,34.62,35.7,HappyHour,None,40,44,4
R007,2025-02-20,12,3,0,Rain,34.62,35.7,HappyHour,None,54,54,0
R007,2025-02-20,13,3,0,Rain,34.62,35.7,HappyHour,None,60,67,7
R007,2025-02-20,14,3,0,Rain,34.62,35.7,HappyHour,None,54,41,-13
R007,2025-02-20,15,3,0,Rain,34.62,35.7,HappyHour,None,41,48,7
R007,2025-02-20,16,3,0,Rain,34.62,35.7,HappyHour,None,27,34,7
R007,2025-02-20,17,3,0,Rain,34.62,35.7,HappyHour,None,20,19,-1
R007,2025-02-20,18,3,0,Rain,34.62,35.7,HappyHour,None,26,26,0
R007,2025-02-20,19,3,0,Rain,34.62,35.7,HappyHour,None,41,44,3
R007,2025-02-20,20,3,0,Rain,34.62,35.7,HappyHour,None,48,56,8
R007,2025-02-20,21,3,0,Rain,34.62,35.7,HappyHour,None,39,33,-6
R007,2025-02-20,22,3,0,Rain,34.62,35.7,HappyHour,None,21,26,5
R007,2025-02-21,8,4,0,Storm,6.45,29.0,FestivalOffer,SportsMatch,5,8,3
R007,2025-02-21,9,4,0,Storm,6.45,29.0,FestivalOffer,SportsMatch,12,10,-2
R007,2025-02-21,10,4,0,Storm,6.45,29.0,FestivalOffer,SportsMatch,25,27,2
R007,2025-02-21,11,4,0,Storm,6.45,29.0,FestivalOffer,SportsMatch,40,42,2
R007,2025-02-21,12,4,0,Storm,6.45,29.0,FestivalOffer,SportsMatch,54,51,-3
R007,2025-02-21,13,4,0,Storm,6.45,29.0,FestivalOffer,SportsMatch,59,51,-8
R007,2025-02-21,14,4,0,Storm,6.45,29.0,FestivalOffer,SportsMatch,54,57,3
R007,2025-02-21,15,4,0,Storm,6.45,29.0,FestivalOffer,SportsMatch,40,41,1
R007,2025-02-21,16,4,0,Storm,6.45,29.0,FestivalOffer,SportsMatch,26,24,-2
R007,2025-02-21,17,4,0,Storm,6.45,29.0,FestivalOffer,SportsMatch,20,17,-3
R007,2025-02-21,18,4,0,Storm,6.45,29.0,FestivalOffer,SportsMatch,26,30,4
R007,2025-02-21,19,4,0,Storm,6.45,29.0,FestivalOffer,SportsMatch,40,27,-13
R007,2025-02-21,20,4,0,Storm,6.45,29.0,FestivalOffer,SportsMatch,48,40,-8
R007,2025-02-21,21,4,0,Storm,6.45,29.0,FestivalOffer,SportsMatch,39,47,8
R007,2025-02-21,22,4,0,Storm,6.45,29.0,FestivalOffer,SportsMatch,21,23,2
R007,2025-02-22,8,5,1,Rain,9.77,28.6,HappyHour,None,6,6,0
R007,2025-02-22,9,5,1,Rain,9.77,28.6,HappyHour,None,15,19,4
R007,2025-02-22,10,5,1,Rain,9.77,28.6,HappyHour,None,29,33,4
R007,2025-02-22,11,5,1,Rain,9.77,28.6,HappyHour,None,48,44,-4
R007,2025-02-22,12,5,1,Rain,9.77,28.6,HappyHour,None,64,69,5
R007,2025-02-22,13,5,1,Rain,9.77,28.6,HappyHour,None,70,70,0
R007,2025-02-22,14,5,1,Rain,9.77,28.6,HappyHour,None,64,67,3
R007,2025-02-22,15,5,1,Rain,9.77,28.6,HappyHour,None,48,41,-7
R007,2025-02-22,16,5,1,Rain,9.77,28.6,HappyHour,None,31,29,-2
R007,2025-02-22,17,5,1,Rain,9.77,28.6,HappyHour,None,24,31,7
R007,2025-02-22,18,5,1,Rain,9.77,28.6,HappyHour,None,31,30,-1
R007,2025-02-22,19,5,1,Rain,9.77,28.6,HappyHour,None,48,55,7
R007,2025-02-22,20,5,1,Rain,9.77,28.6,HappyHour,None,57,46,-11
R007,2025-02-22,21,5,1,Rain,9.77,28.6,HappyHour,None,46,36,-10
R007,2025-02-22,22,5,1,Rain,9.77,28.6,HappyHour,None,25,31,6
R007,2025-02-23,8,6,1,Clear,1.22,28.2,FestivalOffer,LocalEvent,9,9,0
R007,2025-02-23,9,6,1,Clear,1.22,28.2,FestivalOffer,LocalEvent,22,23,1
R007,2025-02-23,10,6,1,Clear,1.22,28.2,FestivalOffer,LocalEvent,44,48,4
R007,2025-02-23,11,6,1,Clear,1.22,28.2,FestivalOffer,LocalEvent,71,78,7
R007,2025-02-23,12,6,1,Clear,1.22,28.2,FestivalOffer,LocalEvent,96,103,7
R007,2025-02-23,13,6,1,Clear,1.22,28.2,FestivalOffer,LocalEvent,106,110,4
R007,2025-02-23,14,6,1,Clear,1.22,28.2,FestivalOffer,LocalEvent,96,106,10
R007,2025-02-23,15,6,1,Clear,1.22,28.2,FestivalOffer,LocalEvent,72,67,-5
R007,2025-02-23,16,6,1,Clear,1.22,28.2,FestivalOffer,LocalEvent,47,55,8
R007,2025-02-23,17,6,1,Clear,1.22,28.2,FestivalOffer,LocalEvent,35,45,10
R007,2025-02-23,18,6,1,Clear,1.22,28.2,FestivalOffer,LocalEvent,46,54,8
R007,2025-02-23,19,6,1,Clear,1.22,28.2,FestivalOffer,LocalEvent,72,65,-7
R007,2025-02-23,20,6,1,Clear,1.22,28.2,FestivalOffer,LocalEvent,85,83,-2
R007,2025-02-23,21,6,1,Clear,1.22,28.2,FestivalOffer,LocalEvent,69,57,-12
R007,2025-02-23,22,6,1,Clear,1.22,28.2,FestivalOffer,LocalEvent,37,31,-6
R007,2025-02-24,8,0,0,Storm,17.05,21.2,FestivalOffer,None,5,7,2
R007,2025-02-24,9,0,0,Storm,17.05,21.2,FestivalOffer,None,11,11,0
R007,2025-02-24,10,0,0,Storm,17.05,21.2,FestivalOffer,None,23,23,0
R007,2025-02-24,11,0,0,Storm,17.05,21.2,FestivalOffer,None,37,32,-5
R007,2025-02-24,12,0,0,Storm,17.05,21.2,FestivalOffer,None,49,51,2
R007,2025-02-24,13,0,0,Storm,17.05,21.2,FestivalOffer,None,54,60,6
R007,2025-02-24,14,0,0,Storm,17.05,21.2,FestivalOffer,None,49,52,3
R007,2025-02-24,15,0,0,Storm,17.05,21.2,FestivalOffer,None,37,34,-3
R007,2025-02-24,16,0,0,Storm,17.05,21.2,FestivalOffer,None,24,25,1
R007,2025-02-24,17,0,0,Storm,17.05,21.2,FestivalOffer,None,18,21,3
R007,2025-02-24,18,0,0,Storm,17.05,21.2,FestivalOffer,None,24,29,5
R007,2025-02-24,19,0,0,Storm,17.05,21.2,FestivalOffer,None,37,33,-4
R007,2025-02-24,20,0,0,Storm,17.05,21.2,FestivalOffer,None,44,58,14
R007,2025-02-24,21,0,0,Storm,17.05,21.2,FestivalOffer,None,35,32,-3
R007,2025-02-24,22,0,0,Storm,17.05,21.2,FestivalOffer,None,19,22,3
R007,2025-02-25,8,1,0,Storm,9.53,37.3,WeekendDeal,None,4,3,-1
R007,2025-02-25,9,1,0,Storm,9.53,37.3,WeekendDeal,None,11,12,1
R007,2025-02-25,10,1,0,Storm,9.53,37.3,WeekendDeal,None,21,19,-2
R007,2025-02-25,11,1,0,Storm,9.53,37.3,WeekendDeal,None,35,38,3
R007,2025-02-25,12,1,0,Storm,9.53,37.3,WeekendDeal,None,47,48,1
R007,2025-02-25,13,1,0,Storm,9.53,37.3,WeekendDeal,None,52,37,-15
R007,2025-02-25,14,1,0,Storm,9.53,37.3,WeekendDeal,None,47,59,12
R007,2025-02-25,15,1,0,Storm,9.53,37.3,WeekendDeal,None,35,40,5
R007,2025-02-25,16,1,0,Storm,9.53,37.3,WeekendDeal,None,23,27,4
R007,2025-02-25,17,1,0,Storm,9.53,37.3,WeekendDeal,None,17,16,-1
R007,2025-02-25,18,1,0,Storm,9.53,37.3,WeekendDeal,None,23,27,4
R007,2025-02-25,19,1,0,Storm,9.53,37.3,WeekendDeal,None,35,35,0
R007,2025-02-25,20,1,0,Storm,9.53,37.3,WeekendDeal,None,42,38,-4
R007,2025-02-25,21,1,0,Storm,9.53,37.3,WeekendDeal,None,34,23,-11
R007,2025-02-25,22,1,0,Storm,9.53,37.3,WeekendDeal,None,18,24,6
R007,2025-02-26,8,2,0,Cloudy,1.77,31.6,WeekendDeal,None,7,5,-2
R007,2025-02-26,9,2,0,Cloudy,1.77,31.6,WeekendDeal,None,17,17,0
R007,2025-02-26,10,2,0,Cloudy,1.77,31.6,WeekendDeal,None,33,39,6
R007,2025-02-26,11,2,0,Cloudy,1.77,31.6,WeekendDeal,None,54,48,-6
R007,2025-02-26,12,2,0,Cloudy,1.77,31.6,WeekendDeal,None,72,75,3
R007,2025-02-26,13,2,0,Cloudy,1.77,31.6,WeekendDeal,None,79,58,-21
R007,2025-02-26,14,2,0,Cloudy,1.77,31.6,WeekendDeal,None,72,75,3
R007,2025-02-26,15,2,0,Cloudy,1.77,31.6,WeekendDeal,None,54,57,3
R007,2025-02-26,16,2,0,Cloudy,1.77,31.6,WeekendDeal,None,35,32,-3
R007,2025-02-26,17,2,0,Cloudy,1.77,31.6,WeekendDeal,None,27,33,6
R007,2025-02-26,18,2,0,Cloudy,1.77,31.6,WeekendDeal,None,35,33,-2
R007,2025-02-26,19,2,0,Cloudy,1.77,31.6,WeekendDeal,None,54,52,-2
R007,2025-02-26,20,2,0,Cloudy,1.77,31.6,WeekendDeal,None,64,62,-2
R007,2025-02-26,21,2,0,Cloudy,1.77,31.6,WeekendDeal,None,52,55,3
R007,2025-02-26,22,2,0,Cloudy,1.77,31.6,WeekendDeal,None,28,26,-2
R007,2025-02-27,8,3,0,Clear,3.51,21.0,FestivalOffer,None,7,8,1
R007,2025-02-27,9,3,0,Clear,3.51,21.0,FestivalOffer,None,18,24,6
R007,2025-02-27,10,3,0,Clear,3.51,21.0,FestivalOffer,None,35,33,-2
R007,2025-02-27,11,3,0,Clear,3.51,21.0,FestivalOffer,None,57,44,-13
R007,2025-02-27,12,3,0,Clear,3.51,21.0,FestivalOffer,None,76,88,12
R007,2025-02-27,13,3,0,Clear,3.51,21.0,FestivalOffer,None,84,99,15
R007,2025-02-27,14,3,0,Clear,3.51,21.0,FestivalOffer,None,76,64,-12
R007,2025-02-27,15,3,0,Clear,3.51,21.0,FestivalOffer,None,57,56,-1
R007,2025-02-27,16,3,0,Clear,3.51,21.0,FestivalOffer,None,37,43,6
R007,2025-02-27,17,3,0,Clear,3.51,21.0,FestivalOffer,None,28,31,3
R007,2025-02-27,18,3,0,Clear,3.51,21.0,FestivalOffer,None,37,38,1
R007,2025-02-27,19,3,0,Clear,3.51,21.0,FestivalOffer,None,57,78,21
R007,2025-02-27,20,3,0,Clear,3.51,21.0,FestivalOffer,None,68,74,6
R007,2025-02-27,21,3,0,Clear,3.51,21.0,FestivalOffer,None,55,64,9
R007,2025-02-27,22,3,0,Clear,3.51,21.0,FestivalOffer,None,29,27,-2
R007,2025-02-28,8,4,0,Cloudy,1.42,28.9,FestivalOffer,Festival,8,8,0
R007,2025-02-28,9,4,0,Cloudy,1.42,28.9,FestivalOffer,Festival,20,17,-3
R007,2025-02-28,10,4,0,Cloudy,1.42,28.9,FestivalOffer,Festival,40,37,-3
R007,2025-02-28,11,4,0,Cloudy,1.42,28.9,FestivalOffer,Festival,65,69,4
R007,2025-02-28,12,4,0,Cloudy,1.42,28.9,FestivalOffer,Festival,87,67,-20
R007,2025-02-28,13,4,0,Cloudy,1.42,28.9,FestivalOffer,Festival,96,87,-9
R007,2025-02-28,14,4,0,Cloudy,1.42,28.9,FestivalOffer,Festival,87,87,0
R007,2025-02-28,15,4,0,Cloudy,1.42,28.9,FestivalOffer,Festival,66,62,-4
R007,2025-02-28,16,4,0,Cloudy,1.42,28.9,FestivalOffer,Festival,43,35,-8
R007,2025-02-28,17,4,0,Cloudy,1.42,28.9,FestivalOffer,Festival,32,29,-3
R007,2025-02-28,18,4,0,Cloudy,1.42,28.9,FestivalOffer,Festival,42,44,2
R007,2025-02-28,19,4,0,Cloudy,1.42,28.9,FestivalOffer,Festival,65,74,9
R007,2025-02-28,20,4,0,Cloudy,1.42,28.9,FestivalOffer,Festival,78,74,-4
R007,2025-02-28,21,4,0,Cloudy,1.42,28.9,FestivalOffer,Festival,63,68,5
R007,2025-02-28,22,4,0,Cloudy,1.42,28.9,FestivalOffer,Festival,34,27,-7
R007,2025-03-01,8,5,1,Storm,34.19,28.1,WeekendDeal,LocalEvent,6,6,0
R007,2025-03-01,9,5,1,Storm,34.19,28.1,WeekendDeal,LocalEvent,14,14,0
R007,2025-03-01,10,5,1,Storm,34.19,28.1,WeekendDeal,LocalEvent,27,29,2
R007,2025-03-01,11,5,1,Storm,34.19,28.1,WeekendDeal,LocalEvent,44,52,8
R007,2025-03-01,12,5,1,Storm,34.19,28.1,WeekendDeal,LocalEvent,59,60,1
R007,2025-03-01,13,5,1,Storm,34.19,28.1,WeekendDeal,LocalEvent,65,80,15
R007,2025-03-01,14,5,1,Storm,34.19,28.1,WeekendDeal,LocalEvent,59,64,5
R007,2025-03-01,15,5,1,Storm,34.19,28.1,WeekendDeal,LocalEvent,44,42,-2
R007,2025-03-01,16,5,1,Storm,34.19,28.1,WeekendDeal,LocalEvent,29,32,3
R007,2025-03-01,17,5,1,Storm,34.19,28.1,WeekendDeal,LocalEvent,22,27,5
R007,2025-03-01,18,5,1,Storm,34.19,28.1,WeekendDeal,LocalEvent,28,32,4
R007,2025-03-01,19,5,1,Storm,34.19,28.1,WeekendDeal,LocalEvent,44,46,2
R007,2025-03-01,20,5,1,Storm,34.19,28.1,WeekendDeal,LocalEvent,53,41,-12
R007,2025-03-01,21,5,1,Storm,34.19,28.1,WeekendDeal,LocalEvent,42,33,-9
R007,2025-03-01,22,5,1,Storm,34.19,28.1,WeekendDeal,LocalEvent,23,19,-4
R007,2025-03-02,8,6,1,Rain,28.32,20.7,FestivalOffer,SportsMatch,7,4,-3
R007,2025-03-02,9,6,1,Rain,28.32,20.7,FestivalOffer,SportsMatch,18,13,-5
R007,2025-03-02,10,6,1,Rain,28.32,20.7,FestivalOffer,SportsMatch,35,37,2
R007,2025-03-02,11,6,1,Rain,28.32,20.7,FestivalOffer,SportsMatch,57,64,7
R007,2025-03-02,12,6,1,Rain,28.32,20.7,FestivalOffer,SportsMatch,76,82,6
R007,2025-03-02,13,6,1,Rain,28.32,20.7,FestivalOffer,SportsMatch,84,69,-15
R007,2025-03-02,14,6,1,Rain,28.32,20.7,FestivalOffer,SportsMatch,76,53,-23
R007,2025-03-02,15,6,1,Rain,28.32,20.7,FestivalOffer,SportsMatch,57,44,-13
R007,2025-03-02,16,6,1,Rain,28.32,20.7,FestivalOffer,SportsMatch,37,34,-3
R007,2025-03-02,17,6,1,Rain,28.32,20.7,FestivalOffer,SportsMatch,28,28,0
R007,2025-03-02,18,6,1,Rain,28.32,20.7,FestivalOffer,SportsMatch,37,42,5
R007,2025-03-02,19,6,1,Rain,28.32,20.7,FestivalOffer,SportsMatch,57,43,-14
R007,2025-03-02,20,6,1,Rain,28.32,20.7,FestivalOffer,SportsMatch,68,87,19
R007,2025-03-02,21,6,1,Rain,28.32,20.7,FestivalOffer,SportsMatch,55,51,-4
R007,2025-03-02,22,6,1,Rain,28.32,20.7,FestivalOffer,SportsMatch,29,26,-3
R007,2025-03-03,8,0,0,Cloudy,3.19,23.7,WeekendDeal,SportsMatch,8,6,-2
R007,2025-03-03,9,0,0,Cloudy,3.19,23.7,WeekendDeal,SportsMatch,18,20,2
R007,2025-03-03,10,0,0,Cloudy,3.19,23.7,WeekendDeal,SportsMatch,36,37,1
R007,2025-03-03,11,0,0,Cloudy,3.19,23.7,WeekendDeal,SportsMatch,59,61,2
R007,2025-03-03,12,0,0,Cloudy,3.19,23.7,WeekendDeal,SportsMatch,79,97,18
R007,2025-03-03,13,0,0,Cloudy,3.19,23.7,WeekendDeal,SportsMatch,87,73,-14
R007,2025-03-03,14,0,0,Cloudy,3.19,23.7,WeekendDeal,SportsMatch,79,81,2
R007,2025-03-03,15,0,0,Cloudy,3.19,23.7,WeekendDeal,SportsMatch,59,47,-12
R007,2025-03-03,16,0,0,Cloudy,3.19,23.7,WeekendDeal,SportsMatch,38,34,-4
R007,2025-03-03,17,0,0,Cloudy,3.19,23.7,WeekendDeal,SportsMatch,29,25,-4
R007,2025-03-03,18,0,0,Cloudy,3.19,23.7,WeekendDeal,SportsMatch,38,33,-5
R007,2025-03-03,19,0,0,Cloudy,3.19,23.7,WeekendDeal,SportsMatch,59,56,-3
R007,2025-03-03,20,0,0,Cloudy,3.19,23.7,WeekendDeal,SportsMatch,70,81,11
R007,2025-03-03,21,0,0,Cloudy,3.19,23.7,WeekendDeal,SportsMatch,56,52,-4
R007,2025-03-03,22,0,0,Cloudy,3.19,23.7,WeekendDeal,SportsMatch,30,23,-7
R007,2025-03-04,8,1,0,Cloudy,2.81,33.0,FestivalOffer,LocalEvent,8,5,-3
R007,2025-03-04,9,1,0,Cloudy,2.81,33.0,FestivalOffer,LocalEvent,19,19,0
R007,2025-03-04,10,1,0,Cloudy,2.81,33.0,FestivalOffer,LocalEvent,37,32,-5
R007,2025-03-04,11,1,0,Cloudy,2.81,33.0,FestivalOffer,LocalEvent,61,56,-5
R007,2025-03-04,12,1,0,Cloudy,2.81,33.0,FestivalOffer,LocalEvent,81,83,2
R007,2025-03-04,13,1,0,Cloudy,2.81,33.0,FestivalOffer,LocalEvent,90,82,-8
R007,2025-03-04,14,1,0,Cloudy,2.81,33.0,FestivalOffer,LocalEvent,81,78,-3
R007,2025-03-04,15,1,0,Cloudy,2.81,33.0,FestivalOffer,LocalEvent,61,70,9
R007,2025-03-04,16,1,0,Cloudy,2.81,33.0,FestivalOffer,LocalEvent,40,44,4
R007,2025-03-04,17,1,0,Cloudy,2.81,33.0,FestivalOffer,LocalEvent,30,32,2
R007,2025-03-04,18,1,0,Cloudy,2.81,33.0,FestivalOffer,LocalEvent,39,33,-6
R007,2025-03-04,19,1,0,Cloudy,2.81,33.0,FestivalOffer,LocalEvent,61,59,-2
R007,2025-03-04,20,1,0,Cloudy,2.81,33.0,FestivalOffer,LocalEvent,72,72,0
R007,2025-03-04,21,1,0,Cloudy,2.81,33.0,FestivalOffer,LocalEvent,58,69,11
R007,2025-03-04,22,1,0,Cloudy,2.81,33.0,FestivalOffer,LocalEvent,31,33,2
R007,2025-03-05,8,2,0,Rain,6.97,23.8,None,None,5,5,0
R007,2025-03-05,9,2,0,Rain,6.97,23.8,None,None,12,10,-2
R007,2025-03-05,10,2,0,Rain,6.97,23.8,None,None,23,21,-2
R007,2025-03-05,11,2,0,Rain,6.97,23.8,None,None,37,41,4
R007,2025-03-05,12,2,0,Rain,6.97,23.8,None,None,50,42,-8
R007,2025-03-05,13,2,0,Rain,6.97,23.8,None,None,55,67,12
R007,2025-03-05,14,2,0,Rain,6.97,23.8,None,None,50,36,-14
R007,2025-03-05,15,2,0,Rain,6.97,23.8,None,None,38,48,10
R007,2025-03-05,16,2,0,Rain,6.97,23.8,None,None,25,22,-3
R007,2025-03-05,17,2,0,Rain,6.97,23.8,None,None,18,19,1
R007,2025-03-05,18,2,0,Rain,6.97,23.8,None,None,24,21,-3
R007,2025-03-05,19,2,0,Rain,6.97,23.8,None,None,38,31,-7
R007,2025-03-05,20,2,0,Rain,6.97,23.8,None,None,45,39,-6
R007,2025-03-05,21,2,0,Rain,6.97,23.8,None,None,36,29,-7
R007,2025-03-05,22,2,0,Rain,6.97,23.8,None,None,19,20,1
R007,2025-03-06,8,3,0,Rain,33.15,31.9,WeekendDeal,Festival,6,4,-2
R007,2025-03-06,9,3,0,Rain,33.15,31.9,WeekendDeal,Festival,15,18,3
R007,2025-03-06,10,3,0,Rain,33.15,31.9,WeekendDeal,Festival,30,31,1
R007,2025-03-06,11,3,0,Rain,33.15,31.9,WeekendDeal,Festival,48,37,-11
R007,2025-03-06,12,3,0,Rain,33.15,31.9,WeekendDeal,Festival,65,69,4
R007,2025-03-06,13,3,0,Rain,33.15,31.9,WeekendDeal,Festival,71,66,-5
R007,2025-03-06,14,3,0,Rain,33.15,31.9,WeekendDeal,Festival,65,61,-4
R007,2025-03-06,15,3,0,Rain,33.15,31.9,WeekendDeal,Festival,49,56,7
R007,2025-03-06,16,3,0,Rain,33.15,31.9,WeekendDeal,Festival,32,26,-6
R007,2025-03-06,17,3,0,Rain,33.15,31.9,WeekendDeal,Festival,24,23,-1
R007,2025-03-06,18,3,0,Rain,33.15,31.9,WeekendDeal,Festival,31,37,6
R007,2025-03-06,19,3,0,Rain,33.15,31.9,WeekendDeal,Festival,48,50,2
R007,2025-03-06,20,3,0,Rain,33.15,31.9,WeekendDeal,Festival,58,49,-9
R007,2025-03-06,21,3,0,Rain,33.15,31.9,WeekendDeal,Festival,46,54,8
R007,2025-03-06,22,3,0,Rain,33.15,31.9,WeekendDeal,Festival,25,26,1
R007,2025-03-07,8,4,0,Storm,22.18,24.9,FestivalOffer,Festival,5,6,1
R007,2025-03-07,9,4,0,Storm,22.18,24.9,FestivalOffer,Festival,13,13,0
R007,2025-03-07,10,4,0,Storm,22.18,24.9,FestivalOffer,Festival,26,23,-3
R007,2025-03-07,11,4,0,Storm,22.18,24.9,FestivalOffer,Festival,42,28,-14
R007,2025-03-07,12,4,0,Storm,22.18,24.9,FestivalOffer,Festival,57,58,1
R007,2025-03-07,13,4,0,Storm,22.18,24.9,FestivalOffer,Festival,63,56,-7
R007,2025-03-07,14,4,0,Storm,22.18,24.9,FestivalOffer,Festival,57,57,0
R007,2025-03-07,15,4,0,Storm,22.18,24.9,FestivalOffer,Festival,43,42,-1
R007,2025-03-07,16,4,0,Storm,22.18,24.9,FestivalOffer,Festival,28,20,-8
R007,2025-03-07,17,4,0,Storm,22.18,24.9,FestivalOffer,Festival,21,19,-2
R007,2025-03-07,18,4,0,Storm,22.18,24.9,FestivalOffer,Festival,27,16,-11
R007,2025-03-07,19,4,0,Storm,22.18,24.9,FestivalOffer,Festival,43,60,17
R007,2025-03-07,20,4,0,Storm,22.18,24.9,FestivalOffer,Festival,51,44,-7
R007,2025-03-07,21,4,0,Storm,22.18,24.9,FestivalOffer,Festival,41,26,-15
R007,2025-03-07,22,4,0,Storm,22.18,24.9,FestivalOffer,Festival,22,20,-2
R007,2025-03-08,8,5,1,Cloudy,2.26,31.6,WeekendDeal,None,8,9,1
R007,2025-03-08,9,5,1,Cloudy,2.26,31.6,WeekendDeal,None,20,23,3
R007,2025-03-08,10,5,1,Cloudy,2.26,31.6,WeekendDeal,None,39,38,-1
R007,2025-03-08,11,5,1,Cloudy,2.26,31.6,WeekendDeal,None,63,55,-8
R007,2025-03-08,12,5,1,Cloudy,2.26,31.6,WeekendDeal,None,85,74,-11
R007,2025-03-08,13,5,1,Cloudy,2.26,31.6,WeekendDeal,None,94,109,15
R007,2025-03-08,14,5,1,Cloudy,2.26,31.6,WeekendDeal,None,85,78,-7
R007,2025-03-08,15,5,1,Cloudy,2.26,31.6,WeekendDeal,None,64,65,1
R007,2025-03-08,16,5,1,Cloudy,2.26,31.6,WeekendDeal,None,42,56,14
R007,2025-03-08,17,5,1,Cloudy,2.26,31.6,WeekendDeal,None,31,27,-4
R007,2025-03-08,18,5,1,Cloudy,2.26,31.6,WeekendDeal,None,41,57,16
R007,2025-03-08,19,5,1,Cloudy,2.26,31.6,WeekendDeal,None,64,57,-7
R007,2025-03-08,20,5,1,Cloudy,2.26,31.6,WeekendDeal,None,76,53,-23
R007,2025-03-08,21,5,1,Cloudy,2.26,31.6,WeekendDeal,None,61,76,15
R007,2025-03-08,22,5,1,Cloudy,2.26,31.6,WeekendDeal,None,33,35,2
R007,2025-03-09,8,6,1,Rain,26.0,36.0,None,SportsMatch,6,6,0
R007,2025-03-09,9,6,1,Rain,26.0,36.0,None,SportsMatch,15,14,-1
R007,2025-03-09,10,6,1,Rain,26.0,36.0,None,SportsMatch,30,37,7
R007,2025-03-09,11,6,1,Rain,26.0,36.0,None,SportsMatch,48,53,5
R007,2025-03-09,12,6,1,Rain,26.0,36.0,None,SportsMatch,64,68,4
R007,2025-03-09,13,6,1,Rain,26.0,36.0,None,SportsMatch,71,69,-2
R007,2025-03-09,14,6,1,Rain,26.0,36.0,None,SportsMatch,64,61,-3
R007,2025-03-09,15,6,1,Rain,26.0,36.0,None,SportsMatch,48,48,0
R007,2025-03-09,16,6,1,Rain,26.0,36.0,None,SportsMatch,32,29,-3
R007,2025-03-09,17,6,1,Rain,26.0,36.0,None,SportsMatch,24,22,-2
R007,2025-03-09,18,6,1,Rain,26.0,36.0,None,SportsMatch,31,39,8
R007,2025-03-09,19,6,1,Rain,26.0,36.0,None,SportsMatch,48,50,2
R007,2025-03-09,20,6,1,Rain,26.0,36.0,None,SportsMatch,57,60,3
R007,2025-03-09,21,6,1,Rain,26.0,36.0,None,SportsMatch,46,38,-8
R007,2025-03-09,22,6,1,Rain,26.0,36.0,None,SportsMatch,25,26,1
R007,2025-03-10,8,0,0,Storm,8.97,22.3,WeekendDeal,LocalEvent,5,5,0
R007,2025-03-10,9,0,0,Storm,8.97,22.3,WeekendDeal,LocalEvent,12,12,0
R007,2025-03-10,10,0,0,Storm,8.97,22.3,WeekendDeal,LocalEvent,23,25,2
R007,2025-03-10,11,0,0,Storm,8.97,22.3,WeekendDeal,LocalEvent,37,35,-2
R007,2025-03-10,12,0,0,Storm,8.97,22.3,WeekendDeal,LocalEvent,50,51,1
R007,2025-03-10,13,0,0,Storm,8.97,22.3,WeekendDeal,LocalEvent,55,69,14
R007,2025-03-10,14,0,0,Storm,8.97,22.3,WeekendDeal,LocalEvent,50,61,11
R007,2025-03-10,15,0,0,Storm,8.97,22.3,WeekendDeal,LocalEvent,38,30,-8
R007,2025-03-10,16,0,0,Storm,8.97,22.3,WeekendDeal,LocalEvent,25,26,1
R007,2025-03-10,17,0,0,Storm,8.97,22.3,WeekendDeal,LocalEvent,18,19,1
R007,2025-03-10,18,0,0,Storm,8.97,22.3,WeekendDeal,LocalEvent,24,30,6
R007,2025-03-10,19,0,0,Storm,8.97,22.3,WeekendDeal,LocalEvent,38,32,-6
R007,2025-03-10,20,0,0,Storm,8.97,22.3,WeekendDeal,LocalEvent,45,49,4
R007,2025-03-10,21,0,0,Storm,8.97,22.3,WeekendDeal,LocalEvent,36,37,1
R007,2025-03-10,22,0,0,Storm,8.97,22.3,WeekendDeal,LocalEvent,19,15,-4
R007,2025-03-11,8,1,0,Rain,10.81,25.2,FestivalOffer,SportsMatch,6,6,0
R007,2025-03-11,9,1,0,Rain,10.81,25.2,FestivalOffer,SportsMatch,15,12,-3
R007,2025-03-11,10,1,0,Rain,10.81,25.2,FestivalOffer,SportsMatch,30,25,-5
R007,2025-03-11,11,1,0,Rain,10.81,25.2,FestivalOffer,SportsMatch,48,52,4
R007,2025-03-11,12,1,0,Rain,10.81,25.2,FestivalOffer,SportsMatch,65,62,-3
R007,2025-03-11,13,1,0,Rain,10.81,25.2,FestivalOffer,SportsMatch,71,66,-5
R007,2025-03-11,14,1,0,Rain,10.81,25.2,FestivalOffer,SportsMatch,65,61,-4
R007,2025-03-11,15,1,0,Rain,10.81,25.2,FestivalOffer,SportsMatch,48,40,-8
R007,2025-03-11,16,1,0,Rain,10.81,25.2,FestivalOffer,SportsMatch,32,33,1
R007,2025-03-11,17,1,0,Rain,10.81,25.2,FestivalOffer,SportsMatch,24,25,1
R007,2025-03-11,18,1,0,Rain,10.81,25.2,FestivalOffer,SportsMatch,31,34,3
R007,2025-03-11,19,1,0,Rain,10.81,25.2,FestivalOffer,SportsMatch,48,48,0
R007,2025-03-11,20,1,0,Rain,10.81,25.2,FestivalOffer,SportsMatch,57,55,-2
R007,2025-03-11,21,1,0,Rain,10.81,25.2,FestivalOffer,SportsMatch,46,52,6
R007,2025-03-11,22,1,0,Rain,10.81,25.2,FestivalOffer,SportsMatch,25,20,-5
R007,2025-03-12,8,2,0,Cloudy,4.02,37.9,WeekendDeal,SportsMatch,8,9,1
R007,2025-03-12,9,2,0,Cloudy,4.02,37.9,WeekendDeal,SportsMatch,18,19,1
R007,2025-03-12,10,2,0,Cloudy,4.02,37.9,WeekendDeal,SportsMatch,36,35,-1
R007,2025-03-12,11,2,0,Cloudy,4.02,37.9,WeekendDeal,SportsMatch,59,39,-20
R007,2025-03-12,12,2,0,Cloudy,4.02,37.9,WeekendDeal,SportsMatch,79,77,-2
R007,2025-03-12,13,2,0,Cloudy,4.02,37.9,WeekendDeal,SportsMatch,87,65,-22
R007,2025-03-12,14,2,0,Cloudy,4.02,37.9,WeekendDeal,SportsMatch,79,83,4
R007,2025-03-12,15,2,0,Cloudy,4.02,37.9,WeekendDeal,SportsMatch,59,64,5
R007,2025-03-12,16,2,0,Cloudy,4.02,37.9,WeekendDeal,SportsMatch,38,43,5
R007,2025-03-12,17,2,0,Cloudy,4.02,37.9,WeekendDeal,SportsMatch,29,34,5
R007,2025-03-12,18,2,0,Cloudy,4.02,37.9,WeekendDeal,SportsMatch,38,34,-4
R007,2025-03-12,19,2,0,Cloudy,4.02,37.9,WeekendDeal,SportsMatch,59,55,-4
R007,2025-03-12,20,2,0,Cloudy,4.02,37.9,WeekendDeal,SportsMatch,70,69,-1
R007,2025-03-12,21,2,0,Cloudy,4.02,37.9,WeekendDeal,SportsMatch,56,58,2
R007,2025-03-12,22,2,0,Cloudy,4.02,37.9,WeekendDeal,SportsMatch,30,30,0
R007,2025-03-13,8,3,0,Rain,11.32,27.4,None,None,5,6,1
R007,2025-03-13,9,3,0,Rain,11.32,27.4,None,None,12,9,-3
R007,2025-03-13,10,3,0,Rain,11.32,27.4,None,None,23,26,3
R007,2025-03-13,11,3,0,Rain,11.32,27.4,None,None,37,35,-2
R007,2025-03-13,12,3,0,Rain,11.32,27.4,None,None,50,46,-4
R007,2025-03-13,13,3,0,Rain,11.32,27.4,None,None,55,55,0
R007,2025-03-13,14,3,0,Rain,11.32,27.4,None,None,50,50,0
R007,2025-03-13,15,3,0,Rain,11.32,27.4,None,None,38,40,2
R007,2025-03-13,16,3,0,Rain,11.32,27.4,None,None,25,23,-2
R007,2025-03-13,17,3,0,Rain,11.32,27.4,None,None,18,22,4
R007,2025-03-13,18,3,0,Rain,11.32,27.4,None,None,24,31,7
R007,2025-03-13,19,3,0,Rain,11.32,27.4,None,None,38,31,-7
R007,2025-03-13,20,3,0,Rain,11.32,27.4,None,None,45,51,6
R007,2025-03-13,21,3,0,Rain,11.32,27.4,None,None,36,37,1
R007,2025-03-13,22,3,0,Rain,11.32,27.4,None,None,19,19,0
R007,2025-03-14,8,4,0,Cloudy,2.3,35.7,WeekendDeal,None,7,7,0
R007,2025-03-14,9,4,0,Cloudy,2.3,35.7,WeekendDeal,None,17,16,-1
R007,2025-03-14,10,4,0,Cloudy,2.3,35.7,WeekendDeal,None,33,34,1
R007,2025-03-14,11,4,0,Cloudy,2.3,35.7,WeekendDeal,None,54,56,2
R007,2025-03-14,12,4,0,Cloudy,2.3,35.7,WeekendDeal,None,72,78,6
R007,2025-03-14,13,4,0,Cloudy,2.3,35.7,WeekendDeal,None,79,78,-1
R007,2025-03-14,14,4,0,Cloudy,2.3,35.7,WeekendDeal,None,72,61,-11
R007,2025-03-14,15,4,0,Cloudy,2.3,35.7,WeekendDeal,None,54,44,-10
R007,2025-03-14,16,4,0,Cloudy,2.3,35.7,WeekendDeal,None,35,35,0
R007,2025-03-14,17,4,0,Cloudy,2.3,35.7,WeekendDeal,None,27,28,1
R007,2025-03-14,18,4,0,Cloudy,2.3,35.7,WeekendDeal,None,35,27,-8
R007,2025-03-14,19,4,0,Cloudy,2.3,35.7,WeekendDeal,None,54,64,10
R007,2025-03-14,20,4,0,Cloudy,2.3,35.7,WeekendDeal,None,64,72,8
R007,2025-03-14,21,4,0,Cloudy,2.3,35.7,WeekendDeal,None,52,40,-12
R007,2025-03-14,22,4,0,Cloudy,2.3,35.7,WeekendDeal,None,28,34,6
R007,2025-03-15,8,5,1,Clear,3.16,33.0,FestivalOffer,None,9,7,-2
R007,2025-03-15,9,5,1,Clear,3.16,33.0,FestivalOffer,None,21,20,-1
R007,2025-03-15,10,5,1,Clear,3.16,33.0,FestivalOffer,None,41,24,-17
R007,2025-03-15,11,5,1,Clear,3.16,33.0,FestivalOffer,None,67,71,4
R007,2025-03-15,12,5,1,Clear,3.16,33.0,FestivalOffer,None,89,99,10
R007,2025-03-15,13,5,1,Clear,3.16,33.0,FestivalOffer,None,99,96,-3
R007,2025-03-15,14,5,1,Clear,3.16,33.0,FestivalOffer,None,90,92,2
R007,2025-03-15,15,5,1,Clear,3.16,33.0,FestivalOffer,None,67,58,-9
R007,2025-03-15,16,5,1,Clear,3.16,33.0,FestivalOffer,None,44,44,0
R007,2025-03-15,17,5,1,Clear,3.16,33.0,FestivalOffer,None,33,28,-5
R007,2025-03-15,18,5,1,Clear,3.16,33.0,FestivalOffer,None,43,50,7
R007,2025-03-15,19,5,1,Clear,3.16,33.0,FestivalOffer,None,67,81,14
R007,2025-03-15,20,5,1,Clear,3.16,33.0,FestivalOffer,None,80,97,17
R007,2025-03-15,21,5,1,Clear,3.16,33.0,FestivalOffer,None,64,70,6
R007,2025-03-15,22,5,1,Clear,3.16,33.0,FestivalOffer,None,35,31,-4
R007,2025-03-16,8,6,1,Storm,24.25,27.0,HappyHour,LocalEvent,5,9,4
R007,2025-03-16,9,6,1,Storm,24.25,27.0,HappyHour,LocalEvent,13,7,-6
R007,2025-03-16,10,6,1,Storm,24.25,27.0,HappyHour,LocalEvent,26,21,-5
R007,2025-03-16,11,6,1,Storm,24.25,27.0,HappyHour,LocalEvent,42,28,-14
R007,2025-03-16,12,6,1,Storm,24.25,27.0,HappyHour,LocalEvent,57,55,-2
R007,2025-03-16,13,6,1,Storm,24.25,27.0,HappyHour,LocalEvent,63,56,-7
R007,2025-03-16,14,6,1,Storm,24.25,27.0,HappyHour,LocalEvent,57,69,12
R007,2025-03-16,15,6,1,Storm,24.25,27.0,HappyHour,LocalEvent,43,39,-4
R007,2025-03-16,16,6,1,Storm,24.25,27.0,HappyHour,LocalEvent,28,23,-5
R007,2025-03-16,17,6,1,Storm,24.25,27.0,HappyHour,LocalEvent,21,20,-1
R007,2025-03-16,18,6,1,Storm,24.25,27.0,HappyHour,LocalEvent,27,25,-2
R007,2025-03-16,19,6,1,Storm,24.25,27.0,HappyHour,LocalEvent,43,47,4
R007,2025-03-16,20,6,1,Storm,24.25,27.0,HappyHour,LocalEvent,51,50,-1
R007,2025-03-16,21,6,1,Storm,24.25,27.0,HappyHour,LocalEvent,41,35,-6
R007,2025-03-16,22,6,1,Storm,24.25,27.0,HappyHour,LocalEvent,22,21,-1
R007,2025-03-17,8,0,0,Rain,15.27,24.9,None,None,5,5,0
R007,2025-03-17,9,0,0,Rain,15.27,24.9,None,None,12,12,0
R007,2025-03-17,10,0,0,Rain,15.27,24.9,None,None,23,22,-1
R007,2025-03-17,11,0,0,Rain,15.27,24.9,None,None,37,34,-3
R007,2025-03-17,12,0,0,Rain,15.27,24.9,None,None,50,46,-4
R007,2025-03-17,13,0,0,Rain,15.27,24.9,None,None,55,41,-14
R007,2025-03-17,14,0,0,Rain,15.27,24.9,None,None,50,51,1
R007,2025-03-17,15,0,0,Rain,15.27,24.9,None,None,38,43,5
R007,2025-03-17,16,0,0,Rain,15.27,24.9,None,None,25,22,-3
R007,2025-03-17,17,0,0,Rain,15.27,24.9,None,None,18,20,2
R007,2025-03-17,18,0,0,Rain,15.27,24.9,None,None,24,22,-2
R007,2025-03-17,19,0,0,Rain,15.27,24.9,None,None,38,30,-8
R007,2025-03-17,20,0,0,Rain,15.27,24.9,None,None,45,39,-6
R007,2025-03-17,21,0,0,Rain,15.27,24.9,None,None,36,32,-4
R007,2025-03-17,22,0,0,Rain,15.27,24.9,None,None,19,22,3
R007,2025-03-18,8,1,0,Cloudy,0.96,34.9,HappyHour,SportsMatch,7,11,4
R007,2025-03-18,9,1,0,Cloudy,0.96,34.9,HappyHour,SportsMatch,17,19,2
R007,2025-03-18,10,1,0,Cloudy,0.96,34.9,HappyHour,SportsMatch,35,38,3
R007,2025-03-18,11,1,0,Cloudy,0.96,34.9,HappyHour,SportsMatch,56,59,3
R007,2025-03-18,12,1,0,Cloudy,0.96,34.9,HappyHour,SportsMatch,76,75,-1
R007,2025-03-18,13,1,0,Cloudy,0.96,34.9,HappyHour,SportsMatch,83,97,14
R007,2025-03-18,14,1,0,Cloudy,0.96,34.9,HappyHour,SportsMatch,76,73,-3
R007,2025-03-18,15,1,0,Cloudy,0.96,34.9,HappyHour,SportsMatch,57,54,-3
R007,2025-03-18,16,1,0,Cloudy,0.96,34.9,HappyHour,SportsMatch,37,34,-3
R007,2025-03-18,17,1,0,Cloudy,0.96,34.9,HappyHour,SportsMatch,28,26,-2
R007,2025-03-18,18,1,0,Cloudy,0.96,34.9,HappyHour,SportsMatch,36,41,5
R007,2025-03-18,19,1,0,Cloudy,0.96,34.9,HappyHour,SportsMatch,57,62,5
R007,2025-03-18,20,1,0,Cloudy,0.96,34.9,HappyHour,SportsMatch,67,65,-2
R007,2025-03-18,21,1,0,Cloudy,0.96,34.9,HappyHour,SportsMatch,54,52,-2
R007,2025-03-18,22,1,0,Cloudy,0.96,34.9,HappyHour,SportsMatch,29,20,-9
R007,2025-03-19,8,2,0,Clear,2.88,33.2,HappyHour,None,7,10,3
R007,2025-03-19,9,2,0,Clear,2.88,33.2,HappyHour,None,16,14,-2
R007,2025-03-19,10,2,0,Clear,2.88,33.2,HappyHour,None,32,33,1
R007,2025-03-19,11,2,0,Clear,2.88,33.2,HappyHour,None,52,53,1
R007,2025-03-19,12,2,0,Clear,2.88,33.2,HappyHour,None,69,66,-3
R007,2025-03-19,13,2,0,Clear,2.88,33.2,HappyHour,None,77,75,-2
R007,2025-03-19,14,2,0,Clear,2.88,33.2,HappyHour,None,69,71,2
R007,2025-03-19,15,2,0,Clear,2.88,33.2,HappyHour,None,52,58,6
R007,2025-03-19,16,2,0,Clear,2.88,33.2,HappyHour,None,34,27,-7
R007,2025-03-19,17,2,0,Clear,2.88,33.2,HappyHour,None,26,25,-1
R007,2025-03-19,18,2,0,Clear,2.88,33.2,HappyHour,None,33,25,-8
R007,2025-03-19,19,2,0,Clear,2.88,33.2,HappyHour,None,52,54,2
R007,2025-03-19,20,2,0,Clear,2.88,33.2,HappyHour,None,62,66,4
R007,2025-03-19,21,2,0,Clear,2.88,33.2,HappyHour,None,50,50,0
R007,2025-03-19,22,2,0,Clear,2.88,33.2,HappyHour,None,27,30,3
R007,2025-03-20,8,3,0,Clear,0.91,32.2,FestivalOffer,SportsMatch,8,10,2
R007,2025-03-20,9,3,0,Clear,0.91,32.2,FestivalOffer,SportsMatch,19,17,-2
R007,2025-03-20,10,3,0,Clear,0.91,32.2,FestivalOffer,SportsMatch,38,36,-2
R007,2025-03-20,11,3,0,Clear,0.91,32.2,FestivalOffer,SportsMatch,62,57,-5
R007,2025-03-20,12,3,0,Clear,0.91,32.2,FestivalOffer,SportsMatch,83,83,0
R007,2025-03-20,13,3,0,Clear,0.91,32.2,FestivalOffer,SportsMatch,91,66,-25
R007,2025-03-20,14,3,0,Clear,0.91,32.2,FestivalOffer,SportsMatch,83,68,-15
R007,2025-03-20,15,3,0,Clear,0.91,32.2,FestivalOffer,SportsMatch,62,54,-8
R007,2025-03-20,16,3,0,Clear,0.91,32.2,FestivalOffer,SportsMatch,41,42,1
R007,2025-03-20,17,3,0,Clear,0.91,32.2,FestivalOffer,SportsMatch,30,34,4
R007,2025-03-20,18,3,0,Clear,0.91,32.2,FestivalOffer,SportsMatch,40,42,2
R007,2025-03-20,19,3,0,Clear,0.91,32.2,FestivalOffer,SportsMatch,62,62,0
R007,2025-03-20,20,3,0,Clear,0.91,32.2,FestivalOffer,SportsMatch,74,72,-2
R007,2025-03-20,21,3,0,Clear,0.91,32.2,FestivalOffer,SportsMatch,60,64,4
R007,2025-03-20,22,3,0,Clear,0.91,32.2,FestivalOffer,SportsMatch,32,33,1
R007,2025-03-21,8,4,0,Clear,0.71,28.4,WeekendDeal,None,7,9,2
R007,2025-03-21,9,4,0,Clear,0.71,28.4,WeekendDeal,None,17,14,-3
R007,2025-03-21,10,4,0,Clear,0.71,28.4,WeekendDeal,None,33,42,9
R007,2025-03-21,11,4,0,Clear,0.71,28.4,WeekendDeal,None,54,42,-12
R007,2025-03-21,12,4,0,Clear,0.71,28.4,WeekendDeal,None,72,67,-5
R007,2025-03-21,13,4,0,Clear,0.71,28.4,WeekendDeal,None,79,69,-10
R007,2025-03-21,14,4,0,Clear,0.71,28.4,WeekendDeal,None,72,70,-2
R007,2025-03-21,15,4,0,Clear,0.71,28.4,WeekendDeal,None,54,47,-7
R007,2025-03-21,16,4,0,Clear,0.71,28.4,WeekendDeal,None,35,38,3
R007,2025-03-21,17,4,0,Clear,0.71,28.4,WeekendDeal,None,27,31,4
R007,2025-03-21,18,4,0,Clear,0.71,28.4,WeekendDeal,None,35,31,-4
R007,2025-03-21,19,4,0,Clear,0.71,28.4,WeekendDeal,None,54,42,-12
R007,2025-03-21,20,4,0,Clear,0.71,28.4,WeekendDeal,None,64,83,19
R007,2025-03-21,21,4,0,Clear,0.71,28.4,WeekendDeal,None,52,48,-4
R007,2025-03-21,22,4,0,Clear,0.71,28.4,WeekendDeal,None,28,28,0
R007,2025-03-22,8,5,1,Cloudy,0.14,35.1,None,Festival,8,5,-3
R007,2025-03-22,9,5,1,Cloudy,0.14,35.1,None,Festival,20,20,0
R007,2025-03-22,10,5,1,Cloudy,0.14,35.1,None,Festival,40,43,3
R007,2025-03-22,11,5,1,Cloudy,0.14,35.1,None,Festival,65,72,7
R007,2025-03-22,12,5,1,Cloudy,0.14,35.1,None,Festival,87,79,-8
R007,2025-03-22,13,5,1,Cloudy,0.14,35.1,None,Festival,96,78,-18
R007,2025-03-22,14,5,1,Cloudy,0.14,35.1,None,Festival,87,78,-9
R007,2025-03-22,15,5,1,Cloudy,0.14,35.1,None,Festival,65,83,18
R007,2025-03-22,16,5,1,Cloudy,0.14,35.1,None,Festival,43,35,-8
R007,2025-03-22,17,5,1,Cloudy,0.14,35.1,None,Festival,32,36,4
R007,2025-03-22,18,5,1,Cloudy,0.14,35.1,None,Festival,42,50,8
R007,2025-03-22,19,5,1,Cloudy,0.14,35.1,None,Festival,65,87,22
R007,2025-03-22,20,5,1,Cloudy,0.14,35.1,None,Festival,78,74,-4
R007,2025-03-22,21,5,1,Cloudy,0.14,35.1,None,Festival,63,53,-10
R007,2025-03-22,22,5,1,Cloudy,0.14,35.1,None,Festival,34,44,10
R007,2025-03-23,8,6,1,Cloudy,2.84,22.6,HappyHour,SportsMatch,9,10,1
R007,2025-03-23,9,6,1,Cloudy,2.84,22.6,HappyHour,SportsMatch,21,22,1
R007,2025-03-23,10,6,1,Cloudy,2.84,22.6,HappyHour,SportsMatch,41,44,3
R007,2025-03-23,11,6,1,Cloudy,2.84,22.6,HappyHour,SportsMatch,67,69,2
R007,2025-03-23,12,6,1,Cloudy,2.84,22.6,HappyHour,SportsMatch,89,98,9
R007,2025-03-23,13,6,1,Cloudy,2.84,22.6,HappyHour,SportsMatch,98,119,21
R007,2025-03-23,14,6,1,Cloudy,2.84,22.6,HappyHour,SportsMatch,89,86,-3
R007,2025-03-23,15,6,1,Cloudy,2.84,22.6,HappyHour,SportsMatch,67,55,-12
R007,2025-03-23,16,6,1,Cloudy,2.84,22.6,HappyHour,SportsMatch,44,35,-9
R007,2025-03-23,17,6,1,Cloudy,2.84,22.6,HappyHour,SportsMatch,33,32,-1
R007,2025-03-23,18,6,1,Cloudy,2.84,22.6,HappyHour,SportsMatch,43,40,-3
R007,2025-03-23,19,6,1,Cloudy,2.84,22.6,HappyHour,SportsMatch,67,61,-6
R007,2025-03-23,20,6,1,Cloudy,2.84,22.6,HappyHour,SportsMatch,80,82,2
R007,2025-03-23,21,6,1,Cloudy,2.84,22.6,HappyHour,SportsMatch,64,78,14
R007,2025-03-23,22,6,1,Cloudy,2.84,22.6,HappyHour,SportsMatch,34,27,-7
R007,2025-03-24,8,0,0,Cloudy,3.12,37.1,FestivalOffer,LocalEvent,8,7,-1
R007,2025-03-24,9,0,0,Cloudy,3.12,37.1,FestivalOffer,LocalEvent,19,21,2
R007,2025-03-24,10,0,0,Cloudy,3.12,37.1,FestivalOffer,LocalEvent,37,40,3
R007,2025-03-24,11,0,0,Cloudy,3.12,37.1,FestivalOffer,LocalEvent,61,80,19
R007,2025-03-24,12,0,0,Cloudy,3.12,37.1,FestivalOffer,LocalEvent,81,67,-14
R007,2025-03-24,13,0,0,Cloudy,3.12,37.1,FestivalOffer,LocalEvent,90,83,-7
R007,2025-03-24,14,0,0,Cloudy,3.12,37.1,FestivalOffer,LocalEvent,81,66,-15
R007,2025-03-24,15,0,0,Cloudy,3.12,37.1,FestivalOffer,LocalEvent,61,56,-5
R007,2025-03-24,16,0,0,Cloudy,3.12,37.1,FestivalOffer,LocalEvent,40,35,-5
R007,2025-03-24,17,0,0,Cloudy,3.12,37.1,FestivalOffer,LocalEvent,30,28,-2
R007,2025-03-24,18,0,0,Cloudy,3.12,37.1,FestivalOffer,LocalEvent,39,39,0
R007,2025-03-24,19,0,0,Cloudy,3.12,37.1,FestivalOffer,LocalEvent,61,56,-5
R007,2025-03-24,20,0,0,Cloudy,3.12,37.1,FestivalOffer,LocalEvent,72,71,-1
R007,2025-03-24,21,0,0,Cloudy,3.12,37.1,FestivalOffer,LocalEvent,58,70,12
R007,2025-03-24,22,0,0,Cloudy,3.12,37.1,FestivalOffer,LocalEvent,31,36,5
R007,2025-03-25,8,1,0,Cloudy,1.25,25.4,HappyHour,Festival,8,7,-1
R007,2025-03-25,9,1,0,Cloudy,1.25,25.4,HappyHour,Festival,18,20,2
R007,2025-03-25,10,1,0,Cloudy,1.25,25.4,HappyHour,Festival,37,33,-4
R007,2025-03-25,11,1,0,Cloudy,1.25,25.4,HappyHour,Festival,60,56,-4
R007,2025-03-25,12,1,0,Cloudy,1.25,25.4,HappyHour,Festival,80,99,19
R007,2025-03-25,13,1,0,Cloudy,1.25,25.4,HappyHour,Festival,88,87,-1
R007,2025-03-25,14,1,0,Cloudy,1.25,25.4,HappyHour,Festival,80,102,22
R007,2025-03-25,15,1,0,Cloudy,1.25,25.4,HappyHour,Festival,60,61,1
R007,2025-03-25,16,1,0,Cloudy,1.25,25.4,HappyHour,Festival,39,34,-5
R007,2025-03-25,17,1,0,Cloudy,1.25,25.4,HappyHour,Festival,29,26,-3
R007,2025-03-25,18,1,0,Cloudy,1.25,25.4,HappyHour,Festival,38,39,1
R007,2025-03-25,19,1,0,Cloudy,1.25,25.4,HappyHour,Festival,60,62,2
R007,2025-03-25,20,1,0,Cloudy,1.25,25.4,HappyHour,Festival,71,50,-21
R007,2025-03-25,21,1,0,Cloudy,1.25,25.4,HappyHour,Festival,57,58,1
R007,2025-03-25,22,1,0,Cloudy,1.25,25.4,HappyHour,Festival,31,39,8
R007,2025-03-26,8,2,0,Rain,32.19,28.3,FestivalOffer,LocalEvent,6,7,1
R007,2025-03-26,9,2,0,Rain,32.19,28.3,FestivalOffer,LocalEvent,15,15,0
R007,2025-03-26,10,2,0,Rain,32.19,28.3,FestivalOffer,LocalEvent,29,20,-9
R007,2025-03-26,11,2,0,Rain,32.19,28.3,FestivalOffer,LocalEvent,47,40,-7
R007,2025-03-26,12,2,0,Rain,32.19,28.3,FestivalOffer,LocalEvent,63,65,2
R007,2025-03-26,13,2,0,Rain,32.19,28.3,FestivalOffer,LocalEvent,70,75,5
R007,2025-03-26,14,2,0,Rain,32.19,28.3,FestivalOffer,LocalEvent,63,75,12
R007,2025-03-26,15,2,0,Rain,32.19,28.3,FestivalOffer,LocalEvent,48,55,7
R007,2025-03-26,16,2,0,Rain,32.19,28.3,FestivalOffer,LocalEvent,31,36,5
R007,2025-03-26,17,2,0,Rain,32.19,28.3,FestivalOffer,LocalEvent,23,25,2
R007,2025-03-26,18,2,0,Rain,32.19,28.3,FestivalOffer,LocalEvent,31,25,-6
R007,2025-03-26,19,2,0,Rain,32.19,28.3,FestivalOffer,LocalEvent,48,39,-9
R007,2025-03-26,20,2,0,Rain,32.19,28.3,FestivalOffer,LocalEvent,56,62,6
R007,2025-03-26,21,2,0,Rain,32.19,28.3,FestivalOffer,LocalEvent,46,44,-2
R007,2025-03-26,22,2,0,Rain,32.19,28.3,FestivalOffer,LocalEvent,24,23,-1
R007,2025-03-27,8,3,0,Cloudy,1.37,22.0,WeekendDeal,SportsMatch,8,10,2
R007,2025-03-27,9,3,0,Cloudy,1.37,22.0,WeekendDeal,SportsMatch,18,20,2
R007,2025-03-27,10,3,0,Cloudy,1.37,22.0,WeekendDeal,SportsMatch,36,33,-3
R007,2025-03-27,11,3,0,Cloudy,1.37,22.0,WeekendDeal,SportsMatch,59,46,-13
R007,2025-03-27,12,3,0,Cloudy,1.37,22.0,WeekendDeal,SportsMatch,79,61,-18
R007,2025-03-27,13,3,0,Cloudy,1.37,22.0,WeekendDeal,SportsMatch,87,98,11
R007,2025-03-27,14,3,0,Cloudy,1.37,22.0,WeekendDeal,SportsMatch,79,75,-4
R007,2025-03-27,15,3,0,Cloudy,1.37,22.0,WeekendDeal,SportsMatch,59,47,-12
R007,2025-03-27,16,3,0,Cloudy,1.37,22.0,WeekendDeal,SportsMatch,38,41,3
R007,2025-03-27,17,3,0,Cloudy,1.37,22.0,WeekendDeal,SportsMatch,29,27,-2
R007,2025-03-27,18,3,0,Cloudy,1.37,22.0,WeekendDeal,SportsMatch,38,35,-3
R007,2025-03-27,19,3,0,Cloudy,1.37,22.0,WeekendDeal,SportsMatch,59,57,-2
R007,2025-03-27,20,3,0,Cloudy,1.37,22.0,WeekendDeal,SportsMatch,70,50,-20
R007,2025-03-27,21,3,0,Cloudy,1.37,22.0,WeekendDeal,SportsMatch,56,46,-10
R007,2025-03-27,22,3,0,Cloudy,1.37,22.0,WeekendDeal,SportsMatch,30,34,4
R007,2025-03-28,8,4,0,Cloudy,1.9,30.0,HappyHour,None,7,6,-1
R007,2025-03-28,9,4,0,Cloudy,1.9,30.0,HappyHour,None,16,14,-2
R007,2025-03-28,10,4,0,Cloudy,1.9,30.0,HappyHour,None,32,23,-9
R007,2025-03-28,11,4,0,Cloudy,1.9,30.0,HappyHour,None,52,53,1
R007,2025-03-28,12,4,0,Cloudy,1.9,30.0,HappyHour,None,69,70,1
R007,2025-03-28,13,4,0,Cloudy,1.9,30.0,HappyHour,None,77,72,-5
R007,2025-03-28,14,4,0,Cloudy,1.9,30.0,HappyHour,None,69,52,-17
R007,2025-03-28,15,4,0,Cloudy,1.9,30.0,HappyHour,None,52,39,-13
R007,2025-03-28,16,4,0,Cloudy,1.9,30.0,HappyHour,None,34,36,2
R007,2025-03-28,17,4,0,Cloudy,1.9,30.0,HappyHour,None,26,24,-2
R007,2025-03-28,18,4,0,Cloudy,1.9,30.0,HappyHour,None,33,36,3
R007,2025-03-28,19,4,0,Cloudy,1.9,30.0,HappyHour,None,52,52,0
R007,2025-03-28,20,4,0,Cloudy,1.9,30.0,HappyHour,None,62,70,8
R007,2025-03-28,21,4,0,Cloudy,1.9,30.0,HappyHour,None,50,40,-10
R007,2025-03-28,22,4,0,Cloudy,1.9,30.0,HappyHour,None,27,23,-4
R007,2025-03-29,8,5,1,Cloudy,4.75,20.7,None,None,7,6,-1
R007,2025-03-29,9,5,1,Cloudy,4.75,20.7,None,None,18,17,-1
R007,2025-03-29,10,5,1,Cloudy,4.75,20.7,None,None,35,28,-7
R007,2025-03-29,11,5,1,Cloudy,4.75,20.7,None,None,57,59,2
R007,2025-03-29,12,5,1,Cloudy,4.75,20.7,None,None,76,86,10
R007,2025-03-29,13,5,1,Cloudy,4.75,20.7,None,None,84,77,-7
R007,2025-03-29,14,5,1,Cloudy,4.75,20.7,None,None,76,92,16
R007,2025-03-29,15,5,1,Cloudy,4.75,20.7,None,None,57,53,-4
R007,2025-03-29,16,5,1,Cloudy,4.75,20.7,None,None,37,43,6
R007,2025-03-29,17,5,1,Cloudy,4.75,20.7,None,None,28,28,0
R007,2025-03-29,18,5,1,Cloudy,4.75,20.7,None,None,37,34,-3
R007,2025-03-29,19,5,1,Cloudy,4.75,20.7,None,None,57,68,11
R007,2025-03-29,20,5,1,Cloudy,4.75,20.7,None,None,68,58,-10
R007,2025-03-29,21,5,1,Cloudy,4.75,20.7,None,None,55,56,1
R007,2025-03-29,22,5,1,Cloudy,4.75,20.7,None,None,29,36,7
R007,2025-03-30,8,6,1,Clear,4.95,27.9,None,Festival,8,7,-1
R007,2025-03-30,9,6,1,Clear,4.95,27.9,None,Festival,20,16,-4
R007,2025-03-30,10,6,1,Clear,4.95,27.9,None,Festival,40,47,7
R007,2025-03-30,11,6,1,Clear,4.95,27.9,None,Festival,65,69,4
R007,2025-03-30,12,6,1,Clear,4.95,27.9,None,Festival,87,112,25
R007,2025-03-30,13,6,1,Clear,4.95,27.9,None,Festival,96,95,-1
R007,2025-03-30,14,6,1,Clear,4.95,27.9,None,Festival,87,72,-15
R007,2025-03-30,15,6,1,Clear,4.95,27.9,None,Festival,65,90,25
R007,2025-03-30,16,6,1,Clear,4.95,27.9,None,Festival,43,49,6
R007,2025-03-30,17,6,1,Clear,4.95,27.9,None,Festival,32,33,1
R007,2025-03-30,18,6,1,Clear,4.95,27.9,None,Festival,42,48,6
R007,2025-03-30,19,6,1,Clear,4.95,27.9,None,Festival,65,61,-4
R007,2025-03-30,20,6,1,Clear,4.95,27.9,None,Festival,78,82,4
R007,2025-03-30,21,6,1,Clear,4.95,27.9,None,Festival,63,67,4
R007,2025-03-30,22,6,1,Clear,4.95,27.9,None,Festival,34,35,1
R007,2025-03-31,8,0,0,Storm,34.03,32.5,HappyHour,Festival,5,7,2
R007,2025-03-31,9,0,0,Storm,34.03,32.5,HappyHour,Festival,12,18,6
R007,2025-03-31,10,0,0,Storm,34.03,32.5,HappyHour,Festival,24,32,8
R007,2025-03-31,11,0,0,Storm,34.03,32.5,HappyHour,Festival,39,46,7
R007,2025-03-31,12,0,0,Storm,34.03,32.5,HappyHour,Festival,52,59,7
R007,2025-03-31,13,0,0,Storm,34.03,32.5,HappyHour,Festival,57,60,3
R007,2025-03-31,14,0,0,Storm,34.03,32.5,HappyHour,Festival,52,44,-8
R007,2025-03-31,15,0,0,Storm,34.03,32.5,HappyHour,Festival,39,38,-1
R007,2025-03-31,16,0,0,Storm,34.03,32.5,HappyHour,Festival,25,25,0
R007,2025-03-31,17,0,0,Storm,34.03,32.5,HappyHour,Festival,19,21,2
R007,2025-03-31,18,0,0,Storm,34.03,32.5,HappyHour,Festival,25,21,-4
R007,2025-03-31,19,0,0,Storm,34.03,32.5,HappyHour,Festival,39,38,-1
R007,2025-03-31,20,0,0,Storm,34.03,32.5,HappyHour,Festival,46,60,14
R007,2025-03-31,21,0,0,Storm,34.03,32.5,HappyHour,Festival,37,48,11
R007,2025-03-31,22,0,0,Storm,34.03,32.5,HappyHour,Festival,20,14,-6
R008,2025-01-01,8,2,0,Storm,21.96,20.4,WeekendDeal,None,4,8,4
R008,2025-01-01,9,2,0,Storm,21.96,20.4,WeekendDeal,None,9,11,2
R008,2025-01-01,10,2,0,Storm,21.96,20.4,WeekendDeal,None,17,16,-1
R008,2025-01-01,11,2,0,Storm,21.96,20.4,WeekendDeal,None,28,33,5
R008,2025-01-01,12,2,0,Storm,21.96,20.4,WeekendDeal,None,38,32,-6
R008,2025-01-01,13,2,0,Storm,21.96,20.4,WeekendDeal,None,42,46,4
R008,2025-01-01,14,2,0,Storm,21.96,20.4,WeekendDeal,None,38,45,7
R008,2025-01-01,15,2,0,Storm,21.96,20.4,WeekendDeal,None,29,29,0
R008,2025-01-01,16,2,0,Storm,21.96,20.4,WeekendDeal,None,19,20,1
R008,2025-01-01,17,2,0,Storm,21.96,20.4,WeekendDeal,None,14,14,0
R008,2025-01-01,18,2,0,Storm,21.96,20.4,WeekendDeal,None,18,20,2
R008,2025-01-01,19,2,0,Storm,21.96,20.4,WeekendDeal,None,29,23,-6
R008,2025-01-01,20,2,0,Storm,21.96,20.4,WeekendDeal,None,34,33,-1
R008,2025-01-01,21,2,0,Storm,21.96,20.4,WeekendDeal,None,27,24,-3
R008,2025-01-01,22,2,0,Storm,21.96,20.4,WeekendDeal,None,15,17,2
R008,2025-01-02,8,3,0,Cloudy,2.44,22.0,FestivalOffer,LocalEvent,6,4,-2
R008,2025-01-02,9,3,0,Cloudy,2.44,22.0,FestivalOffer,LocalEvent,15,14,-1
R008,2025-01-02,10,3,0,Cloudy,2.44,22.0,FestivalOffer,LocalEvent,30,31,1
R008,2025-01-02,11,3,0,Cloudy,2.44,22.0,FestivalOffer,LocalEvent,49,44,-5
R008,2025-01-02,12,3,0,Cloudy,2.44,22.0,FestivalOffer,LocalEvent,66,75,9
R008,2025-01-02,13,3,0,Cloudy,2.44,22.0,FestivalOffer,LocalEvent,73,85,12
R008,2025-01-02,14,3,0,Cloudy,2.44,22.0,FestivalOffer,LocalEvent,66,64,-2
R008,2025-01-02,15,3,0,Cloudy,2.44,22.0,FestivalOffer,LocalEvent,50,46,-4
R008,2025-01-02,16,3,0,Cloudy,2.44,22.0,FestivalOffer,LocalEvent,32,37,5
R008,2025-01-02,17,3,0,Cloudy,2.44,22.0,FestivalOffer,LocalEvent,24,29,5
R008,2025-01-02,18,3,0,Cloudy,2.44,22.0,FestivalOffer,LocalEvent,32,36,4
R008,2025-01-02,19,3,0,Cloudy,2.44,22.0,FestivalOffer,LocalEvent,50,44,-6
R008,2025-01-02,20,3,0,Cloudy,2.44,22.0,FestivalOffer,LocalEvent,59,50,-9
R008,2025-01-02,21,3,0,Cloudy,2.44,22.0,FestivalOffer,LocalEvent,48,50,2
R008,2025-01-02,22,3,0,Cloudy,2.44,22.0,FestivalOffer,LocalEvent,26,33,7
R008,2025-01-03,8,4,0,Rain,2.24,22.6,FestivalOffer,Festival,5,10,5
R008,2025-01-03,9,4,0,Rain,2.24,22.6,FestivalOffer,Festival,13,16,3
R008,2025-01-03,10,4,0,Rain,2.24,22.6,FestivalOffer,Festival,25,22,-3
R008,2025-01-03,11,4,0,Rain,2.24,22.6,FestivalOffer,Festival,41,45,4
R008,2025-01-03,12,4,0,Rain,2.24,22.6,FestivalOffer,Festival,55,66,11
R008,2025-01-03,13,4,0,Rain,2.24,22.6,FestivalOffer,Festival,61,48,-13
R008,2025-01-03,14,4,0,Rain,2.24,22.6,FestivalOffer,Festival,56,59,3
R008,2025-01-03,15,4,0,Rain,2.24,22.6,FestivalOffer,Festival,42,39,-3
R008,2025-01-03,16,4,0,Rain,2.24,22.6,FestivalOffer,Festival,27,23,-4
R008,2025-01-03,17,4,0,Rain,2.24,22.6,FestivalOffer,Festival,20,23,3
R008,2025-01-03,18,4,0,Rain,2.24,22.6,FestivalOffer,Festival,27,30,3
R008,2025-01-03,19,4,0,Rain,2.24,22.6,FestivalOffer,Festival,42,47,5
R008,2025-01-03,20,4,0,Rain,2.24,22.6,FestivalOffer,Festival,49,54,5
R008,2025-01-03,21,4,0,Rain,2.24,22.6,FestivalOffer,Festival,40,40,0
R008,2025-01-03,22,4,0,Rain,2.24,22.6,FestivalOffer,Festival,21,22,1
R008,2025-01-04,8,5,1,Rain,33.73,24.0,FestivalOffer,None,5,9,4
R008,2025-01-04,9,5,1,Rain,33.73,24.0,FestivalOffer,None,13,12,-1
R008,2025-01-04,10,5,1,Rain,33.73,24.0,FestivalOffer,None,26,29,3
R008,2025-01-04,11,5,1,Rain,33.73,24.0,FestivalOffer,None,42,48,6
R008,2025-01-04,12,5,1,Rain,33.73,24.0,FestivalOffer,None,57,51,-6
R008,2025-01-04,13,5,1,Rain,33.73,24.0,FestivalOffer,None,63,57,-6
R008,2025-01-04,14,5,1,Rain,33.73,24.0,FestivalOffer,None,57,54,-3
R008,2025-01-04,15,5,1,Rain,33.73,24.0,FestivalOffer,None,43,55,12
R008,2025-01-04,16,5,1,Rain,33.73,24.0,FestivalOffer,None,28,27,-1
R008,2025-01-04,17,5,1,Rain,33.73,24.0,FestivalOffer,None,21,22,1
R008,2025-01-04,18,5,1,Rain,33.73,24.0,FestivalOffer,None,27,35,8
R008,2025-01-04,19,5,1,Rain,33.73,24.0,FestivalOffer,None,43,39,-4
R008,2025-01-04,20,5,1,Rain,33.73,24.0,FestivalOffer,None,51,57,6
R008,2025-01-04,21,5,1,Rain,33.73,24.0,FestivalOffer,None,41,36,-5
R008,2025-01-04,22,5,1,Rain,33.73,24.0,FestivalOffer,None,22,28,6
R008,2025-01-05,8,6,1,Rain,29.66,29.6,None,Festival,5,6,1
R008,2025-01-05,9,6,1,Rain,29.66,29.6,None,Festival,13,10,-3
R008,2025-01-05,10,6,1,Rain,29.66,29.6,None,Festival,25,28,3
R008,2025-01-05,11,6,1,Rain,29.66,29.6,None,Festival,41,35,-6
R008,2025-01-05,12,6,1,Rain,29.66,29.6,None,Festival,55,71,16
R008,2025-01-05,13,6,1,Rain,29.66,29.6,None,Festival,61,71,10
R008,2025-01-05,14,6,1,Rain,29.66,29.6,None,Festival,55,63,8
R008,2025-01-05,15,6,1,Rain,29.66,29.6,None,Festival,42,32,-10
R008,2025-01-05,16,6,1,Rain,29.66,29.6,None,Festival,27,20,-7
R008,2025-01-05,17,6,1,Rain,29.66,29.6,None,Festival,20,22,2
R008,2025-01-05,18,6,1,Rain,29.66,29.6,None,Festival,27,21,-6
R008,2025-01-05,19,6,1,Rain,29.66,29.6,None,Festival,42,40,-2
R008,2025-01-05,20,6,1,Rain,29.66,29.6,None,Festival,49,43,-6
R008,2025-01-05,21,6,1,Rain,29.66,29.6,None,Festival,40,35,-5
R008,2025-01-05,22,6,1,Rain,29.66,29.6,None,Festival,21,14,-7
R008,2025-01-06,8,0,0,Cloudy,1.17,30.0,HappyHour,LocalEvent,6,5,-1
R008,2025-01-06,9,0,0,Cloudy,1.17,30.0,HappyHour,LocalEvent,14,15,1
R008,2025-01-06,10,0,0,Cloudy,1.17,30.0,HappyHour,LocalEvent,28,31,3
R008,2025-01-06,11,0,0,Cloudy,1.17,30.0,HappyHour,LocalEvent,45,59,14
R008,2025-01-06,12,0,0,Cloudy,1.17,30.0,HappyHour,LocalEvent,61,59,-2
R008,2025-01-06,13,0,0,Cloudy,1.17,30.0,HappyHour,LocalEvent,67,69,2
R008,2025-01-06,14,0,0,Cloudy,1.17,30.0,HappyHour,LocalEvent,61,60,-1
R008,2025-01-06,15,0,0,Cloudy,1.17,30.0,HappyHour,LocalEvent,46,52,6
R008,2025-01-06,16,0,0,Cloudy,1.17,30.0,HappyHour,LocalEvent,30,36,6
R008,2025-01-06,17,0,0,Cloudy,1.17,30.0,HappyHour,LocalEvent,22,20,-2
R008,2025-01-06,18,0,0,Cloudy,1.17,30.0,HappyHour,LocalEvent,29,29,0
R008,2025-01-06,19,0,0,Cloudy,1.17,30.0,HappyHour,LocalEvent,45,47,2
R008,2025-01-06,20,0,0,Cloudy,1.17,30.0,HappyHour,LocalEvent,54,44,-10
R008,2025-01-06,21,0,0,Cloudy,1.17,30.0,HappyHour,LocalEvent,44,39,-5
R008,2025-01-06,22,0,0,Cloudy,1.17,30.0,HappyHour,LocalEvent,23,23,0
R008,2025-01-07,8,1,0,Clear,0.53,21.0,WeekendDeal,SportsMatch,6,3,-3
R008,2025-01-07,9,1,0,Clear,0.53,21.0,WeekendDeal,SportsMatch,15,17,2
R008,2025-01-07,10,1,0,Clear,0.53,21.0,WeekendDeal,SportsMatch,29,27,-2
R008,2025-01-07,11,1,0,Clear,0.53,21.0,WeekendDeal,SportsMatch,48,41,-7
R008,2025-01-07,12,1,0,Clear,0.53,21.0,WeekendDeal,SportsMatch,64,50,-14
R008,2025-01-07,13,1,0,Clear,0.53,21.0,WeekendDeal,SportsMatch,71,71,0
R008,2025-01-07,14,1,0,Clear,0.53,21.0,WeekendDeal,SportsMatch,64,66,2
R008,2025-01-07,15,1,0,Clear,0.53,21.0,WeekendDeal,SportsMatch,48,38,-10
R008,2025-01-07,16,1,0,Clear,0.53,21.0,WeekendDeal,SportsMatch,31,25,-6
R008,2025-01-07,17,1,0,Clear,0.53,21.0,WeekendDeal,SportsMatch,24,28,4
R008,2025-01-07,18,1,0,Clear,0.53,21.0,WeekendDeal,SportsMatch,31,40,9
R008,2025-01-07,19,1,0,Clear,0.53,21.0,WeekendDeal,SportsMatch,48,51,3
R008,2025-01-07,20,1,0,Clear,0.53,21.0,WeekendDeal,SportsMatch,57,57,0
R008,2025-01-07,21,1,0,Clear,0.53,21.0,WeekendDeal,SportsMatch,46,44,-2
R008,2025-01-07,22,1,0,Clear,0.53,21.0,WeekendDeal,SportsMatch,25,29,4
R008,2025-01-08,8,2,0,Storm,4.52,27.2,WeekendDeal,SportsMatch,4,3,-1
R008,2025-01-08,9,2,0,Storm,4.52,27.2,WeekendDeal,SportsMatch,10,12,2
R008,2025-01-08,10,2,0,Storm,4.52,27.2,WeekendDeal,SportsMatch,19,26,7
R008,2025-01-08,11,2,0,Storm,4.52,27.2,WeekendDeal,SportsMatch,31,28,-3
R008,2025-01-08,12,2,0,Storm,4.52,27.2,WeekendDeal,SportsMatch,42,38,-4
R008,2025-01-08,13,2,0,Storm,4.52,27.2,WeekendDeal,SportsMatch,46,36,-10
R008,2025-01-08,14,2,0,Storm,4.52,27.2,WeekendDeal,SportsMatch,42,42,0
R008,2025-01-08,15,2,0,Storm,4.52,27.2,WeekendDeal,SportsMatch,31,29,-2
R008,2025-01-08,16,2,0,Storm,4.52,27.2,WeekendDeal,SportsMatch,20,16,-4
R008,2025-01-08,17,2,0,Storm,4.52,27.2,WeekendDeal,SportsMatch,15,16,1
R008,2025-01-08,18,2,0,Storm,4.52,27.2,WeekendDeal,SportsMatch,20,24,4
R008,2025-01-08,19,2,0,Storm,4.52,27.2,WeekendDeal,SportsMatch,31,33,2
R008,2025-01-08,20,2,0,Storm,4.52,27.2,WeekendDeal,SportsMatch,37,36,-1
R008,2025-01-08,21,2,0,Storm,4.52,27.2,WeekendDeal,SportsMatch,30,36,6
R008,2025-01-08,22,2,0,Storm,4.52,27.2,WeekendDeal,SportsMatch,16,18,2
R008,2025-01-09,8,3,0,Storm,26.22,21.3,None,LocalEvent,3,6,3
R008,2025-01-09,9,3,0,Storm,26.22,21.3,None,LocalEvent,8,10,2
R008,2025-01-09,10,3,0,Storm,26.22,21.3,None,LocalEvent,17,18,1
R008,2025-01-09,11,3,0,Storm,26.22,21.3,None,LocalEvent,27,28,1
R008,2025-01-09,12,3,0,Storm,26.22,21.3,None,LocalEvent,36,39,3
R008,2025-01-09,13,3,0,Storm,26.22,21.3,None,LocalEvent,40,34,-6
R008,2025-01-09,14,3,0,Storm,26.22,21.3,None,LocalEvent,36,42,6
R008,2025-01-09,15,3,0,Storm,26.22,21.3,None,LocalEvent,27,22,-5
R008,2025-01-09,16,3,0,Storm,26.22,21.3,None,LocalEvent,18,18,0
R008,2025-01-09,17,3,0,Storm,26.22,21.3,None,LocalEvent,13,12,-1
R008,2025-01-09,18,3,0,Storm,26.22,21.3,None,LocalEvent,18,28,10
R008,2025-01-09,19,3,0,Storm,26.22,21.3,None,LocalEvent,27,27,0
R008,2025-01-09,20,3,0,Storm,26.22,21.3,None,LocalEvent,33,32,-1
R008,2025-01-09,21,3,0,Storm,26.22,21.3,None,LocalEvent,26,17,-9
R008,2025-01-09,22,3,0,Storm,26.22,21.3,None,LocalEvent,14,14,0
R008,2025-01-10,8,4,0,Clear,2.78,22.5,WeekendDeal,LocalEvent,6,4,-2
R008,2025-01-10,9,4,0,Clear,2.78,22.5,WeekendDeal,LocalEvent,15,14,-1
R008,2025-01-10,10,4,0,Clear,2.78,22.5,WeekendDeal,LocalEvent,29,26,-3
R008,2025-01-10,11,4,0,Clear,2.78,22.5,WeekendDeal,LocalEvent,47,59,12
R008,2025-01-10,12,4,0,Clear,2.78,22.5,WeekendDeal,LocalEvent,63,71,8
R008,2025-01-10,13,4,0,Clear,2.78,22.5,WeekendDeal,LocalEvent,69,70,1
R008,2025-01-10,14,4,0,Clear,2.78,22.5,WeekendDeal,LocalEvent,63,70,7
R008,2025-01-10,15,4,0,Clear,2.78,22.5,WeekendDeal,LocalEvent,47,44,-3
R008,2025-01-10,16,4,0,Clear,2.78,22.5,WeekendDeal,LocalEvent,31,35,4
R008,2025-01-10,17,4,0,Clear,2.78,22.5,WeekendDeal,LocalEvent,23,20,-3
R008,2025-01-10,18,4,0,Clear,2.78,22.5,WeekendDeal,LocalEvent,30,34,4
R008,2025-01-10,19,4,0,Clear,2.78,22.5,WeekendDeal,LocalEvent,47,65,18
R008,2025-01-10,20,4,0,Clear,2.78,22.5,WeekendDeal,LocalEvent,56,46,-10
R008,2025-01-10,21,4,0,Clear,2.78,22.5,WeekendDeal,LocalEvent,45,43,-2
R008,2025-01-10,22,4,0,Clear,2.78,22.5,WeekendDeal,LocalEvent,24,24,0
R008,2025-01-11,8,5,1,Clear,3.42,33.1,WeekendDeal,SportsMatch,7,2,-5
R008,2025-01-11,9,5,1,Clear,3.42,33.1,WeekendDeal,SportsMatch,17,15,-2
R008,2025-01-11,10,5,1,Clear,3.42,33.1,WeekendDeal,SportsMatch,35,37,2
R008,2025-01-11,11,5,1,Clear,3.42,33.1,WeekendDeal,SportsMatch,56,50,-6
R008,2025-01-11,12,5,1,Clear,3.42,33.1,WeekendDeal,SportsMatch,75,64,-11
R008,2025-01-11,13,5,1,Clear,3.42,33.1,WeekendDeal,SportsMatch,83,88,5
R008,2025-01-11,14,5,1,Clear,3.42,33.1,WeekendDeal,SportsMatch,76,82,6
R008,2025-01-11,15,5,1,Clear,3.42,33.1,WeekendDeal,SportsMatch,57,68,11
R008,2025-01-11,16,5,1,Clear,3.42,33.1,WeekendDeal,SportsMatch,37,34,-3
R008,2025-01-11,17,5,1,Clear,3.42,33.1,WeekendDeal,SportsMatch,28,23,-5
R008,2025-01-11,18,5,1,Clear,3.42,33.1,WeekendDeal,SportsMatch,36,47,11
R008,2025-01-11,19,5,1,Clear,3.42,33.1,WeekendDeal,SportsMatch,57,52,-5
R008,2025-01-11,20,5,1,Clear,3.42,33.1,WeekendDeal,SportsMatch,67,79,12
R008,2025-01-11,21,5,1,Clear,3.42,33.1,WeekendDeal,SportsMatch,54,46,-8
R008,2025-01-11,22,5,1,Clear,3.42,33.1,WeekendDeal,SportsMatch,29,30,1
R008,2025-01-12,8,6,1,Rain,6.65,23.0,None,None,5,7,2
R008,2025-01-12,9,6,1,Rain,6.65,23.0,None,None,11,10,-1
R008,2025-01-12,10,6,1,Rain,6.65,23.0,None,None,22,25,3
R008,2025-01-12,11,6,1,Rain,6.65,23.0,None,None,36,36,0
R008,2025-01-12,12,6,1,Rain,6.65,23.0,None,None,48,49,1
R008,2025-01-12,13,6,1,Rain,6.65,23.0,None,None,53,38,-15
R008,2025-01-12,14,6,1,Rain,6.65,23.0,None,None,48,49,1
R008,2025-01-12,15,6,1,Rain,6.65,23.0,None,None,36,35,-1
R008,2025-01-12,16,6,1,Rain,6.65,23.0,None,None,24,32,8
R008,2025-01-12,17,6,1,Rain,6.65,23.0,None,None,18,18,0
R008,2025-01-12,18,6,1,Rain,6.65,23.0,None,None,23,28,5
R008,2025-01-12,19,6,1,Rain,6.65,23.0,None,None,36,38,2
R008,2025-01-12,20,6,1,Rain,6.65,23.0,None,None,43,44,1
R008,2025-01-12,21,6,1,Rain,6.65,23.0,None,None,35,43,8
R008,2025-01-12,22,6,1,Rain,6.65,23.0,None,None,19,22,3
R008,2025-01-13,8,0,0,Cloudy,1.87,21.5,WeekendDeal,LocalEvent,6,1,-5
R008,2025-01-13,9,0,0,Cloudy,1.87,21.5,WeekendDeal,LocalEvent,15,18,3
R008,2025-01-13,10,0,0,Cloudy,1.87,21.5,WeekendDeal,LocalEvent,29,24,-5
R008,2025-01-13,11,0,0,Cloudy,1.87,21.5,WeekendDeal,LocalEvent,47,36,-11
R008,2025-01-13,12,0,0,Cloudy,1.87,21.5,WeekendDeal,LocalEvent,63,70,7
R008,2025-01-13,13,0,0,Cloudy,1.87,21.5,WeekendDeal,LocalEvent,69,64,-5
R008,2025-01-13,14,0,0,Cloudy,1.87,21.5,WeekendDeal,LocalEvent,63,48,-15
R008,2025-01-13,15,0,0,Cloudy,1.87,21.5,WeekendDeal,LocalEvent,47,49,2
R008,2025-01-13,16,0,0,Cloudy,1.87,21.5,WeekendDeal,LocalEvent,31,36,5
R008,2025-01-13,17,0,0,Cloudy,1.87,21.5,WeekendDeal,LocalEvent,23,23,0
R008,2025-01-13,18,0,0,Cloudy,1.87,21.5,WeekendDeal,LocalEvent,30,37,7
R008,2025-01-13,19,0,0,Cloudy,1.87,21.5,WeekendDeal,LocalEvent,47,43,-4
R008,2025-01-13,20,0,0,Cloudy,1.87,21.5,WeekendDeal,LocalEvent,56,52,-4
R008,2025-01-13,21,0,0,Cloudy,1.87,21.5,WeekendDeal,LocalEvent,45,42,-3
R008,2025-01-13,22,0,0,Cloudy,1.87,21.5,WeekendDeal,LocalEvent,24,28,4
R008,2025-01-14,8,1,0,Clear,0.43,28.6,WeekendDeal,Festival,6,5,-1
R008,2025-01-14,9,1,0,Clear,0.43,28.6,WeekendDeal,Festival,16,15,-1
R008,2025-01-14,10,1,0,Clear,0.43,28.6,WeekendDeal,Festival,31,39,8
R008,2025-01-14,11,1,0,Clear,0.43,28.6,WeekendDeal,Festival,50,52,2
R008,2025-01-14,12,1,0,Clear,0.43,28.6,WeekendDeal,Festival,68,75,7
R008,2025-01-14,13,1,0,Clear,0.43,28.6,WeekendDeal,Festival,74,94,20
R008,2025-01-14,14,1,0,Clear,0.43,28.6,WeekendDeal,Festival,68,62,-6
R008,2025-01-14,15,1,0,Clear,0.43,28.6,WeekendDeal,Festival,51,63,12
R008,2025-01-14,16,1,0,Clear,0.43,28.6,WeekendDeal,Festival,33,45,12
R008,2025-01-14,17,1,0,Clear,0.43,28.6,WeekendDeal,Festival,25,33,8
R008,2025-01-14,18,1,0,Clear,0.43,28.6,WeekendDeal,Festival,33,39,6
R008,2025-01-14,19,1,0,Clear,0.43,28.6,WeekendDeal,Festival,51,51,0
R008,2025-01-14,20,1,0,Clear,0.43,28.6,WeekendDeal,Festival,60,62,2
R008,2025-01-14,21,1,0,Clear,0.43,28.6,WeekendDeal,Festival,49,31,-18
R008,2025-01-14,22,1,0,Clear,0.43,28.6,WeekendDeal,Festival,26,24,-2
R008,2025-01-15,8,2,0,Rain,11.69,37.9,FestivalOffer,SportsMatch,5,7,2
R008,2025-01-15,9,2,0,Rain,11.69,37.9,FestivalOffer,SportsMatch,12,15,3
R008,2025-01-15,10,2,0,Rain,11.69,37.9,FestivalOffer,SportsMatch,24,26,2
R008,2025-01-15,11,2,0,Rain,11.69,37.9,FestivalOffer,SportsMatch,39,39,0
R008,2025-01-15,12,2,0,Rain,11.69,37.9,FestivalOffer,SportsMatch,53,54,1
R008,2025-01-15,13,2,0,Rain,11.69,37.9,FestivalOffer,SportsMatch,58,54,-4
R008,2025-01-15,14,2,0,Rain,11.69,37.9,FestivalOffer,SportsMatch,53,49,-4
R008,2025-01-15,15,2,0,Rain,11.69,37.9,FestivalOffer,SportsMatch,40,46,6
R008,2025-01-15,16,2,0,Rain,11.69,37.9,FestivalOffer,SportsMatch,26,27,1
R008,2025-01-15,17,2,0,Rain,11.69,37.9,FestivalOffer,SportsMatch,19,24,5
R008,2025-01-15,18,2,0,Rain,11.69,37.9,FestivalOffer,SportsMatch,25,29,4
R008,2025-01-15,19,2,0,Rain,11.69,37.9,FestivalOffer,SportsMatch,39,37,-2
R008,2025-01-15,20,2,0,Rain,11.69,37.9,FestivalOffer,SportsMatch,47,47,0
R008,2025-01-15,21,2,0,Rain,11.69,37.9,FestivalOffer,SportsMatch,38,34,-4
R008,2025-01-15,22,2,0,Rain,11.69,37.9,FestivalOffer,SportsMatch,20,18,-2
R008,2025-01-16,8,3,0,Storm,3.4,32.4,FestivalOffer,Festival,4,6,2
R008,2025-01-16,9,3,0,Storm,3.4,32.4,FestivalOffer,Festival,11,12,1
R008,2025-01-16,10,3,0,Storm,3.4,32.4,FestivalOffer,Festival,21,17,-4
R008,2025-01-16,11,3,0,Storm,3.4,32.4,FestivalOffer,Festival,35,32,-3
R008,2025-01-16,12,3,0,Storm,3.4,32.4,FestivalOffer,Festival,46,28,-18
R008,2025-01-16,13,3,0,Storm,3.4,32.4,FestivalOffer,Festival,51,53,2
R008,2025-01-16,14,3,0,Storm,3.4,32.4,FestivalOffer,Festival,46,52,6
R008,2025-01-16,15,3,0,Storm,3.4,32.4,FestivalOffer,Festival,35,40,5
R008,2025-01-16,16,3,0,Storm,3.4,32.4,FestivalOffer,Festival,23,23,0
R008,2025-01-16,17,3,0,Storm,3.4,32.4,FestivalOffer,Festival,17,16,-1
R008,2025-01-16,18,3,0,Storm,3.4,32.4,FestivalOffer,Festival,22,22,0
R008,2025-01-16,19,3,0,Storm,3.4,32.4,FestivalOffer,Festival,35,31,-4
R008,2025-01-16,20,3,0,Storm,3.4,32.4,FestivalOffer,Festival,41,45,4
R008,2025-01-16,21,3,0,Storm,3.4,32.4,FestivalOffer,Festival,33,36,3
R008,2025-01-16,22,3,0,Storm,3.4,32.4,FestivalOffer,Festival,18,16,-2
R008,2025-01-17,8,4,0,Clear,1.79,28.1,FestivalOffer,Festival,7,8,1
R008,2025-01-17,9,4,0,Clear,1.79,28.1,FestivalOffer,Festival,16,16,0
R008,2025-01-17,10,4,0,Clear,1.79,28.1,FestivalOffer,Festival,33,28,-5
R008,2025-01-17,11,4,0,Clear,1.79,28.1,FestivalOffer,Festival,53,51,-2
R008,2025-01-17,12,4,0,Clear,1.79,28.1,FestivalOffer,Festival,71,63,-8
R008,2025-01-17,13,4,0,Clear,1.79,28.1,FestivalOffer,Festival,78,64,-14
R008,2025-01-17,14,4,0,Clear,1.79,28.1,FestivalOffer,Festival,71,73,2
R008,2025-01-17,15,4,0,Clear,1.79,28.1,FestivalOffer,Festival,53,61,8
R008,2025-01-17,16,4,0,Clear,1.79,28.1,FestivalOffer,Festival,35,28,-7
R008,2025-01-17,17,4,0,Clear,1.79,28.1,FestivalOffer,Festival,26,22,-4
R008,2025-01-17,18,4,0,Clear,1.79,28.1,FestivalOffer,Festival,34,33,-1
R008,2025-01-17,19,4,0,Clear,1.79,28.1,FestivalOffer,Festival,53,63,10
R008,2025-01-17,20,4,0,Clear,1.79,28.1,FestivalOffer,Festival,63,87,24
R008,2025-01-17,21,4,0,Clear,1.79,28.1,FestivalOffer,Festival,51,49,-2
R008,2025-01-17,22,4,0,Clear,1.79,28.1,FestivalOffer,Festival,27,29,2
R008,2025-01-18,8,5,1,Cloudy,4.46,27.2,None,None,6,5,-1
R008,2025-01-18,9,5,1,Cloudy,4.46,27.2,None,None,14,14,0
R008,2025-01-18,10,5,1,Cloudy,4.46,27.2,None,None,28,35,7
R008,2025-01-18,11,5,1,Cloudy,4.46,27.2,None,None,46,41,-5
R008,2025-01-18,12,5,1,Cloudy,4.46,27.2,None,None,62,56,-6
R008,2025-01-18,13,5,1,Cloudy,4.46,27.2,None,None,68,61,-7
R008,2025-01-18,14,5,1,Cloudy,4.46,27.2,None,None,62,73,11
R008,2025-01-18,15,5,1,Cloudy,4.46,27.2,None,None,46,51,5
R008,2025-01-18,16,5,1,Cloudy,4.46,27.2,None,None,30,29,-1
R008,2025-01-18,17,5,1,Cloudy,4.46,27.2,None,None,23,22,-1
R008,2025-01-18,18,5,1,Cloudy,4.46,27.2,None,None,30,28,-2
R008,2025-01-18,19,5,1,Cloudy,4.46,27.2,None,None,46,51,5
R008,2025-01-18,20,5,1,Cloudy,4.46,27.2,None,None,55,49,-6
R008,2025-01-18,21,5,1,Cloudy,4.46,27.2,None,None,44,51,7
R008,2025-01-18,22,5,1,Cloudy,4.46,27.2,None,None,24,25,1
R008,2025-01-19,8,6,1,Clear,3.11,30.6,None,Festival,7,6,-1
R008,2025-01-19,9,6,1,Clear,3.11,30.6,None,Festival,16,13,-3
R008,2025-01-19,10,6,1,Clear,3.11,30.6,None,Festival,33,37,4
R008,2025-01-19,11,6,1,Clear,3.11,30.6,None,Festival,53,56,3
R008,2025-01-19,12,6,1,Clear,3.11,30.6,None,Festival,71,74,3
R008,2025-01-19,13,6,1,Clear,3.11,30.6,None,Festival,78,65,-13
R008,2025-01-19,14,6,1,Clear,3.11,30.6,None,Festival,71,77,6
R008,2025-01-19,15,6,1,Clear,3.11,30.6,None,Festival,53,50,-3
R008,2025-01-19,16,6,1,Clear,3.11,30.6,None,Festival,35,31,-4
R008,2025-01-19,17,6,1,Clear,3.11,30.6,None,Festival,26,26,0
R008,2025-01-19,18,6,1,Clear,3.11,30.6,None,Festival,34,26,-8
R008,2025-01-19,19,6,1,Clear,3.11,30.6,None,Festival,53,54,1
R008,2025-01-19,20,6,1,Clear,3.11,30.6,None,Festival,63,65,2
R008,2025-01-19,21,6,1,Clear,3.11,30.6,None,Festival,51,57,6
R008,2025-01-19,22,6,1,Clear,3.11,30.6,None,Festival,27,25,-2
R008,2025-01-20,8,0,0,Cloudy,4.77,31.4,WeekendDeal,LocalEvent,6,2,-4
R008,2025-01-20,9,0,0,Cloudy,4.77,31.4,WeekendDeal,LocalEvent,15,16,1
R008,2025-01-20,10,0,0,Cloudy,4.77,31.4,WeekendDeal,LocalEvent,29,24,-5
R008,2025-01-20,11,0,0,Cloudy,4.77,31.4,WeekendDeal,LocalEvent,47,58,11
R008,2025-01-20,12,0,0,Cloudy,4.77,31.4,WeekendDeal,LocalEvent,63,73,10
R008,2025-01-20,13,0,0,Cloudy,4.77,31.4,WeekendDeal,LocalEvent,69,84,15
R008,2025-01-20,14,0,0,Cloudy,4.77,31.4,WeekendDeal,LocalEvent,63,52,-11
R008,2025-01-20,15,0,0,Cloudy,4.77,31.4,WeekendDeal,LocalEvent,47,47,0
R008,2025-01-20,16,0,0,Cloudy,4.77,31.4,WeekendDeal,LocalEvent,31,38,7
R008,2025-01-20,17,0,0,Cloudy,4.77,31.4,WeekendDeal,LocalEvent,23,17,-6
R008,2025-01-20,18,0,0,Cloudy,4.77,31.4,WeekendDeal,LocalEvent,30,33,3
R008,2025-01-20,19,0,0,Cloudy,4.77,31.4,WeekendDeal,LocalEvent,47,57,10
R008,2025-01-20,20,0,0,Cloudy,4.77,31.4,WeekendDeal,LocalEvent,56,50,-6
R008,2025-01-20,21,0,0,Cloudy,4.77,31.4,WeekendDeal,LocalEvent,45,42,-3
R008,2025-01-20,22,0,0,Cloudy,4.77,31.4,WeekendDeal,LocalEvent,24,19,-5
R008,2025-01-21,8,1,0,Cloudy,4.2,37.8,FestivalOffer,Festival,7,5,-2
R008,2025-01-21,9,1,0,Cloudy,4.2,37.8,FestivalOffer,Festival,16,16,0
R008,2025-01-21,10,1,0,Cloudy,4.2,37.8,FestivalOffer,Festival,33,32,-1
R008,2025-01-21,11,1,0,Cloudy,4.2,37.8,FestivalOffer,Festival,53,37,-16
R008,2025-01-21,12,1,0,Cloudy,4.2,37.8,FestivalOffer,Festival,71,77,6
R008,2025-01-21,13,1,0,Cloudy,4.2,37.8,FestivalOffer,Festival,78,79,1
R008,2025-01-21,14,1,0,Cloudy,4.2,37.8,FestivalOffer,Festival,71,77,6
R008,2025-01-21,15,1,0,Cloudy,4.2,37.8,FestivalOffer,Festival,53,70,17
R008,2025-01-21,16,1,0,Cloudy,4.2,37.8,FestivalOffer,Festival,35,34,-1
R008,2025-01-21,17,1,0,Cloudy,4.2,37.8,FestivalOffer,Festival,26,25,-1
R008,2025-01-21,18,1,0,Cloudy,4.2,37.8,FestivalOffer,Festival,34,39,5
R008,2025-01-21,19,1,0,Cloudy,4.2,37.8,FestivalOffer,Festival,53,61,8
R008,2025-01-21,20,1,0,Cloudy,4.2,37.8,FestivalOffer,Festival,63,68,5
R008,2025-01-21,21,1,0,Cloudy,4.2,37.8,FestivalOffer,Festival,51,41,-10
R008,2025-01-21,22,1,0,Cloudy,4.2,37.8,FestivalOffer,Festival,27,27,0
R008,2025-01-22,8,2,0,Storm,29.6,37.6,HappyHour,SportsMatch,4,2,-2
R008,2025-01-22,9,2,0,Storm,29.6,37.6,HappyHour,SportsMatch,9,8,-1
R008,2025-01-22,10,2,0,Storm,29.6,37.6,HappyHour,SportsMatch,18,20,2
R008,2025-01-22,11,2,0,Storm,29.6,37.6,HappyHour,SportsMatch,30,34,4
R008,2025-01-22,12,2,0,Storm,29.6,37.6,HappyHour,SportsMatch,40,32,-8
R008,2025-01-22,13,2,0,Storm,29.6,37.6,HappyHour,SportsMatch,44,39,-5
R008,2025-01-22,14,2,0,Storm,29.6,37.6,HappyHour,SportsMatch,40,39,-1
R008,2025-01-22,15,2,0,Storm,29.6,37.6,HappyHour,SportsMatch,30,38,8
R008,2025-01-22,16,2,0,Storm,29.6,37.6,HappyHour,SportsMatch,20,17,-3
R008,2025-01-22,17,2,0,Storm,29.6,37.6,HappyHour,SportsMatch,15,14,-1
R008,2025-01-22,18,2,0,Storm,29.6,37.6,HappyHour,SportsMatch,19,13,-6
R008,2025-01-22,19,2,0,Storm,29.6,37.6,HappyHour,SportsMatch,30,31,1
R008,2025-01-22,20,2,0,Storm,29.6,37.6,HappyHour,SportsMatch,36,37,1
R008,2025-01-22,21,2,0,Storm,29.6,37.6,HappyHour,SportsMatch,29,27,-2
R008,2025-01-22,22,2,0,Storm,29.6,37.6,HappyHour,SportsMatch,16,17,1
R008,2025-01-23,8,3,0,Clear,3.56,21.4,WeekendDeal,Festival,6,3,-3
R008,2025-01-23,9,3,0,Clear,3.56,21.4,WeekendDeal,Festival,16,8,-8
R008,2025-01-23,10,3,0,Clear,3.56,21.4,WeekendDeal,Festival,31,39,8
R008,2025-01-23,11,3,0,Clear,3.56,21.4,WeekendDeal,Festival,50,49,-1
R008,2025-01-23,12,3,0,Clear,3.56,21.4,WeekendDeal,Festival,68,55,-13
R008,2025-01-23,13,3,0,Clear,3.56,21.4,WeekendDeal,Festival,74,76,2
R008,2025-01-23,14,3,0,Clear,3.56,21.4,WeekendDeal,Festival,68,64,-4
R008,2025-01-23,15,3,0,Clear,3.56,21.4,WeekendDeal,Festival,51,56,5
R008,2025-01-23,16,3,0,Clear,3.56,21.4,WeekendDeal,Festival,33,38,5
R008,2025-01-23,17,3,0,Clear,3.56,21.4,WeekendDeal,Festival,25,23,-2
R008,2025-01-23,18,3,0,Clear,3.56,21.4,WeekendDeal,Festival,33,37,4
R008,2025-01-23,19,3,0,Clear,3.56,21.4,WeekendDeal,Festival,51,59,8
R008,2025-01-23,20,3,0,Clear,3.56,21.4,WeekendDeal,Festival,60,65,5
R008,2025-01-23,21,3,0,Clear,3.56,21.4,WeekendDeal,Festival,49,39,-10
R008,2025-01-23,22,3,0,Clear,3.56,21.4,WeekendDeal,Festival,26,24,-2
R008,2025-01-24,8,4,0,Clear,4.59,22.3,WeekendDeal,None,6,6,0
R008,2025-01-24,9,4,0,Clear,4.59,22.3,WeekendDeal,None,14,15,1
R008,2025-01-24,10,4,0,Clear,4.59,22.3,WeekendDeal,None,27,29,2
R008,2025-01-24,11,4,0,Clear,4.59,22.3,WeekendDeal,None,44,52,8
R008,2025-01-24,12,4,0,Clear,4.59,22.3,WeekendDeal,None,59,41,-18
R008,2025-01-24,13,4,0,Clear,4.59,22.3,WeekendDeal,None,65,75,10
R008,2025-01-24,14,4,0,Clear,4.59,22.3,WeekendDeal,None,59,77,18
R008,2025-01-24,15,4,0,Clear,4.59,22.3,WeekendDeal,None,44,51,7
R008,2025-01-24,16,4,0,Clear,4.59,22.3,WeekendDeal,None,29,27,-2
R008,2025-01-24,17,4,0,Clear,4.59,22.3,WeekendDeal,None,22,24,2
R008,2025-01-24,18,4,0,Clear,4.59,22.3,WeekendDeal,None,28,31,3
R008,2025-01-24,19,4,0,Clear,4.59,22.3,WeekendDeal,None,44,46,2
R008,2025-01-24,20,4,0,Clear,4.59,22.3,WeekendDeal,None,52,56,4
R008,2025-01-24,21,4,0,Clear,4.59,22.3,WeekendDeal,None,42,42,0
R008,2025-01-24,22,4,0,Clear,4.59,22.3,WeekendDeal,None,23,21,-2
R008,2025-01-25,8,5,1,Storm,22.38,34.7,WeekendDeal,LocalEvent,5,7,2
R008,2025-01-25,9,5,1,Storm,22.38,34.7,WeekendDeal,LocalEvent,11,10,-1
R008,2025-01-25,10,5,1,Storm,22.38,34.7,WeekendDeal,LocalEvent,22,19,-3
R008,2025-01-25,11,5,1,Storm,22.38,34.7,WeekendDeal,LocalEvent,36,40,4
R008,2025-01-25,12,5,1,Storm,22.38,34.7,WeekendDeal,LocalEvent,48,45,-3
R008,2025-01-25,13,5,1,Storm,22.38,34.7,WeekendDeal,LocalEvent,53,55,2
R008,2025-01-25,14,5,1,Storm,22.38,34.7,WeekendDeal,LocalEvent,48,55,7
R008,2025-01-25,15,5,1,Storm,22.38,34.7,WeekendDeal,LocalEvent,36,42,6
R008,2025-01-25,16,5,1,Storm,22.38,34.7,WeekendDeal,LocalEvent,24,18,-6
R008,2025-01-25,17,5,1,Storm,22.38,34.7,WeekendDeal,LocalEvent,18,18,0
R008,2025-01-25,18,5,1,Storm,22.38,34.7,WeekendDeal,LocalEvent,23,20,-3
R008,2025-01-25,19,5,1,Storm,22.38,34.7,WeekendDeal,LocalEvent,36,31,-5
R008,2025-01-25,20,5,1,Storm,22.38,34.7,WeekendDeal,LocalEvent,43,42,-1
R008,2025-01-25,21,5,1,Storm,22.38,34.7,WeekendDeal,LocalEvent,35,37,2
R008,2025-01-25,22,5,1,Storm,22.38,34.7,WeekendDeal,LocalEvent,19,16,-3
R008,2025-01-26,8,6,1,Rain,12.78,30.0,WeekendDeal,SportsMatch,6,8,2
R008,2025-01-26,9,6,1,Rain,12.78,30.0,WeekendDeal,SportsMatch,14,17,3
R008,2025-01-26,10,6,1,Rain,12.78,30.0,WeekendDeal,SportsMatch,27,31,4
R008,2025-01-26,11,6,1,Rain,12.78,30.0,WeekendDeal,SportsMatch,44,46,2
R008,2025-01-26,12,6,1,Rain,12.78,30.0,WeekendDeal,SportsMatch,59,53,-6
R008,2025-01-26,13,6,1,Rain,12.78,30.0,WeekendDeal,SportsMatch,65,58,-7
R008,2025-01-26,14,6,1,Rain,12.78,30.0,WeekendDeal,SportsMatch,59,47,-12
R008,2025-01-26,15,6,1,Rain,12.78,30.0,WeekendDeal,SportsMatch,44,40,-4
R008,2025-01-26,16,6,1,Rain,12.78,30.0,WeekendDeal,SportsMatch,29,36,7
R008,2025-01-26,17,6,1,Rain,12.78,30.0,WeekendDeal,SportsMatch,22,24,2
R008,2025-01-26,18,6,1,Rain,12.78,30.0,WeekendDeal,SportsMatch,28,21,-7
R008,2025-01-26,19,6,1,Rain,12.78,30.0,WeekendDeal,SportsMatch,44,44,0
R008,2025-01-26,20,6,1,Rain,12.78,30.0,WeekendDeal,SportsMatch,52,42,-10
R008,2025-01-26,21,6,1,Rain,12.78,30.0,WeekendDeal,SportsMatch,42,38,-4
R008,2025-01-26,22,6,1,Rain,12.78,30.0,WeekendDeal,SportsMatch,23,22,-1
R008,2025-01-27,8,0,0,Cloudy,4.53,25.4,FestivalOffer,LocalEvent,6,6,0
R008,2025-01-27,9,0,0,Cloudy,4.53,25.4,FestivalOffer,LocalEvent,15,10,-5
R008,2025-01-27,10,0,0,Cloudy,4.53,25.4,FestivalOffer,LocalEvent,30,25,-5
R008,2025-01-27,11,0,0,Cloudy,4.53,25.4,FestivalOffer,LocalEvent,49,42,-7
R008,2025-01-27,12,0,0,Cloudy,4.53,25.4,FestivalOffer,LocalEvent,66,66,0
R008,2025-01-27,13,0,0,Cloudy,4.53,25.4,FestivalOffer,LocalEvent,73,96,23
R008,2025-01-27,14,0,0,Cloudy,4.53,25.4,FestivalOffer,LocalEvent,66,66,0
R008,2025-01-27,15,0,0,Cloudy,4.53,25.4,FestivalOffer,LocalEvent,50,50,0
R008,2025-01-27,16,0,0,Cloudy,4.53,25.4,FestivalOffer,LocalEvent,32,27,-5
R008,2025-01-27,17,0,0,Cloudy,4.53,25.4,FestivalOffer,LocalEvent,24,18,-6
R008,2025-01-27,18,0,0,Cloudy,4.53,25.4,FestivalOffer,LocalEvent,32,36,4
R008,2025-01-27,19,0,0,Cloudy,4.53,25.4,FestivalOffer,LocalEvent,50,53,3
R008,2025-01-27,20,0,0,Cloudy,4.53,25.4,FestivalOffer,LocalEvent,59,74,15
R008,2025-01-27,21,0,0,Cloudy,4.53,25.4,FestivalOffer,LocalEvent,48,52,4
R008,2025-01-27,22,0,0,Cloudy,4.53,25.4,FestivalOffer,LocalEvent,26,25,-1
R008,2025-01-28,8,1,0,Clear,1.98,34.1,WeekendDeal,LocalEvent,6,4,-2
R008,2025-01-28,9,1,0,Clear,1.98,34.1,WeekendDeal,LocalEvent,15,11,-4
R008,2025-01-28,10,1,0,Clear,1.98,34.1,WeekendDeal,LocalEvent,29,29,0
R008,2025-01-28,11,1,0,Clear,1.98,34.1,WeekendDeal,LocalEvent,47,45,-2
R008,2025-01-28,12,1,0,Clear,1.98,34.1,WeekendDeal,LocalEvent,63,60,-3
R008,2025-01-28,13,1,0,Clear,1.98,34.1,WeekendDeal,LocalEvent,69,60,-9
R008,2025-01-28,14,1,0,Clear,1.98,34.1,WeekendDeal,LocalEvent,63,51,-12
R008,2025-01-28,15,1,0,Clear,1.98,34.1,WeekendDeal,LocalEvent,47,53,6
R008,2025-01-28,16,1,0,Clear,1.98,34.1,WeekendDeal,LocalEvent,31,39,8
R008,2025-01-28,17,1,0,Clear,1.98,34.1,WeekendDeal,LocalEvent,23,18,-5
R008,2025-01-28,18,1,0,Clear,1.98,34.1,WeekendDeal,LocalEvent,30,19,-11
R008,2025-01-28,19,1,0,Clear,1.98,34.1,WeekendDeal,LocalEvent,47,41,-6
R008,2025-01-28,20,1,0,Clear,1.98,34.1,WeekendDeal,LocalEvent,56,51,-5
R008,2025-01-28,21,1,0,Clear,1.98,34.1,WeekendDeal,LocalEvent,45,46,1
R008,2025-01-28,22,1,0,Clear,1.98,34.1,WeekendDeal,LocalEvent,24,24,0
R008,2025-01-29,8,2,0,Clear,2.14,21.1,HappyHour,SportsMatch,6,7,1
R008,2025-01-29,9,2,0,Clear,2.14,21.1,HappyHour,SportsMatch,14,12,-2
R008,2025-01-29,10,2,0,Clear,2.14,21.1,HappyHour,SportsMatch,28,27,-1
R008,2025-01-29,11,2,0,Clear,2.14,21.1,HappyHour,SportsMatch,46,45,-1
R008,2025-01-29,12,2,0,Clear,2.14,21.1,HappyHour,SportsMatch,62,64,2
R008,2025-01-29,13,2,0,Clear,2.14,21.1,HappyHour,SportsMatch,68,46,-22
R008,2025-01-29,14,2,0,Clear,2.14,21.1,HappyHour,SportsMatch,62,78,16
R008,2025-01-29,15,2,0,Clear,2.14,21.1,HappyHour,SportsMatch,46,42,-4
R008,2025-01-29,16,2,0,Clear,2.14,21.1,HappyHour,SportsMatch,30,28,-2
R008,2025-01-29,17,2,0,Clear,2.14,21.1,HappyHour,SportsMatch,23,20,-3
R008,2025-01-29,18,2,0,Clear,2.14,21.1,HappyHour,SportsMatch,30,29,-1
R008,2025-01-29,19,2,0,Clear,2.14,21.1,HappyHour,SportsMatch,46,49,3
R008,2025-01-29,20,2,0,Clear,2.14,21.1,HappyHour,SportsMatch,55,39,-16
R008,2025-01-29,21,2,0,Clear,2.14,21.1,HappyHour,SportsMatch,44,47,3
R008,2025-01-29,22,2,0,Clear,2.14,21.1,HappyHour,SportsMatch,24,23,-1
R008,2025-01-30,8,3,0,Clear,3.51,31.9,HappyHour,None,5,4,-1
R008,2025-01-30,9,3,0,Clear,3.51,31.9,HappyHour,None,13,14,1
R008,2025-01-30,10,3,0,Clear,3.51,31.9,HappyHour,None,26,20,-6
R008,2025-01-30,11,3,0,Clear,3.51,31.9,HappyHour,None,42,52,10
R008,2025-01-30,12,3,0,Clear,3.51,31.9,HappyHour,None,57,56,-1
R008,2025-01-30,13,3,0,Clear,3.51,31.9,HappyHour,None,62,66,4
R008,2025-01-30,14,3,0,Clear,3.51,31.9,HappyHour,None,57,62,5
R008,2025-01-30,15,3,0,Clear,3.51,31.9,HappyHour,None,43,33,-10
R008,2025-01-30,16,3,0,Clear,3.51,31.9,HappyHour,None,28,25,-3
R008,2025-01-30,17,3,0,Clear,3.51,31.9,HappyHour,None,21,23,2
R008,2025-01-30,18,3,0,Clear,3.51,31.9,HappyHour,None,27,31,4
R008,2025-01-30,19,3,0,Clear,3.51,31.9,HappyHour,None,42,28,-14
R008,2025-01-30,20,3,0,Clear,3.51,31.9,HappyHour,None,50,43,-7
R008,2025-01-30,21,3,0,Clear,3.51,31.9,HappyHour,None,41,54,13
R008,2025-01-30,22,3,0,Clear,3.51,31.9,HappyHour,None,22,18,-4
R008,2025-01-31,8,4,0,Rain,9.16,21.4,FestivalOffer,LocalEvent,5,3,-2
R008,2025-01-31,9,4,0,Rain,9.16,21.4,FestivalOffer,LocalEvent,12,11,-1
R008,2025-01-31,10,4,0,Rain,9.16,21.4,FestivalOffer,LocalEvent,24,20,-4
R008,2025-01-31,11,4,0,Rain,9.16,21.4,FestivalOffer,LocalEvent,39,37,-2
R008,2025-01-31,12,4,0,Rain,9.16,21.4,FestivalOffer,LocalEvent,52,53,1
R008,2025-01-31,13,4,0,Rain,9.16,21.4,FestivalOffer,LocalEvent,57,64,7
R008,2025-01-31,14,4,0,Rain,9.16,21.4,FestivalOffer,LocalEvent,52,63,11
R008,2025-01-31,15,4,0,Rain,9.16,21.4,FestivalOffer,LocalEvent,39,33,-6
R008,2025-01-31,16,4,0,Rain,9.16,21.4,FestivalOffer,LocalEvent,25,23,-2
R008,2025-01-31,17,4,0,Rain,9.16,21.4,FestivalOffer,LocalEvent,19,14,-5
R008,2025-01-31,18,4,0,Rain,9.16,21.4,FestivalOffer,LocalEvent,25,24,-1
R008,2025-01-31,19,4,0,Rain,9.16,21.4,FestivalOffer,LocalEvent,39,23,-16
R008,2025-01-31,20,4,0,Rain,9.16,21.4,FestivalOffer,LocalEvent,46,49,3
R008,2025-01-31,21,4,0,Rain,9.16,21.4,FestivalOffer,LocalEvent,37,42,5
R008,2025-01-31,22,4,0,Rain,9.16,21.4,FestivalOffer,LocalEvent,20,26,6
R008,2025-02-01,8,5,1,Clear,3.12,30.4,None,None,6,6,0
R008,2025-02-01,9,5,1,Clear,3.12,30.4,None,None,14,13,-1
R008,2025-02-01,10,5,1,Clear,3.12,30.4,None,None,28,22,-6
R008,2025-02-01,11,5,1,Clear,3.12,30.4,None,None,46,47,1
R008,2025-02-01,12,5,1,Clear,3.12,30.4,None,None,62,75,13
R008,2025-02-01,13,5,1,Clear,3.12,30.4,None,None,68,74,6
R008,2025-02-01,14,5,1,Clear,3.12,30.4,None,None,62,68,6
R008,2025-02-01,15,5,1,Clear,3.12,30.4,None,None,46,43,-3
R008,2025-02-01,16,5,1,Clear,3.12,30.4,None,None,30,32,2
R008,2025-02-01,17,5,1,Clear,3.12,30.4,None,None,23,23,0
R008,2025-02-01,18,5,1,Clear,3.12,30.4,None,None,30,32,2
R008,2025-02-01,19,5,1,Clear,3.12,30.4,None,None,46,45,-1
R008,2025-02-01,20,5,1,Clear,3.12,30.4,None,None,55,54,-1
R008,2025-02-01,21,5,1,Clear,3.12,30.4,None,None,44,42,-2
R008,2025-02-01,22,5,1,Clear,3.12,30.4,None,None,24,27,3
R008,2025-02-02,8,6,1,Cloudy,0.32,30.4,HappyHour,SportsMatch,7,8,1
R008,2025-02-02,9,6,1,Cloudy,0.32,30.4,HappyHour,SportsMatch,17,15,-2
R008,2025-02-02,10,6,1,Cloudy,0.32,30.4,HappyHour,SportsMatch,33,34,1
R008,2025-02-02,11,6,1,Cloudy,0.32,30.4,HappyHour,SportsMatch,54,51,-3
R008,2025-02-02,12,6,1,Cloudy,0.32,30.4,HappyHour,SportsMatch,73,76,3
R008,2025-02-02,13,6,1,Cloudy,0.32,30.4,HappyHour,SportsMatch,80,76,-4
R008,2025-02-02,14,6,1,Cloudy,0.32,30.4,HappyHour,SportsMatch,73,66,-7
R008,2025-02-02,15,6,1,Cloudy,0.32,30.4,HappyHour,SportsMatch,55,76,21
R008,2025-02-02,16,6,1,Cloudy,0.32,30.4,HappyHour,SportsMatch,36,39,3
R008,2025-02-02,17,6,1,Cloudy,0.32,30.4,HappyHour,SportsMatch,27,24,-3
R008,2025-02-02,18,6,1,Cloudy,0.32,30.4,HappyHour,SportsMatch,35,28,-7
R008,2025-02-02,19,6,1,Cloudy,0.32,30.4,HappyHour,SportsMatch,55,61,6
R008,2025-02-02,20,6,1,Cloudy,0.32,30.4,HappyHour,SportsMatch,65,62,-3
R008,2025-02-02,21,6,1,Cloudy,0.32,30.4,HappyHour,SportsMatch,52,66,14
R008,2025-02-02,22,6,1,Cloudy,0.32,30.4,HappyHour,SportsMatch,28,32,4
R008,2025-02-03,8,0,0,Clear,4.23,26.6,WeekendDeal,SportsMatch,6,7,1
R008,2025-02-03,9,0,0,Clear,4.23,26.6,WeekendDeal,SportsMatch,15,11,-4
R008,2025-02-03,10,0,0,Clear,4.23,26.6,WeekendDeal,SportsMatch,29,33,4
R008,2025-02-03,11,0,0,Clear,4.23,26.6,WeekendDeal,SportsMatch,48,55,7
R008,2025-02-03,12,0,0,Clear,4.23,26.6,WeekendDeal,SportsMatch,64,56,-8
R008,2025-02-03,13,0,0,Clear,4.23,26.6,WeekendDeal,SportsMatch,71,83,12
R008,2025-02-03,14,0,0,Clear,4.23,26.6,WeekendDeal,SportsMatch,64,64,0
R008,2025-02-03,15,0,0,Clear,4.23,26.6,WeekendDeal,SportsMatch,48,57,9
R008,2025-02-03,16,0,0,Clear,4.23,26.6,WeekendDeal,SportsMatch,31,28,-3
R008,2025-02-03,17,0,0,Clear,4.23,26.6,WeekendDeal,SportsMatch,24,22,-2
R008,2025-02-03,18,0,0,Clear,4.23,26.6,WeekendDeal,SportsMatch,31,34,3
R008,2025-02-03,19,0,0,Clear,4.23,26.6,WeekendDeal,SportsMatch,48,48,0
R008,2025-02-03,20,0,0,Clear,4.23,26.6,WeekendDeal,SportsMatch,57,59,2
R008,2025-02-03,21,0,0,Clear,4.23,26.6,WeekendDeal,SportsMatch,46,51,5
R008,2025-02-03,22,0,0,Clear,4.23,26.6,WeekendDeal,SportsMatch,25,23,-2
R008,2025-02-04,8,1,0,Cloudy,3.3,30.2,None,None,5,2,-3
R008,2025-02-04,9,1,0,Cloudy,3.3,30.2,None,None,12,11,-1
R008,2025-02-04,10,1,0,Cloudy,3.3,30.2,None,None,24,23,-1
R008,2025-02-04,11,1,0,Cloudy,3.3,30.2,None,None,39,38,-1
R008,2025-02-04,12,1,0,Cloudy,3.3,30.2,None,None,52,45,-7
R008,2025-02-04,13,1,0,Cloudy,3.3,30.2,None,None,58,66,8
R008,2025-02-04,14,1,0,Cloudy,3.3,30.2,None,None,52,40,-12
R008,2025-02-04,15,1,0,Cloudy,3.3,30.2,None,None,39,26,-13
R008,2025-02-04,16,1,0,Cloudy,3.3,30.2,None,None,26,28,2
R008,2025-02-04,17,1,0,Cloudy,3.3,30.2,None,None,19,20,1
R008,2025-02-04,18,1,0,Cloudy,3.3,30.2,None,None,25,21,-4
R008,2025-02-04,19,1,0,Cloudy,3.3,30.2,None,None,39,33,-6
R008,2025-02-04,20,1,0,Cloudy,3.3,30.2,None,None,47,56,9
R008,2025-02-04,21,1,0,Cloudy,3.3,30.2,None,None,38,36,-2
R008,2025-02-04,22,1,0,Cloudy,3.3,30.2,None,None,20,18,-2
R008,2025-02-05,8,2,0,Storm,4.94,34.2,None,None,3,6,3
R008,2025-02-05,9,2,0,Storm,4.94,34.2,None,None,8,7,-1
R008,2025-02-05,10,2,0,Storm,4.94,34.2,None,None,16,13,-3
R008,2025-02-05,11,2,0,Storm,4.94,34.2,None,None,25,19,-6
R008,2025-02-05,12,2,0,Storm,4.94,34.2,None,None,34,37,3
R008,2025-02-05,13,2,0,Storm,4.94,34.2,None,None,38,34,-4
R008,2025-02-05,14,2,0,Storm,4.94,34.2,None,None,34,40,6
R008,2025-02-05,15,2,0,Storm,4.94,34.2,None,None,26,23,-3
R008,2025-02-05,16,2,0,Storm,4.94,34.2,None,None,17,22,5
R008,2025-02-05,17,2,0,Storm,4.94,34.2,None,None,13,9,-4
R008,2025-02-05,18,2,0,Storm,4.94,34.2,None,None,16,17,1
R008,2025-02-05,19,2,0,Storm,4.94,34.2,None,None,26,21,-5
R008,2025-02-05,20,2,0,Storm,4.94,34.2,None,None,30,35,5
R008,2025-02-05,21,2,0,Storm,4.94,34.2,None,None,25,24,-1
R008,2025-02-05,22,2,0,Storm,4.94,34.2,None,None,13,13,0
R008,2025-02-06,8,3,0,Storm,10.78,24.7,FestivalOffer,Festival,4,4,0
R008,2025-02-06,9,3,0,Storm,10.78,24.7,FestivalOffer,Festival,11,12,1
R008,2025-02-06,10,3,0,Storm,10.78,24.7,FestivalOffer,Festival,21,18,-3
R008,2025-02-06,11,3,0,Storm,10.78,24.7,FestivalOffer,Festival,35,34,-1
R008,2025-02-06,12,3,0,Storm,10.78,24.7,FestivalOffer,Festival,46,51,5
R008,2025-02-06,13,3,0,Storm,10.78,24.7,FestivalOffer,Festival,51,43,-8
R008,2025-02-06,14,3,0,Storm,10.78,24.7,FestivalOffer,Festival,46,47,1
R008,2025-02-06,15,3,0,Storm,10.78,24.7,FestivalOffer,Festival,35,26,-9
R008,2025-02-06,16,3,0,Storm,10.78,24.7,FestivalOffer,Festival,23,23,0
R008,2025-02-06,17,3,0,Storm,10.78,24.7,FestivalOffer,Festival,17,19,2
R008,2025-02-06,18,3,0,Storm,10.78,24.7,FestivalOffer,Festival,22,22,0
R008,2025-02-06,19,3,0,Storm,10.78,24.7,FestivalOffer,Festival,35,41,6
R008,2025-02-06,20,3,0,Storm,10.78,24.7,FestivalOffer,Festival,41,42,1
R008,2025-02-06,21,3,0,Storm,10.78,24.7,FestivalOffer,Festival,33,30,-3
R008,2025-02-06,22,3,0,Storm,10.78,24.7,FestivalOffer,Festival,18,18,0
R008,2025-02-07,8,4,0,Cloudy,3.53,28.8,None,Festival,6,6,0
R008,2025-02-07,9,4,0,Cloudy,3.53,28.8,None,Festival,14,11,-3
R008,2025-02-07,10,4,0,Cloudy,3.53,28.8,None,Festival,28,32,4
R008,2025-02-07,11,4,0,Cloudy,3.53,28.8,None,Festival,45,40,-5
R008,2025-02-07,12,4,0,Cloudy,3.53,28.8,None,Festival,60,58,-2
R008,2025-02-07,13,4,0,Cloudy,3.53,28.8,None,Festival,66,75,9
R008,2025-02-07,14,4,0,Cloudy,3.53,28.8,None,Festival,60,58,-2
R008,2025-02-07,15,4,0,Cloudy,3.53,28.8,None,Festival,45,42,-3
R008,2025-02-07,16,4,0,Cloudy,3.53,28.8,None,Festival,30,25,-5
R008,2025-02-07,17,4,0,Cloudy,3.53,28.8,None,Festival,22,17,-5
R008,2025-02-07,18,4,0,Cloudy,3.53,28.8,None,Festival,29,29,0
R008,2025-02-07,19,4,0,Cloudy,3.53,28.8,None,Festival,45,41,-4
R008,2025-02-07,20,4,0,Cloudy,3.53,28.8,None,Festival,54,51,-3
R008,2025-02-07,21,4,0,Cloudy,3.53,28.8,None,Festival,43,43,0
R008,2025-02-07,22,4,0,Cloudy,3.53,28.8,None,Festival,23,27,4
R008,2025-02-08,8,5,1,Clear,5.0,35.6,None,None,6,7,1
R008,2025-02-08,9,5,1,Clear,5.0,35.6,None,None,14,13,-1
R008,2025-02-08,10,5,1,Clear,5.0,35.6,None,None,28,22,-6
R008,2025-02-08,11,5,1,Clear,5.0,35.6,None,None,46,33,-13
R008,2025-02-08,12,5,1,Clear,5.0,35.6,None,None,62,68,6
R008,2025-02-08,13,5,1,Clear,5.0,35.6,None,None,68,70,2
R008,2025-02-08,14,5,1,Clear,5.0,35.6,None,None,62,52,-10
R008,2025-02-08,15,5,1,Clear,5.0,35.6,None,None,46,52,6
R008,2025-02-08,16,5,1,Clear,5.0,35.6,None,None,30,22,-8
R008,2025-02-08,17,5,1,Clear,5.0,35.6,None,None,23,19,-4
R008,2025-02-08,18,5,1,Clear,5.0,35.6,None,None,30,34,4
R008,2025-02-08,19,5,1,Clear,5.0,35.6,None,None,46,51,5
R008,2025-02-08,20,5,1,Clear,5.0,35.6,None,None,55,48,-7
R008,2025-02-08,21,5,1,Clear,5.0,35.6,None,None,44,46,2
R008,2025-02-08,22,5,1,Clear,5.0,35.6,None,None,24,21,-3
R008,2025-02-09,8,6,1,Rain,23.45,35.5,FestivalOffer,LocalEvent,6,7,1
R008,2025-02-09,9,6,1,Rain,23.45,35.5,FestivalOffer,LocalEvent,14,13,-1
R008,2025-02-09,10,6,1,Rain,23.45,35.5,FestivalOffer,LocalEvent,28,30,2
R008,2025-02-09,11,6,1,Rain,23.45,35.5,FestivalOffer,LocalEvent,45,51,6
R008,2025-02-09,12,6,1,Rain,23.45,35.5,FestivalOffer,LocalEvent,61,66,5
R008,2025-02-09,13,6,1,Rain,23.45,35.5,FestivalOffer,LocalEvent,67,73,6
R008,2025-02-09,14,6,1,Rain,23.45,35.5,FestivalOffer,LocalEvent,61,53,-8
R008,2025-02-09,15,6,1,Rain,23.45,35.5,FestivalOffer,LocalEvent,46,49,3
R008,2025-02-09,16,6,1,Rain,23.45,35.5,FestivalOffer,LocalEvent,30,25,-5
R008,2025-02-09,17,6,1,Rain,23.45,35.5,FestivalOffer,LocalEvent,22,24,2
R008,2025-02-09,18,6,1,Rain,23.45,35.5,FestivalOffer,LocalEvent,29,27,-2
R008,2025-02-09,19,6,1,Rain,23.45,35.5,FestivalOffer,LocalEvent,46,49,3
R008,2025-02-09,20,6,1,Rain,23.45,35.5,FestivalOffer,LocalEvent,54,52,-2
R008,2025-02-09,21,6,1,Rain,23.45,35.5,FestivalOffer,LocalEvent,44,46,2
R008,2025-02-09,22,6,1,Rain,23.45,35.5,FestivalOffer,LocalEvent,24,24,0
R008,2025-02-10,8,0,0,Rain,11.51,29.1,WeekendDeal,None,4,1,-3
R008,2025-02-10,9,0,0,Rain,11.51,29.1,WeekendDeal,None,11,9,-2
R008,2025-02-10,10,0,0,Rain,11.51,29.1,WeekendDeal,None,21,22,1
R008,2025-02-10,11,0,0,Rain,11.51,29.1,WeekendDeal,None,34,37,3
R008,2025-02-10,12,0,0,Rain,11.51,29.1,WeekendDeal,None,46,53,7
R008,2025-02-10,13,0,0,Rain,11.51,29.1,WeekendDeal,None,51,45,-6
R008,2025-02-10,14,0,0,Rain,11.51,29.1,WeekendDeal,None,46,54,8
R008,2025-02-10,15,0,0,Rain,11.51,29.1,WeekendDeal,None,34,35,1
R008,2025-02-10,16,0,0,Rain,11.51,29.1,WeekendDeal,None,22,24,2
R008,2025-02-10,17,0,0,Rain,11.51,29.1,WeekendDeal,None,17,21,4
R008,2025-02-10,18,0,0,Rain,11.51,29.1,WeekendDeal,None,22,28,6
R008,2025-02-10,19,0,0,Rain,11.51,29.1,WeekendDeal,None,34,38,4
R008,2025-02-10,20,0,0,Rain,11.51,29.1,WeekendDeal,None,41,41,0
R008,2025-02-10,21,0,0,Rain,11.51,29.1,WeekendDeal,None,33,36,3
R008,2025-02-10,22,0,0,Rain,11.51,29.1,WeekendDeal,None,18,18,0
R008,2025-02-11,8,1,0,Cloudy,0.28,30.1,None,None,5,5,0
R008,2025-02-11,9,1,0,Cloudy,0.28,30.1,None,None,12,15,3
R008,2025-02-11,10,1,0,Cloudy,0.28,30.1,None,None,24,23,-1
R008,2025-02-11,11,1,0,Cloudy,0.28,30.1,None,None,39,36,-3
R008,2025-02-11,12,1,0,Cloudy,0.28,30.1,None,None,52,68,16
R008,2025-02-11,13,1,0,Cloudy,0.28,30.1,None,None,58,44,-14
R008,2025-02-11,14,1,0,Cloudy,0.28,30.1,None,None,52,61,9
R008,2025-02-11,15,1,0,Cloudy,0.28,30.1,None,None,39,37,-2
R008,2025-02-11,16,1,0,Cloudy,0.28,30.1,None,None,26,29,3
R008,2025-02-11,17,1,0,Cloudy,0.28,30.1,None,None,19,19,0
R008,2025-02-11,18,1,0,Cloudy,0.28,30.1,None,None,25,27,2
R008,2025-02-11,19,1,0,Cloudy,0.28,30.1,None,None,39,25,-14
R008,2025-02-11,20,1,0,Cloudy,0.28,30.1,None,None,47,56,9
R008,2025-02-11,21,1,0,Cloudy,0.28,30.1,None,None,38,46,8
R008,2025-02-11,22,1,0,Cloudy,0.28,30.1,None,None,20,21,1
R008,2025-02-12,8,2,0,Storm,19.44,36.8,HappyHour,None,4,3,-1
R008,2025-02-12,9,2,0,Storm,19.44,36.8,HappyHour,None,9,11,2
R008,2025-02-12,10,2,0,Storm,19.44,36.8,HappyHour,None,17,20,3
R008,2025-02-12,11,2,0,Storm,19.44,36.8,HappyHour,None,27,20,-7
R008,2025-02-12,12,2,0,Storm,19.44,36.8,HappyHour,None,37,35,-2
R008,2025-02-12,13,2,0,Storm,19.44,36.8,HappyHour,None,41,41,0
R008,2025-02-12,14,2,0,Storm,19.44,36.8,HappyHour,None,37,37,0
R008,2025-02-12,15,2,0,Storm,19.44,36.8,HappyHour,None,28,24,-4
R008,2025-02-12,16,2,0,Storm,19.44,36.8,HappyHour,None,18,16,-2
R008,2025-02-12,17,2,0,Storm,19.44,36.8,HappyHour,None,14,15,1
R008,2025-02-12,18,2,0,Storm,19.44,36.8,HappyHour,None,18,19,1
R008,2025-02-12,19,2,0,Storm,19.44,36.8,HappyHour,None,28,36,8
R008,2025-02-12,20,2,0,Storm,19.44,36.8,HappyHour,None,33,32,-1
R008,2025-02-12,21,2,0,Storm,19.44,36.8,HappyHour,None,26,22,-4
R008,2025-02-12,22,2,0,Storm,19.44,36.8,HappyHour,None,14,11,-3
R008,2025-02-13,8,3,0,Rain,8.31,30.0,FestivalOffer,SportsMatch,5,8,3
R008,2025-02-13,9,3,0,Rain,8.31,30.0,FestivalOffer,SportsMatch,12,12,0
R008,2025-02-13,10,3,0,Rain,8.31,30.0,FestivalOffer,SportsMatch,24,21,-3
R008,2025-02-13,11,3,0,Rain,8.31,30.0,FestivalOffer,SportsMatch,39,49,10
R008,2025-02-13,12,3,0,Rain,8.31,30.0,FestivalOffer,SportsMatch,53,57,4
R008,2025-02-13,13,3,0,Rain,8.31,30.0,FestivalOffer,SportsMatch,58,45,-13
R008,2025-02-13,14,3,0,Rain,8.31,30.0,FestivalOffer,SportsMatch,53,58,5
R008,2025-02-13,15,3,0,Rain,8.31,30.0,FestivalOffer,SportsMatch,40,41,1
R008,2025-02-13,16,3,0,Rain,8.31,30.0,FestivalOffer,SportsMatch,26,28,2
R008,2025-02-13,17,3,0,Rain,8.31,30.0,FestivalOffer,SportsMatch,19,21,2
R008,2025-02-13,18,3,0,Rain,8.31,30.0,FestivalOffer,SportsMatch,25,25,0
R008,2025-02-13,19,3,0,Rain,8.31,30.0,FestivalOffer,SportsMatch,39,27,-12
R008,2025-02-13,20,3,0,Rain,8.31,30.0,FestivalOffer,SportsMatch,47,44,-3
R008,2025-02-13,21,3,0,Rain,8.31,30.0,FestivalOffer,SportsMatch,38,29,-9
R008,2025-02-13,22,3,0,Rain,8.31,30.0,FestivalOffer,SportsMatch,20,18,-2
R008,2025-02-14,8,4,0,Rain,0.36,34.3,FestivalOffer,SportsMatch,5,3,-2
R008,2025-02-14,9,4,0,Rain,0.36,34.3,FestivalOffer,SportsMatch,12,10,-2
R008,2025-02-14,10,4,0,Rain,0.36,34.3,FestivalOffer,SportsMatch,24,21,-3
R008,2025-02-14,11,4,0,Rain,0.36,34.3,FestivalOffer,SportsMatch,39,41,2
R008,2025-02-14,12,4,0,Rain,0.36,34.3,FestivalOffer,SportsMatch,53,78,25
R008,2025-02-14,13,4,0,Rain,0.36,34.3,FestivalOffer,SportsMatch,58,67,9
R008,2025-02-14,14,4,0,Rain,0.36,34.3,FestivalOffer,SportsMatch,53,54,1
R008,2025-02-14,15,4,0,Rain,0.36,34.3,FestivalOffer,SportsMatch,40,40,0
R008,2025-02-14,16,4,0,Rain,0.36,34.3,FestivalOffer,SportsMatch,26,28,2
R008,2025-02-14,17,4,0,Rain,0.36,34.3,FestivalOffer,SportsMatch,19,24,5
R008,2025-02-14,18,4,0,Rain,0.36,34.3,FestivalOffer,SportsMatch,25,19,-6
R008,2025-02-14,19,4,0,Rain,0.36,34.3,FestivalOffer,SportsMatch,39,34,-5
R008,2025-02-14,20,4,0,Rain,0.36,34.3,FestivalOffer,SportsMatch,47,39,-8
R008,2025-02-14,21,4,0,Rain,0.36,34.3,FestivalOffer,SportsMatch,38,37,-1
R008,2025-02-14,22,4,0,Rain,0.36,34.3,FestivalOffer,SportsMatch,20,18,-2
R008,2025-02-15,8,5,1,Cloudy,0.44,20.0,WeekendDeal,SportsMatch,7,7,0
R008,2025-02-15,9,5,1,Cloudy,0.44,20.0,WeekendDeal,SportsMatch,17,15,-2
R008,2025-02-15,10,5,1,Cloudy,0.44,20.0,WeekendDeal,SportsMatch,35,34,-1
R008,2025-02-15,11,5,1,Cloudy,0.44,20.0,WeekendDeal,SportsMatch,56,60,4
R008,2025-02-15,12,5,1,Cloudy,0.44,20.0,WeekendDeal,SportsMatch,75,70,-5
R008,2025-02-15,13,5,1,Cloudy,0.44,20.0,WeekendDeal,SportsMatch,83,73,-10
R008,2025-02-15,14,5,1,Cloudy,0.44,20.0,WeekendDeal,SportsMatch,76,74,-2
R008,2025-02-15,15,5,1,Cloudy,0.44,20.0,WeekendDeal,SportsMatch,57,42,-15
R008,2025-02-15,16,5,1,Cloudy,0.44,20.0,WeekendDeal,SportsMatch,37,39,2
R008,2025-02-15,17,5,1,Cloudy,0.44,20.0,WeekendDeal,SportsMatch,28,30,2
R008,2025-02-15,18,5,1,Cloudy,0.44,20.0,WeekendDeal,SportsMatch,36,29,-7
R008,2025-02-15,19,5,1,Cloudy,0.44,20.0,WeekendDeal,SportsMatch,57,54,-3
R008,2025-02-15,20,5,1,Cloudy,0.44,20.0,WeekendDeal,SportsMatch,67,67,0
R008,2025-02-15,21,5,1,Cloudy,0.44,20.0,WeekendDeal,SportsMatch,54,45,-9
R008,2025-02-15,22,5,1,Cloudy,0.44,20.0,WeekendDeal,SportsMatch,29,23,-6
R008,2025-02-16,8,6,1,Cloudy,2.19,20.2,None,SportsMatch,6,7,1
R008,2025-02-16,9,6,1,Cloudy,2.19,20.2,None,SportsMatch,16,20,4
R008,2025-02-16,10,6,1,Cloudy,2.19,20.2,None,SportsMatch,31,41,10
R008,2025-02-16,11,6,1,Cloudy,2.19,20.2,None,SportsMatch,50,61,11
R008,2025-02-16,12,6,1,Cloudy,2.19,20.2,None,SportsMatch,67,56,-11
R008,2025-02-16,13,6,1,Cloudy,2.19,20.2,None,SportsMatch,74,84,10
R008,2025-02-16,14,6,1,Cloudy,2.19,20.2,None,SportsMatch,67,74,7
R008,2025-02-16,15,6,1,Cloudy,2.19,20.2,None,SportsMatch,51,47,-4
R008,2025-02-16,16,6,1,Cloudy,2.19,20.2,None,SportsMatch,33,25,-8
R008,2025-02-16,17,6,1,Cloudy,2.19,20.2,None,SportsMatch,25,25,0
R008,2025-02-16,18,6,1,Cloudy,2.19,20.2,None,SportsMatch,32,37,5
R008,2025-02-16,19,6,1,Cloudy,2.19,20.2,None,SportsMatch,51,49,-2
R008,2025-02-16,20,6,1,Cloudy,2.19,20.2,None,SportsMatch,60,68,8
R008,2025-02-16,21,6,1,Cloudy,2.19,20.2,None,SportsMatch,48,53,5
R008,2025-02-16,22,6,1,Cloudy,2.19,20.2,None,SportsMatch,26,23,-3
R008,2025-02-17,8,0,0,Storm,25.61,27.3,WeekendDeal,Festival,4,0,-4
R008,2025-02-17,9,0,0,Storm,25.61,27.3,WeekendDeal,Festival,10,9,-1
R008,2025-02-17,10,0,0,Storm,25.61,27.3,WeekendDeal,Festival,20,21,1
R008,2025-02-17,11,0,0,Storm,25.61,27.3,WeekendDeal,Festival,33,35,2
R008,2025-02-17,12,0,0,Storm,25.61,27.3,WeekendDeal,Festival,44,42,-2
R008,2025-02-17,13,0,0,Storm,25.61,27.3,WeekendDeal,Festival,48,57,9
R008,2025-02-17,14,0,0,Storm,25.61,27.3,WeekendDeal,Festival,44,36,-8
R008,2025-02-17,15,0,0,Storm,25.61,27.3,WeekendDeal,Festival,33,28,-5
R008,2025-02-17,16,0,0,Storm,25.61,27.3,WeekendDeal,Festival,22,19,-3
R008,2025-02-17,17,0,0,Storm,25.61,27.3,WeekendDeal,Festival,16,15,-1
R008,2025-02-17,18,0,0,Storm,25.61,27.3,WeekendDeal,Festival,21,25,4
R008,2025-02-17,19,0,0,Storm,25.61,27.3,WeekendDeal,Festival,33,29,-4
R008,2025-02-17,20,0,0,Storm,25.61,27.3,WeekendDeal,Festival,39,49,10
R008,2025-02-17,21,0,0,Storm,25.61,27.3,WeekendDeal,Festival,32,31,-1
R008,2025-02-17,22,0,0,Storm,25.61,27.3,WeekendDeal,Festival,17,12,-5
R008,2025-02-18,8,1,0,Cloudy,0.66,34.5,None,LocalEvent,5,7,2
R008,2025-02-18,9,1,0,Cloudy,0.66,34.5,None,LocalEvent,13,10,-3
R008,2025-02-18,10,1,0,Cloudy,0.66,34.5,None,LocalEvent,26,23,-3
R008,2025-02-18,11,1,0,Cloudy,0.66,34.5,None,LocalEvent,42,43,1
R008,2025-02-18,12,1,0,Cloudy,0.66,34.5,None,LocalEvent,56,61,5
R008,2025-02-18,13,1,0,Cloudy,0.66,34.5,None,LocalEvent,62,54,-8
R008,2025-02-18,14,1,0,Cloudy,0.66,34.5,None,LocalEvent,56,59,3
R008,2025-02-18,15,1,0,Cloudy,0.66,34.5,None,LocalEvent,42,38,-4
R008,2025-02-18,16,1,0,Cloudy,0.66,34.5,None,LocalEvent,28,33,5
R008,2025-02-18,17,1,0,Cloudy,0.66,34.5,None,LocalEvent,21,24,3
R008,2025-02-18,18,1,0,Cloudy,0.66,34.5,None,LocalEvent,27,24,-3
R008,2025-02-18,19,1,0,Cloudy,0.66,34.5,None,LocalEvent,42,41,-1
R008,2025-02-18,20,1,0,Cloudy,0.66,34.5,None,LocalEvent,50,49,-1
R008,2025-02-18,21,1,0,Cloudy,0.66,34.5,None,LocalEvent,40,30,-10
R008,2025-02-18,22,1,0,Cloudy,0.66,34.5,None,LocalEvent,22,20,-2
R008,2025-02-19,8,2,0,Storm,33.4,35.2,None,SportsMatch,4,5,1
R008,2025-02-19,9,2,0,Storm,33.4,35.2,None,SportsMatch,9,10,1
R008,2025-02-19,10,2,0,Storm,33.4,35.2,None,SportsMatch,17,17,0
R008,2025-02-19,11,2,0,Storm,33.4,35.2,None,SportsMatch,28,29,1
R008,2025-02-19,12,2,0,Storm,33.4,35.2,None,SportsMatch,37,32,-5
R008,2025-02-19,13,2,0,Storm,33.4,35.2,None,SportsMatch,41,29,-12
R008,2025-02-19,14,2,0,Storm,33.4,35.2,None,SportsMatch,37,39,2
R008,2025-02-19,15,2,0,Storm,33.4,35.2,None,SportsMatch,28,31,3
R008,2025-02-19,16,2,0,Storm,33.4,35.2,None,SportsMatch,18,18,0
R008,2025-02-19,17,2,0,Storm,33.4,35.2,None,SportsMatch,14,11,-3
R008,2025-02-19,18,2,0,Storm,33.4,35.2,None,SportsMatch,18,17,-1
R008,2025-02-19,19,2,0,Storm,33.4,35.2,None,SportsMatch,28,28,0
R008,2025-02-19,20,2,0,Storm,33.4,35.2,None,SportsMatch,33,42,9
R008,2025-02-19,21,2,0,Storm,33.4,35.2,None,SportsMatch,27,30,3
R008,2025-02-19,22,2,0,Storm,33.4,35.2,None,SportsMatch,14,16,2
R008,2025-02-20,8,3,0,Clear,1.18,22.4,WeekendDeal,SportsMatch,6,6,0
R008,2025-02-20,9,3,0,Clear,1.18,22.4,WeekendDeal,SportsMatch,15,15,0
R008,2025-02-20,10,3,0,Clear,1.18,22.4,WeekendDeal,SportsMatch,29,25,-4
R008,2025-02-20,11,3,0,Clear,1.18,22.4,WeekendDeal,SportsMatch,48,56,8
R008,2025-02-20,12,3,0,Clear,1.18,22.4,WeekendDeal,SportsMatch,64,53,-11
R008,2025-02-20,13,3,0,Clear,1.18,22.4,WeekendDeal,SportsMatch,71,80,9
R008,2025-02-20,14,3,0,Clear,1.18,22.4,WeekendDeal,SportsMatch,64,55,-9
R008,2025-02-20,15,3,0,Clear,1.18,22.4,WeekendDeal,SportsMatch,48,50,2
R008,2025-02-20,16,3,0,Clear,1.18,22.4,WeekendDeal,SportsMatch,31,33,2
R008,2025-02-20,17,3,0,Clear,1.18,22.4,WeekendDeal,SportsMatch,24,25,1
R008,2025-02-20,18,3,0,Clear,1.18,22.4,WeekendDeal,SportsMatch,31,36,5
R008,2025-02-20,19,3,0,Clear,1.18,22.4,WeekendDeal,SportsMatch,48,42,-6
R008,2025-02-20,20,3,0,Clear,1.18,22.4,WeekendDeal,SportsMatch,57,43,-14
R008,2025-02-20,21,3,0,Clear,1.18,22.4,WeekendDeal,SportsMatch,46,48,2
R008,2025-02-20,22,3,0,Clear,1.18,22.4,WeekendDeal,SportsMatch,25,23,-2
R008,2025-02-21,8,4,0,Storm,6.96,32.1,WeekendDeal,LocalEvent,4,4,0
R008,2025-02-21,9,4,0,Storm,6.96,32.1,WeekendDeal,LocalEvent,9,10,1
R008,2025-02-21,10,4,0,Storm,6.96,32.1,WeekendDeal,LocalEvent,19,18,-1
R008,2025-02-21,11,4,0,Storm,6.96,32.1,WeekendDeal,LocalEvent,30,34,4
R008,2025-02-21,12,4,0,Storm,6.96,32.1,WeekendDeal,LocalEvent,41,33,-8
R008,2025-02-21,13,4,0,Storm,6.96,32.1,WeekendDeal,LocalEvent,45,46,1
R008,2025-02-21,14,4,0,Storm,6.96,32.1,WeekendDeal,LocalEvent,41,40,-1
R008,2025-02-21,15,4,0,Storm,6.96,32.1,WeekendDeal,LocalEvent,31,33,2
R008,2025-02-21,16,4,0,Storm,6.96,32.1,WeekendDeal,LocalEvent,20,18,-2
R008,2025-02-21,17,4,0,Storm,6.96,32.1,WeekendDeal,LocalEvent,15,16,1
R008,2025-02-21,18,4,0,Storm,6.96,32.1,WeekendDeal,LocalEvent,20,24,4
R008,2025-02-21,19,4,0,Storm,6.96,32.1,WeekendDeal,LocalEvent,31,26,-5
R008,2025-02-21,20,4,0,Storm,6.96,32.1,WeekendDeal,LocalEvent,36,32,-4
R008,2025-02-21,21,4,0,Storm,6.96,32.1,WeekendDeal,LocalEvent,29,23,-6
R008,2025-02-21,22,4,0,Storm,6.96,32.1,WeekendDeal,LocalEvent,16,15,-1
R008,2025-02-22,8,5,1,Cloudy,3.97,27.9,FestivalOffer,None,7,6,-1
R008,2025-02-22,9,5,1,Cloudy,3.97,27.9,FestivalOffer,None,17,15,-2
R008,2025-02-22,10,5,1,Cloudy,3.97,27.9,FestivalOffer,None,33,36,3
R008,2025-02-22,11,5,1,Cloudy,3.97,27.9,FestivalOffer,None,54,54,0
R008,2025-02-22,12,5,1,Cloudy,3.97,27.9,FestivalOffer,None,73,78,5
R008,2025-02-22,13,5,1,Cloudy,3.97,27.9,FestivalOffer,None,80,78,-2
R008,2025-02-22,14,5,1,Cloudy,3.97,27.9,FestivalOffer,None,73,66,-7
R008,2025-02-22,15,5,1,Cloudy,3.97,27.9,FestivalOffer,None,55,51,-4
R008,2025-02-22,16,5,1,Cloudy,3.97,27.9,FestivalOffer,None,36,31,-5
R008,2025-02-22,17,5,1,Cloudy,3.97,27.9,FestivalOffer,None,27,22,-5
R008,2025-02-22,18,5,1,Cloudy,3.97,27.9,FestivalOffer,None,35,39,4
R008,2025-02-22,19,5,1,Cloudy,3.97,27.9,FestivalOffer,None,55,54,-1
R008,2025-02-22,20,5,1,Cloudy,3.97,27.9,FestivalOffer,None,65,46,-19
R008,2025-02-22,21,5,1,Cloudy,3.97,27.9,FestivalOffer,None,52,43,-9
R008,2025-02-22,22,5,1,Cloudy,3.97,27.9,FestivalOffer,None,28,20,-8
R008,2025-02-23,8,6,1,Clear,4.03,35.8,FestivalOffer,LocalEvent,7,6,-1
R008,2025-02-23,9,6,1,Clear,4.03,35.8,FestivalOffer,LocalEvent,18,19,1
R008,2025-02-23,10,6,1,Clear,4.03,35.8,FestivalOffer,LocalEvent,36,38,2
R008,2025-02-23,11,6,1,Clear,4.03,35.8,FestivalOffer,LocalEvent,58,60,2
R008,2025-02-23,12,6,1,Clear,4.03,35.8,FestivalOffer,LocalEvent,78,89,11
R008,2025-02-23,13,6,1,Clear,4.03,35.8,FestivalOffer,LocalEvent,86,96,10
R008,2025-02-23,14,6,1,Clear,4.03,35.8,FestivalOffer,LocalEvent,78,92,14
R008,2025-02-23,15,6,1,Clear,4.03,35.8,FestivalOffer,LocalEvent,59,62,3
R008,2025-02-23,16,6,1,Clear,4.03,35.8,FestivalOffer,LocalEvent,38,33,-5
R008,2025-02-23,17,6,1,Clear,4.03,35.8,FestivalOffer,LocalEvent,29,32,3
R008,2025-02-23,18,6,1,Clear,4.03,35.8,FestivalOffer,LocalEvent,38,33,-5
R008,2025-02-23,19,6,1,Clear,4.03,35.8,FestivalOffer,LocalEvent,59,52,-7
R008,2025-02-23,20,6,1,Clear,4.03,35.8,FestivalOffer,LocalEvent,70,100,30
R008,2025-02-23,21,6,1,Clear,4.03,35.8,FestivalOffer,LocalEvent,56,55,-1
R008,2025-02-23,22,6,1,Clear,4.03,35.8,FestivalOffer,LocalEvent,30,30,0
R008,2025-02-24,8,0,0,Rain,10.7,21.8,None,None,4,3,-1
R008,2025-02-24,9,0,0,Rain,10.7,21.8,None,None,9,7,-2
R008,2025-02-24,10,0,0,Rain,10.7,21.8,None,None,19,19,0
R008,2025-02-24,11,0,0,Rain,10.7,21.8,None,None,31,35,4
R008,2025-02-24,12,0,0,Rain,10.7,21.8,None,None,41,40,-1
R008,2025-02-24,13,0,0,Rain,10.7,21.8,None,None,45,39,-6
R008,2025-02-24,14,0,0,Rain,10.7,21.8,None,None,41,50,9
R008,2025-02-24,15,0,0,Rain,10.7,21.8,None,None,31,23,-8
R008,2025-02-24,16,0,0,Rain,10.7,21.8,None,None,20,24,4
R008,2025-02-24,17,0,0,Rain,10.7,21.8,None,None,15,13,-2
R008,2025-02-24,18,0,0,Rain,10.7,21.8,None,None,20,21,1
R008,2025-02-24,19,0,0,Rain,10.7,21.8,None,None,31,25,-6
R008,2025-02-24,20,0,0,Rain,10.7,21.8,None,None,36,38,2
R008,2025-02-24,21,0,0,Rain,10.7,21.8,None,None,29,25,-4
R008,2025-02-24,22,0,0,Rain,10.7,21.8,None,None,16,16,0
R008,2025-02-25,8,1,0,Storm,34.38,37.8,None,LocalEvent,3,4,1
R008,2025-02-25,9,1,0,Storm,34.38,37.8,None,LocalEvent,8,11,3
R008,2025-02-25,10,1,0,Storm,34.38,37.8,None,LocalEvent,17,19,2
R008,2025-02-25,11,1,0,Storm,34.38,37.8,None,LocalEvent,27,30,3
R008,2025-02-25,12,1,0,Storm,34.38,37.8,None,LocalEvent,36,37,1
R008,2025-02-25,13,1,0,Storm,34.38,37.8,None,LocalEvent,40,44,4
R008,2025-02-25,14,1,0,Storm,34.38,37.8,None,LocalEvent,36,27,-9
R008,2025-02-25,15,1,0,Storm,34.38,37.8,None,LocalEvent,27,33,6
R008,2025-02-25,16,1,0,Storm,34.38,37.8,None,LocalEvent,18,22,4
R008,2025-02-25,17,1,0,Storm,34.38,37.8,None,LocalEvent,13,10,-3
R008,2025-02-25,18,1,0,Storm,34.38,37.8,None,LocalEvent,18,18,0
R008,2025-02-25,19,1,0,Storm,34.38,37.8,None,LocalEvent,27,23,-4
R008,2025-02-25,20,1,0,Storm,34.38,37.8,None,LocalEvent,33,34,1
R008,2025-02-25,21,1,0,Storm,34.38,37.8,None,LocalEvent,26,30,4
R008,2025-02-25,22,1,0,Storm,34.38,37.8,None,LocalEvent,14,10,-4
R008,2025-02-26,8,2,0,Clear,1.59,33.7,HappyHour,LocalEvent,6,6,0
R008,2025-02-26,9,2,0,Clear,1.59,33.7,HappyHour,LocalEvent,14,16,2
R008,2025-02-26,10,2,0,Clear,1.59,33.7,HappyHour,LocalEvent,28,24,-4
R008,2025-02-26,11,2,0,Clear,1.59,33.7,HappyHour,LocalEvent,45,52,7
R008,2025-02-26,12,2,0,Clear,1.59,33.7,HappyHour,LocalEvent,61,50,-11
R008,2025-02-26,13,2,0,Clear,1.59,33.7,HappyHour,LocalEvent,67,56,-11
R008,2025-02-26,14,2,0,Clear,1.59,33.7,HappyHour,LocalEvent,61,46,-15
R008,2025-02-26,15,2,0,Clear,1.59,33.7,HappyHour,LocalEvent,46,50,4
R008,2025-02-26,16,2,0,Clear,1.59,33.7,HappyHour,LocalEvent,30,31,1
R008,2025-02-26,17,2,0,Clear,1.59,33.7,HappyHour,LocalEvent,22,28,6
R008,2025-02-26,18,2,0,Clear,1.59,33.7,HappyHour,LocalEvent,29,30,1
R008,2025-02-26,19,2,0,Clear,1.59,33.7,HappyHour,LocalEvent,45,45,0
R008,2025-02-26,20,2,0,Clear,1.59,33.7,HappyHour,LocalEvent,54,44,-10
R008,2025-02-26,21,2,0,Clear,1.59,33.7,HappyHour,LocalEvent,44,49,5
R008,2025-02-26,22,2,0,Clear,1.59,33.7,HappyHour,LocalEvent,23,23,0
R008,2025-02-27,8,3,0,Rain,23.55,24.8,WeekendDeal,None,4,6,2
R008,2025-02-27,9,3,0,Rain,23.55,24.8,WeekendDeal,None,11,11,0
R008,2025-02-27,10,3,0,Rain,23.55,24.8,WeekendDeal,None,21,22,1
R008,2025-02-27,11,3,0,Rain,23.55,24.8,WeekendDeal,None,34,30,-4
R008,2025-02-27,12,3,0,Rain,23.55,24.8,WeekendDeal,None,46,53,7
R008,2025-02-27,13,3,0,Rain,23.55,24.8,WeekendDeal,None,51,60,9
R008,2025-02-27,14,3,0,Rain,23.55,24.8,WeekendDeal,None,46,55,9
R008,2025-02-27,15,3,0,Rain,23.55,24.8,WeekendDeal,None,34,35,1
R008,2025-02-27,16,3,0,Rain,23.55,24.8,WeekendDeal,None,22,24,2
R008,2025-02-27,17,3,0,Rain,23.55,24.8,WeekendDeal,None,17,17,0
R008,2025-02-27,18,3,0,Rain,23.55,24.8,WeekendDeal,None,22,22,0
R008,2025-02-27,19,3,0,Rain,23.55,24.8,WeekendDeal,None,34,25,-9
R008,2025-02-27,20,3,0,Rain,23.55,24.8,WeekendDeal,None,41,39,-2
R008,2025-02-27,21,3,0,Rain,23.55,24.8,WeekendDeal,None,33,33,0
R008,2025-02-27,22,3,0,Rain,23.55,24.8,WeekendDeal,None,18,18,0
R008,2025-02-28,8,4,0,Storm,13.07,34.4,FestivalOffer,SportsMatch,4,5,1
R008,2025-02-28,9,4,0,Storm,13.07,34.4,FestivalOffer,SportsMatch,10,12,2
R008,2025-02-28,10,4,0,Storm,13.07,34.4,FestivalOffer,SportsMatch,20,16,-4
R008,2025-02-28,11,4,0,Storm,13.07,34.4,FestivalOffer,SportsMatch,33,35,2
R008,2025-02-28,12,4,0,Storm,13.07,34.4,FestivalOffer,SportsMatch,44,42,-2
R008,2025-02-28,13,4,0,Storm,13.07,34.4,FestivalOffer,SportsMatch,48,50,2
R008,2025-02-28,14,4,0,Storm,13.07,34.4,FestivalOffer,SportsMatch,44,57,13
R008,2025-02-28,15,4,0,Storm,13.07,34.4,FestivalOffer,SportsMatch,33,36,3
R008,2025-02-28,16,4,0,Storm,13.07,34.4,FestivalOffer,SportsMatch,21,22,1
R008,2025-02-28,17,4,0,Storm,13.07,34.4,FestivalOffer,SportsMatch,16,19,3
R008,2025-02-28,18,4,0,Storm,13.07,34.4,FestivalOffer,SportsMatch,21,17,-4
R008,2025-02-28,19,4,0,Storm,13.07,34.4,FestivalOffer,SportsMatch,33,35,2
R008,2025-02-28,20,4,0,Storm,13.07,34.4,FestivalOffer,SportsMatch,39,32,-7
R008,2025-02-28,21,4,0,Storm,13.07,34.4,FestivalOffer,SportsMatch,32,30,-2
R008,2025-02-28,22,4,0,Storm,13.07,34.4,FestivalOffer,SportsMatch,17,16,-1
R008,2025-03-01,8,5,1,Cloudy,1.28,24.5,FestivalOffer,Festival,8,10,2
R008,2025-03-01,9,5,1,Cloudy,1.28,24.5,FestivalOffer,Festival,19,19,0
R008,2025-03-01,10,5,1,Cloudy,1.28,24.5,FestivalOffer,Festival,38,45,7
R008,2025-03-01,11,5,1,Cloudy,1.28,24.5,FestivalOffer,Festival,63,69,6
R008,2025-03-01,12,5,1,Cloudy,1.28,24.5,FestivalOffer,Festival,84,76,-8
R008,2025-03-01,13,5,1,Cloudy,1.28,24.5,FestivalOffer,Festival,92,91,-1
R008,2025-03-01,14,5,1,Cloudy,1.28,24.5,FestivalOffer,Festival,84,80,-4
R008,2025-03-01,15,5,1,Cloudy,1.28,24.5,FestivalOffer,Festival,63,65,2
R008,2025-03-01,16,5,1,Cloudy,1.28,24.5,FestivalOffer,Festival,41,45,4
R008,2025-03-01,17,5,1,Cloudy,1.28,24.5,FestivalOffer,Festival,31,27,-4
R008,2025-03-01,18,5,1,Cloudy,1.28,24.5,FestivalOffer,Festival,40,33,-7
R008,2025-03-01,19,5,1,Cloudy,1.28,24.5,FestivalOffer,Festival,63,59,-4
R008,2025-03-01,20,5,1,Cloudy,1.28,24.5,FestivalOffer,Festival,75,75,0
R008,2025-03-01,21,5,1,Cloudy,1.28,24.5,FestivalOffer,Festival,60,61,1
R008,2025-03-01,22,5,1,Cloudy,1.28,24.5,FestivalOffer,Festival,32,28,-4
R008,2025-03-02,8,6,1,Rain,29.38,20.0,HappyHour,Festival,6,5,-1
R008,2025-03-02,9,6,1,Rain,29.38,20.0,HappyHour,Festival,14,9,-5
R008,2025-03-02,10,6,1,Rain,29.38,20.0,HappyHour,Festival,27,26,-1
R008,2025-03-02,11,6,1,Rain,29.38,20.0,HappyHour,Festival,45,50,5
R008,2025-03-02,12,6,1,Rain,29.38,20.0,HappyHour,Festival,60,77,17
R008,2025-03-02,13,6,1,Rain,29.38,20.0,HappyHour,Festival,66,56,-10
R008,2025-03-02,14,6,1,Rain,29.38,20.0,HappyHour,Festival,60,63,3
R008,2025-03-02,15,6,1,Rain,29.38,20.0,HappyHour,Festival,45,58,13
R008,2025-03-02,16,6,1,Rain,29.38,20.0,HappyHour,Festival,29,25,-4
R008,2025-03-02,17,6,1,Rain,29.38,20.0,HappyHour,Festival,22,20,-2
R008,2025-03-02,18,6,1,Rain,29.38,20.0,HappyHour,Festival,29,34,5
R008,2025-03-02,19,6,1,Rain,29.38,20.0,HappyHour,Festival,45,44,-1
R008,2025-03-02,20,6,1,Rain,29.38,20.0,HappyHour,Festival,53,53,0
R008,2025-03-02,21,6,1,Rain,29.38,20.0,HappyHour,Festival,43,29,-14
R008,2025-03-02,22,6,1,Rain,29.38,20.0,HappyHour,Festival,23,19,-4
R008,2025-03-03,8,0,0,Clear,1.95,35.9,FestivalOffer,None,6,9,3
R008,2025-03-03,9,0,0,Clear,1.95,35.9,FestivalOffer,None,14,15,1
R008,2025-03-03,10,0,0,Clear,1.95,35.9,FestivalOffer,None,28,35,7
R008,2025-03-03,11,0,0,Clear,1.95,35.9,FestivalOffer,None,46,43,-3
R008,2025-03-03,12,0,0,Clear,1.95,35.9,FestivalOffer,None,62,69,7
R008,2025-03-03,13,0,0,Clear,1.95,35.9,FestivalOffer,None,68,46,-22
R008,2025-03-03,14,0,0,Clear,1.95,35.9,FestivalOffer,None,62,57,-5
R008,2025-03-03,15,0,0,Clear,1.95,35.9,FestivalOffer,None,46,40,-6
R008,2025-03-03,16,0,0,Clear,1.95,35.9,FestivalOffer,None,30,34,4
R008,2025-03-03,17,0,0,Clear,1.95,35.9,FestivalOffer,None,23,23,0
R008,2025-03-03,18,0,0,Clear,1.95,35.9,FestivalOffer,None,30,23,-7
R008,2025-03-03,19,0,0,Clear,1.95,35.9,FestivalOffer,None,46,49,3
R008,2025-03-03,20,0,0,Clear,1.95,35.9,FestivalOffer,None,55,46,-9
R008,2025-03-03,21,0,0,Clear,1.95,35.9,FestivalOffer,None,45,48,3
R008,2025-03-03,22,0,0,Clear,1.95,35.9,FestivalOffer,None,24,30,6
R008,2025-03-04,8,1,0,Rain,21.8,27.2,FestivalOffer,SportsMatch,5,7,2
R008,2025-03-04,9,1,0,Rain,21.8,27.2,FestivalOffer,SportsMatch,12,13,1
R008,2025-03-04,10,1,0,Rain,21.8,27.2,FestivalOffer,SportsMatch,24,26,2
R008,2025-03-04,11,1,0,Rain,21.8,27.2,FestivalOffer,SportsMatch,39,42,3
R008,2025-03-04,12,1,0,Rain,21.8,27.2,FestivalOffer,SportsMatch,53,55,2
R008,2025-03-04,13,1,0,Rain,21.8,27.2,FestivalOffer,SportsMatch,58,53,-5
R008,2025-03-04,14,1,0,Rain,21.8,27.2,FestivalOffer,SportsMatch,53,54,1
R008,2025-03-04,15,1,0,Rain,21.8,27.2,FestivalOffer,SportsMatch,40,44,4
R008,2025-03-04,16,1,0,Rain,21.8,27.2,FestivalOffer,SportsMatch,26,22,-4
R008,2025-03-04,17,1,0,Rain,21.8,27.2,FestivalOffer,SportsMatch,19,14,-5
R008,2025-03-04,18,1,0,Rain,21.8,27.2,FestivalOffer,SportsMatch,25,31,6
R008,2025-03-04,19,1,0,Rain,21.8,27.2,FestivalOffer,SportsMatch,39,42,3
R008,2025-03-04,20,1,0,Rain,21.8,27.2,FestivalOffer,SportsMatch,47,57,10
R008,2025-03-04,21,1,0,Rain,21.8,27.2,FestivalOffer,SportsMatch,38,38,0
R008,2025-03-04,22,1,0,Rain,21.8,27.2,FestivalOffer,SportsMatch,20,23,3
R008,2025-03-05,8,2,0,Rain,9.89,27.0,WeekendDeal,None,4,3,-1
R008,2025-03-05,9,2,0,Rain,9.89,27.0,WeekendDeal,None,11,15,4
R008,2025-03-05,10,2,0,Rain,9.89,27.0,WeekendDeal,None,21,20,-1
R008,2025-03-05,11,2,0,Rain,9.89,27.0,WeekendDeal,None,34,36,2
R008,2025-03-05,12,2,0,Rain,9.89,27.0,WeekendDeal,None,46,38,-8
R008,2025-03-05,13,2,0,Rain,9.89,27.0,WeekendDeal,None,51,48,-3
R008,2025-03-05,14,2,0,Rain,9.89,27.0,WeekendDeal,None,46,53,7
R008,2025-03-05,15,2,0,Rain,9.89,27.0,WeekendDeal,None,34,26,-8
R008,2025-03-05,16,2,0,Rain,9.89,27.0,WeekendDeal,None,22,21,-1
R008,2025-03-05,17,2,0,Rain,9.89,27.0,WeekendDeal,None,17,20,3
R008,2025-03-05,18,2,0,Rain,9.89,27.0,WeekendDeal,None,22,24,2
R008,2025-03-05,19,2,0,Rain,9.89,27.0,WeekendDeal,None,34,36,2
R008,2025-03-05,20,2,0,Rain,9.89,27.0,WeekendDeal,None,41,35,-6
R008,2025-03-05,21,2,0,Rain,9.89,27.0,WeekendDeal,None,33,35,2
R008,2025-03-05,22,2,0,Rain,9.89,27.0,WeekendDeal,None,18,17,-1
R008,2025-03-06,8,3,0,Cloudy,1.97,25.2,WeekendDeal,SportsMatch,6,3,-3
R008,2025-03-06,9,3,0,Cloudy,1.97,25.2,WeekendDeal,SportsMatch,15,11,-4
R008,2025-03-06,10,3,0,Cloudy,1.97,25.2,WeekendDeal,SportsMatch,29,23,-6
R008,2025-03-06,11,3,0,Cloudy,1.97,25.2,WeekendDeal,SportsMatch,48,51,3
R008,2025-03-06,12,3,0,Cloudy,1.97,25.2,WeekendDeal,SportsMatch,64,68,4
R008,2025-03-06,13,3,0,Cloudy,1.97,25.2,WeekendDeal,SportsMatch,71,60,-11
R008,2025-03-06,14,3,0,Cloudy,1.97,25.2,WeekendDeal,SportsMatch,64,62,-2
R008,2025-03-06,15,3,0,Cloudy,1.97,25.2,WeekendDeal,SportsMatch,48,50,2
R008,2025-03-06,16,3,0,Cloudy,1.97,25.2,WeekendDeal,SportsMatch,31,27,-4
R008,2025-03-06,17,3,0,Cloudy,1.97,25.2,WeekendDeal,SportsMatch,24,18,-6
R008,2025-03-06,18,3,0,Cloudy,1.97,25.2,WeekendDeal,SportsMatch,31,37,6
R008,2025-03-06,19,3,0,Cloudy,1.97,25.2,WeekendDeal,SportsMatch,48,56,8
R008,2025-03-06,20,3,0,Cloudy,1.97,25.2,WeekendDeal,SportsMatch,57,82,25
R008,2025-03-06,21,3,0,Cloudy,1.97,25.2,WeekendDeal,SportsMatch,46,46,0
R008,2025-03-06,22,3,0,Cloudy,1.97,25.2,WeekendDeal,SportsMatch,25,33,8
R008,2025-03-07,8,4,0,Storm,30.14,35.4,HappyHour,SportsMatch,4,3,-1
R008,2025-03-07,9,4,0,Storm,30.14,35.4,HappyHour,SportsMatch,9,9,0
R008,2025-03-07,10,4,0,Storm,30.14,35.4,HappyHour,SportsMatch,18,19,1
R008,2025-03-07,11,4,0,Storm,30.14,35.4,HappyHour,SportsMatch,30,25,-5
R008,2025-03-07,12,4,0,Storm,30.14,35.4,HappyHour,SportsMatch,40,34,-6
R008,2025-03-07,13,4,0,Storm,30.14,35.4,HappyHour,SportsMatch,44,26,-18
R008,2025-03-07,14,4,0,Storm,30.14,35.4,HappyHour,SportsMatch,40,41,1
R008,2025-03-07,15,4,0,Storm,30.14,35.4,HappyHour,SportsMatch,30,25,-5
R008,2025-03-07,16,4,0,Storm,30.14,35.4,HappyHour,SportsMatch,20,22,2
R008,2025-03-07,17,4,0,Storm,30.14,35.4,HappyHour,SportsMatch,15,11,-4
R008,2025-03-07,18,4,0,Storm,30.14,35.4,HappyHour,SportsMatch,19,27,8
R008,2025-03-07,19,4,0,Storm,30.14,35.4,HappyHour,SportsMatch,30,35,5
R008,2025-03-07,20,4,0,Storm,30.14,35.4,HappyHour,SportsMatch,36,37,1
R008,2025-03-07,21,4,0,Storm,30.14,35.4,HappyHour,SportsMatch,29,27,-2
R008,2025-03-07,22,4,0,Storm,30.14,35.4,HappyHour,SportsMatch,16,13,-3
R008,2025-03-08,8,5,1,Clear,1.19,30.6,FestivalOffer,None,7,10,3
R008,2025-03-08,9,5,1,Clear,1.19,30.6,FestivalOffer,None,17,21,4
R008,2025-03-08,10,5,1,Clear,1.19,30.6,FestivalOffer,None,33,34,1
R008,2025-03-08,11,5,1,Clear,1.19,30.6,FestivalOffer,None,54,66,12
R008,2025-03-08,12,5,1,Clear,1.19,30.6,FestivalOffer,None,73,89,16
R008,2025-03-08,13,5,1,Clear,1.19,30.6,FestivalOffer,None,80,93,13
R008,2025-03-08,14,5,1,Clear,1.19,30.6,FestivalOffer,None,73,80,7
R008,2025-03-08,15,5,1,Clear,1.19,30.6,FestivalOffer,None,55,56,1
R008,2025-03-08,16,5,1,Clear,1.19,30.6,FestivalOffer,None,36,30,-6
R008,2025-03-08,17,5,1,Clear,1.19,30.6,FestivalOffer,None,27,22,-5
R008,2025-03-08,18,5,1,Clear,1.19,30.6,FestivalOffer,None,35,32,-3
R008,2025-03-08,19,5,1,Clear,1.19,30.6,FestivalOffer,None,55,58,3
R008,2025-03-08,20,5,1,Clear,1.19,30.6,FestivalOffer,None,65,75,10
R008,2025-03-08,21,5,1,Clear,1.19,30.6,FestivalOffer,None,52,61,9
R008,2025-03-08,22,5,1,Clear,1.19,30.6,FestivalOffer,None,28,21,-7
R008,2025-03-09,8,6,1,Cloudy,2.34,37.9,FestivalOffer,Festival,8,9,1
R008,2025-03-09,9,6,1,Cloudy,2.34,37.9,FestivalOffer,Festival,19,18,-1
R008,2025-03-09,10,6,1,Cloudy,2.34,37.9,FestivalOffer,Festival,38,46,8
R008,2025-03-09,11,6,1,Cloudy,2.34,37.9,FestivalOffer,Festival,63,53,-10
R008,2025-03-09,12,6,1,Cloudy,2.34,37.9,FestivalOffer,Festival,84,76,-8
R008,2025-03-09,13,6,1,Cloudy,2.34,37.9,FestivalOffer,Festival,92,80,-12
R008,2025-03-09,14,6,1,Cloudy,2.34,37.9,FestivalOffer,Festival,84,69,-15
R008,2025-03-09,15,6,1,Cloudy,2.34,37.9,FestivalOffer,Festival,63,69,6
R008,2025-03-09,16,6,1,Cloudy,2.34,37.9,FestivalOffer,Festival,41,47,6
R008,2025-03-09,17,6,1,Cloudy,2.34,37.9,FestivalOffer,Festival,31,29,-2
R008,2025-03-09,18,6,1,Cloudy,2.34,37.9,FestivalOffer,Festival,40,45,5
R008,2025-03-09,19,6,1,Cloudy,2.34,37.9,FestivalOffer,Festival,63,60,-3
R008,2025-03-09,20,6,1,Cloudy,2.34,37.9,FestivalOffer,Festival,75,65,-10
R008,2025-03-09,21,6,1,Cloudy,2.34,37.9,FestivalOffer,Festival,60,74,14
R008,2025-03-09,22,6,1,Cloudy,2.34,37.9,FestivalOffer,Festival,32,35,3
R008,2025-03-10,8,0,0,Rain,7.78,22.1,None,None,4,8,4
R008,2025-03-10,9,0,0,Rain,7.78,22.1,None,None,9,6,-3
R008,2025-03-10,10,0,0,Rain,7.78,22.1,None,None,19,15,-4
R008,2025-03-10,11,0,0,Rain,7.78,22.1,None,None,31,28,-3
R008,2025-03-10,12,0,0,Rain,7.78,22.1,None,None,41,41,0
R008,2025-03-10,13,0,0,Rain,7.78,22.1,None,None,45,50,5
R008,2025-03-10,14,0,0,Rain,7.78,22.1,None,None,41,38,-3
R008,2025-03-10,15,0,0,Rain,7.78,22.1,None,None,31,26,-5
R008,2025-03-10,16,0,0,Rain,7.78,22.1,None,None,20,21,1
R008,2025-03-10,17,0,0,Rain,7.78,22.1,None,None,15,14,-1
R008,2025-03-10,18,0,0,Rain,7.78,22.1,None,None,20,17,-3
R008,2025-03-10,19,0,0,Rain,7.78,22.1,None,None,31,28,-3
R008,2025-03-10,20,0,0,Rain,7.78,22.1,None,None,36,30,-6
R008,2025-03-10,21,0,0,Rain,7.78,22.1,None,None,29,26,-3
R008,2025-03-10,22,0,0,Rain,7.78,22.1,None,None,16,15,-1
R008,2025-03-11,8,1,0,Rain,23.16,30.6,FestivalOffer,LocalEvent,5,6,1
R008,2025-03-11,9,1,0,Rain,23.16,30.6,FestivalOffer,LocalEvent,12,13,1
R008,2025-03-11,10,1,0,Rain,23.16,30.6,FestivalOffer,LocalEvent,24,19,-5
R008,2025-03-11,11,1,0,Rain,23.16,30.6,FestivalOffer,LocalEvent,39,43,4
R008,2025-03-11,12,1,0,Rain,23.16,30.6,FestivalOffer,LocalEvent,52,61,9
R008,2025-03-11,13,1,0,Rain,23.16,30.6,FestivalOffer,LocalEvent,57,55,-2
R008,2025-03-11,14,1,0,Rain,23.16,30.6,FestivalOffer,LocalEvent,52,49,-3
R008,2025-03-11,15,1,0,Rain,23.16,30.6,FestivalOffer,LocalEvent,39,41,2
R008,2025-03-11,16,1,0,Rain,23.16,30.6,FestivalOffer,LocalEvent,25,25,0
R008,2025-03-11,17,1,0,Rain,23.16,30.6,FestivalOffer,LocalEvent,19,16,-3
R008,2025-03-11,18,1,0,Rain,23.16,30.6,FestivalOffer,LocalEvent,25,29,4
R008,2025-03-11,19,1,0,Rain,23.16,30.6,FestivalOffer,LocalEvent,39,40,1
R008,2025-03-11,20,1,0,Rain,23.16,30.6,FestivalOffer,LocalEvent,46,50,4
R008,2025-03-11,21,1,0,Rain,23.16,30.6,FestivalOffer,LocalEvent,37,38,1
R008,2025-03-11,22,1,0,Rain,23.16,30.6,FestivalOffer,LocalEvent,20,18,-2
R008,2025-03-12,8,2,0,Cloudy,3.04,37.4,None,None,5,3,-2
R008,2025-03-12,9,2,0,Cloudy,3.04,37.4,None,None,12,14,2
R008,2025-03-12,10,2,0,Cloudy,3.04,37.4,None,None,24,24,0
R008,2025-03-12,11,2,0,Cloudy,3.04,37.4,None,None,39,43,4
R008,2025-03-12,12,2,0,Cloudy,3.04,37.4,None,None,52,37,-15
R008,2025-03-12,13,2,0,Cloudy,3.04,37.4,None,None,58,62,4
R008,2025-03-12,14,2,0,Cloudy,3.04,37.4,None,None,52,55,3
R008,2025-03-12,15,2,0,Cloudy,3.04,37.4,None,None,39,39,0
R008,2025-03-12,16,2,0,Cloudy,3.04,37.4,None,None,26,25,-1
R008,2025-03-12,17,2,0,Cloudy,3.04,37.4,None,None,19,18,-1
R008,2025-03-12,18,2,0,Cloudy,3.04,37.4,None,None,25,24,-1
R008,2025-03-12,19,2,0,Cloudy,3.04,37.4,None,None,39,33,-6
R008,2025-03-12,20,2,0,Cloudy,3.04,37.4,None,None,47,45,-2
R008,2025-03-12,21,2,0,Cloudy,3.04,37.4,None,None,38,41,3
R008,2025-03-12,22,2,0,Cloudy,3.04,37.4,None,None,20,22,2
R008,2025-03-13,8,3,0,Rain,3.35,20.3,WeekendDeal,Festival,5,3,-2
R008,2025-03-13,9,3,0,Rain,3.35,20.3,WeekendDeal,Festival,12,10,-2
R008,2025-03-13,10,3,0,Rain,3.35,20.3,WeekendDeal,Festival,24,23,-1
R008,2025-03-13,11,3,0,Rain,3.35,20.3,WeekendDeal,Festival,39,47,8
R008,2025-03-13,12,3,0,Rain,3.35,20.3,WeekendDeal,Festival,53,66,13
R008,2025-03-13,13,3,0,Rain,3.35,20.3,WeekendDeal,Festival,58,62,4
R008,2025-03-13,14,3,0,Rain,3.35,20.3,WeekendDeal,Festival,53,67,14
R008,2025-03-13,15,3,0,Rain,3.35,20.3,WeekendDeal,Festival,40,35,-5
R008,2025-03-13,16,3,0,Rain,3.35,20.3,WeekendDeal,Festival,26,24,-2
R008,2025-03-13,17,3,0,Rain,3.35,20.3,WeekendDeal,Festival,19,22,3
R008,2025-03-13,18,3,0,Rain,3.35,20.3,WeekendDeal,Festival,25,23,-2
R008,2025-03-13,19,3,0,Rain,3.35,20.3,WeekendDeal,Festival,40,46,6
R008,2025-03-13,20,3,0,Rain,3.35,20.3,WeekendDeal,Festival,47,36,-11
R008,2025-03-13,21,3,0,Rain,3.35,20.3,WeekendDeal,Festival,38,39,1
R008,2025-03-13,22,3,0,Rain,3.35,20.3,WeekendDeal,Festival,20,19,-1
R008,2025-03-14,8,4,0,Cloudy,2.42,33.4,WeekendDeal,SportsMatch,6,6,0
R008,2025-03-14,9,4,0,Cloudy,2.42,33.4,WeekendDeal,SportsMatch,15,17,2
R008,2025-03-14,10,4,0,Cloudy,2.42,33.4,WeekendDeal,SportsMatch,29,33,4
R008,2025-03-14,11,4,0,Cloudy,2.42,33.4,WeekendDeal,SportsMatch,48,45,-3
R008,2025-03-14,12,4,0,Cloudy,2.42,33.4,WeekendDeal,SportsMatch,64,59,-5
R008,2025-03-14,13,4,0,Cloudy,2.42,33.4,WeekendDeal,SportsMatch,71,86,15
R008,2025-03-14,14,4,0,Cloudy,2.42,33.4,WeekendDeal,SportsMatch,64,76,12
R008,2025-03-14,15,4,0,Cloudy,2.42,33.4,WeekendDeal,SportsMatch,48,47,-1
R008,2025-03-14,16,4,0,Cloudy,2.42,33.4,WeekendDeal,SportsMatch,31,30,-1
R008,2025-03-14,17,4,0,Cloudy,2.42,33.4,WeekendDeal,SportsMatch,24,22,-2
R008,2025-03-14,18,4,0,Cloudy,2.42,33.4,WeekendDeal,SportsMatch,31,32,1
R008,2025-03-14,19,4,0,Cloudy,2.42,33.4,WeekendDeal,SportsMatch,48,57,9
R008,2025-03-14,20,4,0,Cloudy,2.42,33.4,WeekendDeal,SportsMatch,57,50,-7
R008,2025-03-14,21,4,0,Cloudy,2.42,33.4,WeekendDeal,SportsMatch,46,42,-4
R008,2025-03-14,22,4,0,Cloudy,2.42,33.4,WeekendDeal,SportsMatch,25,26,1
R008,2025-03-15,8,5,1,Clear,4.66,36.4,HappyHour,None,6,3,-3
R008,2025-03-15,9,5,1,Clear,4.66,36.4,HappyHour,None,15,12,-3
R008,2025-03-15,10,5,1,Clear,4.66,36.4,HappyHour,None,31,34,3
R008,2025-03-15,11,5,1,Clear,4.66,36.4,HappyHour,None,50,51,1
R008,2025-03-15,12,5,1,Clear,4.66,36.4,HappyHour,None,67,58,-9
R008,2025-03-15,13,5,1,Clear,4.66,36.4,HappyHour,None,74,74,0
R008,2025-03-15,14,5,1,Clear,4.66,36.4,HappyHour,None,67,71,4
R008,2025-03-15,15,5,1,Clear,4.66,36.4,HappyHour,None,50,48,-2
R008,2025-03-15,16,5,1,Clear,4.66,36.4,HappyHour,None,33,36,3
R008,2025-03-15,17,5,1,Clear,4.66,36.4,HappyHour,None,25,23,-2
R008,2025-03-15,18,5,1,Clear,4.66,36.4,HappyHour,None,32,38,6
R008,2025-03-15,19,5,1,Clear,4.66,36.4,HappyHour,None,50,45,-5
R008,2025-03-15,20,5,1,Clear,4.66,36.4,HappyHour,None,60,54,-6
R008,2025-03-15,21,5,1,Clear,4.66,36.4,HappyHour,None,48,42,-6
R008,2025-03-15,22,5,1,Clear,4.66,36.4,HappyHour,None,26,30,4
R008,2025-03-16,8,6,1,Storm,16.12,26.3,FestivalOffer,LocalEvent,5,7,2
R008,2025-03-16,9,6,1,Storm,16.12,26.3,FestivalOffer,LocalEvent,12,9,-3
R008,2025-03-16,10,6,1,Storm,16.12,26.3,FestivalOffer,LocalEvent,23,22,-1
R008,2025-03-16,11,6,1,Storm,16.12,26.3,FestivalOffer,LocalEvent,38,36,-2
R008,2025-03-16,12,6,1,Storm,16.12,26.3,FestivalOffer,LocalEvent,51,40,-11
R008,2025-03-16,13,6,1,Storm,16.12,26.3,FestivalOffer,LocalEvent,56,57,1
R008,2025-03-16,14,6,1,Storm,16.12,26.3,FestivalOffer,LocalEvent,51,41,-10
R008,2025-03-16,15,6,1,Storm,16.12,26.3,FestivalOffer,LocalEvent,38,35,-3
R008,2025-03-16,16,6,1,Storm,16.12,26.3,FestivalOffer,LocalEvent,25,22,-3
R008,2025-03-16,17,6,1,Storm,16.12,26.3,FestivalOffer,LocalEvent,19,19,0
R008,2025-03-16,18,6,1,Storm,16.12,26.3,FestivalOffer,LocalEvent,24,25,1
R008,2025-03-16,19,6,1,Storm,16.12,26.3,FestivalOffer,LocalEvent,38,36,-2
R008,2025-03-16,20,6,1,Storm,16.12,26.3,FestivalOffer,LocalEvent,45,48,3
R008,2025-03-16,21,6,1,Storm,16.12,26.3,FestivalOffer,LocalEvent,37,47,10
R008,2025-03-16,22,6,1,Storm,16.12,26.3,FestivalOffer,LocalEvent,20,21,1
R008,2025-03-17,8,0,0,Storm,18.1,37.3,None,None,3,1,-2
R008,2025-03-17,9,0,0,Storm,18.1,37.3,None,None,8,8,0
R008,2025-03-17,10,0,0,Storm,18.1,37.3,None,None,16,16,0
R008,2025-03-17,11,0,0,Storm,18.1,37.3,None,None,25,19,-6
R008,2025-03-17,12,0,0,Storm,18.1,37.3,None,None,34,34,0
R008,2025-03-17,13,0,0,Storm,18.1,37.3,None,None,38,37,-1
R008,2025-03-17,14,0,0,Storm,18.1,37.3,None,None,34,34,0
R008,2025-03-17,15,0,0,Storm,18.1,37.3,None,None,26,20,-6
R008,2025-03-17,16,0,0,Storm,18.1,37.3,None,None,17,16,-1
R008,2025-03-17,17,0,0,Storm,18.1,37.3,None,None,13,11,-2
R008,2025-03-17,18,0,0,Storm,18.1,37.3,None,None,16,18,2
R008,2025-03-17,19,0,0,Storm,18.1,37.3,None,None,26,34,8
R008,2025-03-17,20,0,0,Storm,18.1,37.3,None,None,30,32,2
R008,2025-03-17,21,0,0,Storm,18.1,37.3,None,None,25,28,3
R008,2025-03-17,22,0,0,Storm,18.1,37.3,None,None,13,15,2
R008,2025-03-18,8,1,0,Clear,1.53,20.4,WeekendDeal,SportsMatch,6,6,0
R008,2025-03-18,9,1,0,Clear,1.53,20.4,WeekendDeal,SportsMatch,15,12,-3
R008,2025-03-18,10,1,0,Clear,1.53,20.4,WeekendDeal,SportsMatch,29,26,-3
R008,2025-03-18,11,1,0,Clear,1.53,20.4,WeekendDeal,SportsMatch,48,34,-14
R008,2025-03-18,12,1,0,Clear,1.53,20.4,WeekendDeal,SportsMatch,64,54,-10
R008,2025-03-18,13,1,0,Clear,1.53,20.4,WeekendDeal,SportsMatch,71,62,-9
R008,2025-03-18,14,1,0,Clear,1.53,20.4,WeekendDeal,SportsMatch,64,57,-7
R008,2025-03-18,15,1,0,Clear,1.53,20.4,WeekendDeal,SportsMatch,48,42,-6
R008,2025-03-18,16,1,0,Clear,1.53,20.4,WeekendDeal,SportsMatch,31,37,6
R008,2025-03-18,17,1,0,Clear,1.53,20.4,WeekendDeal,SportsMatch,24,23,-1
R008,2025-03-18,18,1,0,Clear,1.53,20.4,WeekendDeal,SportsMatch,31,28,-3
R008,2025-03-18,19,1,0,Clear,1.53,20.4,WeekendDeal,SportsMatch,48,54,6
R008,2025-03-18,20,1,0,Clear,1.53,20.4,WeekendDeal,SportsMatch,57,52,-5
R008,2025-03-18,21,1,0,Clear,1.53,20.4,WeekendDeal,SportsMatch,46,47,1
R008,2025-03-18,22,1,0,Clear,1.53,20.4,WeekendDeal,SportsMatch,25,31,6
R008,2025-03-19,8,2,0,Cloudy,3.64,25.7,None,LocalEvent,5,5,0
R008,2025-03-19,9,2,0,Cloudy,3.64,25.7,None,LocalEvent,13,16,3
R008,2025-03-19,10,2,0,Cloudy,3.64,25.7,None,LocalEvent,26,30,4
R008,2025-03-19,11,2,0,Cloudy,3.64,25.7,None,LocalEvent,42,44,2
R008,2025-03-19,12,2,0,Cloudy,3.64,25.7,None,LocalEvent,56,60,4
R008,2025-03-19,13,2,0,Cloudy,3.64,25.7,None,LocalEvent,62,54,-8
R008,2025-03-19,14,2,0,Cloudy,3.64,25.7,None,LocalEvent,56,56,0
R008,2025-03-19,15,2,0,Cloudy,3.64,25.7,None,LocalEvent,42,47,5
R008,2025-03-19,16,2,0,Cloudy,3.64,25.7,None,LocalEvent,28,27,-1
R008,2025-03-19,17,2,0,Cloudy,3.64,25.7,None,LocalEvent,21,18,-3
R008,2025-03-19,18,2,0,Cloudy,3.64,25.7,None,LocalEvent,27,29,2
R008,2025-03-19,19,2,0,Cloudy,3.64,25.7,None,LocalEvent,42,35,-7
R008,2025-03-19,20,2,0,Cloudy,3.64,25.7,None,LocalEvent,50,53,3
R008,2025-03-19,21,2,0,Cloudy,3.64,25.7,None,LocalEvent,40,30,-10
R008,2025-03-19,22,2,0,Cloudy,3.64,25.7,None,LocalEvent,22,17,-5
R008,2025-03-20,8,3,0,Clear,2.84,20.5,WeekendDeal,Festival,6,6,0
R008,2025-03-20,9,3,0,Clear,2.84,20.5,WeekendDeal,Festival,16,13,-3
R008,2025-03-20,10,3,0,Clear,2.84,20.5,WeekendDeal,Festival,31,27,-4
R008,2025-03-20,11,3,0,Clear,2.84,20.5,WeekendDeal,Festival,50,50,0
R008,2025-03-20,12,3,0,Clear,2.84,20.5,WeekendDeal,Festival,68,75,7
R008,2025-03-20,13,3,0,Clear,2.84,20.5,WeekendDeal,Festival,74,104,30
R008,2025-03-20,14,3,0,Clear,2.84,20.5,WeekendDeal,Festival,68,68,0
R008,2025-03-20,15,3,0,Clear,2.84,20.5,WeekendDeal,Festival,51,48,-3
R008,2025-03-20,16,3,0,Clear,2.84,20.5,WeekendDeal,Festival,33,32,-1
R008,2025-03-20,17,3,0,Clear,2.84,20.5,WeekendDeal,Festival,25,26,1
R008,2025-03-20,18,3,0,Clear,2.84,20.5,WeekendDeal,Festival,33,31,-2
R008,2025-03-20,19,3,0,Clear,2.84,20.5,WeekendDeal,Festival,51,40,-11
R008,2025-03-20,20,3,0,Clear,2.84,20.5,WeekendDeal,Festival,60,61,1
R008,2025-03-20,21,3,0,Clear,2.84,20.5,WeekendDeal,Festival,49,53,4
R008,2025-03-20,22,3,0,Clear,2.84,20.5,WeekendDeal,Festival,26,25,-1
R008,2025-03-21,8,4,0,Cloudy,2.95,35.7,None,None,5,7,2
R008,2025-03-21,9,4,0,Cloudy,2.95,35.7,None,None,12,14,2
R008,2025-03-21,10,4,0,Cloudy,2.95,35.7,None,None,24,23,-1
R008,2025-03-21,11,4,0,Cloudy,2.95,35.7,None,None,39,38,-1
R008,2025-03-21,12,4,0,Cloudy,2.95,35.7,None,None,52,50,-2
R008,2025-03-21,13,4,0,Cloudy,2.95,35.7,None,None,58,70,12
R008,2025-03-21,14,4,0,Cloudy,2.95,35.7,None,None,52,56,4
R008,2025-03-21,15,4,0,Cloudy,2.95,35.7,None,None,39,41,2
R008,2025-03-21,16,4,0,Cloudy,2.95,35.7,None,None,26,22,-4
R008,2025-03-21,17,4,0,Cloudy,2.95,35.7,None,None,19,22,3
R008,2025-03-21,18,4,0,Cloudy,2.95,35.7,None,None,25,29,4
R008,2025-03-21,19,4,0,Cloudy,2.95,35.7,None,None,39,28,-11
R008,2025-03-21,20,4,0,Cloudy,2.95,35.7,None,None,47,49,2
R008,2025-03-21,21,4,0,Cloudy,2.95,35.7,None,None,38,46,8
R008,2025-03-21,22,4,0,Cloudy,2.95,35.7,None,None,20,18,-2
R008,2025-03-22,8,5,1,Rain,0.94,21.3,HappyHour,Festival,6,5,-1
R008,2025-03-22,9,5,1,Rain,0.94,21.3,HappyHour,Festival,14,11,-3
R008,2025-03-22,10,5,1,Rain,0.94,21.3,HappyHour,Festival,27,22,-5
R008,2025-03-22,11,5,1,Rain,0.94,21.3,HappyHour,Festival,45,52,7
R008,2025-03-22,12,5,1,Rain,0.94,21.3,HappyHour,Festival,60,74,14
R008,2025-03-22,13,5,1,Rain,0.94,21.3,HappyHour,Festival,66,86,20
R008,2025-03-22,14,5,1,Rain,0.94,21.3,HappyHour,Festival,60,54,-6
R008,2025-03-22,15,5,1,Rain,0.94,21.3,HappyHour,Festival,45,40,-5
R008,2025-03-22,16,5,1,Rain,0.94,21.3,HappyHour,Festival,29,35,6
R008,2025-03-22,17,5,1,Rain,0.94,21.3,HappyHour,Festival,22,17,-5
R008,2025-03-22,18,5,1,Rain,0.94,21.3,HappyHour,Festival,29,28,-1
R008,2025-03-22,19,5,1,Rain,0.94,21.3,HappyHour,Festival,45,46,1
R008,2025-03-22,20,5,1,Rain,0.94,21.3,HappyHour,Festival,53,36,-17
R008,2025-03-22,21,5,1,Rain,0.94,21.3,HappyHour,Festival,43,32,-11
R008,2025-03-22,22,5,1,Rain,0.94,21.3,HappyHour,Festival,23,19,-4
R008,2025-03-23,8,6,1,Clear,0.31,26.9,None,None,6,6,0
R008,2025-03-23,9,6,1,Clear,0.31,26.9,None,None,14,18,4
R008,2025-03-23,10,6,1,Clear,0.31,26.9,None,None,28,38,10
R008,2025-03-23,11,6,1,Clear,0.31,26.9,None,None,46,37,-9
R008,2025-03-23,12,6,1,Clear,0.31,26.9,None,None,62,69,7
R008,2025-03-23,13,6,1,Clear,0.31,26.9,None,None,68,71,3
R008,2025-03-23,14,6,1,Clear,0.31,26.9,None,None,62,50,-12
R008,2025-03-23,15,6,1,Clear,0.31,26.9,None,None,46,42,-4
R008,2025-03-23,16,6,1,Clear,0.31,26.9,None,None,30,29,-1
R008,2025-03-23,17,6,1,Clear,0.31,26.9,None,None,23,27,4
R008,2025-03-23,18,6,1,Clear,0.31,26.9,None,None,30,32,2
R008,2025-03-23,19,6,1,Clear,0.31,26.9,None,None,46,54,8
R008,2025-03-23,20,6,1,Clear,0.31,26.9,None,None,55,60,5
R008,2025-03-23,21,6,1,Clear,0.31,26.9,None,None,44,42,-2
R008,2025-03-23,22,6,1,Clear,0.31,26.9,None,None,24,21,-3
R008,2025-03-24,8,0,0,Clear,4.53,32.8,None,LocalEvent,5,6,1
R008,2025-03-24,9,0,0,Clear,4.53,32.8,None,LocalEvent,13,14,1
R008,2025-03-24,10,0,0,Clear,4.53,32.8,None,LocalEvent,26,29,3
R008,2025-03-24,11,0,0,Clear,4.53,32.8,None,LocalEvent,42,44,2
R008,2025-03-24,12,0,0,Clear,4.53,32.8,None,LocalEvent,56,46,-10
R008,2025-03-24,13,0,0,Clear,4.53,32.8,None,LocalEvent,62,75,13
R008,2025-03-24,14,0,0,Clear,4.53,32.8,None,LocalEvent,56,62,6
R008,2025-03-24,15,0,0,Clear,4.53,32.8,None,LocalEvent,42,36,-6
R008,2025-03-24,16,0,0,Clear,4.53,32.8,None,LocalEvent,28,34,6
R008,2025-03-24,17,0,0,Clear,4.53,32.8,None,LocalEvent,21,19,-2
R008,2025-03-24,18,0,0,Clear,4.53,32.8,None,LocalEvent,27,24,-3
R008,2025-03-24,19,0,0,Clear,4.53,32.8,None,LocalEvent,42,44,2
R008,2025-03-24,20,0,0,Clear,4.53,32.8,None,LocalEvent,50,59,9
R008,2025-03-24,21,0,0,Clear,4.53,32.8,None,LocalEvent,40,29,-11
R008,2025-03-24,22,0,0,Clear,4.53,32.8,None,LocalEvent,22,25,3
R008,2025-03-25,8,1,0,Cloudy,0.73,35.5,WeekendDeal,SportsMatch,6,6,0
R008,2025-03-25,9,1,0,Cloudy,0.73,35.5,WeekendDeal,SportsMatch,15,12,-3
R008,2025-03-25,10,1,0,Cloudy,0.73,35.5,WeekendDeal,SportsMatch,29,27,-2
R008,2025-03-25,11,1,0,Cloudy,0.73,35.5,WeekendDeal,SportsMatch,48,47,-1
R008,2025-03-25,12,1,0,Cloudy,0.73,35.5,WeekendDeal,SportsMatch,64,47,-17
R008,2025-03-25,13,1,0,Cloudy,0.73,35.5,WeekendDeal,SportsMatch,71,76,5
R008,2025-03-25,14,1,0,Cloudy,0.73,35.5,WeekendDeal,SportsMatch,64,64,0
R008,2025-03-25,15,1,0,Cloudy,0.73,35.5,WeekendDeal,SportsMatch,48,46,-2
R008,2025-03-25,16,1,0,Cloudy,0.73,35.5,WeekendDeal,SportsMatch,31,33,2
R008,2025-03-25,17,1,0,Cloudy,0.73,35.5,WeekendDeal,SportsMatch,24,24,0
R008,2025-03-25,18,1,0,Cloudy,0.73,35.5,WeekendDeal,SportsMatch,31,29,-2
R008,2025-03-25,19,1,0,Cloudy,0.73,35.5,WeekendDeal,SportsMatch,48,49,1
R008,2025-03-25,20,1,0,Cloudy,0.73,35.5,WeekendDeal,SportsMatch,57,55,-2
R008,2025-03-25,21,1,0,Cloudy,0.73,35.5,WeekendDeal,SportsMatch,46,43,-3
R008,2025-03-25,22,1,0,Cloudy,0.73,35.5,WeekendDeal,SportsMatch,25,29,4
R008,2025-03-26,8,2,0,Cloudy,4.61,26.8,HappyHour,None,5,5,0
R008,2025-03-26,9,2,0,Cloudy,4.61,26.8,HappyHour,None,13,12,-1
R008,2025-03-26,10,2,0,Cloudy,4.61,26.8,HappyHour,None,26,33,7
R008,2025-03-26,11,2,0,Cloudy,4.61,26.8,HappyHour,None,42,47,5
R008,2025-03-26,12,2,0,Cloudy,4.61,26.8,HappyHour,None,57,61,4
R008,2025-03-26,13,2,0,Cloudy,4.61,26.8,HappyHour,None,62,61,-1
R008,2025-03-26,14,2,0,Cloudy,4.61,26.8,HappyHour,None,57,52,-5
R008,2025-03-26,15,2,0,Cloudy,4.61,26.8,HappyHour,None,43,40,-3
R008,2025-03-26,16,2,0,Cloudy,4.61,26.8,HappyHour,None,28,23,-5
R008,2025-03-26,17,2,0,Cloudy,4.61,26.8,HappyHour,None,21,22,1
R008,2025-03-26,18,2,0,Cloudy,4.61,26.8,HappyHour,None,27,25,-2
R008,2025-03-26,19,2,0,Cloudy,4.61,26.8,HappyHour,None,42,39,-3
R008,2025-03-26,20,2,0,Cloudy,4.61,26.8,HappyHour,None,50,49,-1
R008,2025-03-26,21,2,0,Cloudy,4.61,26.8,HappyHour,None,41,57,16
R008,2025-03-26,22,2,0,Cloudy,4.61,26.8,HappyHour,None,22,23,1
R008,2025-03-27,8,3,0,Clear,3.51,31.4,None,LocalEvent,5,5,0
R008,2025-03-27,9,3,0,Clear,3.51,31.4,None,LocalEvent,13,13,0
R008,2025-03-27,10,3,0,Clear,3.51,31.4,None,LocalEvent,26,27,1
R008,2025-03-27,11,3,0,Clear,3.51,31.4,None,LocalEvent,42,44,2
R008,2025-03-27,12,3,0,Clear,3.51,31.4,None,LocalEvent,56,75,19
R008,2025-03-27,13,3,0,Clear,3.51,31.4,None,LocalEvent,62,78,16
R008,2025-03-27,14,3,0,Clear,3.51,31.4,None,LocalEvent,56,53,-3
R008,2025-03-27,15,3,0,Clear,3.51,31.4,None,LocalEvent,42,46,4
R008,2025-03-27,16,3,0,Clear,3.51,31.4,None,LocalEvent,28,28,0
R008,2025-03-27,17,3,0,Clear,3.51,31.4,None,LocalEvent,21,21,0
R008,2025-03-27,18,3,0,Clear,3.51,31.4,None,LocalEvent,27,29,2
R008,2025-03-27,19,3,0,Clear,3.51,31.4,None,LocalEvent,42,41,-1
R008,2025-03-27,20,3,0,Clear,3.51,31.4,None,LocalEvent,50,42,-8
R008,2025-03-27,21,3,0,Clear,3.51,31.4,None,LocalEvent,40,38,-2
R008,2025-03-27,22,3,0,Clear,3.51,31.4,None,LocalEvent,22,22,0
R008,2025-03-28,8,4,0,Rain,24.86,32.5,WeekendDeal,Festival,5,6,1
R008,2025-03-28,9,4,0,Rain,24.86,32.5,WeekendDeal,Festival,12,14,2
R008,2025-03-28,10,4,0,Rain,24.86,32.5,WeekendDeal,Festival,24,19,-5
R008,2025-03-28,11,4,0,Rain,24.86,32.5,WeekendDeal,Festival,39,46,7
R008,2025-03-28,12,4,0,Rain,24.86,32.5,WeekendDeal,Festival,53,42,-11
R008,2025-03-28,13,4,0,Rain,24.86,32.5,WeekendDeal,Festival,58,55,-3
R008,2025-03-28,14,4,0,Rain,24.86,32.5,WeekendDeal,Festival,53,58,5
R008,2025-03-28,15,4,0,Rain,24.86,32.5,WeekendDeal,Festival,40,37,-3
R008,2025-03-28,16,4,0,Rain,24.86,32.5,WeekendDeal,Festival,26,22,-4
R008,2025-03-28,17,4,0,Rain,24.86,32.5,WeekendDeal,Festival,19,24,5
R008,2025-03-28,18,4,0,Rain,24.86,32.5,WeekendDeal,Festival,25,24,-1
R008,2025-03-28,19,4,0,Rain,24.86,32.5,WeekendDeal,Festival,40,40,0
R008,2025-03-28,20,4,0,Rain,24.86,32.5,WeekendDeal,Festival,47,43,-4
R008,2025-03-28,21,4,0,Rain,24.86,32.5,WeekendDeal,Festival,38,35,-3
R008,2025-03-28,22,4,0,Rain,24.86,32.5,WeekendDeal,Festival,20,21,1
R008,2025-03-29,8,5,1,Clear,0.11,35.4,WeekendDeal,None,7,5,-2
R008,2025-03-29,9,5,1,Clear,0.11,35.4,WeekendDeal,None,16,16,0
R008,2025-03-29,10,5,1,Clear,0.11,35.4,WeekendDeal,None,32,34,2
R008,2025-03-29,11,5,1,Clear,0.11,35.4,WeekendDeal,None,52,51,-1
R008,2025-03-29,12,5,1,Clear,0.11,35.4,WeekendDeal,None,69,90,21
R008,2025-03-29,13,5,1,Clear,0.11,35.4,WeekendDeal,None,76,101,25
R008,2025-03-29,14,5,1,Clear,0.11,35.4,WeekendDeal,None,69,61,-8
R008,2025-03-29,15,5,1,Clear,0.11,35.4,WeekendDeal,None,52,54,2
R008,2025-03-29,16,5,1,Clear,0.11,35.4,WeekendDeal,None,34,32,-2
R008,2025-03-29,17,5,1,Clear,0.11,35.4,WeekendDeal,None,26,24,-2
R008,2025-03-29,18,5,1,Clear,0.11,35.4,WeekendDeal,None,33,33,0
R008,2025-03-29,19,5,1,Clear,0.11,35.4,WeekendDeal,None,52,33,-19
R008,2025-03-29,20,5,1,Clear,0.11,35.4,WeekendDeal,None,62,68,6
R008,2025-03-29,21,5,1,Clear,0.11,35.4,WeekendDeal,None,50,64,14
R008,2025-03-29,22,5,1,Clear,0.11,35.4,WeekendDeal,None,27,29,2
R008,2025-03-30,8,6,1,Clear,3.59,33.5,HappyHour,LocalEvent,7,6,-1
R008,2025-03-30,9,6,1,Clear,3.59,33.5,HappyHour,LocalEvent,17,11,-6
R008,2025-03-30,10,6,1,Clear,3.59,33.5,HappyHour,LocalEvent,33,28,-5
R008,2025-03-30,11,6,1,Clear,3.59,33.5,HappyHour,LocalEvent,53,45,-8
R008,2025-03-30,12,6,1,Clear,3.59,33.5,HappyHour,LocalEvent,71,73,2
R008,2025-03-30,13,6,1,Clear,3.59,33.5,HappyHour,LocalEvent,79,83,4
R008,2025-03-30,14,6,1,Clear,3.59,33.5,HappyHour,LocalEvent,71,75,4
R008,2025-03-30,15,6,1,Clear,3.59,33.5,HappyHour,LocalEvent,54,55,1
R008,2025-03-30,16,6,1,Clear,3.59,33.5,HappyHour,LocalEvent,35,30,-5
R008,2025-03-30,17,6,1,Clear,3.59,33.5,HappyHour,LocalEvent,26,25,-1
R008,2025-03-30,18,6,1,Clear,3.59,33.5,HappyHour,LocalEvent,34,28,-6
R008,2025-03-30,19,6,1,Clear,3.59,33.5,HappyHour,LocalEvent,54,40,-14
R008,2025-03-30,20,6,1,Clear,3.59,33.5,HappyHour,LocalEvent,64,60,-4
R008,2025-03-30,21,6,1,Clear,3.59,33.5,HappyHour,LocalEvent,51,47,-4
R008,2025-03-30,22,6,1,Clear,3.59,33.5,HappyHour,LocalEvent,28,29,1
R008,2025-03-31,8,0,0,Cloudy,1.22,33.0,None,SportsMatch,5,8,3
R008,2025-03-31,9,0,0,Cloudy,1.22,33.0,None,SportsMatch,13,11,-2
R008,2025-03-31,10,0,0,Cloudy,1.22,33.0,None,SportsMatch,26,29,3
R008,2025-03-31,11,0,0,Cloudy,1.22,33.0,None,SportsMatch,43,50,7
R008,2025-03-31,12,0,0,Cloudy,1.22,33.0,None,SportsMatch,57,73,16
R008,2025-03-31,13,0,0,Cloudy,1.22,33.0,None,SportsMatch,63,60,-3
R008,2025-03-31,14,0,0,Cloudy,1.22,33.0,None,SportsMatch,57,50,-7
R008,2025-03-31,15,0,0,Cloudy,1.22,33.0,None,SportsMatch,43,52,9
R008,2025-03-31,16,0,0,Cloudy,1.22,33.0,None,SportsMatch,28,32,4
R008,2025-03-31,17,0,0,Cloudy,1.22,33.0,None,SportsMatch,21,19,-2
R008,2025-03-31,18,0,0,Cloudy,1.22,33.0,None,SportsMatch,28,23,-5
R008,2025-03-31,19,0,0,Cloudy,1.22,33.0,None,SportsMatch,43,40,-3
R008,2025-03-31,20,0,0,Cloudy,1.22,33.0,None,SportsMatch,51,47,-4
R008,2025-03-31,21,0,0,Cloudy,1.22,33.0,None,SportsMatch,41,37,-4
R008,2025-03-31,22,0,0,Cloudy,1.22,33.0,None,SportsMatch,22,21,-1
R009,2025-01-01,8,2,0,Cloudy,3.06,31.0,None,None,7,4,-3
R009,2025-01-01,9,2,0,Cloudy,3.06,31.0,None,None,17,20,3
R009,2025-01-01,10,2,0,Cloudy,3.06,31.0,None,None,33,36,3
R009,2025-01-01,11,2,0,Cloudy,3.06,31.0,None,None,54,41,-13
R009,2025-01-01,12,2,0,Cloudy,3.06,31.0,None,None,73,69,-4
R009,2025-01-01,13,2,0,Cloudy,3.06,31.0,None,None,81,98,17
R009,2025-01-01,14,2,0,Cloudy,3.06,31.0,None,None,73,73,0
R009,2025-01-01,15,2,0,Cloudy,3.06,31.0,None,None,55,62,7
R009,2025-01-01,16,2,0,Cloudy,3.06,31.0,None,None,36,40,4
R009,2025-01-01,17,2,0,Cloudy,3.06,31.0,None,None,27,32,5
R009,2025-01-01,18,2,0,Cloudy,3.06,31.0,None,None,35,34,-1
R009,2025-01-01,19,2,0,Cloudy,3.06,31.0,None,None,55,55,0
R009,2025-01-01,20,2,0,Cloudy,3.06,31.0,None,None,65,65,0
R009,2025-01-01,21,2,0,Cloudy,3.06,31.0,None,None,53,35,-18
R009,2025-01-01,22,2,0,Cloudy,3.06,31.0,None,None,28,22,-6
R009,2025-01-02,8,3,0,Storm,29.54,25.6,HappyHour,LocalEvent,5,8,3
R009,2025-01-02,9,3,0,Storm,29.54,25.6,HappyHour,LocalEvent,13,17,4
R009,2025-01-02,10,3,0,Storm,29.54,25.6,HappyHour,LocalEvent,25,28,3
R009,2025-01-02,11,3,0,Storm,29.54,25.6,HappyHour,LocalEvent,41,49,8
R009,2025-01-02,12,3,0,Storm,29.54,25.6,HappyHour,LocalEvent,55,54,-1
R009,2025-01-02,13,3,0,Storm,29.54,25.6,HappyHour,LocalEvent,60,68,8
R009,2025-01-02,14,3,0,Storm,29.54,25.6,HappyHour,LocalEvent,55,53,-2
R009,2025-01-02,15,3,0,Storm,29.54,25.6,HappyHour,LocalEvent,41,49,8
R009,2025-01-02,16,3,0,Storm,29.54,25.6,HappyHour,LocalEvent,27,27,0
R009,2025-01-02,17,3,0,Storm,29.54,25.6,HappyHour,LocalEvent,20,23,3
R009,2025-01-02,18,3,0,Storm,29.54,25.6,HappyHour,LocalEvent,26,17,-9
R009,2025-01-02,19,3,0,Storm,29.54,25.6,HappyHour,LocalEvent,41,43,2
R009,2025-01-02,20,3,0,Storm,29.54,25.6,HappyHour,LocalEvent,49,50,1
R009,2025-01-02,21,3,0,Storm,29.54,25.6,HappyHour,LocalEvent,39,42,3
R009,2025-01-02,22,3,0,Storm,29.54,25.6,HappyHour,LocalEvent,21,18,-3
R009,2025-01-03,8,4,0,Rain,6.32,24.8,None,None,5,4,-1
R009,2025-01-03,9,4,0,Rain,6.32,24.8,None,None,13,16,3
R009,2025-01-03,10,4,0,Rain,6.32,24.8,None,None,26,26,0
R009,2025-01-03,11,4,0,Rain,6.32,24.8,None,None,42,52,10
R009,2025-01-03,12,4,0,Rain,6.32,24.8,None,None,57,63,6
R009,2025-01-03,13,4,0,Rain,6.32,24.8,None,None,63,68,5
R009,2025-01-03,14,4,0,Rain,6.32,24.8,None,None,57,64,7
R009,2025-01-03,15,4,0,Rain,6.32,24.8,None,None,43,34,-9
R009,2025-01-03,16,4,0,Rain,6.32,24.8,None,None,28,31,3
R009,2025-01-03,17,4,0,Rain,6.32,24.8,None,None,21,20,-1
R009,2025-01-03,18,4,0,Rain,6.32,24.8,None,None,27,38,11
R009,2025-01-03,19,4,0,Rain,6.32,24.8,None,None,43,42,-1
R009,2025-01-03,20,4,0,Rain,6.32,24.8,None,None,51,49,-2
R009,2025-01-03,21,4,0,Rain,6.32,24.8,None,None,41,38,-3
R009,2025-01-03,22,4,0,Rain,6.32,24.8,None,None,22,23,1
R009,2025-01-04,8,5,1,Cloudy,3.14,28.2,WeekendDeal,SportsMatch,10,11,1
R009,2025-01-04,9,5,1,Cloudy,3.14,28.2,WeekendDeal,SportsMatch,24,22,-2
R009,2025-01-04,10,5,1,Cloudy,3.14,28.2,WeekendDeal,SportsMatch,48,55,7
R009,2025-01-04,11,5,1,Cloudy,3.14,28.2,WeekendDeal,SportsMatch,78,106,28
R009,2025-01-04,12,5,1,Cloudy,3.14,28.2,WeekendDeal,SportsMatch,105,87,-18
R009,2025-01-04,13,5,1,Cloudy,3.14,28.2,WeekendDeal,SportsMatch,116,122,6
R009,2025-01-04,14,5,1,Cloudy,3.14,28.2,WeekendDeal,SportsMatch,105,95,-10
R009,2025-01-04,15,5,1,Cloudy,3.14,28.2,WeekendDeal,SportsMatch,79,69,-10
R009,2025-01-04,16,5,1,Cloudy,3.14,28.2,WeekendDeal,SportsMatch,52,59,7
R009,2025-01-04,17,5,1,Cloudy,3.14,28.2,WeekendDeal,SportsMatch,39,31,-8
R009,2025-01-04,18,5,1,Cloudy,3.14,28.2,WeekendDeal,SportsMatch,51,47,-4
R009,2025-01-04,19,5,1,Cloudy,3.14,28.2,WeekendDeal,SportsMatch,79,95,16
R009,2025-01-04,20,5,1,Cloudy,3.14,28.2,WeekendDeal,SportsMatch,94,95,1
R009,2025-01-04,21,5,1,Cloudy,3.14,28.2,WeekendDeal,SportsMatch,76,81,5
R009,2025-01-04,22,5,1,Cloudy,3.14,28.2,WeekendDeal,SportsMatch,41,44,3
R009,2025-01-05,8,6,1,Clear,3.01,26.0,HappyHour,SportsMatch,10,12,2
R009,2025-01-05,9,6,1,Clear,3.01,26.0,HappyHour,SportsMatch,23,20,-3
R009,2025-01-05,10,6,1,Clear,3.01,26.0,HappyHour,SportsMatch,46,54,8
R009,2025-01-05,11,6,1,Clear,3.01,26.0,HappyHour,SportsMatch,76,80,4
R009,2025-01-05,12,6,1,Clear,3.01,26.0,HappyHour,SportsMatch,101,95,-6
R009,2025-01-05,13,6,1,Clear,3.01,26.0,HappyHour,SportsMatch,112,108,-4
R009,2025-01-05,14,6,1,Clear,3.01,26.0,HappyHour,SportsMatch,101,121,20
R009,2025-01-05,15,6,1,Clear,3.01,26.0,HappyHour,SportsMatch,76,55,-21
R009,2025-01-05,16,6,1,Clear,3.01,26.0,HappyHour,SportsMatch,50,47,-3
R009,2025-01-05,17,6,1,Clear,3.01,26.0,HappyHour,SportsMatch,37,31,-6
R009,2025-01-05,18,6,1,Clear,3.01,26.0,HappyHour,SportsMatch,49,61,12
R009,2025-01-05,19,6,1,Clear,3.01,26.0,HappyHour,SportsMatch,76,80,4
R009,2025-01-05,20,6,1,Clear,3.01,26.0,HappyHour,SportsMatch,90,74,-16
R009,2025-01-05,21,6,1,Clear,3.01,26.0,HappyHour,SportsMatch,73,67,-6
R009,2025-01-05,22,6,1,Clear,3.01,26.0,HappyHour,SportsMatch,39,34,-5
R009,2025-01-06,8,0,0,Storm,1.06,27.6,HappyHour,LocalEvent,5,3,-2
R009,2025-01-06,9,0,0,Storm,1.06,27.6,HappyHour,LocalEvent,13,13,0
R009,2025-01-06,10,0,0,Storm,1.06,27.6,HappyHour,LocalEvent,25,21,-4
R009,2025-01-06,11,0,0,Storm,1.06,27.6,HappyHour,LocalEvent,41,48,7
R009,2025-01-06,12,0,0,Storm,1.06,27.6,HappyHour,LocalEvent,55,52,-3
R009,2025-01-06,13,0,0,Storm,1.06,27.6,HappyHour,LocalEvent,60,81,21
R009,2025-01-06,14,0,0,Storm,1.06,27.6,HappyHour,LocalEvent,55,63,8
R009,2025-01-06,15,0,0,Storm,1.06,27.6,HappyHour,LocalEvent,41,37,-4
R009,2025-01-06,16,0,0,Storm,1.06,27.6,HappyHour,LocalEvent,27,28,1
R009,2025-01-06,17,0,0,Storm,1.06,27.6,HappyHour,LocalEvent,20,15,-5
R009,2025-01-06,18,0,0,Storm,1.06,27.6,HappyHour,LocalEvent,26,21,-5
R009,2025-01-06,19,0,0,Storm,1.06,27.6,HappyHour,LocalEvent,41,43,2
R009,2025-01-06,20,0,0,Storm,1.06,27.6,HappyHour,LocalEvent,49,43,-6
R009,2025-01-06,21,0,0,Storm,1.06,27.6,HappyHour,LocalEvent,39,45,6
R009,2025-01-06,22,0,0,Storm,1.06,27.6,HappyHour,LocalEvent,21,22,1
R009,2025-01-07,8,1,0,Clear,2.55,20.2,FestivalOffer,SportsMatch,9,7,-2
R009,2025-01-07,9,1,0,Clear,2.55,20.2,FestivalOffer,SportsMatch,22,22,0
R009,2025-01-07,10,1,0,Clear,2.55,20.2,FestivalOffer,SportsMatch,43,41,-2
R009,2025-01-07,11,1,0,Clear,2.55,20.2,FestivalOffer,SportsMatch,70,62,-8
R009,2025-01-07,12,1,0,Clear,2.55,20.2,FestivalOffer,SportsMatch,94,102,8
R009,2025-01-07,13,1,0,Clear,2.55,20.2,FestivalOffer,SportsMatch,104,113,9
R009,2025-01-07,14,1,0,Clear,2.55,20.2,FestivalOffer,SportsMatch,94,99,5
R009,2025-01-07,15,1,0,Clear,2.55,20.2,FestivalOffer,SportsMatch,71,68,-3
R009,2025-01-07,16,1,0,Clear,2.55,20.2,FestivalOffer,SportsMatch,46,57,11
R009,2025-01-07,17,1,0,Clear,2.55,20.2,FestivalOffer,SportsMatch,35,39,4
R009,2025-01-07,18,1,0,Clear,2.55,20.2,FestivalOffer,SportsMatch,45,41,-4
R009,2025-01-07,19,1,0,Clear,2.55,20.2,FestivalOffer,SportsMatch,70,63,-7
R009,2025-01-07,20,1,0,Clear,2.55,20.2,FestivalOffer,SportsMatch,84,105,21
R009,2025-01-07,21,1,0,Clear,2.55,20.2,FestivalOffer,SportsMatch,68,56,-12
R009,2025-01-07,22,1,0,Clear,2.55,20.2,FestivalOffer,SportsMatch,36,52,16
R009,2025-01-08,8,2,0,Clear,1.87,33.2,FestivalOffer,Festival,10,11,1
R009,2025-01-08,9,2,0,Clear,1.87,33.2,FestivalOffer,Festival,23,26,3
R009,2025-01-08,10,2,0,Clear,1.87,33.2,FestivalOffer,Festival,45,46,1
R009,2025-01-08,11,2,0,Clear,1.87,33.2,FestivalOffer,Festival,74,75,1
R009,2025-01-08,12,2,0,Clear,1.87,33.2,FestivalOffer,Festival,99,110,11
R009,2025-01-08,13,2,0,Clear,1.87,33.2,FestivalOffer,Festival,109,126,17
R009,2025-01-08,14,2,0,Clear,1.87,33.2,FestivalOffer,Festival,99,104,5
R009,2025-01-08,15,2,0,Clear,1.87,33.2,FestivalOffer,Festival,74,89,15
R009,2025-01-08,16,2,0,Clear,1.87,33.2,FestivalOffer,Festival,49,44,-5
R009,2025-01-08,17,2,0,Clear,1.87,33.2,FestivalOffer,Festival,37,28,-9
R009,2025-01-08,18,2,0,Clear,1.87,33.2,FestivalOffer,Festival,48,41,-7
R009,2025-01-08,19,2,0,Clear,1.87,33.2,FestivalOffer,Festival,74,76,2
R009,2025-01-08,20,2,0,Clear,1.87,33.2,FestivalOffer,Festival,88,81,-7
R009,2025-01-08,21,2,0,Clear,1.87,33.2,FestivalOffer,Festival,71,76,5
R009,2025-01-08,22,2,0,Clear,1.87,33.2,FestivalOffer,Festival,38,35,-3
R009,2025-01-09,8,3,0,Clear,4.88,35.0,HappyHour,Festival,9,8,-1
R009,2025-01-09,9,3,0,Clear,4.88,35.0,HappyHour,Festival,21,16,-5
R009,2025-01-09,10,3,0,Clear,4.88,35.0,HappyHour,Festival,42,37,-5
R009,2025-01-09,11,3,0,Clear,4.88,35.0,HappyHour,Festival,68,73,5
R009,2025-01-09,12,3,0,Clear,4.88,35.0,HappyHour,Festival,91,89,-2
R009,2025-01-09,13,3,0,Clear,4.88,35.0,HappyHour,Festival,100,100,0
R009,2025-01-09,14,3,0,Clear,4.88,35.0,HappyHour,Festival,91,79,-12
R009,2025-01-09,15,3,0,Clear,4.88,35.0,HappyHour,Festival,68,61,-7
R009,2025-01-09,16,3,0,Clear,4.88,35.0,HappyHour,Festival,44,51,7
R009,2025-01-09,17,3,0,Clear,4.88,35.0,HappyHour,Festival,33,28,-5
R009,2025-01-09,18,3,0,Clear,4.88,35.0,HappyHour,Festival,44,42,-2
R009,2025-01-09,19,3,0,Clear,4.88,35.0,HappyHour,Festival,68,72,4
R009,2025-01-09,20,3,0,Clear,4.88,35.0,HappyHour,Festival,81,76,-5
R009,2025-01-09,21,3,0,Clear,4.88,35.0,HappyHour,Festival,65,60,-5
R009,2025-01-09,22,3,0,Clear,4.88,35.0,HappyHour,Festival,35,39,4
R009,2025-01-10,8,4,0,Cloudy,0.47,27.3,WeekendDeal,None,8,8,0
R009,2025-01-10,9,4,0,Cloudy,0.47,27.3,WeekendDeal,None,19,16,-3
R009,2025-01-10,10,4,0,Cloudy,0.47,27.3,WeekendDeal,None,37,32,-5
R009,2025-01-10,11,4,0,Cloudy,0.47,27.3,WeekendDeal,None,61,74,13
R009,2025-01-10,12,4,0,Cloudy,0.47,27.3,WeekendDeal,None,82,70,-12
R009,2025-01-10,13,4,0,Cloudy,0.47,27.3,WeekendDeal,None,90,116,26
R009,2025-01-10,14,4,0,Cloudy,0.47,27.3,WeekendDeal,None,82,76,-6
R009,2025-01-10,15,4,0,Cloudy,0.47,27.3,WeekendDeal,None,61,59,-2
R009,2025-01-10,16,4,0,Cloudy,0.47,27.3,WeekendDeal,None,40,25,-15
R009,2025-01-10,17,4,0,Cloudy,0.47,27.3,WeekendDeal,None,30,33,3
R009,2025-01-10,18,4,0,Cloudy,0.47,27.3,WeekendDeal,None,39,49,10
R009,2025-01-10,19,4,0,Cloudy,0.47,27.3,WeekendDeal,None,61,68,7
R009,2025-01-10,20,4,0,Cloudy,0.47,27.3,WeekendDeal,None,73,73,0
R009,2025-01-10,21,4,0,Cloudy,0.47,27.3,WeekendDeal,None,59,72,13
R009,2025-01-10,22,4,0,Cloudy,0.47,27.3,WeekendDeal,None,32,30,-2
R009,2025-01-11,8,5,1,Cloudy,3.97,34.8,None,LocalEvent,9,9,0
R009,2025-01-11,9,5,1,Cloudy,3.97,34.8,None,LocalEvent,21,20,-1
R009,2025-01-11,10,5,1,Cloudy,3.97,34.8,None,LocalEvent,42,51,9
R009,2025-01-11,11,5,1,Cloudy,3.97,34.8,None,LocalEvent,69,85,16
R009,2025-01-11,12,5,1,Cloudy,3.97,34.8,None,LocalEvent,92,108,16
R009,2025-01-11,13,5,1,Cloudy,3.97,34.8,None,LocalEvent,102,94,-8
R009,2025-01-11,14,5,1,Cloudy,3.97,34.8,None,LocalEvent,92,82,-10
R009,2025-01-11,15,5,1,Cloudy,3.97,34.8,None,LocalEvent,69,75,6
R009,2025-01-11,16,5,1,Cloudy,3.97,34.8,None,LocalEvent,45,39,-6
R009,2025-01-11,17,5,1,Cloudy,3.97,34.8,None,LocalEvent,34,31,-3
R009,2025-01-11,18,5,1,Cloudy,3.97,34.8,None,LocalEvent,44,43,-1
R009,2025-01-11,19,5,1,Cloudy,3.97,34.8,None,LocalEvent,69,57,-12
R009,2025-01-11,20,5,1,Cloudy,3.97,34.8,None,LocalEvent,82,83,1
R009,2025-01-11,21,5,1,Cloudy,3.97,34.8,None,LocalEvent,66,68,2
R009,2025-01-11,22,5,1,Cloudy,3.97,34.8,None,LocalEvent,36,36,0
R009,2025-01-12,8,6,1,Rain,26.89,20.3,HappyHour,None,7,5,-2
R009,2025-01-12,9,6,1,Rain,26.89,20.3,HappyHour,None,17,17,0
R009,2025-01-12,10,6,1,Rain,26.89,20.3,HappyHour,None,33,35,2
R009,2025-01-12,11,6,1,Rain,26.89,20.3,HappyHour,None,54,61,7
R009,2025-01-12,12,6,1,Rain,26.89,20.3,HappyHour,None,73,50,-23
R009,2025-01-12,13,6,1,Rain,26.89,20.3,HappyHour,None,80,86,6
R009,2025-01-12,14,6,1,Rain,26.89,20.3,HappyHour,None,73,78,5
R009,2025-01-12,15,6,1,Rain,26.89,20.3,HappyHour,None,54,57,3
R009,2025-01-12,16,6,1,Rain,26.89,20.3,HappyHour,None,36,35,-1
R009,2025-01-12,17,6,1,Rain,26.89,20.3,HappyHour,None,27,28,1
R009,2025-01-12,18,6,1,Rain,26.89,20.3,HappyHour,None,35,40,5
R009,2025-01-12,19,6,1,Rain,26.89,20.3,HappyHour,None,54,41,-13
R009,2025-01-12,20,6,1,Rain,26.89,20.3,HappyHour,None,65,73,8
R009,2025-01-12,21,6,1,Rain,26.89,20.3,HappyHour,None,52,53,1
R009,2025-01-12,22,6,1,Rain,26.89,20.3,HappyHour,None,28,32,4
R009,2025-01-13,8,0,0,Clear,1.72,24.8,WeekendDeal,LocalEvent,8,7,-1
R009,2025-01-13,9,0,0,Clear,1.72,24.8,WeekendDeal,LocalEvent,20,16,-4
R009,2025-01-13,10,0,0,Clear,1.72,24.8,WeekendDeal,LocalEvent,40,44,4
R009,2025-01-13,11,0,0,Clear,1.72,24.8,WeekendDeal,LocalEvent,65,59,-6
R009,2025-01-13,12,0,0,Clear,1.72,24.8,WeekendDeal,LocalEvent,88,110,22
R009,2025-01-13,13,0,0,Clear,1.72,24.8,WeekendDeal,LocalEvent,96,100,4
R009,2025-01-13,14,0,0,Clear,1.72,24.8,WeekendDeal,LocalEvent,88,76,-12
R009,2025-01-13,15,0,0,Clear,1.72,24.8,WeekendDeal,LocalEvent,66,73,7
R009,2025-01-13,16,0,0,Clear,1.72,24.8,WeekendDeal,LocalEvent,43,40,-3
R009,2025-01-13,17,0,0,Clear,1.72,24.8,WeekendDeal,LocalEvent,32,43,11
R009,2025-01-13,18,0,0,Clear,1.72,24.8,WeekendDeal,LocalEvent,42,43,1
R009,2025-01-13,19,0,0,Clear,1.72,24.8,WeekendDeal,LocalEvent,66,72,6
R009,2025-01-13,20,0,0,Clear,1.72,24.8,WeekendDeal,LocalEvent,78,57,-21
R009,2025-01-13,21,0,0,Clear,1.72,24.8,WeekendDeal,LocalEvent,63,68,5
R009,2025-01-13,22,0,0,Clear,1.72,24.8,WeekendDeal,LocalEvent,34,33,-1
R009,2025-01-14,8,1,0,Clear,3.16,25.2,FestivalOffer,LocalEvent,9,11,2
R009,2025-01-14,9,1,0,Clear,3.16,25.2,FestivalOffer,LocalEvent,21,20,-1
R009,2025-01-14,10,1,0,Clear,3.16,25.2,FestivalOffer,LocalEvent,42,38,-4
R009,2025-01-14,11,1,0,Clear,3.16,25.2,FestivalOffer,LocalEvent,69,49,-20
R009,2025-01-14,12,1,0,Clear,3.16,25.2,FestivalOffer,LocalEvent,92,80,-12
R009,2025-01-14,13,1,0,Clear,3.16,25.2,FestivalOffer,LocalEvent,102,118,16
R009,2025-01-14,14,1,0,Clear,3.16,25.2,FestivalOffer,LocalEvent,92,99,7
R009,2025-01-14,15,1,0,Clear,3.16,25.2,FestivalOffer,LocalEvent,69,61,-8
R009,2025-01-14,16,1,0,Clear,3.16,25.2,FestivalOffer,LocalEvent,45,55,10
R009,2025-01-14,17,1,0,Clear,3.16,25.2,FestivalOffer,LocalEvent,34,37,3
R009,2025-01-14,18,1,0,Clear,3.16,25.2,FestivalOffer,LocalEvent,44,42,-2
R009,2025-01-14,19,1,0,Clear,3.16,25.2,FestivalOffer,LocalEvent,69,60,-9
R009,2025-01-14,20,1,0,Clear,3.16,25.2,FestivalOffer,LocalEvent,82,89,7
R009,2025-01-14,21,1,0,Clear,3.16,25.2,FestivalOffer,LocalEvent,66,53,-13
R009,2025-01-14,22,1,0,Clear,3.16,25.2,FestivalOffer,LocalEvent,36,37,1
R009,2025-01-15,8,2,0,Storm,17.82,30.8,WeekendDeal,None,5,5,0
R009,2025-01-15,9,2,0,Storm,17.82,30.8,WeekendDeal,None,12,13,1
R009,2025-01-15,10,2,0,Storm,17.82,30.8,WeekendDeal,None,24,21,-3
R009,2025-01-15,11,2,0,Storm,17.82,30.8,WeekendDeal,None,40,43,3
R009,2025-01-15,12,2,0,Storm,17.82,30.8,WeekendDeal,None,53,63,10
R009,2025-01-15,13,2,0,Storm,17.82,30.8,WeekendDeal,None,59,55,-4
R009,2025-01-15,14,2,0,Storm,17.82,30.8,WeekendDeal,None,53,56,3
R009,2025-01-15,15,2,0,Storm,17.82,30.8,WeekendDeal,None,40,46,6
R009,2025-01-15,16,2,0,Storm,17.82,30.8,WeekendDeal,None,26,27,1
R009,2025-01-15,17,2,0,Storm,17.82,30.8,WeekendDeal,None,20,15,-5
R009,2025-01-15,18,2,0,Storm,17.82,30.8,WeekendDeal,None,26,27,1
R009,2025-01-15,19,2,0,Storm,17.82,30.8,WeekendDeal,None,40,37,-3
R009,2025-01-15,20,2,0,Storm,17.82,30.8,WeekendDeal,None,47,65,18
R009,2025-01-15,21,2,0,Storm,17.82,30.8,WeekendDeal,None,38,42,4
R009,2025-01-15,22,2,0,Storm,17.82,30.8,WeekendDeal,None,21,21,0
R009,2025-01-16,8,3,0,Storm,29.87,22.9,HappyHour,None,5,5,0
R009,2025-01-16,9,3,0,Storm,29.87,22.9,HappyHour,None,12,11,-1
R009,2025-01-16,10,3,0,Storm,29.87,22.9,HappyHour,None,23,14,-9
R009,2025-01-16,11,3,0,Storm,29.87,22.9,HappyHour,None,38,40,2
R009,2025-01-16,12,3,0,Storm,29.87,22.9,HappyHour,None,51,58,7
R009,2025-01-16,13,3,0,Storm,29.87,22.9,HappyHour,None,57,58,1
R009,2025-01-16,14,3,0,Storm,29.87,22.9,HappyHour,None,51,52,1
R009,2025-01-16,15,3,0,Storm,29.87,22.9,HappyHour,None,39,52,13
R009,2025-01-16,16,3,0,Storm,29.87,22.9,HappyHour,None,25,26,1
R009,2025-01-16,17,3,0,Storm,29.87,22.9,HappyHour,None,19,22,3
R009,2025-01-16,18,3,0,Storm,29.87,22.9,HappyHour,None,25,28,3
R009,2025-01-16,19,3,0,Storm,29.87,22.9,HappyHour,None,38,33,-5
R009,2025-01-16,20,3,0,Storm,29.87,22.9,HappyHour,None,46,44,-2
R009,2025-01-16,21,3,0,Storm,29.87,22.9,HappyHour,None,37,40,3
R009,2025-01-16,22,3,0,Storm,29.87,22.9,HappyHour,None,20,22,2
R009,2025-01-17,8,4,0,Clear,1.66,21.1,None,SportsMatch,8,4,-4
R009,2025-01-17,9,4,0,Clear,1.66,21.1,None,SportsMatch,18,14,-4
R009,2025-01-17,10,4,0,Clear,1.66,21.1,None,SportsMatch,36,40,4
R009,2025-01-17,11,4,0,Clear,1.66,21.1,None,SportsMatch,59,62,3
R009,2025-01-17,12,4,0,Clear,1.66,21.1,None,SportsMatch,80,79,-1
R009,2025-01-17,13,4,0,Clear,1.66,21.1,None,SportsMatch,88,91,3
R009,2025-01-17,14,4,0,Clear,1.66,21.1,None,SportsMatch,80,84,4
R009,2025-01-17,15,4,0,Clear,1.66,21.1,None,SportsMatch,60,61,1
R009,2025-01-17,16,4,0,Clear,1.66,21.1,None,SportsMatch,39,31,-8
R009,2025-01-17,17,4,0,Clear,1.66,21.1,None,SportsMatch,29,25,-4
R009,2025-01-17,18,4,0,Clear,1.66,21.1,None,SportsMatch,38,34,-4
R009,2025-01-17,19,4,0,Clear,1.66,21.1,None,SportsMatch,60,70,10
R009,2025-01-17,20,4,0,Clear,1.66,21.1,None,SportsMatch,71,74,3
R009,2025-01-17,21,4,0,Clear,1.66,21.1,None,SportsMatch,57,61,4
R009,2025-01-17,22,4,0,Clear,1.66,21.1,None,SportsMatch,31,39,8
R009,2025-01-18,8,5,1,Clear,3.25,27.4,FestivalOffer,Festival,11,9,-2
R009,2025-01-18,9,5,1,Clear,3.25,27.4,FestivalOffer,Festival,27,28,1
R009,2025-01-18,10,5,1,Clear,3.25,27.4,FestivalOffer,Festival,53,53,0
R009,2025-01-18,11,5,1,Clear,3.25,27.4,FestivalOffer,Festival,87,111,24
R009,2025-01-18,12,5,1,Clear,3.25,27.4,FestivalOffer,Festival,117,113,-4
R009,2025-01-18,13,5,1,Clear,3.25,27.4,FestivalOffer,Festival,129,117,-12
R009,2025-01-18,14,5,1,Clear,3.25,27.4,FestivalOffer,Festival,117,87,-30
R009,2025-01-18,15,5,1,Clear,3.25,27.4,FestivalOffer,Festival,88,97,9
R009,2025-01-18,16,5,1,Clear,3.25,27.4,FestivalOffer,Festival,57,50,-7
R009,2025-01-18,17,5,1,Clear,3.25,27.4,FestivalOffer,Festival,43,39,-4
R009,2025-01-18,18,5,1,Clear,3.25,27.4,FestivalOffer,Festival,56,44,-12
R009,2025-01-18,19,5,1,Clear,3.25,27.4,FestivalOffer,Festival,88,89,1
R009,2025-01-18,20,5,1,Clear,3.25,27.4,FestivalOffer,Festival,104,141,37
R009,2025-01-18,21,5,1,Clear,3.25,27.4,FestivalOffer,Festival,84,101,17
R009,2025-01-18,22,5,1,Clear,3.25,27.4,FestivalOffer,Festival,45,38,-7
R009,2025-01-19,8,6,1,Storm,27.74,30.4,None,LocalEvent,6,6,0
R009,2025-01-19,9,6,1,Storm,27.74,30.4,None,LocalEvent,14,16,2
R009,2025-01-19,10,6,1,Storm,27.74,30.4,None,LocalEvent,27,34,7
R009,2025-01-19,11,6,1,Storm,27.74,30.4,None,LocalEvent,45,49,4
R009,2025-01-19,12,6,1,Storm,27.74,30.4,None,LocalEvent,60,55,-5
R009,2025-01-19,13,6,1,Storm,27.74,30.4,None,LocalEvent,66,58,-8
R009,2025-01-19,14,6,1,Storm,27.74,30.4,None,LocalEvent,60,45,-15
R009,2025-01-19,15,6,1,Storm,27.74,30.4,None,LocalEvent,45,46,1
R009,2025-01-19,16,6,1,Storm,27.74,30.4,None,LocalEvent,29,29,0
R009,2025-01-19,17,6,1,Storm,27.74,30.4,None,LocalEvent,22,19,-3
R009,2025-01-19,18,6,1,Storm,27.74,30.4,None,LocalEvent,29,24,-5
R009,2025-01-19,19,6,1,Storm,27.74,30.4,None,LocalEvent,45,44,-1
R009,2025-01-19,20,6,1,Storm,27.74,30.4,None,LocalEvent,53,60,7
R009,2025-01-19,21,6,1,Storm,27.74,30.4,None,LocalEvent,43,58,15
R009,2025-01-19,22,6,1,Storm,27.74,30.4,None,LocalEvent,23,22,-1
R009,2025-01-20,8,0,0,Clear,4.61,29.2,HappyHour,Festival,9,8,-1
R009,2025-01-20,9,0,0,Clear,4.61,29.2,HappyHour,Festival,21,21,0
R009,2025-01-20,10,0,0,Clear,4.61,29.2,HappyHour,Festival,42,41,-1
R009,2025-01-20,11,0,0,Clear,4.61,29.2,HappyHour,Festival,68,78,10
R009,2025-01-20,12,0,0,Clear,4.61,29.2,HappyHour,Festival,91,113,22
R009,2025-01-20,13,0,0,Clear,4.61,29.2,HappyHour,Festival,100,95,-5
R009,2025-01-20,14,0,0,Clear,4.61,29.2,HappyHour,Festival,91,86,-5
R009,2025-01-20,15,0,0,Clear,4.61,29.2,HappyHour,Festival,68,87,19
R009,2025-01-20,16,0,0,Clear,4.61,29.2,HappyHour,Festival,44,34,-10
R009,2025-01-20,17,0,0,Clear,4.61,29.2,HappyHour,Festival,33,32,-1
R009,2025-01-20,18,0,0,Clear,4.61,29.2,HappyHour,Festival,44,39,-5
R009,2025-01-20,19,0,0,Clear,4.61,29.2,HappyHour,Festival,68,68,0
R009,2025-01-20,20,0,0,Clear,4.61,29.2,HappyHour,Festival,81,97,16
R009,2025-01-20,21,0,0,Clear,4.61,29.2,HappyHour,Festival,65,41,-24
R009,2025-01-20,22,0,0,Clear,4.61,29.2,HappyHour,Festival,35,41,6
R009,2025-01-21,8,1,0,Storm,11.45,35.6,WeekendDeal,SportsMatch,6,8,2
R009,2025-01-21,9,1,0,Storm,11.45,35.6,WeekendDeal,SportsMatch,13,15,2
R009,2025-01-21,10,1,0,Storm,11.45,35.6,WeekendDeal,SportsMatch,27,25,-2
R009,2025-01-21,11,1,0,Storm,11.45,35.6,WeekendDeal,SportsMatch,43,53,10
R009,2025-01-21,12,1,0,Storm,11.45,35.6,WeekendDeal,SportsMatch,58,37,-21
R009,2025-01-21,13,1,0,Storm,11.45,35.6,WeekendDeal,SportsMatch,64,59,-5
R009,2025-01-21,14,1,0,Storm,11.45,35.6,WeekendDeal,SportsMatch,58,71,13
R009,2025-01-21,15,1,0,Storm,11.45,35.6,WeekendDeal,SportsMatch,44,45,1
R009,2025-01-21,16,1,0,Storm,11.45,35.6,WeekendDeal,SportsMatch,28,26,-2
R009,2025-01-21,17,1,0,Storm,11.45,35.6,WeekendDeal,SportsMatch,21,19,-2
R009,2025-01-21,18,1,0,Storm,11.45,35.6,WeekendDeal,SportsMatch,28,32,4
R009,2025-01-21,19,1,0,Storm,11.45,35.6,WeekendDeal,SportsMatch,43,32,-11
R009,2025-01-21,20,1,0,Storm,11.45,35.6,WeekendDeal,SportsMatch,52,48,-4
R009,2025-01-21,21,1,0,Storm,11.45,35.6,WeekendDeal,SportsMatch,42,47,5
R009,2025-01-21,22,1,0,Storm,11.45,35.6,WeekendDeal,SportsMatch,22,27,5
R009,2025-01-22,8,2,0,Clear,4.39,20.4,None,SportsMatch,8,6,-2
R009,2025-01-22,9,2,0,Clear,4.39,20.4,None,SportsMatch,18,14,-4
R009,2025-01-22,10,2,0,Clear,4.39,20.4,None,SportsMatch,36,33,-3
R009,2025-01-22,11,2,0,Clear,4.39,20.4,None,SportsMatch,59,61,2
R009,2025-01-22,12,2,0,Clear,4.39,20.4,None,SportsMatch,80,95,15
R009,2025-01-22,13,2,0,Clear,4.39,20.4,None,SportsMatch,88,77,-11
R009,2025-01-22,14,2,0,Clear,4.39,20.4,None,SportsMatch,80,82,2
R009,2025-01-22,15,2,0,Clear,4.39,20.4,None,SportsMatch,60,52,-8
R009,2025-01-22,16,2,0,Clear,4.39,20.4,None,SportsMatch,39,37,-2
R009,2025-01-22,17,2,0,Clear,4.39,20.4,None,SportsMatch,29,24,-5
R009,2025-01-22,18,2,0,Clear,4.39,20.4,None,SportsMatch,38,37,-1
R009,2025-01-22,19,2,0,Clear,4.39,20.4,None,SportsMatch,60,76,16
R009,2025-01-22,20,2,0,Clear,4.39,20.4,None,SportsMatch,71,70,-1
R009,2025-01-22,21,2,0,Clear,4.39,20.4,None,SportsMatch,57,67,10
R009,2025-01-22,22,2,0,Clear,4.39,20.4,None,SportsMatch,31,29,-2
R009,2025-01-23,8,3,0,Rain,7.01,33.3,HappyHour,LocalEvent,6,8,2
R009,2025-01-23,9,3,0,Rain,7.01,33.3,HappyHour,LocalEvent,15,16,1
R009,2025-01-23,10,3,0,Rain,7.01,33.3,HappyHour,LocalEvent,30,32,2
R009,2025-01-23,11,3,0,Rain,7.01,33.3,HappyHour,LocalEvent,49,48,-1
R009,2025-01-23,12,3,0,Rain,7.01,33.3,HappyHour,LocalEvent,66,67,1
R009,2025-01-23,13,3,0,Rain,7.01,33.3,HappyHour,LocalEvent,73,85,12
R009,2025-01-23,14,3,0,Rain,7.01,33.3,HappyHour,LocalEvent,66,86,20
R009,2025-01-23,15,3,0,Rain,7.01,33.3,HappyHour,LocalEvent,49,47,-2
R009,2025-01-23,16,3,0,Rain,7.01,33.3,HappyHour,LocalEvent,32,34,2
R009,2025-01-23,17,3,0,Rain,7.01,33.3,HappyHour,LocalEvent,24,24,0
R009,2025-01-23,18,3,0,Rain,7.01,33.3,HappyHour,LocalEvent,32,38,6
R009,2025-01-23,19,3,0,Rain,7.01,33.3,HappyHour,LocalEvent,49,49,0
R009,2025-01-23,20,3,0,Rain,7.01,33.3,HappyHour,LocalEvent,59,55,-4
R009,2025-01-23,21,3,0,Rain,7.01,33.3,HappyHour,LocalEvent,47,46,-1
R009,2025-01-23,22,3,0,Rain,7.01,33.3,HappyHour,LocalEvent,25,25,0
R009,2025-01-24,8,4,0,Clear,0.5,27.1,None,None,7,7,0
R009,2025-01-24,9,4,0,Clear,0.5,27.1,None,None,17,19,2
R009,2025-01-24,10,4,0,Clear,0.5,27.1,None,None,33,22,-11
R009,2025-01-24,11,4,0,Clear,0.5,27.1,None,None,54,58,4
R009,2025-01-24,12,4,0,Clear,0.5,27.1,None,None,73,65,-8
R009,2025-01-24,13,4,0,Clear,0.5,27.1,None,None,81,85,4
R009,2025-01-24,14,4,0,Clear,0.5,27.1,None,None,73,75,2
R009,2025-01-24,15,4,0,Clear,0.5,27.1,None,None,55,51,-4
R009,2025-01-24,16,4,0,Clear,0.5,27.1,None,None,36,35,-1
R009,2025-01-24,17,4,0,Clear,0.5,27.1,None,None,27,31,4
R009,2025-01-24,18,4,0,Clear,0.5,27.1,None,None,35,34,-1
R009,2025-01-24,19,4,0,Clear,0.5,27.1,None,None,55,46,-9
R009,2025-01-24,20,4,0,Clear,0.5,27.1,None,None,65,68,3
R009,2025-01-24,21,4,0,Clear,0.5,27.1,None,None,53,45,-8
R009,2025-01-24,22,4,0,Clear,0.5,27.1,None,None,28,25,-3
R009,2025-01-25,8,5,1,Rain,11.35,37.4,WeekendDeal,None,7,8,1
R009,2025-01-25,9,5,1,Rain,11.35,37.4,WeekendDeal,None,17,16,-1
R009,2025-01-25,10,5,1,Rain,11.35,37.4,WeekendDeal,None,34,42,8
R009,2025-01-25,11,5,1,Rain,11.35,37.4,WeekendDeal,None,56,45,-11
R009,2025-01-25,12,5,1,Rain,11.35,37.4,WeekendDeal,None,75,84,9
R009,2025-01-25,13,5,1,Rain,11.35,37.4,WeekendDeal,None,83,61,-22
R009,2025-01-25,14,5,1,Rain,11.35,37.4,WeekendDeal,None,75,81,6
R009,2025-01-25,15,5,1,Rain,11.35,37.4,WeekendDeal,None,56,44,-12
R009,2025-01-25,16,5,1,Rain,11.35,37.4,WeekendDeal,None,37,42,5
R009,2025-01-25,17,5,1,Rain,11.35,37.4,WeekendDeal,None,28,32,4
R009,2025-01-25,18,5,1,Rain,11.35,37.4,WeekendDeal,None,36,34,-2
R009,2025-01-25,19,5,1,Rain,11.35,37.4,WeekendDeal,None,56,67,11
R009,2025-01-25,20,5,1,Rain,11.35,37.4,WeekendDeal,None,67,71,4
R009,2025-01-25,21,5,1,Rain,11.35,37.4,WeekendDeal,None,54,54,0
R009,2025-01-25,22,5,1,Rain,11.35,37.4,WeekendDeal,None,29,27,-2
R009,2025-01-26,8,6,1,Storm,3.0,24.1,HappyHour,None,6,7,1
R009,2025-01-26,9,6,1,Storm,3.0,24.1,HappyHour,None,14,13,-1
R009,2025-01-26,10,6,1,Storm,3.0,24.1,HappyHour,None,28,22,-6
R009,2025-01-26,11,6,1,Storm,3.0,24.1,HappyHour,None,45,43,-2
R009,2025-01-26,12,6,1,Storm,3.0,24.1,HappyHour,None,60,75,15
R009,2025-01-26,13,6,1,Storm,3.0,24.1,HappyHour,None,67,75,8
R009,2025-01-26,14,6,1,Storm,3.0,24.1,HappyHour,None,60,55,-5
R009,2025-01-26,15,6,1,Storm,3.0,24.1,HappyHour,None,45,38,-7
R009,2025-01-26,16,6,1,Storm,3.0,24.1,HappyHour,None,30,38,8
R009,2025-01-26,17,6,1,Storm,3.0,24.1,HappyHour,None,22,24,2
R009,2025-01-26,18,6,1,Storm,3.0,24.1,HappyHour,None,29,26,-3
R009,2025-01-26,19,6,1,Storm,3.0,24.1,HappyHour,None,45,49,4
R009,2025-01-26,20,6,1,Storm,3.0,24.1,HappyHour,None,54,69,15
R009,2025-01-26,21,6,1,Storm,3.0,24.1,HappyHour,None,43,45,2
R009,2025-01-26,22,6,1,Storm,3.0,24.1,HappyHour,None,23,19,-4
R009,2025-01-27,8,0,0,Cloudy,1.42,21.0,FestivalOffer,Festival,10,4,-6
R009,2025-01-27,9,0,0,Cloudy,1.42,21.0,FestivalOffer,Festival,23,23,0
R009,2025-01-27,10,0,0,Cloudy,1.42,21.0,FestivalOffer,Festival,45,55,10
R009,2025-01-27,11,0,0,Cloudy,1.42,21.0,FestivalOffer,Festival,74,69,-5
R009,2025-01-27,12,0,0,Cloudy,1.42,21.0,FestivalOffer,Festival,99,98,-1
R009,2025-01-27,13,0,0,Cloudy,1.42,21.0,FestivalOffer,Festival,109,98,-11
R009,2025-01-27,14,0,0,Cloudy,1.42,21.0,FestivalOffer,Festival,99,116,17
R009,2025-01-27,15,0,0,Cloudy,1.42,21.0,FestivalOffer,Festival,74,62,-12
R009,2025-01-27,16,0,0,Cloudy,1.42,21.0,FestivalOffer,Festival,49,46,-3
R009,2025-01-27,17,0,0,Cloudy,1.42,21.0,FestivalOffer,Festival,37,38,1
R009,2025-01-27,18,0,0,Cloudy,1.42,21.0,FestivalOffer,Festival,48,40,-8
R009,2025-01-27,19,0,0,Cloudy,1.42,21.0,FestivalOffer,Festival,74,61,-13
R009,2025-01-27,20,0,0,Cloudy,1.42,21.0,FestivalOffer,Festival,88,90,2
R009,2025-01-27,21,0,0,Cloudy,1.42,21.0,FestivalOffer,Festival,71,63,-8
R009,2025-01-27,22,0,0,Cloudy,1.42,21.0,FestivalOffer,Festival,38,53,15
R009,2025-01-28,8,1,0,Clear,2.49,32.5,FestivalOffer,LocalEvent,9,9,0
R009,2025-01-28,9,1,0,Clear,2.49,32.5,FestivalOffer,LocalEvent,21,24,3
R009,2025-01-28,10,1,0,Clear,2.49,32.5,FestivalOffer,LocalEvent,42,54,12
R009,2025-01-28,11,1,0,Clear,2.49,32.5,FestivalOffer,LocalEvent,69,50,-19
R009,2025-01-28,12,1,0,Clear,2.49,32.5,FestivalOffer,LocalEvent,92,104,12
R009,2025-01-28,13,1,0,Clear,2.49,32.5,FestivalOffer,LocalEvent,102,103,1
R009,2025-01-28,14,1,0,Clear,2.49,32.5,FestivalOffer,LocalEvent,92,86,-6
R009,2025-01-28,15,1,0,Clear,2.49,32.5,FestivalOffer,LocalEvent,69,66,-3
R009,2025-01-28,16,1,0,Clear,2.49,32.5,FestivalOffer,LocalEvent,45,48,3
R009,2025-01-28,17,1,0,Clear,2.49,32.5,FestivalOffer,LocalEvent,34,38,4
R009,2025-01-28,18,1,0,Clear,2.49,32.5,FestivalOffer,LocalEvent,44,55,11
R009,2025-01-28,19,1,0,Clear,2.49,32.5,FestivalOffer,LocalEvent,69,79,10
R009,2025-01-28,20,1,0,Clear,2.49,32.5,FestivalOffer,LocalEvent,82,63,-19
R009,2025-01-28,21,1,0,Clear,2.49,32.5,FestivalOffer,LocalEvent,66,66,0
R009,2025-01-28,22,1,0,Clear,2.49,32.5,FestivalOffer,LocalEvent,36,39,3
R009,2025-01-29,8,2,0,Storm,8.05,34.2,WeekendDeal,SportsMatch,6,6,0
R009,2025-01-29,9,2,0,Storm,8.05,34.2,WeekendDeal,SportsMatch,13,12,-1
R009,2025-01-29,10,2,0,Storm,8.05,34.2,WeekendDeal,SportsMatch,27,17,-10
R009,2025-01-29,11,2,0,Storm,8.05,34.2,WeekendDeal,SportsMatch,43,48,5
R009,2025-01-29,12,2,0,Storm,8.05,34.2,WeekendDeal,SportsMatch,58,67,9
R009,2025-01-29,13,2,0,Storm,8.05,34.2,WeekendDeal,SportsMatch,64,44,-20
R009,2025-01-29,14,2,0,Storm,8.05,34.2,WeekendDeal,SportsMatch,58,68,10
R009,2025-01-29,15,2,0,Storm,8.05,34.2,WeekendDeal,SportsMatch,44,37,-7
R009,2025-01-29,16,2,0,Storm,8.05,34.2,WeekendDeal,SportsMatch,28,24,-4
R009,2025-01-29,17,2,0,Storm,8.05,34.2,WeekendDeal,SportsMatch,21,23,2
R009,2025-01-29,18,2,0,Storm,8.05,34.2,WeekendDeal,SportsMatch,28,26,-2
R009,2025-01-29,19,2,0,Storm,8.05,34.2,WeekendDeal,SportsMatch,43,34,-9
R009,2025-01-29,20,2,0,Storm,8.05,34.2,WeekendDeal,SportsMatch,52,41,-11
R009,2025-01-29,21,2,0,Storm,8.05,34.2,WeekendDeal,SportsMatch,42,47,5
R009,2025-01-29,22,2,0,Storm,8.05,34.2,WeekendDeal,SportsMatch,22,22,0
R009,2025-01-30,8,3,0,Clear,2.43,31.2,WeekendDeal,LocalEvent,8,7,-1
R009,2025-01-30,9,3,0,Clear,2.43,31.2,WeekendDeal,LocalEvent,20,26,6
R009,2025-01-30,10,3,0,Clear,2.43,31.2,WeekendDeal,LocalEvent,40,44,4
R009,2025-01-30,11,3,0,Clear,2.43,31.2,WeekendDeal,LocalEvent,65,81,16
R009,2025-01-30,12,3,0,Clear,2.43,31.2,WeekendDeal,LocalEvent,88,81,-7
R009,2025-01-30,13,3,0,Clear,2.43,31.2,WeekendDeal,LocalEvent,96,80,-16
R009,2025-01-30,14,3,0,Clear,2.43,31.2,WeekendDeal,LocalEvent,88,90,2
R009,2025-01-30,15,3,0,Clear,2.43,31.2,WeekendDeal,LocalEvent,66,46,-20
R009,2025-01-30,16,3,0,Clear,2.43,31.2,WeekendDeal,LocalEvent,43,33,-10
R009,2025-01-30,17,3,0,Clear,2.43,31.2,WeekendDeal,LocalEvent,32,27,-5
R009,2025-01-30,18,3,0,Clear,2.43,31.2,WeekendDeal,LocalEvent,42,39,-3
R009,2025-01-30,19,3,0,Clear,2.43,31.2,WeekendDeal,LocalEvent,66,60,-6
R009,2025-01-30,20,3,0,Clear,2.43,31.2,WeekendDeal,LocalEvent,78,73,-5
R009,2025-01-30,21,3,0,Clear,2.43,31.2,WeekendDeal,LocalEvent,63,67,4
R009,2025-01-30,22,3,0,Clear,2.43,31.2,WeekendDeal,LocalEvent,34,33,-1
R009,2025-01-31,8,4,0,Storm,33.13,32.1,WeekendDeal,Festival,6,7,1
R009,2025-01-31,9,4,0,Storm,33.13,32.1,WeekendDeal,Festival,14,16,2
R009,2025-01-31,10,4,0,Storm,33.13,32.1,WeekendDeal,Festival,28,27,-1
R009,2025-01-31,11,4,0,Storm,33.13,32.1,WeekendDeal,Festival,46,43,-3
R009,2025-01-31,12,4,0,Storm,33.13,32.1,WeekendDeal,Festival,61,60,-1
R009,2025-01-31,13,4,0,Storm,33.13,32.1,WeekendDeal,Festival,67,73,6
R009,2025-01-31,14,4,0,Storm,33.13,32.1,WeekendDeal,Festival,61,75,14
R009,2025-01-31,15,4,0,Storm,33.13,32.1,WeekendDeal,Festival,46,45,-1
R009,2025-01-31,16,4,0,Storm,33.13,32.1,WeekendDeal,Festival,30,37,7
R009,2025-01-31,17,4,0,Storm,33.13,32.1,WeekendDeal,Festival,23,25,2
R009,2025-01-31,18,4,0,Storm,33.13,32.1,WeekendDeal,Festival,29,33,4
R009,2025-01-31,19,4,0,Storm,33.13,32.1,WeekendDeal,Festival,46,43,-3
R009,2025-01-31,20,4,0,Storm,33.13,32.1,WeekendDeal,Festival,54,52,-2
R009,2025-01-31,21,4,0,Storm,33.13,32.1,WeekendDeal,Festival,44,55,11
R009,2025-01-31,22,4,0,Storm,33.13,32.1,WeekendDeal,Festival,24,28,4
R009,2025-02-01,8,5,1,Rain,4.92,37.6,FestivalOffer,LocalEvent,8,6,-2
R009,2025-02-01,9,5,1,Rain,4.92,37.6,FestivalOffer,LocalEvent,20,21,1
R009,2025-02-01,10,5,1,Rain,4.92,37.6,FestivalOffer,LocalEvent,39,39,0
R009,2025-02-01,11,5,1,Rain,4.92,37.6,FestivalOffer,LocalEvent,63,67,4
R009,2025-02-01,12,5,1,Rain,4.92,37.6,FestivalOffer,LocalEvent,85,99,14
R009,2025-02-01,13,5,1,Rain,4.92,37.6,FestivalOffer,LocalEvent,93,90,-3
R009,2025-02-01,14,5,1,Rain,4.92,37.6,FestivalOffer,LocalEvent,85,73,-12
R009,2025-02-01,15,5,1,Rain,4.92,37.6,FestivalOffer,LocalEvent,64,58,-6
R009,2025-02-01,16,5,1,Rain,4.92,37.6,FestivalOffer,LocalEvent,42,48,6
R009,2025-02-01,17,5,1,Rain,4.92,37.6,FestivalOffer,LocalEvent,31,38,7
R009,2025-02-01,18,5,1,Rain,4.92,37.6,FestivalOffer,LocalEvent,41,45,4
R009,2025-02-01,19,5,1,Rain,4.92,37.6,FestivalOffer,LocalEvent,64,68,4
R009,2025-02-01,20,5,1,Rain,4.92,37.6,FestivalOffer,LocalEvent,76,90,14
R009,2025-02-01,21,5,1,Rain,4.92,37.6,FestivalOffer,LocalEvent,61,65,4
R009,2025-02-01,22,5,1,Rain,4.92,37.6,FestivalOffer,LocalEvent,33,27,-6
R009,2025-02-02,8,6,1,Rain,29.94,23.4,FestivalOffer,None,8,9,1
R009,2025-02-02,9,6,1,Rain,29.94,23.4,FestivalOffer,None,18,20,2
R009,2025-02-02,10,6,1,Rain,29.94,23.4,FestivalOffer,None,36,25,-11
R009,2025-02-02,11,6,1,Rain,29.94,23.4,FestivalOffer,None,59,66,7
R009,2025-02-02,12,6,1,Rain,29.94,23.4,FestivalOffer,None,79,93,14
R009,2025-02-02,13,6,1,Rain,29.94,23.4,FestivalOffer,None,87,105,18
R009,2025-02-02,14,6,1,Rain,29.94,23.4,FestivalOffer,None,79,61,-18
R009,2025-02-02,15,6,1,Rain,29.94,23.4,FestivalOffer,None,60,54,-6
R009,2025-02-02,16,6,1,Rain,29.94,23.4,FestivalOffer,None,39,23,-16
R009,2025-02-02,17,6,1,Rain,29.94,23.4,FestivalOffer,None,29,33,4
R009,2025-02-02,18,6,1,Rain,29.94,23.4,FestivalOffer,None,38,35,-3
R009,2025-02-02,19,6,1,Rain,29.94,23.4,FestivalOffer,None,59,54,-5
R009,2025-02-02,20,6,1,Rain,29.94,23.4,FestivalOffer,None,71,62,-9
R009,2025-02-02,21,6,1,Rain,29.94,23.4,FestivalOffer,None,57,64,7
R009,2025-02-02,22,6,1,Rain,29.94,23.4,FestivalOffer,None,31,32,1
R009,2025-02-03,8,0,0,Storm,34.19,26.1,FestivalOffer,Festival,6,5,-1
R009,2025-02-03,9,0,0,Storm,34.19,26.1,FestivalOffer,Festival,15,11,-4
R009,2025-02-03,10,0,0,Storm,34.19,26.1,FestivalOffer,Festival,29,27,-2
R009,2025-02-03,11,0,0,Storm,34.19,26.1,FestivalOffer,Festival,48,42,-6
R009,2025-02-03,12,0,0,Storm,34.19,26.1,FestivalOffer,Festival,64,64,0
R009,2025-02-03,13,0,0,Storm,34.19,26.1,FestivalOffer,Festival,71,68,-3
R009,2025-02-03,14,0,0,Storm,34.19,26.1,FestivalOffer,Festival,64,88,24
R009,2025-02-03,15,0,0,Storm,34.19,26.1,FestivalOffer,Festival,48,51,3
R009,2025-02-03,16,0,0,Storm,34.19,26.1,FestivalOffer,Festival,32,26,-6
R009,2025-02-03,17,0,0,Storm,34.19,26.1,FestivalOffer,Festival,24,23,-1
R009,2025-02-03,18,0,0,Storm,34.19,26.1,FestivalOffer,Festival,31,30,-1
R009,2025-02-03,19,0,0,Storm,34.19,26.1,FestivalOffer,Festival,48,53,5
R009,2025-02-03,20,0,0,Storm,34.19,26.1,FestivalOffer,Festival,57,73,16
R009,2025-02-03,21,0,0,Storm,34.19,26.1,FestivalOffer,Festival,46,46,0
R009,2025-02-03,22,0,0,Storm,34.19,26.1,FestivalOffer,Festival,25,28,3
R009,2025-02-04,8,1,0,Storm,14.73,26.8,HappyHour,Festival,6,3,-3
R009,2025-02-04,9,1,0,Storm,14.73,26.8,HappyHour,Festival,14,16,2
R009,2025-02-04,10,1,0,Storm,14.73,26.8,HappyHour,Festival,27,28,1
R009,2025-02-04,11,1,0,Storm,14.73,26.8,HappyHour,Festival,44,39,-5
R009,2025-02-04,12,1,0,Storm,14.73,26.8,HappyHour,Festival,59,52,-7
R009,2025-02-04,13,1,0,Storm,14.73,26.8,HappyHour,Festival,65,66,1
R009,2025-02-04,14,1,0,Storm,14.73,26.8,HappyHour,Festival,59,70,11
R009,2025-02-04,15,1,0,Storm,14.73,26.8,HappyHour,Festival,44,47,3
R009,2025-02-04,16,1,0,Storm,14.73,26.8,HappyHour,Festival,29,26,-3
R009,2025-02-04,17,1,0,Storm,14.73,26.8,HappyHour,Festival,22,19,-3
R009,2025-02-04,18,1,0,Storm,14.73,26.8,HappyHour,Festival,28,23,-5
R009,2025-02-04,19,1,0,Storm,14.73,26.8,HappyHour,Festival,44,56,12
R009,2025-02-04,20,1,0,Storm,14.73,26.8,HappyHour,Festival,53,70,17
R009,2025-02-04,21,1,0,Storm,14.73,26.8,HappyHour,Festival,42,39,-3
R009,2025-02-04,22,1,0,Storm,14.73,26.8,HappyHour,Festival,23,24,1
R009,2025-02-05,8,2,0,Rain,6.18,36.6,WeekendDeal,SportsMatch,7,8,1
R009,2025-02-05,9,2,0,Rain,6.18,36.6,WeekendDeal,SportsMatch,16,16,0
R009,2025-02-05,10,2,0,Rain,6.18,36.6,WeekendDeal,SportsMatch,32,32,0
R009,2025-02-05,11,2,0,Rain,6.18,36.6,WeekendDeal,SportsMatch,52,41,-11
R009,2025-02-05,12,2,0,Rain,6.18,36.6,WeekendDeal,SportsMatch,70,77,7
R009,2025-02-05,13,2,0,Rain,6.18,36.6,WeekendDeal,SportsMatch,77,77,0
R009,2025-02-05,14,2,0,Rain,6.18,36.6,WeekendDeal,SportsMatch,70,71,1
R009,2025-02-05,15,2,0,Rain,6.18,36.6,WeekendDeal,SportsMatch,52,55,3
R009,2025-02-05,16,2,0,Rain,6.18,36.6,WeekendDeal,SportsMatch,34,26,-8
R009,2025-02-05,17,2,0,Rain,6.18,36.6,WeekendDeal,SportsMatch,26,33,7
R009,2025-02-05,18,2,0,Rain,6.18,36.6,WeekendDeal,SportsMatch,34,33,-1
R009,2025-02-05,19,2,0,Rain,6.18,36.6,WeekendDeal,SportsMatch,52,56,4
R009,2025-02-05,20,2,0,Rain,6.18,36.6,WeekendDeal,SportsMatch,62,78,16
R009,2025-02-05,21,2,0,Rain,6.18,36.6,WeekendDeal,SportsMatch,50,43,-7
R009,2025-02-05,22,2,0,Rain,6.18,36.6,WeekendDeal,SportsMatch,27,29,2
R009,2025-02-06,8,3,0,Cloudy,4.57,28.8,FestivalOffer,Festival,10,10,0
R009,2025-02-06,9,3,0,Cloudy,4.57,28.8,FestivalOffer,Festival,23,26,3
R009,2025-02-06,10,3,0,Cloudy,4.57,28.8,FestivalOffer,Festival,45,45,0
R009,2025-02-06,11,3,0,Cloudy,4.57,28.8,FestivalOffer,Festival,74,86,12
R009,2025-02-06,12,3,0,Cloudy,4.57,28.8,FestivalOffer,Festival,99,106,7
R009,2025-02-06,13,3,0,Cloudy,4.57,28.8,FestivalOffer,Festival,109,106,-3
R009,2025-02-06,14,3,0,Cloudy,4.57,28.8,FestivalOffer,Festival,99,107,8
R009,2025-02-06,15,3,0,Cloudy,4.57,28.8,FestivalOffer,Festival,74,85,11
R009,2025-02-06,16,3,0,Cloudy,4.57,28.8,FestivalOffer,Festival,49,49,0
R009,2025-02-06,17,3,0,Cloudy,4.57,28.8,FestivalOffer,Festival,37,38,1
R009,2025-02-06,18,3,0,Cloudy,4.57,28.8,FestivalOffer,Festival,48,53,5
R009,2025-02-06,19,3,0,Cloudy,4.57,28.8,FestivalOffer,Festival,74,52,-22
R009,2025-02-06,20,3,0,Cloudy,4.57,28.8,FestivalOffer,Festival,88,96,8
R009,2025-02-06,21,3,0,Cloudy,4.57,28.8,FestivalOffer,Festival,71,81,10
R009,2025-02-06,22,3,0,Cloudy,4.57,28.8,FestivalOffer,Festival,38,34,-4
R009,2025-02-07,8,4,0,Rain,29.72,30.4,None,Festival,6,6,0
R009,2025-02-07,9,4,0,Rain,29.72,30.4,None,Festival,15,12,-3
R009,2025-02-07,10,4,0,Rain,29.72,30.4,None,Festival,30,27,-3
R009,2025-02-07,11,4,0,Rain,29.72,30.4,None,Festival,49,48,-1
R009,2025-02-07,12,4,0,Rain,29.72,30.4,None,Festival,66,82,16
R009,2025-02-07,13,4,0,Rain,29.72,30.4,None,Festival,72,66,-6
R009,2025-02-07,14,4,0,Rain,29.72,30.4,None,Festival,66,67,1
R009,2025-02-07,15,4,0,Rain,29.72,30.4,None,Festival,49,51,2
R009,2025-02-07,16,4,0,Rain,29.72,30.4,None,Festival,32,33,1
R009,2025-02-07,17,4,0,Rain,29.72,30.4,None,Festival,24,24,0
R009,2025-02-07,18,4,0,Rain,29.72,30.4,None,Festival,32,33,1
R009,2025-02-07,19,4,0,Rain,29.72,30.4,None,Festival,49,47,-2
R009,2025-02-07,20,4,0,Rain,29.72,30.4,None,Festival,58,57,-1
R009,2025-02-07,21,4,0,Rain,29.72,30.4,None,Festival,47,60,13
R009,2025-02-07,22,4,0,Rain,29.72,30.4,None,Festival,25,26,1
R009,2025-02-08,8,5,1,Rain,28.12,23.0,FestivalOffer,Festival,9,12,3
R009,2025-02-08,9,5,1,Rain,28.12,23.0,FestivalOffer,Festival,21,16,-5
R009,2025-02-08,10,5,1,Rain,28.12,23.0,FestivalOffer,Festival,42,38,-4
R009,2025-02-08,11,5,1,Rain,28.12,23.0,FestivalOffer,Festival,68,72,4
R009,2025-02-08,12,5,1,Rain,28.12,23.0,FestivalOffer,Festival,91,117,26
R009,2025-02-08,13,5,1,Rain,28.12,23.0,FestivalOffer,Festival,100,96,-4
R009,2025-02-08,14,5,1,Rain,28.12,23.0,FestivalOffer,Festival,91,91,0
R009,2025-02-08,15,5,1,Rain,28.12,23.0,FestivalOffer,Festival,68,65,-3
R009,2025-02-08,16,5,1,Rain,28.12,23.0,FestivalOffer,Festival,45,52,7
R009,2025-02-08,17,5,1,Rain,28.12,23.0,FestivalOffer,Festival,34,30,-4
R009,2025-02-08,18,5,1,Rain,28.12,23.0,FestivalOffer,Festival,44,47,3
R009,2025-02-08,19,5,1,Rain,28.12,23.0,FestivalOffer,Festival,68,67,-1
R009,2025-02-08,20,5,1,Rain,28.12,23.0,FestivalOffer,Festival,81,90,9
R009,2025-02-08,21,5,1,Rain,28.12,23.0,FestivalOffer,Festival,66,60,-6
R009,2025-02-08,22,5,1,Rain,28.12,23.0,FestivalOffer,Festival,35,45,10
R009,2025-02-09,8,6,1,Clear,2.47,24.6,None,Festival,10,13,3
R009,2025-02-09,9,6,1,Clear,2.47,24.6,None,Festival,23,26,3
R009,2025-02-09,10,6,1,Clear,2.47,24.6,None,Festival,45,45,0
R009,2025-02-09,11,6,1,Clear,2.47,24.6,None,Festival,74,66,-8
R009,2025-02-09,12,6,1,Clear,2.47,24.6,None,Festival,99,96,-3
R009,2025-02-09,13,6,1,Clear,2.47,24.6,None,Festival,109,106,-3
R009,2025-02-09,14,6,1,Clear,2.47,24.6,None,Festival,99,119,20
R009,2025-02-09,15,6,1,Clear,2.47,24.6,None,Festival,74,58,-16
R009,2025-02-09,16,6,1,Clear,2.47,24.6,None,Festival,49,53,4
R009,2025-02-09,17,6,1,Clear,2.47,24.6,None,Festival,36,42,6
R009,2025-02-09,18,6,1,Clear,2.47,24.6,None,Festival,48,45,-3
R009,2025-02-09,19,6,1,Clear,2.47,24.6,None,Festival,74,82,8
R009,2025-02-09,20,6,1,Clear,2.47,24.6,None,Festival,88,91,3
R009,2025-02-09,21,6,1,Clear,2.47,24.6,None,Festival,71,89,18
R009,2025-02-09,22,6,1,Clear,2.47,24.6,None,Festival,38,30,-8
R009,2025-02-10,8,0,0,Cloudy,1.17,36.4,HappyHour,LocalEvent,8,11,3
R009,2025-02-10,9,0,0,Cloudy,1.17,36.4,HappyHour,LocalEvent,20,17,-3
R009,2025-02-10,10,0,0,Cloudy,1.17,36.4,HappyHour,LocalEvent,39,36,-3
R009,2025-02-10,11,0,0,Cloudy,1.17,36.4,HappyHour,LocalEvent,63,74,11
R009,2025-02-10,12,0,0,Cloudy,1.17,36.4,HappyHour,LocalEvent,84,64,-20
R009,2025-02-10,13,0,0,Cloudy,1.17,36.4,HappyHour,LocalEvent,93,81,-12
R009,2025-02-10,14,0,0,Cloudy,1.17,36.4,HappyHour,LocalEvent,84,112,28
R009,2025-02-10,15,0,0,Cloudy,1.17,36.4,HappyHour,LocalEvent,63,64,1
R009,2025-02-10,16,0,0,Cloudy,1.17,36.4,HappyHour,LocalEvent,41,52,11
R009,2025-02-10,17,0,0,Cloudy,1.17,36.4,HappyHour,LocalEvent,31,38,7
R009,2025-02-10,18,0,0,Cloudy,1.17,36.4,HappyHour,LocalEvent,41,39,-2
R009,2025-02-10,19,0,0,Cloudy,1.17,36.4,HappyHour,LocalEvent,63,68,5
R009,2025-02-10,20,0,0,Cloudy,1.17,36.4,HappyHour,LocalEvent,75,55,-20
R009,2025-02-10,21,0,0,Cloudy,1.17,36.4,HappyHour,LocalEvent,61,46,-15
R009,2025-02-10,22,0,0,Cloudy,1.17,36.4,HappyHour,LocalEvent,33,30,-3
R009,2025-02-11,8,1,0,Storm,34.08,24.9,None,LocalEvent,5,4,-1
R009,2025-02-11,9,1,0,Storm,34.08,24.9,None,LocalEvent,12,12,0
R009,2025-02-11,10,1,0,Storm,34.08,24.9,None,LocalEvent,23,33,10
R009,2025-02-11,11,1,0,Storm,34.08,24.9,None,LocalEvent,38,36,-2
R009,2025-02-11,12,1,0,Storm,34.08,24.9,None,LocalEvent,51,60,9
R009,2025-02-11,13,1,0,Storm,34.08,24.9,None,LocalEvent,56,51,-5
R009,2025-02-11,14,1,0,Storm,34.08,24.9,None,LocalEvent,51,48,-3
R009,2025-02-11,15,1,0,Storm,34.08,24.9,None,LocalEvent,38,41,3
R009,2025-02-11,16,1,0,Storm,34.08,24.9,None,LocalEvent,25,21,-4
R009,2025-02-11,17,1,0,Storm,34.08,24.9,None,LocalEvent,19,18,-1
R009,2025-02-11,18,1,0,Storm,34.08,24.9,None,LocalEvent,24,21,-3
R009,2025-02-11,19,1,0,Storm,34.08,24.9,None,LocalEvent,38,42,4
R009,2025-02-11,20,1,0,Storm,34.08,24.9,None,LocalEvent,45,39,-6
R009,2025-02-11,21,1,0,Storm,34.08,24.9,None,LocalEvent,37,35,-2
R009,2025-02-11,22,1,0,Storm,34.08,24.9,None,LocalEvent,20,18,-2
R009,2025-02-12,8,2,0,Rain,0.24,32.3,WeekendDeal,Festival,7,6,-1
R009,2025-02-12,9,2,0,Rain,0.24,32.3,WeekendDeal,Festival,17,13,-4
R009,2025-02-12,10,2,0,Rain,0.24,32.3,WeekendDeal,Festival,34,36,2
R009,2025-02-12,11,2,0,Rain,0.24,32.3,WeekendDeal,Festival,55,59,4
R009,2025-02-12,12,2,0,Rain,0.24,32.3,WeekendDeal,Festival,73,103,30
R009,2025-02-12,13,2,0,Rain,0.24,32.3,WeekendDeal,Festival,81,88,7
R009,2025-02-12,14,2,0,Rain,0.24,32.3,WeekendDeal,Festival,73,90,17
R009,2025-02-12,15,2,0,Rain,0.24,32.3,WeekendDeal,Festival,55,69,14
R009,2025-02-12,16,2,0,Rain,0.24,32.3,WeekendDeal,Festival,36,42,6
R009,2025-02-12,17,2,0,Rain,0.24,32.3,WeekendDeal,Festival,27,18,-9
R009,2025-02-12,18,2,0,Rain,0.24,32.3,WeekendDeal,Festival,35,29,-6
R009,2025-02-12,19,2,0,Rain,0.24,32.3,WeekendDeal,Festival,55,39,-16
R009,2025-02-12,20,2,0,Rain,0.24,32.3,WeekendDeal,Festival,65,56,-9
R009,2025-02-12,21,2,0,Rain,0.24,32.3,WeekendDeal,Festival,53,59,6
R009,2025-02-12,22,2,0,Rain,0.24,32.3,WeekendDeal,Festival,28,26,-2
R009,2025-02-13,8,3,0,Cloudy,3.15,26.3,HappyHour,Festival,9,8,-1
R009,2025-02-13,9,3,0,Cloudy,3.15,26.3,HappyHour,Festival,21,26,5
R009,2025-02-13,10,3,0,Cloudy,3.15,26.3,HappyHour,Festival,42,46,4
R009,2025-02-13,11,3,0,Cloudy,3.15,26.3,HappyHour,Festival,68,70,2
R009,2025-02-13,12,3,0,Cloudy,3.15,26.3,HappyHour,Festival,91,97,6
R009,2025-02-13,13,3,0,Cloudy,3.15,26.3,HappyHour,Festival,100,110,10
R009,2025-02-13,14,3,0,Cloudy,3.15,26.3,HappyHour,Festival,91,71,-20
R009,2025-02-13,15,3,0,Cloudy,3.15,26.3,HappyHour,Festival,68,71,3
R009,2025-02-13,16,3,0,Cloudy,3.15,26.3,HappyHour,Festival,44,46,2
R009,2025-02-13,17,3,0,Cloudy,3.15,26.3,HappyHour,Festival,33,33,0
R009,2025-02-13,18,3,0,Cloudy,3.15,26.3,HappyHour,Festival,44,44,0
R009,2025-02-13,19,3,0,Cloudy,3.15,26.3,HappyHour,Festival,68,73,5
R009,2025-02-13,20,3,0,Cloudy,3.15,26.3,HappyHour,Festival,81,80,-1
R009,2025-02-13,21,3,0,Cloudy,3.15,26.3,HappyHour,Festival,65,60,-5
R009,2025-02-13,22,3,0,Cloudy,3.15,26.3,HappyHour,Festival,35,40,5
R009,2025-02-14,8,4,0,Cloudy,1.82,27.4,FestivalOffer,LocalEvent,9,11,2
R009,2025-02-14,9,4,0,Cloudy,1.82,27.4,FestivalOffer,LocalEvent,21,20,-1
R009,2025-02-14,10,4,0,Cloudy,1.82,27.4,FestivalOffer,LocalEvent,42,22,-20
R009,2025-02-14,11,4,0,Cloudy,1.82,27.4,FestivalOffer,LocalEvent,69,76,7
R009,2025-02-14,12,4,0,Cloudy,1.82,27.4,FestivalOffer,LocalEvent,92,87,-5
R009,2025-02-14,13,4,0,Cloudy,1.82,27.4,FestivalOffer,LocalEvent,102,112,10
R009,2025-02-14,14,4,0,Cloudy,1.82,27.4,FestivalOffer,LocalEvent,92,88,-4
R009,2025-02-14,15,4,0,Cloudy,1.82,27.4,FestivalOffer,LocalEvent,69,65,-4
R009,2025-02-14,16,4,0,Cloudy,1.82,27.4,FestivalOffer,LocalEvent,45,37,-8
R009,2025-02-14,17,4,0,Cloudy,1.82,27.4,FestivalOffer,LocalEvent,34,34,0
R009,2025-02-14,18,4,0,Cloudy,1.82,27.4,FestivalOffer,LocalEvent,44,36,-8
R009,2025-02-14,19,4,0,Cloudy,1.82,27.4,FestivalOffer,LocalEvent,69,67,-2
R009,2025-02-14,20,4,0,Cloudy,1.82,27.4,FestivalOffer,LocalEvent,82,89,7
R009,2025-02-14,21,4,0,Cloudy,1.82,27.4,FestivalOffer,LocalEvent,66,68,2
R009,2025-02-14,22,4,0,Cloudy,1.82,27.4,FestivalOffer,LocalEvent,36,31,-5
R009,2025-02-15,8,5,1,Clear,1.46,23.2,FestivalOffer,Festival,11,12,1
R009,2025-02-15,9,5,1,Clear,1.46,23.2,FestivalOffer,Festival,27,32,5
R009,2025-02-15,10,5,1,Clear,1.46,23.2,FestivalOffer,Festival,53,66,13
R009,2025-02-15,11,5,1,Clear,1.46,23.2,FestivalOffer,Festival,87,79,-8
R009,2025-02-15,12,5,1,Clear,1.46,23.2,FestivalOffer,Festival,117,151,34
R009,2025-02-15,13,5,1,Clear,1.46,23.2,FestivalOffer,Festival,129,136,7
R009,2025-02-15,14,5,1,Clear,1.46,23.2,FestivalOffer,Festival,117,133,16
R009,2025-02-15,15,5,1,Clear,1.46,23.2,FestivalOffer,Festival,88,89,1
R009,2025-02-15,16,5,1,Clear,1.46,23.2,FestivalOffer,Festival,57,53,-4
R009,2025-02-15,17,5,1,Clear,1.46,23.2,FestivalOffer,Festival,43,50,7
R009,2025-02-15,18,5,1,Clear,1.46,23.2,FestivalOffer,Festival,56,54,-2
R009,2025-02-15,19,5,1,Clear,1.46,23.2,FestivalOffer,Festival,88,95,7
R009,2025-02-15,20,5,1,Clear,1.46,23.2,FestivalOffer,Festival,104,121,17
R009,2025-02-15,21,5,1,Clear,1.46,23.2,FestivalOffer,Festival,84,87,3
R009,2025-02-15,22,5,1,Clear,1.46,23.2,FestivalOffer,Festival,45,52,7
R009,2025-02-16,8,6,1,Storm,21.64,32.4,None,Festival,6,8,2
R009,2025-02-16,9,6,1,Storm,21.64,32.4,None,Festival,15,15,0
R009,2025-02-16,10,6,1,Storm,21.64,32.4,None,Festival,29,29,0
R009,2025-02-16,11,6,1,Storm,21.64,32.4,None,Festival,48,48,0
R009,2025-02-16,12,6,1,Storm,21.64,32.4,None,Festival,64,48,-16
R009,2025-02-16,13,6,1,Storm,21.64,32.4,None,Festival,71,86,15
R009,2025-02-16,14,6,1,Storm,21.64,32.4,None,Festival,64,69,5
R009,2025-02-16,15,6,1,Storm,21.64,32.4,None,Festival,48,56,8
R009,2025-02-16,16,6,1,Storm,21.64,32.4,None,Festival,32,30,-2
R009,2025-02-16,17,6,1,Storm,21.64,32.4,None,Festival,24,21,-3
R009,2025-02-16,18,6,1,Storm,21.64,32.4,None,Festival,31,36,5
R009,2025-02-16,19,6,1,Storm,21.64,32.4,None,Festival,48,50,2
R009,2025-02-16,20,6,1,Storm,21.64,32.4,None,Festival,57,56,-1
R009,2025-02-16,21,6,1,Storm,21.64,32.4,None,Festival,46,52,6
R009,2025-02-16,22,6,1,Storm,21.64,32.4,None,Festival,25,27,2
R009,2025-02-17,8,0,0,Clear,4.57,35.1,None,SportsMatch,8,9,1
R009,2025-02-17,9,0,0,Clear,4.57,35.1,None,SportsMatch,18,17,-1
R009,2025-02-17,10,0,0,Clear,4.57,35.1,None,SportsMatch,36,35,-1
R009,2025-02-17,11,0,0,Clear,4.57,35.1,None,SportsMatch,59,74,15
R009,2025-02-17,12,0,0,Clear,4.57,35.1,None,SportsMatch,80,78,-2
R009,2025-02-17,13,0,0,Clear,4.57,35.1,None,SportsMatch,88,93,5
R009,2025-02-17,14,0,0,Clear,4.57,35.1,None,SportsMatch,80,87,7
R009,2025-02-17,15,0,0,Clear,4.57,35.1,None,SportsMatch,60,58,-2
R009,2025-02-17,16,0,0,Clear,4.57,35.1,None,SportsMatch,39,44,5
R009,2025-02-17,17,0,0,Clear,4.57,35.1,None,SportsMatch,29,24,-5
R009,2025-02-17,18,0,0,Clear,4.57,35.1,None,SportsMatch,38,49,11
R009,2025-02-17,19,0,0,Clear,4.57,35.1,None,SportsMatch,60,57,-3
R009,2025-02-17,20,0,0,Clear,4.57,35.1,None,SportsMatch,71,74,3
R009,2025-02-17,21,0,0,Clear,4.57,35.1,None,SportsMatch,57,60,3
R009,2025-02-17,22,0,0,Clear,4.57,35.1,None,SportsMatch,31,32,1
R009,2025-02-18,8,1,0,Cloudy,4.39,37.1,HappyHour,Festival,9,8,-1
R009,2025-02-18,9,1,0,Cloudy,4.39,37.1,HappyHour,Festival,21,22,1
R009,2025-02-18,10,1,0,Cloudy,4.39,37.1,HappyHour,Festival,42,42,0
R009,2025-02-18,11,1,0,Cloudy,4.39,37.1,HappyHour,Festival,68,72,4
R009,2025-02-18,12,1,0,Cloudy,4.39,37.1,HappyHour,Festival,91,94,3
R009,2025-02-18,13,1,0,Cloudy,4.39,37.1,HappyHour,Festival,100,82,-18
R009,2025-02-18,14,1,0,Cloudy,4.39,37.1,HappyHour,Festival,91,72,-19
R009,2025-02-18,15,1,0,Cloudy,4.39,37.1,HappyHour,Festival,68,77,9
R009,2025-02-18,16,1,0,Cloudy,4.39,37.1,HappyHour,Festival,44,42,-2
R009,2025-02-18,17,1,0,Cloudy,4.39,37.1,HappyHour,Festival,33,35,2
R009,2025-02-18,18,1,0,Cloudy,4.39,37.1,HappyHour,Festival,44,42,-2
R009,2025-02-18,19,1,0,Cloudy,4.39,37.1,HappyHour,Festival,68,71,3
R009,2025-02-18,20,1,0,Cloudy,4.39,37.1,HappyHour,Festival,81,62,-19
R009,2025-02-18,21,1,0,Cloudy,4.39,37.1,HappyHour,Festival,65,78,13
R009,2025-02-18,22,1,0,Cloudy,4.39,37.1,HappyHour,Festival,35,33,-2
R009,2025-02-19,8,2,0,Rain,24.97,30.6,WeekendDeal,LocalEvent,7,7,0
R009,2025-02-19,9,2,0,Rain,24.97,30.6,WeekendDeal,LocalEvent,16,17,1
R009,2025-02-19,10,2,0,Rain,24.97,30.6,WeekendDeal,LocalEvent,31,25,-6
R009,2025-02-19,11,2,0,Rain,24.97,30.6,WeekendDeal,LocalEvent,51,50,-1
R009,2025-02-19,12,2,0,Rain,24.97,30.6,WeekendDeal,LocalEvent,68,50,-18
R009,2025-02-19,13,2,0,Rain,24.97,30.6,WeekendDeal,LocalEvent,75,95,20
R009,2025-02-19,14,2,0,Rain,24.97,30.6,WeekendDeal,LocalEvent,68,80,12
R009,2025-02-19,15,2,0,Rain,24.97,30.6,WeekendDeal,LocalEvent,51,48,-3
R009,2025-02-19,16,2,0,Rain,24.97,30.6,WeekendDeal,LocalEvent,33,32,-1
R009,2025-02-19,17,2,0,Rain,24.97,30.6,WeekendDeal,LocalEvent,25,21,-4
R009,2025-02-19,18,2,0,Rain,24.97,30.6,WeekendDeal,LocalEvent,33,30,-3
R009,2025-02-19,19,2,0,Rain,24.97,30.6,WeekendDeal,LocalEvent,51,41,-10
R009,2025-02-19,20,2,0,Rain,24.97,30.6,WeekendDeal,LocalEvent,61,55,-6
R009,2025-02-19,21,2,0,Rain,24.97,30.6,WeekendDeal,LocalEvent,49,38,-11
R009,2025-02-19,22,2,0,Rain,24.97,30.6,WeekendDeal,LocalEvent,26,16,-10
R009,2025-02-20,8,3,0,Cloudy,1.19,35.5,WeekendDeal,LocalEvent,8,8,0
R009,2025-02-20,9,3,0,Cloudy,1.19,35.5,WeekendDeal,LocalEvent,20,17,-3
R009,2025-02-20,10,3,0,Cloudy,1.19,35.5,WeekendDeal,LocalEvent,40,36,-4
R009,2025-02-20,11,3,0,Cloudy,1.19,35.5,WeekendDeal,LocalEvent,65,67,2
R009,2025-02-20,12,3,0,Cloudy,1.19,35.5,WeekendDeal,LocalEvent,88,99,11
R009,2025-02-20,13,3,0,Cloudy,1.19,35.5,WeekendDeal,LocalEvent,96,124,28
R009,2025-02-20,14,3,0,Cloudy,1.19,35.5,WeekendDeal,LocalEvent,88,91,3
R009,2025-02-20,15,3,0,Cloudy,1.19,35.5,WeekendDeal,LocalEvent,66,65,-1
R009,2025-02-20,16,3,0,Cloudy,1.19,35.5,WeekendDeal,LocalEvent,43,51,8
R009,2025-02-20,17,3,0,Cloudy,1.19,35.5,WeekendDeal,LocalEvent,32,30,-2
R009,2025-02-20,18,3,0,Cloudy,1.19,35.5,WeekendDeal,LocalEvent,42,32,-10
R009,2025-02-20,19,3,0,Cloudy,1.19,35.5,WeekendDeal,LocalEvent,66,55,-11
R009,2025-02-20,20,3,0,Cloudy,1.19,35.5,WeekendDeal,LocalEvent,78,89,11
R009,2025-02-20,21,3,0,Cloudy,1.19,35.5,WeekendDeal,LocalEvent,63,50,-13
R009,2025-02-20,22,3,0,Cloudy,1.19,35.5,WeekendDeal,LocalEvent,34,22,-12
R009,2025-02-21,8,4,0,Clear,1.74,23.7,WeekendDeal,SportsMatch,9,11,2
R009,2025-02-21,9,4,0,Clear,1.74,23.7,WeekendDeal,SportsMatch,21,23,2
R009,2025-02-21,10,4,0,Clear,1.74,23.7,WeekendDeal,SportsMatch,41,48,7
R009,2025-02-21,11,4,0,Clear,1.74,23.7,WeekendDeal,SportsMatch,67,50,-17
R009,2025-02-21,12,4,0,Clear,1.74,23.7,WeekendDeal,SportsMatch,89,91,2
R009,2025-02-21,13,4,0,Clear,1.74,23.7,WeekendDeal,SportsMatch,98,66,-32
R009,2025-02-21,14,4,0,Clear,1.74,23.7,WeekendDeal,SportsMatch,89,87,-2
R009,2025-02-21,15,4,0,Clear,1.74,23.7,WeekendDeal,SportsMatch,67,62,-5
R009,2025-02-21,16,4,0,Clear,1.74,23.7,WeekendDeal,SportsMatch,44,41,-3
R009,2025-02-21,17,4,0,Clear,1.74,23.7,WeekendDeal,SportsMatch,33,31,-2
R009,2025-02-21,18,4,0,Clear,1.74,23.7,WeekendDeal,SportsMatch,43,39,-4
R009,2025-02-21,19,4,0,Clear,1.74,23.7,WeekendDeal,SportsMatch,67,63,-4
R009,2025-02-21,20,4,0,Clear,1.74,23.7,WeekendDeal,SportsMatch,79,91,12
R009,2025-02-21,21,4,0,Clear,1.74,23.7,WeekendDeal,SportsMatch,64,56,-8
R009,2025-02-21,22,4,0,Clear,1.74,23.7,WeekendDeal,SportsMatch,34,36,2
R009,2025-02-22,8,5,1,Storm,14.39,21.8,FestivalOffer,Festival,7,9,2
R009,2025-02-22,9,5,1,Storm,14.39,21.8,FestivalOffer,Festival,18,22,4
R009,2025-02-22,10,5,1,Storm,14.39,21.8,FestivalOffer,Festival,35,35,0
R009,2025-02-22,11,5,1,Storm,14.39,21.8,FestivalOffer,Festival,57,58,1
R009,2025-02-22,12,5,1,Storm,14.39,21.8,FestivalOffer,Festival,76,94,18
R009,2025-02-22,13,5,1,Storm,14.39,21.8,FestivalOffer,Festival,84,91,7
R009,2025-02-22,14,5,1,Storm,14.39,21.8,FestivalOffer,Festival,76,84,8
R009,2025-02-22,15,5,1,Storm,14.39,21.8,FestivalOffer,Festival,57,60,3
R009,2025-02-22,16,5,1,Storm,14.39,21.8,FestivalOffer,Festival,37,29,-8
R009,2025-02-22,17,5,1,Storm,14.39,21.8,FestivalOffer,Festival,28,34,6
R009,2025-02-22,18,5,1,Storm,14.39,21.8,FestivalOffer,Festival,37,35,-2
R009,2025-02-22,19,5,1,Storm,14.39,21.8,FestivalOffer,Festival,57,54,-3
R009,2025-02-22,20,5,1,Storm,14.39,21.8,FestivalOffer,Festival,68,67,-1
R009,2025-02-22,21,5,1,Storm,14.39,21.8,FestivalOffer,Festival,55,50,-5
R009,2025-02-22,22,5,1,Storm,14.39,21.8,FestivalOffer,Festival,29,28,-1
R009,2025-02-23,8,6,1,Storm,5.6,21.1,FestivalOffer,None,6,6,0
R009,2025-02-23,9,6,1,Storm,5.6,21.1,FestivalOffer,None,15,14,-1
R009,2025-02-23,10,6,1,Storm,5.6,21.1,FestivalOffer,None,30,20,-10
R009,2025-02-23,11,6,1,Storm,5.6,21.1,FestivalOffer,None,49,45,-4
R009,2025-02-23,12,6,1,Storm,5.6,21.1,FestivalOffer,None,66,53,-13
R009,2025-02-23,13,6,1,Storm,5.6,21.1,FestivalOffer,None,73,94,21
R009,2025-02-23,14,6,1,Storm,5.6,21.1,FestivalOffer,None,66,63,-3
R009,2025-02-23,15,6,1,Storm,5.6,21.1,FestivalOffer,None,50,43,-7
R009,2025-02-23,16,6,1,Storm,5.6,21.1,FestivalOffer,None,32,30,-2
R009,2025-02-23,17,6,1,Storm,5.6,21.1,FestivalOffer,None,24,23,-1
R009,2025-02-23,18,6,1,Storm,5.6,21.1,FestivalOffer,None,32,37,5
R009,2025-02-23,19,6,1,Storm,5.6,21.1,FestivalOffer,None,50,37,-13
R009,2025-02-23,20,6,1,Storm,5.6,21.1,FestivalOffer,None,59,49,-10
R009,2025-02-23,21,6,1,Storm,5.6,21.1,FestivalOffer,None,48,43,-5
R009,2025-02-23,22,6,1,Storm,5.6,21.1,FestivalOffer,None,26,24,-2
R009,2025-02-24,8,0,0,Rain,15.41,29.5,FestivalOffer,LocalEvent,7,7,0
R009,2025-02-24,9,0,0,Rain,15.41,29.5,FestivalOffer,LocalEvent,17,18,1
R009,2025-02-24,10,0,0,Rain,15.41,29.5,FestivalOffer,LocalEvent,33,33,0
R009,2025-02-24,11,0,0,Rain,15.41,29.5,FestivalOffer,LocalEvent,54,46,-8
R009,2025-02-24,12,0,0,Rain,15.41,29.5,FestivalOffer,LocalEvent,72,73,1
R009,2025-02-24,13,0,0,Rain,15.41,29.5,FestivalOffer,LocalEvent,79,63,-16
R009,2025-02-24,14,0,0,Rain,15.41,29.5,FestivalOffer,LocalEvent,72,75,3
R009,2025-02-24,15,0,0,Rain,15.41,29.5,FestivalOffer,LocalEvent,54,67,13
R009,2025-02-24,16,0,0,Rain,15.41,29.5,FestivalOffer,LocalEvent,35,33,-2
R009,2025-02-24,17,0,0,Rain,15.41,29.5,FestivalOffer,LocalEvent,27,27,0
R009,2025-02-24,18,0,0,Rain,15.41,29.5,FestivalOffer,LocalEvent,35,39,4
R009,2025-02-24,19,0,0,Rain,15.41,29.5,FestivalOffer,LocalEvent,54,54,0
R009,2025-02-24,20,0,0,Rain,15.41,29.5,FestivalOffer,LocalEvent,64,79,15
R009,2025-02-24,21,0,0,Rain,15.41,29.5,FestivalOffer,LocalEvent,52,65,13
R009,2025-02-24,22,0,0,Rain,15.41,29.5,FestivalOffer,LocalEvent,28,32,4
R009,2025-02-25,8,1,0,Cloudy,4.85,30.4,HappyHour,Festival,9,10,1
R009,2025-02-25,9,1,0,Cloudy,4.85,30.4,HappyHour,Festival,21,20,-1
R009,2025-02-25,10,1,0,Cloudy,4.85,30.4,HappyHour,Festival,42,57,15
R009,2025-02-25,11,1,0,Cloudy,4.85,30.4,HappyHour,Festival,68,64,-4
R009,2025-02-25,12,1,0,Cloudy,4.85,30.4,HappyHour,Festival,91,108,17
R009,2025-02-25,13,1,0,Cloudy,4.85,30.4,HappyHour,Festival,100,85,-15
R009,2025-02-25,14,1,0,Cloudy,4.85,30.4,HappyHour,Festival,91,81,-10
R009,2025-02-25,15,1,0,Cloudy,4.85,30.4,HappyHour,Festival,68,78,10
R009,2025-02-25,16,1,0,Cloudy,4.85,30.4,HappyHour,Festival,44,50,6
R009,2025-02-25,17,1,0,Cloudy,4.85,30.4,HappyHour,Festival,33,36,3
R009,2025-02-25,18,1,0,Cloudy,4.85,30.4,HappyHour,Festival,44,41,-3
R009,2025-02-25,19,1,0,Cloudy,4.85,30.4,HappyHour,Festival,68,81,13
R009,2025-02-25,20,1,0,Cloudy,4.85,30.4,HappyHour,Festival,81,73,-8
R009,2025-02-25,21,1,0,Cloudy,4.85,30.4,HappyHour,Festival,65,60,-5
R009,2025-02-25,22,1,0,Cloudy,4.85,30.4,HappyHour,Festival,35,45,10
R009,2025-02-26,8,2,0,Storm,12.48,29.5,WeekendDeal,LocalEvent,5,5,0
R009,2025-02-26,9,2,0,Storm,12.48,29.5,WeekendDeal,LocalEvent,13,10,-3
R009,2025-02-26,10,2,0,Storm,12.48,29.5,WeekendDeal,LocalEvent,26,30,4
R009,2025-02-26,11,2,0,Storm,12.48,29.5,WeekendDeal,LocalEvent,42,46,4
R009,2025-02-26,12,2,0,Storm,12.48,29.5,WeekendDeal,LocalEvent,57,67,10
R009,2025-02-26,13,2,0,Storm,12.48,29.5,WeekendDeal,LocalEvent,63,58,-5
R009,2025-02-26,14,2,0,Storm,12.48,29.5,WeekendDeal,LocalEvent,57,65,8
R009,2025-02-26,15,2,0,Storm,12.48,29.5,WeekendDeal,LocalEvent,43,31,-12
R009,2025-02-26,16,2,0,Storm,12.48,29.5,WeekendDeal,LocalEvent,28,36,8
R009,2025-02-26,17,2,0,Storm,12.48,29.5,WeekendDeal,LocalEvent,21,15,-6
R009,2025-02-26,18,2,0,Storm,12.48,29.5,WeekendDeal,LocalEvent,27,30,3
R009,2025-02-26,19,2,0,Storm,12.48,29.5,WeekendDeal,LocalEvent,43,51,8
R009,2025-02-26,20,2,0,Storm,12.48,29.5,WeekendDeal,LocalEvent,51,52,1
R009,2025-02-26,21,2,0,Storm,12.48,29.5,WeekendDeal,LocalEvent,41,44,3
R009,2025-02-26,22,2,0,Storm,12.48,29.5,WeekendDeal,LocalEvent,22,21,-1
R009,2025-02-27,8,3,0,Cloudy,4.88,36.4,HappyHour,Festival,9,8,-1
R009,2025-02-27,9,3,0,Cloudy,4.88,36.4,HappyHour,Festival,21,19,-2
R009,2025-02-27,10,3,0,Cloudy,4.88,36.4,HappyHour,Festival,42,43,1
R009,2025-02-27,11,3,0,Cloudy,4.88,36.4,HappyHour,Festival,68,65,-3
R009,2025-02-27,12,3,0,Cloudy,4.88,36.4,HappyHour,Festival,91,103,12
R009,2025-02-27,13,3,0,Cloudy,4.88,36.4,HappyHour,Festival,100,91,-9
R009,2025-02-27,14,3,0,Cloudy,4.88,36.4,HappyHour,Festival,91,99,8
R009,2025-02-27,15,3,0,Cloudy,4.88,36.4,HappyHour,Festival,68,63,-5
R009,2025-02-27,16,3,0,Cloudy,4.88,36.4,HappyHour,Festival,44,46,2
R009,2025-02-27,17,3,0,Cloudy,4.88,36.4,HappyHour,Festival,33,21,-12
R009,2025-02-27,18,3,0,Cloudy,4.88,36.4,HappyHour,Festival,44,40,-4
R009,2025-02-27,19,3,0,Cloudy,4.88,36.4,HappyHour,Festival,68,37,-31
R009,2025-02-27,20,3,0,Cloudy,4.88,36.4,HappyHour,Festival,81,73,-8
R009,2025-02-27,21,3,0,Cloudy,4.88,36.4,HappyHour,Festival,65,90,25
R009,2025-02-27,22,3,0,Cloudy,4.88,36.4,HappyHour,Festival,35,33,-2
R009,2025-02-28,8,4,0,Storm,2.54,32.7,WeekendDeal,Festival,6,8,2
R009,2025-02-28,9,4,0,Storm,2.54,32.7,WeekendDeal,Festival,14,14,0
R009,2025-02-28,10,4,0,Storm,2.54,32.7,WeekendDeal,Festival,28,29,1
R009,2025-02-28,11,4,0,Storm,2.54,32.7,WeekendDeal,Festival,46,60,14
R009,2025-02-28,12,4,0,Storm,2.54,32.7,WeekendDeal,Festival,61,61,0
R009,2025-02-28,13,4,0,Storm,2.54,32.7,WeekendDeal,Festival,67,65,-2
R009,2025-02-28,14,4,0,Storm,2.54,32.7,WeekendDeal,Festival,61,58,-3
R009,2025-02-28,15,4,0,Storm,2.54,32.7,WeekendDeal,Festival,46,49,3
R009,2025-02-28,16,4,0,Storm,2.54,32.7,WeekendDeal,Festival,30,35,5
R009,2025-02-28,17,4,0,Storm,2.54,32.7,WeekendDeal,Festival,23,19,-4
R009,2025-02-28,18,4,0,Storm,2.54,32.7,WeekendDeal,Festival,29,28,-1
R009,2025-02-28,19,4,0,Storm,2.54,32.7,WeekendDeal,Festival,46,48,2
R009,2025-02-28,20,4,0,Storm,2.54,32.7,WeekendDeal,Festival,54,47,-7
R009,2025-02-28,21,4,0,Storm,2.54,32.7,WeekendDeal,Festival,44,43,-1
R009,2025-02-28,22,4,0,Storm,2.54,32.7,WeekendDeal,Festival,24,27,3
R009,2025-03-01,8,5,1,Rain,6.25,23.4,HappyHour,LocalEvent,7,9,2
R009,2025-03-01,9,5,1,Rain,6.25,23.4,HappyHour,LocalEvent,18,20,2
R009,2025-03-01,10,5,1,Rain,6.25,23.4,HappyHour,LocalEvent,36,39,3
R009,2025-03-01,11,5,1,Rain,6.25,23.4,HappyHour,LocalEvent,58,46,-12
R009,2025-03-01,12,5,1,Rain,6.25,23.4,HappyHour,LocalEvent,78,86,8
R009,2025-03-01,13,5,1,Rain,6.25,23.4,HappyHour,LocalEvent,86,94,8
R009,2025-03-01,14,5,1,Rain,6.25,23.4,HappyHour,LocalEvent,78,93,15
R009,2025-03-01,15,5,1,Rain,6.25,23.4,HappyHour,LocalEvent,58,72,14
R009,2025-03-01,16,5,1,Rain,6.25,23.4,HappyHour,LocalEvent,38,34,-4
R009,2025-03-01,17,5,1,Rain,6.25,23.4,HappyHour,LocalEvent,29,27,-2
R009,2025-03-01,18,5,1,Rain,6.25,23.4,HappyHour,LocalEvent,37,40,3
R009,2025-03-01,19,5,1,Rain,6.25,23.4,HappyHour,LocalEvent,58,61,3
R009,2025-03-01,20,5,1,Rain,6.25,23.4,HappyHour,LocalEvent,69,60,-9
R009,2025-03-01,21,5,1,Rain,6.25,23.4,HappyHour,LocalEvent,56,48,-8
R009,2025-03-01,22,5,1,Rain,6.25,23.4,HappyHour,LocalEvent,30,22,-8
R009,2025-03-02,8,6,1,Storm,18.53,21.8,FestivalOffer,LocalEvent,7,8,1
R009,2025-03-02,9,6,1,Storm,18.53,21.8,FestivalOffer,LocalEvent,16,13,-3
R009,2025-03-02,10,6,1,Storm,18.53,21.8,FestivalOffer,LocalEvent,32,32,0
R009,2025-03-02,11,6,1,Storm,18.53,21.8,FestivalOffer,LocalEvent,53,53,0
R009,2025-03-02,12,6,1,Storm,18.53,21.8,FestivalOffer,LocalEvent,71,63,-8
R009,2025-03-02,13,6,1,Storm,18.53,21.8,FestivalOffer,LocalEvent,78,89,11
R009,2025-03-02,14,6,1,Storm,18.53,21.8,FestivalOffer,LocalEvent,71,64,-7
R009,2025-03-02,15,6,1,Storm,18.53,21.8,FestivalOffer,LocalEvent,53,57,4
R009,2025-03-02,16,6,1,Storm,18.53,21.8,FestivalOffer,LocalEvent,35,28,-7
R009,2025-03-02,17,6,1,Storm,18.53,21.8,FestivalOffer,LocalEvent,26,22,-4
R009,2025-03-02,18,6,1,Storm,18.53,21.8,FestivalOffer,LocalEvent,34,41,7
R009,2025-03-02,19,6,1,Storm,18.53,21.8,FestivalOffer,LocalEvent,53,59,6
R009,2025-03-02,20,6,1,Storm,18.53,21.8,FestivalOffer,LocalEvent,63,44,-19
R009,2025-03-02,21,6,1,Storm,18.53,21.8,FestivalOffer,LocalEvent,51,48,-3
R009,2025-03-02,22,6,1,Storm,18.53,21.8,FestivalOffer,LocalEvent,27,23,-4
R009,2025-03-03,8,0,0,Storm,5.92,32.7,None,None,5,5,0
R009,2025-03-03,9,0,0,Storm,5.92,32.7,None,None,11,11,0
R009,2025-03-03,10,0,0,Storm,5.92,32.7,None,None,22,18,-4
R009,2025-03-03,11,0,0,Storm,5.92,32.7,None,None,35,33,-2
R009,2025-03-03,12,0,0,Storm,5.92,32.7,None,None,47,44,-3
R009,2025-03-03,13,0,0,Storm,5.92,32.7,None,None,52,49,-3
R009,2025-03-03,14,0,0,Storm,5.92,32.7,None,None,47,46,-1
R009,2025-03-03,15,0,0,Storm,5.92,32.7,None,None,36,38,2
R009,2025-03-03,16,0,0,Storm,5.92,32.7,None,None,23,21,-2
R009,2025-03-03,17,0,0,Storm,5.92,32.7,None,None,17,20,3
R009,2025-03-03,18,0,0,Storm,5.92,32.7,None,None,23,24,1
R009,2025-03-03,19,0,0,Storm,5.92,32.7,None,None,36,35,-1
R009,2025-03-03,20,0,0,Storm,5.92,32.7,None,None,42,37,-5
R009,2025-03-03,21,0,0,Storm,5.92,32.7,None,None,34,34,0
R009,2025-03-03,22,0,0,Storm,5.92,32.7,None,None,18,15,-3
R009,2025-03-04,8,1,0,Clear,0.76,21.5,HappyHour,LocalEvent,8,8,0
R009,2025-03-04,9,1,0,Clear,0.76,21.5,HappyHour,LocalEvent,20,25,5
R009,2025-03-04,10,1,0,Clear,0.76,21.5,HappyHour,LocalEvent,39,34,-5
R009,2025-03-04,11,1,0,Clear,0.76,21.5,HappyHour,LocalEvent,63,65,2
R009,2025-03-04,12,1,0,Clear,0.76,21.5,HappyHour,LocalEvent,84,73,-11
R009,2025-03-04,13,1,0,Clear,0.76,21.5,HappyHour,LocalEvent,93,100,7
R009,2025-03-04,14,1,0,Clear,0.76,21.5,HappyHour,LocalEvent,84,74,-10
R009,2025-03-04,15,1,0,Clear,0.76,21.5,HappyHour,LocalEvent,63,41,-22
R009,2025-03-04,16,1,0,Clear,0.76,21.5,HappyHour,LocalEvent,41,42,1
R009,2025-03-04,17,1,0,Clear,0.76,21.5,HappyHour,LocalEvent,31,27,-4
R009,2025-03-04,18,1,0,Clear,0.76,21.5,HappyHour,LocalEvent,41,40,-1
R009,2025-03-04,19,1,0,Clear,0.76,21.5,HappyHour,LocalEvent,63,63,0
R009,2025-03-04,20,1,0,Clear,0.76,21.5,HappyHour,LocalEvent,75,75,0
R009,2025-03-04,21,1,0,Clear,0.76,21.5,HappyHour,LocalEvent,61,67,6
R009,2025-03-04,22,1,0,Clear,0.76,21.5,HappyHour,LocalEvent,33,32,-1
R009,2025-03-05,8,2,0,Clear,1.53,32.6,FestivalOffer,None,8,8,0
R009,2025-03-05,9,2,0,Clear,1.53,32.6,FestivalOffer,None,20,18,-2
R009,2025-03-05,10,2,0,Clear,1.53,32.6,FestivalOffer,None,39,40,1
R009,2025-03-05,11,2,0,Clear,1.53,32.6,FestivalOffer,None,64,65,1
R009,2025-03-05,12,2,0,Clear,1.53,32.6,FestivalOffer,None,86,90,4
R009,2025-03-05,13,2,0,Clear,1.53,32.6,FestivalOffer,None,95,105,10
R009,2025-03-05,14,2,0,Clear,1.53,32.6,FestivalOffer,None,86,84,-2
R009,2025-03-05,15,2,0,Clear,1.53,32.6,FestivalOffer,None,65,87,22
R009,2025-03-05,16,2,0,Clear,1.53,32.6,FestivalOffer,None,42,53,11
R009,2025-03-05,17,2,0,Clear,1.53,32.6,FestivalOffer,None,32,37,5
R009,2025-03-05,18,2,0,Clear,1.53,32.6,FestivalOffer,None,42,35,-7
R009,2025-03-05,19,2,0,Clear,1.53,32.6,FestivalOffer,None,65,58,-7
R009,2025-03-05,20,2,0,Clear,1.53,32.6,FestivalOffer,None,77,75,-2
R009,2025-03-05,21,2,0,Clear,1.53,32.6,FestivalOffer,None,62,57,-5
R009,2025-03-05,22,2,0,Clear,1.53,32.6,FestivalOffer,None,33,21,-12
R009,2025-03-06,8,3,0,Clear,3.64,20.4,WeekendDeal,Festival,9,8,-1
R009,2025-03-06,9,3,0,Clear,3.64,20.4,WeekendDeal,Festival,22,21,-1
R009,2025-03-06,10,3,0,Clear,3.64,20.4,WeekendDeal,Festival,43,54,11
R009,2025-03-06,11,3,0,Clear,3.64,20.4,WeekendDeal,Festival,70,79,9
R009,2025-03-06,12,3,0,Clear,3.64,20.4,WeekendDeal,Festival,94,111,17
R009,2025-03-06,13,3,0,Clear,3.64,20.4,WeekendDeal,Festival,104,107,3
R009,2025-03-06,14,3,0,Clear,3.64,20.4,WeekendDeal,Festival,94,82,-12
R009,2025-03-06,15,3,0,Clear,3.64,20.4,WeekendDeal,Festival,71,54,-17
R009,2025-03-06,16,3,0,Clear,3.64,20.4,WeekendDeal,Festival,46,37,-9
R009,2025-03-06,17,3,0,Clear,3.64,20.4,WeekendDeal,Festival,35,34,-1
R009,2025-03-06,18,3,0,Clear,3.64,20.4,WeekendDeal,Festival,45,49,4
R009,2025-03-06,19,3,0,Clear,3.64,20.4,WeekendDeal,Festival,71,76,5
R009,2025-03-06,20,3,0,Clear,3.64,20.4,WeekendDeal,Festival,84,85,1
R009,2025-03-06,21,3,0,Clear,3.64,20.4,WeekendDeal,Festival,68,80,12
R009,2025-03-06,22,3,0,Clear,3.64,20.4,WeekendDeal,Festival,36,27,-9
R009,2025-03-07,8,4,0,Cloudy,3.77,27.7,FestivalOffer,SportsMatch,9,12,3
R009,2025-03-07,9,4,0,Cloudy,3.77,27.7,FestivalOffer,SportsMatch,22,27,5
R009,2025-03-07,10,4,0,Cloudy,3.77,27.7,FestivalOffer,SportsMatch,43,36,-7
R009,2025-03-07,11,4,0,Cloudy,3.77,27.7,FestivalOffer,SportsMatch,70,78,8
R009,2025-03-07,12,4,0,Cloudy,3.77,27.7,FestivalOffer,SportsMatch,94,93,-1
R009,2025-03-07,13,4,0,Cloudy,3.77,27.7,FestivalOffer,SportsMatch,104,125,21
R009,2025-03-07,14,4,0,Cloudy,3.77,27.7,FestivalOffer,SportsMatch,94,79,-15
R009,2025-03-07,15,4,0,Cloudy,3.77,27.7,FestivalOffer,SportsMatch,71,75,4
R009,2025-03-07,16,4,0,Cloudy,3.77,27.7,FestivalOffer,SportsMatch,46,50,4
R009,2025-03-07,17,4,0,Cloudy,3.77,27.7,FestivalOffer,SportsMatch,35,25,-10
R009,2025-03-07,18,4,0,Cloudy,3.77,27.7,FestivalOffer,SportsMatch,45,40,-5
R009,2025-03-07,19,4,0,Cloudy,3.77,27.7,FestivalOffer,SportsMatch,70,91,21
R009,2025-03-07,20,4,0,Cloudy,3.77,27.7,FestivalOffer,SportsMatch,84,83,-1
R009,2025-03-07,21,4,0,Cloudy,3.77,27.7,FestivalOffer,SportsMatch,68,64,-4
R009,2025-03-07,22,4,0,Cloudy,3.77,27.7,FestivalOffer,SportsMatch,36,45,9
R009,2025-03-08,8,5,1,Cloudy,0.64,31.7,FestivalOffer,SportsMatch,11,15,4
R009,2025-03-08,9,5,1,Cloudy,0.64,31.7,FestivalOffer,SportsMatch,26,31,5
R009,2025-03-08,10,5,1,Cloudy,0.64,31.7,FestivalOffer,SportsMatch,51,45,-6
R009,2025-03-08,11,5,1,Cloudy,0.64,31.7,FestivalOffer,SportsMatch,83,88,5
R009,2025-03-08,12,5,1,Cloudy,0.64,31.7,FestivalOffer,SportsMatch,111,105,-6
R009,2025-03-08,13,5,1,Cloudy,0.64,31.7,FestivalOffer,SportsMatch,122,112,-10
R009,2025-03-08,14,5,1,Cloudy,0.64,31.7,FestivalOffer,SportsMatch,111,122,11
R009,2025-03-08,15,5,1,Cloudy,0.64,31.7,FestivalOffer,SportsMatch,83,64,-19
R009,2025-03-08,16,5,1,Cloudy,0.64,31.7,FestivalOffer,SportsMatch,54,60,6
R009,2025-03-08,17,5,1,Cloudy,0.64,31.7,FestivalOffer,SportsMatch,41,39,-2
R009,2025-03-08,18,5,1,Cloudy,0.64,31.7,FestivalOffer,SportsMatch,53,47,-6
R009,2025-03-08,19,5,1,Cloudy,0.64,31.7,FestivalOffer,SportsMatch,83,77,-6
R009,2025-03-08,20,5,1,Cloudy,0.64,31.7,FestivalOffer,SportsMatch,99,119,20
R009,2025-03-08,21,5,1,Cloudy,0.64,31.7,FestivalOffer,SportsMatch,80,66,-14
R009,2025-03-08,22,5,1,Cloudy,0.64,31.7,FestivalOffer,SportsMatch,43,48,5
R009,2025-03-09,8,6,1,Storm,22.18,23.5,HappyHour,LocalEvent,6,4,-2
R009,2025-03-09,9,6,1,Storm,22.18,23.5,HappyHour,LocalEvent,15,16,1
R009,2025-03-09,10,6,1,Storm,22.18,23.5,HappyHour,LocalEvent,30,32,2
R009,2025-03-09,11,6,1,Storm,22.18,23.5,HappyHour,LocalEvent,48,66,18
R009,2025-03-09,12,6,1,Storm,22.18,23.5,HappyHour,LocalEvent,65,83,18
R009,2025-03-09,13,6,1,Storm,22.18,23.5,HappyHour,LocalEvent,71,63,-8
R009,2025-03-09,14,6,1,Storm,22.18,23.5,HappyHour,LocalEvent,65,68,3
R009,2025-03-09,15,6,1,Storm,22.18,23.5,HappyHour,LocalEvent,49,58,9
R009,2025-03-09,16,6,1,Storm,22.18,23.5,HappyHour,LocalEvent,32,31,-1
R009,2025-03-09,17,6,1,Storm,22.18,23.5,HappyHour,LocalEvent,24,23,-1
R009,2025-03-09,18,6,1,Storm,22.18,23.5,HappyHour,LocalEvent,31,31,0
R009,2025-03-09,19,6,1,Storm,22.18,23.5,HappyHour,LocalEvent,49,43,-6
R009,2025-03-09,20,6,1,Storm,22.18,23.5,HappyHour,LocalEvent,58,62,4
R009,2025-03-09,21,6,1,Storm,22.18,23.5,HappyHour,LocalEvent,47,37,-10
R009,2025-03-09,22,6,1,Storm,22.18,23.5,HappyHour,LocalEvent,25,20,-5
R009,2025-03-10,8,0,0,Rain,2.46,32.1,WeekendDeal,SportsMatch,7,10,3
R009,2025-03-10,9,0,0,Rain,2.46,32.1,WeekendDeal,SportsMatch,16,13,-3
R009,2025-03-10,10,0,0,Rain,2.46,32.1,WeekendDeal,SportsMatch,32,31,-1
R009,2025-03-10,11,0,0,Rain,2.46,32.1,WeekendDeal,SportsMatch,52,43,-9
R009,2025-03-10,12,0,0,Rain,2.46,32.1,WeekendDeal,SportsMatch,70,46,-24
R009,2025-03-10,13,0,0,Rain,2.46,32.1,WeekendDeal,SportsMatch,77,83,6
R009,2025-03-10,14,0,0,Rain,2.46,32.1,WeekendDeal,SportsMatch,70,83,13
R009,2025-03-10,15,0,0,Rain,2.46,32.1,WeekendDeal,SportsMatch,52,48,-4
R009,2025-03-10,16,0,0,Rain,2.46,32.1,WeekendDeal,SportsMatch,34,33,-1
R009,2025-03-10,17,0,0,Rain,2.46,32.1,WeekendDeal,SportsMatch,26,28,2
R009,2025-03-10,18,0,0,Rain,2.46,32.1,WeekendDeal,SportsMatch,34,37,3
R009,2025-03-10,19,0,0,Rain,2.46,32.1,WeekendDeal,SportsMatch,52,70,18
R009,2025-03-10,20,0,0,Rain,2.46,32.1,WeekendDeal,SportsMatch,62,51,-11
R009,2025-03-10,21,0,0,Rain,2.46,32.1,WeekendDeal,SportsMatch,50,54,4
R009,2025-03-10,22,0,0,Rain,2.46,32.1,WeekendDeal,SportsMatch,27,33,6
R009,2025-03-11,8,1,0,Rain,10.51,32.9,FestivalOffer,SportsMatch,7,7,0
R009,2025-03-11,9,1,0,Rain,10.51,32.9,FestivalOffer,SportsMatch,17,17,0
R009,2025-03-11,10,1,0,Rain,10.51,32.9,FestivalOffer,SportsMatch,34,27,-7
R009,2025-03-11,11,1,0,Rain,10.51,32.9,FestivalOffer,SportsMatch,55,57,2
R009,2025-03-11,12,1,0,Rain,10.51,32.9,FestivalOffer,SportsMatch,73,80,7
R009,2025-03-11,13,1,0,Rain,10.51,32.9,FestivalOffer,SportsMatch,81,80,-1
R009,2025-03-11,14,1,0,Rain,10.51,32.9,FestivalOffer,SportsMatch,73,65,-8
R009,2025-03-11,15,1,0,Rain,10.51,32.9,FestivalOffer,SportsMatch,55,54,-1
R009,2025-03-11,16,1,0,Rain,10.51,32.9,FestivalOffer,SportsMatch,36,39,3
R009,2025-03-11,17,1,0,Rain,10.51,32.9,FestivalOffer,SportsMatch,27,28,1
R009,2025-03-11,18,1,0,Rain,10.51,32.9,FestivalOffer,SportsMatch,35,43,8
R009,2025-03-11,19,1,0,Rain,10.51,32.9,FestivalOffer,SportsMatch,55,49,-6
R009,2025-03-11,20,1,0,Rain,10.51,32.9,FestivalOffer,SportsMatch,65,72,7
R009,2025-03-11,21,1,0,Rain,10.51,32.9,FestivalOffer,SportsMatch,53,65,12
R009,2025-03-11,22,1,0,Rain,10.51,32.9,FestivalOffer,SportsMatch,28,26,-2
R009,2025-03-12,8,2,0,Rain,14.55,21.7,None,SportsMatch,6,4,-2
R009,2025-03-12,9,2,0,Rain,14.55,21.7,None,SportsMatch,14,13,-1
R009,2025-03-12,10,2,0,Rain,14.55,21.7,None,SportsMatch,28,33,5
R009,2025-03-12,11,2,0,Rain,14.55,21.7,None,SportsMatch,46,50,4
R009,2025-03-12,12,2,0,Rain,14.55,21.7,None,SportsMatch,62,56,-6
R009,2025-03-12,13,2,0,Rain,14.55,21.7,None,SportsMatch,68,64,-4
R009,2025-03-12,14,2,0,Rain,14.55,21.7,None,SportsMatch,62,64,2
R009,2025-03-12,15,2,0,Rain,14.55,21.7,None,SportsMatch,47,46,-1
R009,2025-03-12,16,2,0,Rain,14.55,21.7,None,SportsMatch,30,23,-7
R009,2025-03-12,17,2,0,Rain,14.55,21.7,None,SportsMatch,23,25,2
R009,2025-03-12,18,2,0,Rain,14.55,21.7,None,SportsMatch,30,31,1
R009,2025-03-12,19,2,0,Rain,14.55,21.7,None,SportsMatch,47,45,-2
R009,2025-03-12,20,2,0,Rain,14.55,21.7,None,SportsMatch,55,50,-5
R009,2025-03-12,21,2,0,Rain,14.55,21.7,None,SportsMatch,45,53,8
R009,2025-03-12,22,2,0,Rain,14.55,21.7,None,SportsMatch,24,30,6
R009,2025-03-13,8,3,0,Clear,2.34,24.1,FestivalOffer,LocalEvent,9,10,1
R009,2025-03-13,9,3,0,Clear,2.34,24.1,FestivalOffer,LocalEvent,21,20,-1
R009,2025-03-13,10,3,0,Clear,2.34,24.1,FestivalOffer,LocalEvent,42,45,3
R009,2025-03-13,11,3,0,Clear,2.34,24.1,FestivalOffer,LocalEvent,69,74,5
R009,2025-03-13,12,3,0,Clear,2.34,24.1,FestivalOffer,LocalEvent,92,116,24
R009,2025-03-13,13,3,0,Clear,2.34,24.1,FestivalOffer,LocalEvent,102,70,-32
R009,2025-03-13,14,3,0,Clear,2.34,24.1,FestivalOffer,LocalEvent,92,88,-4
R009,2025-03-13,15,3,0,Clear,2.34,24.1,FestivalOffer,LocalEvent,69,54,-15
R009,2025-03-13,16,3,0,Clear,2.34,24.1,FestivalOffer,LocalEvent,45,40,-5
R009,2025-03-13,17,3,0,Clear,2.34,24.1,FestivalOffer,LocalEvent,34,32,-2
R009,2025-03-13,18,3,0,Clear,2.34,24.1,FestivalOffer,LocalEvent,44,44,0
R009,2025-03-13,19,3,0,Clear,2.34,24.1,FestivalOffer,LocalEvent,69,78,9
R009,2025-03-13,20,3,0,Clear,2.34,24.1,FestivalOffer,LocalEvent,82,84,2
R009,2025-03-13,21,3,0,Clear,2.34,24.1,FestivalOffer,LocalEvent,66,68,2
R009,2025-03-13,22,3,0,Clear,2.34,24.1,FestivalOffer,LocalEvent,36,39,3
R009,2025-03-14,8,4,0,Rain,19.73,33.5,WeekendDeal,None,6,7,1
R009,2025-03-14,9,4,0,Rain,19.73,33.5,WeekendDeal,None,15,16,1
R009,2025-03-14,10,4,0,Rain,19.73,33.5,WeekendDeal,None,29,27,-2
R009,2025-03-14,11,4,0,Rain,19.73,33.5,WeekendDeal,None,48,38,-10
R009,2025-03-14,12,4,0,Rain,19.73,33.5,WeekendDeal,None,64,61,-3
R009,2025-03-14,13,4,0,Rain,19.73,33.5,WeekendDeal,None,70,58,-12
R009,2025-03-14,14,4,0,Rain,19.73,33.5,WeekendDeal,None,64,39,-25
R009,2025-03-14,15,4,0,Rain,19.73,33.5,WeekendDeal,None,48,43,-5
R009,2025-03-14,16,4,0,Rain,19.73,33.5,WeekendDeal,None,31,30,-1
R009,2025-03-14,17,4,0,Rain,19.73,33.5,WeekendDeal,None,24,21,-3
R009,2025-03-14,18,4,0,Rain,19.73,33.5,WeekendDeal,None,31,36,5
R009,2025-03-14,19,4,0,Rain,19.73,33.5,WeekendDeal,None,48,42,-6
R009,2025-03-14,20,4,0,Rain,19.73,33.5,WeekendDeal,None,57,52,-5
R009,2025-03-14,21,4,0,Rain,19.73,33.5,WeekendDeal,None,46,54,8
R009,2025-03-14,22,4,0,Rain,19.73,33.5,WeekendDeal,None,25,27,2
R009,2025-03-15,8,5,1,Clear,0.18,26.9,None,None,8,6,-2
R009,2025-03-15,9,5,1,Clear,0.18,26.9,None,None,20,23,3
R009,2025-03-15,10,5,1,Clear,0.18,26.9,None,None,39,38,-1
R009,2025-03-15,11,5,1,Clear,0.18,26.9,None,None,64,77,13
R009,2025-03-15,12,5,1,Clear,0.18,26.9,None,None,86,95,9
R009,2025-03-15,13,5,1,Clear,0.18,26.9,None,None,95,102,7
R009,2025-03-15,14,5,1,Clear,0.18,26.9,None,None,86,80,-6
R009,2025-03-15,15,5,1,Clear,0.18,26.9,None,None,65,86,21
R009,2025-03-15,16,5,1,Clear,0.18,26.9,None,None,42,48,6
R009,2025-03-15,17,5,1,Clear,0.18,26.9,None,None,32,35,3
R009,2025-03-15,18,5,1,Clear,0.18,26.9,None,None,41,39,-2
R009,2025-03-15,19,5,1,Clear,0.18,26.9,None,None,65,70,5
R009,2025-03-15,20,5,1,Clear,0.18,26.9,None,None,77,71,-6
R009,2025-03-15,21,5,1,Clear,0.18,26.9,None,None,62,44,-18
R009,2025-03-15,22,5,1,Clear,0.18,26.9,None,None,33,32,-1
R009,2025-03-16,8,6,1,Storm,2.92,35.3,None,Festival,6,6,0
R009,2025-03-16,9,6,1,Storm,2.92,35.3,None,Festival,15,18,3
R009,2025-03-16,10,6,1,Storm,2.92,35.3,None,Festival,29,28,-1
R009,2025-03-16,11,6,1,Storm,2.92,35.3,None,Festival,48,40,-8
R009,2025-03-16,12,6,1,Storm,2.92,35.3,None,Festival,64,62,-2
R009,2025-03-16,13,6,1,Storm,2.92,35.3,None,Festival,71,73,2
R009,2025-03-16,14,6,1,Storm,2.92,35.3,None,Festival,64,69,5
R009,2025-03-16,15,6,1,Storm,2.92,35.3,None,Festival,48,43,-5
R009,2025-03-16,16,6,1,Storm,2.92,35.3,None,Festival,32,36,4
R009,2025-03-16,17,6,1,Storm,2.92,35.3,None,Festival,24,21,-3
R009,2025-03-16,18,6,1,Storm,2.92,35.3,None,Festival,31,33,2
R009,2025-03-16,19,6,1,Storm,2.92,35.3,None,Festival,48,46,-2
R009,2025-03-16,20,6,1,Storm,2.92,35.3,None,Festival,57,61,4
R009,2025-03-16,21,6,1,Storm,2.92,35.3,None,Festival,46,37,-9
R009,2025-03-16,22,6,1,Storm,2.92,35.3,None,Festival,25,27,2
R009,2025-03-17,8,0,0,Storm,25.61,23.9,HappyHour,None,5,0,-5
R009,2025-03-17,9,0,0,Storm,25.61,23.9,HappyHour,None,12,14,2
R009,2025-03-17,10,0,0,Storm,25.61,23.9,HappyHour,None,23,27,4
R009,2025-03-17,11,0,0,Storm,25.61,23.9,HappyHour,None,38,32,-6
R009,2025-03-17,12,0,0,Storm,25.61,23.9,HappyHour,None,51,53,2
R009,2025-03-17,13,0,0,Storm,25.61,23.9,HappyHour,None,57,50,-7
R009,2025-03-17,14,0,0,Storm,25.61,23.9,HappyHour,None,51,65,14
R009,2025-03-17,15,0,0,Storm,25.61,23.9,HappyHour,None,39,49,10
R009,2025-03-17,16,0,0,Storm,25.61,23.9,HappyHour,None,25,23,-2
R009,2025-03-17,17,0,0,Storm,25.61,23.9,HappyHour,None,19,23,4
R009,2025-03-17,18,0,0,Storm,25.61,23.9,HappyHour,None,25,27,2
R009,2025-03-17,19,0,0,Storm,25.61,23.9,HappyHour,None,38,34,-4
R009,2025-03-17,20,0,0,Storm,25.61,23.9,HappyHour,None,46,32,-14
R009,2025-03-17,21,0,0,Storm,25.61,23.9,HappyHour,None,37,49,12
R009,2025-03-17,22,0,0,Storm,25.61,23.9,HappyHour,None,20,19,-1
R009,2025-03-18,8,1,0,Storm,4.37,36.1,HappyHour,None,5,5,0
R009,2025-03-18,9,1,0,Storm,4.37,36.1,HappyHour,None,12,13,1
R009,2025-03-18,10,1,0,Storm,4.37,36.1,HappyHour,None,23,25,2
R009,2025-03-18,11,1,0,Storm,4.37,36.1,HappyHour,None,38,39,1
R009,2025-03-18,12,1,0,Storm,4.37,36.1,HappyHour,None,51,49,-2
R009,2025-03-18,13,1,0,Storm,4.37,36.1,HappyHour,None,57,59,2
R009,2025-03-18,14,1,0,Storm,4.37,36.1,HappyHour,None,51,43,-8
R009,2025-03-18,15,1,0,Storm,4.37,36.1,HappyHour,None,39,26,-13
R009,2025-03-18,16,1,0,Storm,4.37,36.1,HappyHour,None,25,21,-4
R009,2025-03-18,17,1,0,Storm,4.37,36.1,HappyHour,None,19,20,1
R009,2025-03-18,18,1,0,Storm,4.37,36.1,HappyHour,None,25,29,4
R009,2025-03-18,19,1,0,Storm,4.37,36.1,HappyHour,None,38,28,-10
R009,2025-03-18,20,1,0,Storm,4.37,36.1,HappyHour,None,46,45,-1
R009,2025-03-18,21,1,0,Storm,4.37,36.1,HappyHour,None,37,40,3
R009,2025-03-18,22,1,0,Storm,4.37,36.1,HappyHour,None,20,24,4
R009,2025-03-19,8,2,0,Clear,2.88,27.0,FestivalOffer,LocalEvent,9,7,-2
R009,2025-03-19,9,2,0,Clear,2.88,27.0,FestivalOffer,LocalEvent,21,19,-2
R009,2025-03-19,10,2,0,Clear,2.88,27.0,FestivalOffer,LocalEvent,42,32,-10
R009,2025-03-19,11,2,0,Clear,2.88,27.0,FestivalOffer,LocalEvent,69,64,-5
R009,2025-03-19,12,2,0,Clear,2.88,27.0,FestivalOffer,LocalEvent,92,96,4
R009,2025-03-19,13,2,0,Clear,2.88,27.0,FestivalOffer,LocalEvent,102,76,-26
R009,2025-03-19,14,2,0,Clear,2.88,27.0,FestivalOffer,LocalEvent,92,92,0
R009,2025-03-19,15,2,0,Clear,2.88,27.0,FestivalOffer,LocalEvent,69,82,13
R009,2025-03-19,16,2,0,Clear,2.88,27.0,FestivalOffer,LocalEvent,45,54,9
R009,2025-03-19,17,2,0,Clear,2.88,27.0,FestivalOffer,LocalEvent,34,25,-9
R009,2025-03-19,18,2,0,Clear,2.88,27.0,FestivalOffer,LocalEvent,44,54,10
R009,2025-03-19,19,2,0,Clear,2.88,27.0,FestivalOffer,LocalEvent,69,70,1
R009,2025-03-19,20,2,0,Clear,2.88,27.0,FestivalOffer,LocalEvent,82,72,-10
R009,2025-03-19,21,2,0,Clear,2.88,27.0,FestivalOffer,LocalEvent,66,68,2
R009,2025-03-19,22,2,0,Clear,2.88,27.0,FestivalOffer,LocalEvent,36,20,-16
R009,2025-03-20,8,3,0,Rain,15.43,37.7,None,LocalEvent,6,6,0
R009,2025-03-20,9,3,0,Rain,15.43,37.7,None,LocalEvent,14,15,1
R009,2025-03-20,10,3,0,Rain,15.43,37.7,None,LocalEvent,28,30,2
R009,2025-03-20,11,3,0,Rain,15.43,37.7,None,LocalEvent,45,52,7
R009,2025-03-20,12,3,0,Rain,15.43,37.7,None,LocalEvent,61,46,-15
R009,2025-03-20,13,3,0,Rain,15.43,37.7,None,LocalEvent,67,80,13
R009,2025-03-20,14,3,0,Rain,15.43,37.7,None,LocalEvent,61,68,7
R009,2025-03-20,15,3,0,Rain,15.43,37.7,None,LocalEvent,46,44,-2
R009,2025-03-20,16,3,0,Rain,15.43,37.7,None,LocalEvent,30,34,4
R009,2025-03-20,17,3,0,Rain,15.43,37.7,None,LocalEvent,22,19,-3
R009,2025-03-20,18,3,0,Rain,15.43,37.7,None,LocalEvent,29,32,3
R009,2025-03-20,19,3,0,Rain,15.43,37.7,None,LocalEvent,46,37,-9
R009,2025-03-20,20,3,0,Rain,15.43,37.7,None,LocalEvent,54,53,-1
R009,2025-03-20,21,3,0,Rain,15.43,37.7,None,LocalEvent,44,35,-9
R009,2025-03-20,22,3,0,Rain,15.43,37.7,None,LocalEvent,24,25,1
R009,2025-03-21,8,4,0,Clear,2.68,29.0,WeekendDeal,None,8,10,2
R009,2025-03-21,9,4,0,Clear,2.68,29.0,WeekendDeal,None,19,22,3
R009,2025-03-21,10,4,0,Clear,2.68,29.0,WeekendDeal,None,37,33,-4
R009,2025-03-21,11,4,0,Clear,2.68,29.0,WeekendDeal,None,61,58,-3
R009,2025-03-21,12,4,0,Clear,2.68,29.0,WeekendDeal,None,82,82,0
R009,2025-03-21,13,4,0,Clear,2.68,29.0,WeekendDeal,None,90,94,4
R009,2025-03-21,14,4,0,Clear,2.68,29.0,WeekendDeal,None,82,104,22
R009,2025-03-21,15,4,0,Clear,2.68,29.0,WeekendDeal,None,61,74,13
R009,2025-03-21,16,4,0,Clear,2.68,29.0,WeekendDeal,None,40,36,-4
R009,2025-03-21,17,4,0,Clear,2.68,29.0,WeekendDeal,None,30,33,3
R009,2025-03-21,18,4,0,Clear,2.68,29.0,WeekendDeal,None,39,48,9
R009,2025-03-21,19,4,0,Clear,2.68,29.0,WeekendDeal,None,61,60,-1
R009,2025-03-21,20,4,0,Clear,2.68,29.0,WeekendDeal,None,73,62,-11
R009,2025-03-21,21,4,0,Clear,2.68,29.0,WeekendDeal,None,59,57,-2
R009,2025-03-21,22,4,0,Clear,2.68,29.0,WeekendDeal,None,32,33,1
R009,2025-03-22,8,5,1,Rain,1.82,32.0,None,None,6,4,-2
R009,2025-03-22,9,5,1,Rain,1.82,32.0,None,None,16,9,-7
R009,2025-03-22,10,5,1,Rain,1.82,32.0,None,None,31,31,0
R009,2025-03-22,11,5,1,Rain,1.82,32.0,None,None,50,49,-1
R009,2025-03-22,12,5,1,Rain,1.82,32.0,None,None,67,82,15
R009,2025-03-22,13,5,1,Rain,1.82,32.0,None,None,74,85,11
R009,2025-03-22,14,5,1,Rain,1.82,32.0,None,None,67,67,0
R009,2025-03-22,15,5,1,Rain,1.82,32.0,None,None,50,53,3
R009,2025-03-22,16,5,1,Rain,1.82,32.0,None,None,33,36,3
R009,2025-03-22,17,5,1,Rain,1.82,32.0,None,None,25,31,6
R009,2025-03-22,18,5,1,Rain,1.82,32.0,None,None,32,37,5
R009,2025-03-22,19,5,1,Rain,1.82,32.0,None,None,50,42,-8
R009,2025-03-22,20,5,1,Rain,1.82,32.0,None,None,60,63,3
R009,2025-03-22,21,5,1,Rain,1.82,32.0,None,None,48,45,-3
R009,2025-03-22,22,5,1,Rain,1.82,32.0,None,None,26,25,-1
R009,2025-03-23,8,6,1,Clear,3.75,31.8,HappyHour,LocalEvent,10,8,-2
R009,2025-03-23,9,6,1,Clear,3.75,31.8,HappyHour,LocalEvent,23,21,-2
R009,2025-03-23,10,6,1,Clear,3.75,31.8,HappyHour,LocalEvent,46,37,-9
R009,2025-03-23,11,6,1,Clear,3.75,31.8,HappyHour,LocalEvent,74,73,-1
R009,2025-03-23,12,6,1,Clear,3.75,31.8,HappyHour,LocalEvent,99,104,5
R009,2025-03-23,13,6,1,Clear,3.75,31.8,HappyHour,LocalEvent,110,110,0
R009,2025-03-23,14,6,1,Clear,3.75,31.8,HappyHour,LocalEvent,100,103,3
R009,2025-03-23,15,6,1,Clear,3.75,31.8,HappyHour,LocalEvent,75,82,7
R009,2025-03-23,16,6,1,Clear,3.75,31.8,HappyHour,LocalEvent,49,46,-3
R009,2025-03-23,17,6,1,Clear,3.75,31.8,HappyHour,LocalEvent,37,41,4
R009,2025-03-23,18,6,1,Clear,3.75,31.8,HappyHour,LocalEvent,48,51,3
R009,2025-03-23,19,6,1,Clear,3.75,31.8,HappyHour,LocalEvent,75,77,2
R009,2025-03-23,20,6,1,Clear,3.75,31.8,HappyHour,LocalEvent,89,94,5
R009,2025-03-23,21,6,1,Clear,3.75,31.8,HappyHour,LocalEvent,72,96,24
R009,2025-03-23,22,6,1,Clear,3.75,31.8,HappyHour,LocalEvent,38,39,1
R009,2025-03-24,8,0,0,Storm,10.65,32.9,FestivalOffer,SportsMatch,6,5,-1
R009,2025-03-24,9,0,0,Storm,10.65,32.9,FestivalOffer,SportsMatch,14,13,-1
R009,2025-03-24,10,0,0,Storm,10.65,32.9,FestivalOffer,SportsMatch,28,24,-4
R009,2025-03-24,11,0,0,Storm,10.65,32.9,FestivalOffer,SportsMatch,46,52,6
R009,2025-03-24,12,0,0,Storm,10.65,32.9,FestivalOffer,SportsMatch,61,61,0
R009,2025-03-24,13,0,0,Storm,10.65,32.9,FestivalOffer,SportsMatch,67,65,-2
R009,2025-03-24,14,0,0,Storm,10.65,32.9,FestivalOffer,SportsMatch,61,59,-2
R009,2025-03-24,15,0,0,Storm,10.65,32.9,FestivalOffer,SportsMatch,46,55,9
R009,2025-03-24,16,0,0,Storm,10.65,32.9,FestivalOffer,SportsMatch,30,33,3
R009,2025-03-24,17,0,0,Storm,10.65,32.9,FestivalOffer,SportsMatch,22,22,0
R009,2025-03-24,18,0,0,Storm,10.65,32.9,FestivalOffer,SportsMatch,29,37,8
R009,2025-03-24,19,0,0,Storm,10.65,32.9,FestivalOffer,SportsMatch,46,50,4
R009,2025-03-24,20,0,0,Storm,10.65,32.9,FestivalOffer,SportsMatch,54,49,-5
R009,2025-03-24,21,0,0,Storm,10.65,32.9,FestivalOffer,SportsMatch,44,45,1
R009,2025-03-24,22,0,0,Storm,10.65,32.9,FestivalOffer,SportsMatch,24,25,1
R009,2025-03-25,8,1,0,Storm,1.4,33.9,None,None,5,4,-1
R009,2025-03-25,9,1,0,Storm,1.4,33.9,None,None,11,9,-2
R009,2025-03-25,10,1,0,Storm,1.4,33.9,None,None,22,19,-3
R009,2025-03-25,11,1,0,Storm,1.4,33.9,None,None,35,31,-4
R009,2025-03-25,12,1,0,Storm,1.4,33.9,None,None,47,47,0
R009,2025-03-25,13,1,0,Storm,1.4,33.9,None,None,52,55,3
R009,2025-03-25,14,1,0,Storm,1.4,33.9,None,None,47,31,-16
R009,2025-03-25,15,1,0,Storm,1.4,33.9,None,None,36,45,9
R009,2025-03-25,16,1,0,Storm,1.4,33.9,None,None,23,18,-5
R009,2025-03-25,17,1,0,Storm,1.4,33.9,None,None,17,18,1
R009,2025-03-25,18,1,0,Storm,1.4,33.9,None,None,23,25,2
R009,2025-03-25,19,1,0,Storm,1.4,33.9,None,None,36,38,2
R009,2025-03-25,20,1,0,Storm,1.4,33.9,None,None,42,55,13
R009,2025-03-25,21,1,0,Storm,1.4,33.9,None,None,34,26,-8
R009,2025-03-25,22,1,0,Storm,1.4,33.9,None,None,18,19,1
R009,2025-03-26,8,2,0,Cloudy,3.14,33.3,None,Festival,8,6,-2
R009,2025-03-26,9,2,0,Cloudy,3.14,33.3,None,Festival,19,15,-4
R009,2025-03-26,10,2,0,Cloudy,3.14,33.3,None,Festival,38,40,2
R009,2025-03-26,11,2,0,Cloudy,3.14,33.3,None,Festival,63,56,-7
R009,2025-03-26,12,2,0,Cloudy,3.14,33.3,None,Festival,84,77,-7
R009,2025-03-26,13,2,0,Cloudy,3.14,33.3,None,Festival,93,101,8
R009,2025-03-26,14,2,0,Cloudy,3.14,33.3,None,Festival,84,73,-11
R009,2025-03-26,15,2,0,Cloudy,3.14,33.3,None,Festival,63,50,-13
R009,2025-03-26,16,2,0,Cloudy,3.14,33.3,None,Festival,41,38,-3
R009,2025-03-26,17,2,0,Cloudy,3.14,33.3,None,Festival,31,34,3
R009,2025-03-26,18,2,0,Cloudy,3.14,33.3,None,Festival,40,34,-6
R009,2025-03-26,19,2,0,Cloudy,3.14,33.3,None,Festival,63,62,-1
R009,2025-03-26,20,2,0,Cloudy,3.14,33.3,None,Festival,75,66,-9
R009,2025-03-26,21,2,0,Cloudy,3.14,33.3,None,Festival,60,63,3
R009,2025-03-26,22,2,0,Cloudy,3.14,33.3,None,Festival,32,36,4
R009,2025-03-27,8,3,0,Clear,4.71,23.3,None,None,7,8,1
R009,2025-03-27,9,3,0,Clear,4.71,23.3,None,None,17,15,-2
R009,2025-03-27,10,3,0,Clear,4.71,23.3,None,None,33,39,6
R009,2025-03-27,11,3,0,Clear,4.71,23.3,None,None,54,52,-2
R009,2025-03-27,12,3,0,Clear,4.71,23.3,None,None,73,72,-1
R009,2025-03-27,13,3,0,Clear,4.71,23.3,None,None,81,84,3
R009,2025-03-27,14,3,0,Clear,4.71,23.3,None,None,73,66,-7
R009,2025-03-27,15,3,0,Clear,4.71,23.3,None,None,55,56,1
R009,2025-03-27,16,3,0,Clear,4.71,23.3,None,None,36,45,9
R009,2025-03-27,17,3,0,Clear,4.71,23.3,None,None,27,32,5
R009,2025-03-27,18,3,0,Clear,4.71,23.3,None,None,35,34,-1
R009,2025-03-27,19,3,0,Clear,4.71,23.3,None,None,55,55,0
R009,2025-03-27,20,3,0,Clear,4.71,23.3,None,None,65,74,9
R009,2025-03-27,21,3,0,Clear,4.71,23.3,None,None,53,49,-4
R009,2025-03-27,22,3,0,Clear,4.71,23.3,None,None,28,34,6
R009,2025-03-28,8,4,0,Rain,20.78,36.9,None,None,5,5,0
R009,2025-03-28,9,4,0,Rain,20.78,36.9,None,None,13,15,2
R009,2025-03-28,10,4,0,Rain,20.78,36.9,None,None,26,30,4
R009,2025-03-28,11,4,0,Rain,20.78,36.9,None,None,42,32,-10
R009,2025-03-28,12,4,0,Rain,20.78,36.9,None,None,57,56,-1
R009,2025-03-28,13,4,0,Rain,20.78,36.9,None,None,63,49,-14
R009,2025-03-28,14,4,0,Rain,20.78,36.9,None,None,57,71,14
R009,2025-03-28,15,4,0,Rain,20.78,36.9,None,None,43,33,-10
R009,2025-03-28,16,4,0,Rain,20.78,36.9,None,None,28,25,-3
R009,2025-03-28,17,4,0,Rain,20.78,36.9,None,None,21,17,-4
R009,2025-03-28,18,4,0,Rain,20.78,36.9,None,None,27,25,-2
R009,2025-03-28,19,4,0,Rain,20.78,36.9,None,None,43,52,9
R009,2025-03-28,20,4,0,Rain,20.78,36.9,None,None,51,63,12
R009,2025-03-28,21,4,0,Rain,20.78,36.9,None,None,41,36,-5
R009,2025-03-28,22,4,0,Rain,20.78,36.9,None,None,22,22,0
R009,2025-03-29,8,5,1,Storm,5.46,37.7,HappyHour,SportsMatch,6,6,0
R009,2025-03-29,9,5,1,Storm,5.46,37.7,HappyHour,SportsMatch,15,16,1
R009,2025-03-29,10,5,1,Storm,5.46,37.7,HappyHour,SportsMatch,30,23,-7
R009,2025-03-29,11,5,1,Storm,5.46,37.7,HappyHour,SportsMatch,49,48,-1
R009,2025-03-29,12,5,1,Storm,5.46,37.7,HappyHour,SportsMatch,66,67,1
R009,2025-03-29,13,5,1,Storm,5.46,37.7,HappyHour,SportsMatch,73,79,6
R009,2025-03-29,14,5,1,Storm,5.46,37.7,HappyHour,SportsMatch,66,76,10
R009,2025-03-29,15,5,1,Storm,5.46,37.7,HappyHour,SportsMatch,49,43,-6
R009,2025-03-29,16,5,1,Storm,5.46,37.7,HappyHour,SportsMatch,32,31,-1
R009,2025-03-29,17,5,1,Storm,5.46,37.7,HappyHour,SportsMatch,24,24,0
R009,2025-03-29,18,5,1,Storm,5.46,37.7,HappyHour,SportsMatch,32,33,1
R009,2025-03-29,19,5,1,Storm,5.46,37.7,HappyHour,SportsMatch,49,52,3
R009,2025-03-29,20,5,1,Storm,5.46,37.7,HappyHour,SportsMatch,59,68,9
R009,2025-03-29,21,5,1,Storm,5.46,37.7,HappyHour,SportsMatch,47,47,0
R009,2025-03-29,22,5,1,Storm,5.46,37.7,HappyHour,SportsMatch,25,21,-4
R009,2025-03-30,8,6,1,Clear,3.08,28.6,FestivalOffer,Festival,11,10,-1
R009,2025-03-30,9,6,1,Clear,3.08,28.6,FestivalOffer,Festival,27,31,4
R009,2025-03-30,10,6,1,Clear,3.08,28.6,FestivalOffer,Festival,53,30,-23
R009,2025-03-30,11,6,1,Clear,3.08,28.6,FestivalOffer,Festival,87,79,-8
R009,2025-03-30,12,6,1,Clear,3.08,28.6,FestivalOffer,Festival,117,127,10
R009,2025-03-30,13,6,1,Clear,3.08,28.6,FestivalOffer,Festival,129,88,-41
R009,2025-03-30,14,6,1,Clear,3.08,28.6,FestivalOffer,Festival,117,87,-30
R009,2025-03-30,15,6,1,Clear,3.08,28.6,FestivalOffer,Festival,88,75,-13
R009,2025-03-30,16,6,1,Clear,3.08,28.6,FestivalOffer,Festival,57,67,10
R009,2025-03-30,17,6,1,Clear,3.08,28.6,FestivalOffer,Festival,43,38,-5
R009,2025-03-30,18,6,1,Clear,3.08,28.6,FestivalOffer,Festival,56,52,-4
R009,2025-03-30,19,6,1,Clear,3.08,28.6,FestivalOffer,Festival,88,104,16
R009,2025-03-30,20,6,1,Clear,3.08,28.6,FestivalOffer,Festival,104,108,4
R009,2025-03-30,21,6,1,Clear,3.08,28.6,FestivalOffer,Festival,84,83,-1
R009,2025-03-30,22,6,1,Clear,3.08,28.6,FestivalOffer,Festival,45,55,10
R009,2025-03-31,8,0,0,Clear,1.43,31.0,WeekendDeal,LocalEvent,8,10,2
R009,2025-03-31,9,0,0,Clear,1.43,31.0,WeekendDeal,LocalEvent,20,20,0
R009,2025-03-31,10,0,0,Clear,1.43,31.0,WeekendDeal,LocalEvent,40,30,-10
R009,2025-03-31,11,0,0,Clear,1.43,31.0,WeekendDeal,LocalEvent,65,79,14
R009,2025-03-31,12,0,0,Clear,1.43,31.0,WeekendDeal,LocalEvent,88,98,10
R009,2025-03-31,13,0,0,Clear,1.43,31.0,WeekendDeal,LocalEvent,96,107,11
R009,2025-03-31,14,0,0,Clear,1.43,31.0,WeekendDeal,LocalEvent,88,87,-1
R009,2025-03-31,15,0,0,Clear,1.43,31.0,WeekendDeal,LocalEvent,66,64,-2
R009,2025-03-31,16,0,0,Clear,1.43,31.0,WeekendDeal,LocalEvent,43,48,5
R009,2025-03-31,17,0,0,Clear,1.43,31.0,WeekendDeal,LocalEvent,32,38,6
R009,2025-03-31,18,0,0,Clear,1.43,31.0,WeekendDeal,LocalEvent,42,52,10
R009,2025-03-31,19,0,0,Clear,1.43,31.0,WeekendDeal,LocalEvent,66,69,3
R009,2025-03-31,20,0,0,Clear,1.43,31.0,WeekendDeal,LocalEvent,78,82,4
R009,2025-03-31,21,0,0,Clear,1.43,31.0,WeekendDeal,LocalEvent,63,72,9
R009,2025-03-31,22,0,0,Clear,1.43,31.0,WeekendDeal,LocalEvent,34,40,6
R010,2025-01-01,8,2,0,Storm,15.85,34.9,None,Festival,3,4,1
R010,2025-01-01,9,2,0,Storm,15.85,34.9,None,Festival,7,9,2
R010,2025-01-01,10,2,0,Storm,15.85,34.9,None,Festival,15,20,5
R010,2025-01-01,11,2,0,Storm,15.85,34.9,None,Festival,24,29,5
R010,2025-01-01,12,2,0,Storm,15.85,34.9,None,Festival,32,23,-9
R010,2025-01-01,13,2,0,Storm,15.85,34.9,None,Festival,36,28,-8
R010,2025-01-01,14,2,0,Storm,15.85,34.9,None,Festival,32,34,2
R010,2025-01-01,15,2,0,Storm,15.85,34.9,None,Festival,24,19,-5
R010,2025-01-01,16,2,0,Storm,15.85,34.9,None,Festival,16,19,3
R010,2025-01-01,17,2,0,Storm,15.85,34.9,None,Festival,12,11,-1
R010,2025-01-01,18,2,0,Storm,15.85,34.9,None,Festival,16,19,3
R010,2025-01-01,19,2,0,Storm,15.85,34.9,None,Festival,24,25,1
R010,2025-01-01,20,2,0,Storm,15.85,34.9,None,Festival,29,33,4
R010,2025-01-01,21,2,0,Storm,15.85,34.9,None,Festival,23,27,4
R010,2025-01-01,22,2,0,Storm,15.85,34.9,None,Festival,12,13,1
R010,2025-01-02,8,3,0,Rain,2.86,34.8,FestivalOffer,Festival,4,5,1
R010,2025-01-02,9,3,0,Rain,2.86,34.8,FestivalOffer,Festival,11,8,-3
R010,2025-01-02,10,3,0,Rain,2.86,34.8,FestivalOffer,Festival,21,22,1
R010,2025-01-02,11,3,0,Rain,2.86,34.8,FestivalOffer,Festival,34,32,-2
R010,2025-01-02,12,3,0,Rain,2.86,34.8,FestivalOffer,Festival,46,46,0
R010,2025-01-02,13,3,0,Rain,2.86,34.8,FestivalOffer,Festival,50,57,7
R010,2025-01-02,14,3,0,Rain,2.86,34.8,FestivalOffer,Festival,46,46,0
R010,2025-01-02,15,3,0,Rain,2.86,34.8,FestivalOffer,Festival,34,35,1
R010,2025-01-02,16,3,0,Rain,2.86,34.8,FestivalOffer,Festival,22,18,-4
R010,2025-01-02,17,3,0,Rain,2.86,34.8,FestivalOffer,Festival,17,17,0
R010,2025-01-02,18,3,0,Rain,2.86,34.8,FestivalOffer,Festival,22,29,7
R010,2025-01-02,19,3,0,Rain,2.86,34.8,FestivalOffer,Festival,34,28,-6
R010,2025-01-02,20,3,0,Rain,2.86,34.8,FestivalOffer,Festival,41,26,-15
R010,2025-01-02,21,3,0,Rain,2.86,34.8,FestivalOffer,Festival,33,29,-4
R010,2025-01-02,22,3,0,Rain,2.86,34.8,FestivalOffer,Festival,18,14,-4
R010,2025-01-03,8,4,0,Rain,33.58,29.7,None,None,3,5,2
R010,2025-01-03,9,4,0,Rain,33.58,29.7,None,None,8,8,0
R010,2025-01-03,10,4,0,Rain,33.58,29.7,None,None,15,16,1
R010,2025-01-03,11,4,0,Rain,33.58,29.7,None,None,25,25,0
R010,2025-01-03,12,4,0,Rain,33.58,29.7,None,None,34,29,-5
R010,2025-01-03,13,4,0,Rain,33.58,29.7,None,None,37,36,-1
R010,2025-01-03,14,4,0,Rain,33.58,29.7,None,None,34,40,6
R010,2025-01-03,15,4,0,Rain,33.58,29.7,None,None,25,23,-2
R010,2025-01-03,16,4,0,Rain,33.58,29.7,None,None,17,18,1
R010,2025-01-03,17,4,0,Rain,33.58,29.7,None,None,12,9,-3
R010,2025-01-03,18,4,0,Rain,33.58,29.7,None,None,16,18,2
R010,2025-01-03,19,4,0,Rain,33.58,29.7,None,None,25,26,1
R010,2025-01-03,20,4,0,Rain,33.58,29.7,None,None,30,25,-5
R010,2025-01-03,21,4,0,Rain,33.58,29.7,None,None,24,26,2
R010,2025-01-03,22,4,0,Rain,33.58,29.7,None,None,13,11,-2
R010,2025-01-04,8,5,1,Rain,14.34,23.1,None,SportsMatch,4,4,0
R010,2025-01-04,9,5,1,Rain,14.34,23.1,None,SportsMatch,10,9,-1
R010,2025-01-04,10,5,1,Rain,14.34,23.1,None,SportsMatch,20,20,0
R010,2025-01-04,11,5,1,Rain,14.34,23.1,None,SportsMatch,32,29,-3
R010,2025-01-04,12,5,1,Rain,14.34,23.1,None,SportsMatch,43,50,7
R010,2025-01-04,13,5,1,Rain,14.34,23.1,None,SportsMatch,48,58,10
R010,2025-01-04,14,5,1,Rain,14.34,23.1,None,SportsMatch,43,43,0
R010,2025-01-04,15,5,1,Rain,14.34,23.1,None,SportsMatch,33,29,-4
R010,2025-01-04,16,5,1,Rain,14.34,23.1,None,SportsMatch,21,22,1
R010,2025-01-04,17,5,1,Rain,14.34,23.1,None,SportsMatch,16,18,2
R010,2025-01-04,18,5,1,Rain,14.34,23.1,None,SportsMatch,21,17,-4
R010,2025-01-04,19,5,1,Rain,14.34,23.1,None,SportsMatch,32,28,-4
R010,2025-01-04,20,5,1,Rain,14.34,23.1,None,SportsMatch,39,44,5
R010,2025-01-04,21,5,1,Rain,14.34,23.1,None,SportsMatch,31,27,-4
R010,2025-01-04,22,5,1,Rain,14.34,23.1,None,SportsMatch,17,12,-5
R010,2025-01-05,8,6,1,Rain,12.85,33.7,None,None,4,7,3
R010,2025-01-05,9,6,1,Rain,12.85,33.7,None,None,9,5,-4
R010,2025-01-05,10,6,1,Rain,12.85,33.7,None,None,18,18,0
R010,2025-01-05,11,6,1,Rain,12.85,33.7,None,None,30,25,-5
R010,2025-01-05,12,6,1,Rain,12.85,33.7,None,None,40,37,-3
R010,2025-01-05,13,6,1,Rain,12.85,33.7,None,None,44,48,4
R010,2025-01-05,14,6,1,Rain,12.85,33.7,None,None,40,47,7
R010,2025-01-05,15,6,1,Rain,12.85,33.7,None,None,30,30,0
R010,2025-01-05,16,6,1,Rain,12.85,33.7,None,None,19,22,3
R010,2025-01-05,17,6,1,Rain,12.85,33.7,None,None,15,18,3
R010,2025-01-05,18,6,1,Rain,12.85,33.7,None,None,19,25,6
R010,2025-01-05,19,6,1,Rain,12.85,33.7,None,None,30,29,-1
R010,2025-01-05,20,6,1,Rain,12.85,33.7,None,None,35,39,4
R010,2025-01-05,21,6,1,Rain,12.85,33.7,None,None,29,31,2
R010,2025-01-05,22,6,1,Rain,12.85,33.7,None,None,15,19,4
R010,2025-01-06,8,0,0,Storm,22.22,31.8,FestivalOffer,Festival,4,0,-4
R010,2025-01-06,9,0,0,Storm,22.22,31.8,FestivalOffer,Festival,9,5,-4
R010,2025-01-06,10,0,0,Storm,22.22,31.8,FestivalOffer,Festival,17,18,1
R010,2025-01-06,11,0,0,Storm,22.22,31.8,FestivalOffer,Festival,28,27,-1
R010,2025-01-06,12,0,0,Storm,22.22,31.8,FestivalOffer,Festival,38,40,2
R010,2025-01-06,13,0,0,Storm,22.22,31.8,FestivalOffer,Festival,42,40,-2
R010,2025-01-06,14,0,0,Storm,22.22,31.8,FestivalOffer,Festival,38,39,1
R010,2025-01-06,15,0,0,Storm,22.22,31.8,FestivalOffer,Festival,29,26,-3
R010,2025-01-06,16,0,0,Storm,22.22,31.8,FestivalOffer,Festival,19,16,-3
R010,2025-01-06,17,0,0,Storm,22.22,31.8,FestivalOffer,Festival,14,14,0
R010,2025-01-06,18,0,0,Storm,22.22,31.8,FestivalOffer,Festival,18,20,2
R010,2025-01-06,19,0,0,Storm,22.22,31.8,FestivalOffer,Festival,29,34,5
R010,2025-01-06,20,0,0,Storm,22.22,31.8,FestivalOffer,Festival,34,33,-1
R010,2025-01-06,21,0,0,Storm,22.22,31.8,FestivalOffer,Festival,27,22,-5
R010,2025-01-06,22,0,0,Storm,22.22,31.8,FestivalOffer,Festival,15,17,2
R010,2025-01-07,8,1,0,Clear,0.41,36.9,HappyHour,LocalEvent,5,3,-2
R010,2025-01-07,9,1,0,Clear,0.41,36.9,HappyHour,LocalEvent,12,12,0
R010,2025-01-07,10,1,0,Clear,0.41,36.9,HappyHour,LocalEvent,23,23,0
R010,2025-01-07,11,1,0,Clear,0.41,36.9,HappyHour,LocalEvent,37,37,0
R010,2025-01-07,12,1,0,Clear,0.41,36.9,HappyHour,LocalEvent,50,57,7
R010,2025-01-07,13,1,0,Clear,0.41,36.9,HappyHour,LocalEvent,55,65,10
R010,2025-01-07,14,1,0,Clear,0.41,36.9,HappyHour,LocalEvent,50,48,-2
R010,2025-01-07,15,1,0,Clear,0.41,36.9,HappyHour,LocalEvent,37,33,-4
R010,2025-01-07,16,1,0,Clear,0.41,36.9,HappyHour,LocalEvent,24,24,0
R010,2025-01-07,17,1,0,Clear,0.41,36.9,HappyHour,LocalEvent,18,18,0
R010,2025-01-07,18,1,0,Clear,0.41,36.9,HappyHour,LocalEvent,24,21,-3
R010,2025-01-07,19,1,0,Clear,0.41,36.9,HappyHour,LocalEvent,37,40,3
R010,2025-01-07,20,1,0,Clear,0.41,36.9,HappyHour,LocalEvent,44,42,-2
R010,2025-01-07,21,1,0,Clear,0.41,36.9,HappyHour,LocalEvent,36,38,2
R010,2025-01-07,22,1,0,Clear,0.41,36.9,HappyHour,LocalEvent,19,18,-1
R010,2025-01-08,8,2,0,Rain,22.36,25.9,WeekendDeal,Festival,4,3,-1
R010,2025-01-08,9,2,0,Rain,22.36,25.9,WeekendDeal,Festival,10,9,-1
R010,2025-01-08,10,2,0,Rain,22.36,25.9,WeekendDeal,Festival,20,20,0
R010,2025-01-08,11,2,0,Rain,22.36,25.9,WeekendDeal,Festival,32,29,-3
R010,2025-01-08,12,2,0,Rain,22.36,25.9,WeekendDeal,Festival,43,44,1
R010,2025-01-08,13,2,0,Rain,22.36,25.9,WeekendDeal,Festival,48,53,5
R010,2025-01-08,14,2,0,Rain,22.36,25.9,WeekendDeal,Festival,43,51,8
R010,2025-01-08,15,2,0,Rain,22.36,25.9,WeekendDeal,Festival,33,31,-2
R010,2025-01-08,16,2,0,Rain,22.36,25.9,WeekendDeal,Festival,21,22,1
R010,2025-01-08,17,2,0,Rain,22.36,25.9,WeekendDeal,Festival,16,12,-4
R010,2025-01-08,18,2,0,Rain,22.36,25.9,WeekendDeal,Festival,21,19,-2
R010,2025-01-08,19,2,0,Rain,22.36,25.9,WeekendDeal,Festival,33,22,-11
R010,2025-01-08,20,2,0,Rain,22.36,25.9,WeekendDeal,Festival,39,30,-9
R010,2025-01-08,21,2,0,Rain,22.36,25.9,WeekendDeal,Festival,31,32,1
R010,2025-01-08,22,2,0,Rain,22.36,25.9,WeekendDeal,Festival,17,15,-2
R010,2025-01-09,8,3,0,Cloudy,0.33,33.0,WeekendDeal,None,5,3,-2
R010,2025-01-09,9,3,0,Cloudy,0.33,33.0,WeekendDeal,None,11,10,-1
R010,2025-01-09,10,3,0,Cloudy,0.33,33.0,WeekendDeal,None,22,21,-1
R010,2025-01-09,11,3,0,Cloudy,0.33,33.0,WeekendDeal,None,36,31,-5
R010,2025-01-09,12,3,0,Cloudy,0.33,33.0,WeekendDeal,None,48,51,3
R010,2025-01-09,13,3,0,Cloudy,0.33,33.0,WeekendDeal,None,53,56,3
R010,2025-01-09,14,3,0,Cloudy,0.33,33.0,WeekendDeal,None,48,66,18
R010,2025-01-09,15,3,0,Cloudy,0.33,33.0,WeekendDeal,None,36,41,5
R010,2025-01-09,16,3,0,Cloudy,0.33,33.0,WeekendDeal,None,24,32,8
R010,2025-01-09,17,3,0,Cloudy,0.33,33.0,WeekendDeal,None,18,17,-1
R010,2025-01-09,18,3,0,Cloudy,0.33,33.0,WeekendDeal,None,23,19,-4
R010,2025-01-09,19,3,0,Cloudy,0.33,33.0,WeekendDeal,None,36,27,-9
R010,2025-01-09,20,3,0,Cloudy,0.33,33.0,WeekendDeal,None,43,36,-7
R010,2025-01-09,21,3,0,Cloudy,0.33,33.0,WeekendDeal,None,35,37,2
R010,2025-01-09,22,3,0,Cloudy,0.33,33.0,WeekendDeal,None,19,16,-3
R010,2025-01-10,8,4,0,Storm,13.4,28.0,FestivalOffer,SportsMatch,3,4,1
R010,2025-01-10,9,4,0,Storm,13.4,28.0,FestivalOffer,SportsMatch,8,9,1
R010,2025-01-10,10,4,0,Storm,13.4,28.0,FestivalOffer,SportsMatch,17,18,1
R010,2025-01-10,11,4,0,Storm,13.4,28.0,FestivalOffer,SportsMatch,27,28,1
R010,2025-01-10,12,4,0,Storm,13.4,28.0,FestivalOffer,SportsMatch,36,41,5
R010,2025-01-10,13,4,0,Storm,13.4,28.0,FestivalOffer,SportsMatch,40,49,9
R010,2025-01-10,14,4,0,Storm,13.4,28.0,FestivalOffer,SportsMatch,36,32,-4
R010,2025-01-10,15,4,0,Storm,13.4,28.0,FestivalOffer,SportsMatch,27,24,-3
R010,2025-01-10,16,4,0,Storm,13.4,28.0,FestivalOffer,SportsMatch,18,16,-2
R010,2025-01-10,17,4,0,Storm,13.4,28.0,FestivalOffer,SportsMatch,13,11,-2
R010,2025-01-10,18,4,0,Storm,13.4,28.0,FestivalOffer,SportsMatch,17,18,1
R010,2025-01-10,19,4,0,Storm,13.4,28.0,FestivalOffer,SportsMatch,27,24,-3
R010,2025-01-10,20,4,0,Storm,13.4,28.0,FestivalOffer,SportsMatch,32,24,-8
R010,2025-01-10,21,4,0,Storm,13.4,28.0,FestivalOffer,SportsMatch,26,22,-4
R010,2025-01-10,22,4,0,Storm,13.4,28.0,FestivalOffer,SportsMatch,14,11,-3
R010,2025-01-11,8,5,1,Rain,13.62,32.7,HappyHour,LocalEvent,4,6,2
R010,2025-01-11,9,5,1,Rain,13.62,32.7,HappyHour,LocalEvent,11,10,-1
R010,2025-01-11,10,5,1,Rain,13.62,32.7,HappyHour,LocalEvent,21,21,0
R010,2025-01-11,11,5,1,Rain,13.62,32.7,HappyHour,LocalEvent,34,41,7
R010,2025-01-11,12,5,1,Rain,13.62,32.7,HappyHour,LocalEvent,46,49,3
R010,2025-01-11,13,5,1,Rain,13.62,32.7,HappyHour,LocalEvent,51,49,-2
R010,2025-01-11,14,5,1,Rain,13.62,32.7,HappyHour,LocalEvent,46,44,-2
R010,2025-01-11,15,5,1,Rain,13.62,32.7,HappyHour,LocalEvent,34,38,4
R010,2025-01-11,16,5,1,Rain,13.62,32.7,HappyHour,LocalEvent,22,19,-3
R010,2025-01-11,17,5,1,Rain,13.62,32.7,HappyHour,LocalEvent,17,16,-1
R010,2025-01-11,18,5,1,Rain,13.62,32.7,HappyHour,LocalEvent,22,18,-4
R010,2025-01-11,19,5,1,Rain,13.62,32.7,HappyHour,LocalEvent,34,37,3
R010,2025-01-11,20,5,1,Rain,13.62,32.7,HappyHour,LocalEvent,41,34,-7
R010,2025-01-11,21,5,1,Rain,13.62,32.7,HappyHour,LocalEvent,33,29,-4
R010,2025-01-11,22,5,1,Rain,13.62,32.7,HappyHour,LocalEvent,18,20,2
R010,2025-01-12,8,6,1,Rain,17.26,21.2,FestivalOffer,Festival,5,7,2
R010,2025-01-12,9,6,1,Rain,17.26,21.2,FestivalOffer,Festival,12,12,0
R010,2025-01-12,10,6,1,Rain,17.26,21.2,FestivalOffer,Festival,25,27,2
R010,2025-01-12,11,6,1,Rain,17.26,21.2,FestivalOffer,Festival,40,42,2
R010,2025-01-12,12,6,1,Rain,17.26,21.2,FestivalOffer,Festival,54,53,-1
R010,2025-01-12,13,6,1,Rain,17.26,21.2,FestivalOffer,Festival,59,68,9
R010,2025-01-12,14,6,1,Rain,17.26,21.2,FestivalOffer,Festival,54,56,2
R010,2025-01-12,15,6,1,Rain,17.26,21.2,FestivalOffer,Festival,40,39,-1
R010,2025-01-12,16,6,1,Rain,17.26,21.2,FestivalOffer,Festival,26,21,-5
R010,2025-01-12,17,6,1,Rain,17.26,21.2,FestivalOffer,Festival,20,16,-4
R010,2025-01-12,18,6,1,Rain,17.26,21.2,FestivalOffer,Festival,26,27,1
R010,2025-01-12,19,6,1,Rain,17.26,21.2,FestivalOffer,Festival,40,26,-14
R010,2025-01-12,20,6,1,Rain,17.26,21.2,FestivalOffer,Festival,48,45,-3
R010,2025-01-12,21,6,1,Rain,17.26,21.2,FestivalOffer,Festival,39,42,3
R010,2025-01-12,22,6,1,Rain,17.26,21.2,FestivalOffer,Festival,21,23,2
R010,2025-01-13,8,0,0,Storm,27.44,25.0,HappyHour,LocalEvent,3,3,0
R010,2025-01-13,9,0,0,Storm,27.44,25.0,HappyHour,LocalEvent,7,7,0
R010,2025-01-13,10,0,0,Storm,27.44,25.0,HappyHour,LocalEvent,15,16,1
R010,2025-01-13,11,0,0,Storm,27.44,25.0,HappyHour,LocalEvent,24,23,-1
R010,2025-01-13,12,0,0,Storm,27.44,25.0,HappyHour,LocalEvent,32,39,7
R010,2025-01-13,13,0,0,Storm,27.44,25.0,HappyHour,LocalEvent,36,37,1
R010,2025-01-13,14,0,0,Storm,27.44,25.0,HappyHour,LocalEvent,32,26,-6
R010,2025-01-13,15,0,0,Storm,27.44,25.0,HappyHour,LocalEvent,24,20,-4
R010,2025-01-13,16,0,0,Storm,27.44,25.0,HappyHour,LocalEvent,16,13,-3
R010,2025-01-13,17,0,0,Storm,27.44,25.0,HappyHour,LocalEvent,12,10,-2
R010,2025-01-13,18,0,0,Storm,27.44,25.0,HappyHour,LocalEvent,16,17,1
R010,2025-01-13,19,0,0,Storm,27.44,25.0,HappyHour,LocalEvent,24,22,-2
R010,2025-01-13,20,0,0,Storm,27.44,25.0,HappyHour,LocalEvent,29,35,6
R010,2025-01-13,21,0,0,Storm,27.44,25.0,HappyHour,LocalEvent,23,26,3
R010,2025-01-13,22,0,0,Storm,27.44,25.0,HappyHour,LocalEvent,13,14,1
R010,2025-01-14,8,1,0,Cloudy,1.72,33.1,HappyHour,None,4,1,-3
R010,2025-01-14,9,1,0,Cloudy,1.72,33.1,HappyHour,None,11,12,1
R010,2025-01-14,10,1,0,Cloudy,1.72,33.1,HappyHour,None,21,22,1
R010,2025-01-14,11,1,0,Cloudy,1.72,33.1,HappyHour,None,35,31,-4
R010,2025-01-14,12,1,0,Cloudy,1.72,33.1,HappyHour,None,47,38,-9
R010,2025-01-14,13,1,0,Cloudy,1.72,33.1,HappyHour,None,51,58,7
R010,2025-01-14,14,1,0,Cloudy,1.72,33.1,HappyHour,None,47,40,-7
R010,2025-01-14,15,1,0,Cloudy,1.72,33.1,HappyHour,None,35,27,-8
R010,2025-01-14,16,1,0,Cloudy,1.72,33.1,HappyHour,None,23,28,5
R010,2025-01-14,17,1,0,Cloudy,1.72,33.1,HappyHour,None,17,16,-1
R010,2025-01-14,18,1,0,Cloudy,1.72,33.1,HappyHour,None,22,18,-4
R010,2025-01-14,19,1,0,Cloudy,1.72,33.1,HappyHour,None,35,48,13
R010,2025-01-14,20,1,0,Cloudy,1.72,33.1,HappyHour,None,42,38,-4
R010,2025-01-14,21,1,0,Cloudy,1.72,33.1,HappyHour,None,34,32,-2
R010,2025-01-14,22,1,0,Cloudy,1.72,33.1,HappyHour,None,18,18,0
R010,2025-01-15,8,2,0,Clear,0.38,26.4,None,SportsMatch,5,7,2
R010,2025-01-15,9,2,0,Clear,0.38,26.4,None,SportsMatch,11,10,-1
R010,2025-01-15,10,2,0,Clear,0.38,26.4,None,SportsMatch,22,25,3
R010,2025-01-15,11,2,0,Clear,0.38,26.4,None,SportsMatch,35,34,-1
R010,2025-01-15,12,2,0,Clear,0.38,26.4,None,SportsMatch,47,44,-3
R010,2025-01-15,13,2,0,Clear,0.38,26.4,None,SportsMatch,52,49,-3
R010,2025-01-15,14,2,0,Clear,0.38,26.4,None,SportsMatch,47,52,5
R010,2025-01-15,15,2,0,Clear,0.38,26.4,None,SportsMatch,35,40,5
R010,2025-01-15,16,2,0,Clear,0.38,26.4,None,SportsMatch,23,24,1
R010,2025-01-15,17,2,0,Clear,0.38,26.4,None,SportsMatch,17,19,2
R010,2025-01-15,18,2,0,Clear,0.38,26.4,None,SportsMatch,23,30,7
R010,2025-01-15,19,2,0,Clear,0.38,26.4,None,SportsMatch,35,36,1
R010,2025-01-15,20,2,0,Clear,0.38,26.4,None,SportsMatch,42,40,-2
R010,2025-01-15,21,2,0,Clear,0.38,26.4,None,SportsMatch,34,36,2
R010,2025-01-15,22,2,0,Clear,0.38,26.4,None,SportsMatch,18,19,1
R010,2025-01-16,8,3,0,Storm,0.34,28.9,FestivalOffer,SportsMatch,3,6,3
R010,2025-01-16,9,3,0,Storm,0.34,28.9,FestivalOffer,SportsMatch,8,8,0
R010,2025-01-16,10,3,0,Storm,0.34,28.9,FestivalOffer,SportsMatch,17,20,3
R010,2025-01-16,11,3,0,Storm,0.34,28.9,FestivalOffer,SportsMatch,27,35,8
R010,2025-01-16,12,3,0,Storm,0.34,28.9,FestivalOffer,SportsMatch,36,30,-6
R010,2025-01-16,13,3,0,Storm,0.34,28.9,FestivalOffer,SportsMatch,40,47,7
R010,2025-01-16,14,3,0,Storm,0.34,28.9,FestivalOffer,SportsMatch,36,42,6
R010,2025-01-16,15,3,0,Storm,0.34,28.9,FestivalOffer,SportsMatch,27,27,0
R010,2025-01-16,16,3,0,Storm,0.34,28.9,FestivalOffer,SportsMatch,18,15,-3
R010,2025-01-16,17,3,0,Storm,0.34,28.9,FestivalOffer,SportsMatch,13,13,0
R010,2025-01-16,18,3,0,Storm,0.34,28.9,FestivalOffer,SportsMatch,17,14,-3
R010,2025-01-16,19,3,0,Storm,0.34,28.9,FestivalOffer,SportsMatch,27,33,6
R010,2025-01-16,20,3,0,Storm,0.34,28.9,FestivalOffer,SportsMatch,32,34,2
R010,2025-01-16,21,3,0,Storm,0.34,28.9,FestivalOffer,SportsMatch,26,18,-8
R010,2025-01-16,22,3,0,Storm,0.34,28.9,FestivalOffer,SportsMatch,14,13,-1
R010,2025-01-17,8,4,0,Cloudy,2.85,33.8,None,LocalEvent,4,2,-2
R010,2025-01-17,9,4,0,Cloudy,2.85,33.8,None,LocalEvent,11,10,-1
R010,2025-01-17,10,4,0,Cloudy,2.85,33.8,None,LocalEvent,21,18,-3
R010,2025-01-17,11,4,0,Cloudy,2.85,33.8,None,LocalEvent,34,30,-4
R010,2025-01-17,12,4,0,Cloudy,2.85,33.8,None,LocalEvent,46,34,-12
R010,2025-01-17,13,4,0,Cloudy,2.85,33.8,None,LocalEvent,51,52,1
R010,2025-01-17,14,4,0,Cloudy,2.85,33.8,None,LocalEvent,46,51,5
R010,2025-01-17,15,4,0,Cloudy,2.85,33.8,None,LocalEvent,35,37,2
R010,2025-01-17,16,4,0,Cloudy,2.85,33.8,None,LocalEvent,23,20,-3
R010,2025-01-17,17,4,0,Cloudy,2.85,33.8,None,LocalEvent,17,17,0
R010,2025-01-17,18,4,0,Cloudy,2.85,33.8,None,LocalEvent,22,26,4
R010,2025-01-17,19,4,0,Cloudy,2.85,33.8,None,LocalEvent,35,36,1
R010,2025-01-17,20,4,0,Cloudy,2.85,33.8,None,LocalEvent,41,43,2
R010,2025-01-17,21,4,0,Cloudy,2.85,33.8,None,LocalEvent,33,28,-5
R010,2025-01-17,22,4,0,Cloudy,2.85,33.8,None,LocalEvent,18,12,-6
R010,2025-01-18,8,5,1,Clear,0.38,37.3,HappyHour,SportsMatch,6,6,0
R010,2025-01-18,9,5,1,Clear,0.38,37.3,HappyHour,SportsMatch,14,15,1
R010,2025-01-18,10,5,1,Clear,0.38,37.3,HappyHour,SportsMatch,27,24,-3
R010,2025-01-18,11,5,1,Clear,0.38,37.3,HappyHour,SportsMatch,45,41,-4
R010,2025-01-18,12,5,1,Clear,0.38,37.3,HappyHour,SportsMatch,60,67,7
R010,2025-01-18,13,5,1,Clear,0.38,37.3,HappyHour,SportsMatch,66,60,-6
R010,2025-01-18,14,5,1,Clear,0.38,37.3,HappyHour,SportsMatch,60,58,-2
R010,2025-01-18,15,5,1,Clear,0.38,37.3,HappyHour,SportsMatch,45,29,-16
R010,2025-01-18,16,5,1,Clear,0.38,37.3,HappyHour,SportsMatch,29,17,-12
R010,2025-01-18,17,5,1,Clear,0.38,37.3,HappyHour,SportsMatch,22,20,-2
R010,2025-01-18,18,5,1,Clear,0.38,37.3,HappyHour,SportsMatch,29,38,9
R010,2025-01-18,19,5,1,Clear,0.38,37.3,HappyHour,SportsMatch,45,46,1
R010,2025-01-18,20,5,1,Clear,0.38,37.3,HappyHour,SportsMatch,53,56,3
R010,2025-01-18,21,5,1,Clear,0.38,37.3,HappyHour,SportsMatch,43,42,-1
R010,2025-01-18,22,5,1,Clear,0.38,37.3,HappyHour,SportsMatch,23,23,0
R010,2025-01-19,8,6,1,Cloudy,3.54,22.8,FestivalOffer,LocalEvent,6,6,0
R010,2025-01-19,9,6,1,Cloudy,3.54,22.8,FestivalOffer,LocalEvent,15,14,-1
R010,2025-01-19,10,6,1,Cloudy,3.54,22.8,FestivalOffer,LocalEvent,29,26,-3
R010,2025-01-19,11,6,1,Cloudy,3.54,22.8,FestivalOffer,LocalEvent,48,30,-18
R010,2025-01-19,12,6,1,Cloudy,3.54,22.8,FestivalOffer,LocalEvent,64,50,-14
R010,2025-01-19,13,6,1,Cloudy,3.54,22.8,FestivalOffer,LocalEvent,71,79,8
R010,2025-01-19,14,6,1,Cloudy,3.54,22.8,FestivalOffer,LocalEvent,64,64,0
R010,2025-01-19,15,6,1,Cloudy,3.54,22.8,FestivalOffer,LocalEvent,48,54,6
R010,2025-01-19,16,6,1,Cloudy,3.54,22.8,FestivalOffer,LocalEvent,32,25,-7
R010,2025-01-19,17,6,1,Cloudy,3.54,22.8,FestivalOffer,LocalEvent,24,20,-4
R010,2025-01-19,18,6,1,Cloudy,3.54,22.8,FestivalOffer,LocalEvent,31,35,4
R010,2025-01-19,19,6,1,Cloudy,3.54,22.8,FestivalOffer,LocalEvent,48,52,4
R010,2025-01-19,20,6,1,Cloudy,3.54,22.8,FestivalOffer,LocalEvent,57,48,-9
R010,2025-01-19,21,6,1,Cloudy,3.54,22.8,FestivalOffer,LocalEvent,46,51,5
R010,2025-01-19,22,6,1,Cloudy,3.54,22.8,FestivalOffer,LocalEvent,25,34,9
R010,2025-01-20,8,0,0,Rain,24.92,32.8,None,LocalEvent,3,4,1
R010,2025-01-20,9,0,0,Rain,24.92,32.8,None,LocalEvent,8,7,-1
R010,2025-01-20,10,0,0,Rain,24.92,32.8,None,LocalEvent,17,19,2
R010,2025-01-20,11,0,0,Rain,24.92,32.8,None,LocalEvent,27,29,2
R010,2025-01-20,12,0,0,Rain,24.92,32.8,None,LocalEvent,36,34,-2
R010,2025-01-20,13,0,0,Rain,24.92,32.8,None,LocalEvent,40,41,1
R010,2025-01-20,14,0,0,Rain,24.92,32.8,None,LocalEvent,36,45,9
R010,2025-01-20,15,0,0,Rain,24.92,32.8,None,LocalEvent,27,23,-4
R010,2025-01-20,16,0,0,Rain,24.92,32.8,None,LocalEvent,18,16,-2
R010,2025-01-20,17,0,0,Rain,24.92,32.8,None,LocalEvent,13,11,-2
R010,2025-01-20,18,0,0,Rain,24.92,32.8,None,LocalEvent,17,15,-2
R010,2025-01-20,19,0,0,Rain,24.92,32.8,None,LocalEvent,27,26,-1
R010,2025-01-20,20,0,0,Rain,24.92,32.8,None,LocalEvent,32,34,2
R010,2025-01-20,21,0,0,Rain,24.92,32.8,None,LocalEvent,26,23,-3
R010,2025-01-20,22,0,0,Rain,24.92,32.8,None,LocalEvent,14,16,2
R010,2025-01-21,8,1,0,Cloudy,3.39,23.1,FestivalOffer,LocalEvent,5,5,0
R010,2025-01-21,9,1,0,Cloudy,3.39,23.1,FestivalOffer,LocalEvent,13,10,-3
R010,2025-01-21,10,1,0,Cloudy,3.39,23.1,FestivalOffer,LocalEvent,25,29,4
R010,2025-01-21,11,1,0,Cloudy,3.39,23.1,FestivalOffer,LocalEvent,41,55,14
R010,2025-01-21,12,1,0,Cloudy,3.39,23.1,FestivalOffer,LocalEvent,55,54,-1
R010,2025-01-21,13,1,0,Cloudy,3.39,23.1,FestivalOffer,LocalEvent,60,41,-19
R010,2025-01-21,14,1,0,Cloudy,3.39,23.1,FestivalOffer,LocalEvent,55,60,5
R010,2025-01-21,15,1,0,Cloudy,3.39,23.1,FestivalOffer,LocalEvent,41,43,2
R010,2025-01-21,16,1,0,Cloudy,3.39,23.1,FestivalOffer,LocalEvent,27,27,0
R010,2025-01-21,17,1,0,Cloudy,3.39,23.1,FestivalOffer,LocalEvent,20,20,0
R010,2025-01-21,18,1,0,Cloudy,3.39,23.1,FestivalOffer,LocalEvent,26,23,-3
R010,2025-01-21,19,1,0,Cloudy,3.39,23.1,FestivalOffer,LocalEvent,41,40,-1
R010,2025-01-21,20,1,0,Cloudy,3.39,23.1,FestivalOffer,LocalEvent,49,52,3
R010,2025-01-21,21,1,0,Cloudy,3.39,23.1,FestivalOffer,LocalEvent,39,45,6
R010,2025-01-21,22,1,0,Cloudy,3.39,23.1,FestivalOffer,LocalEvent,21,21,0
R010,2025-01-22,8,2,0,Cloudy,4.49,29.5,None,LocalEvent,4,5,1
R010,2025-01-22,9,2,0,Cloudy,4.49,29.5,None,LocalEvent,11,9,-2
R010,2025-01-22,10,2,0,Cloudy,4.49,29.5,None,LocalEvent,21,16,-5
R010,2025-01-22,11,2,0,Cloudy,4.49,29.5,None,LocalEvent,34,41,7
R010,2025-01-22,12,2,0,Cloudy,4.49,29.5,None,LocalEvent,46,42,-4
R010,2025-01-22,13,2,0,Cloudy,4.49,29.5,None,LocalEvent,51,52,1
R010,2025-01-22,14,2,0,Cloudy,4.49,29.5,None,LocalEvent,46,46,0
R010,2025-01-22,15,2,0,Cloudy,4.49,29.5,None,LocalEvent,35,35,0
R010,2025-01-22,16,2,0,Cloudy,4.49,29.5,None,LocalEvent,23,17,-6
R010,2025-01-22,17,2,0,Cloudy,4.49,29.5,None,LocalEvent,17,15,-2
R010,2025-01-22,18,2,0,Cloudy,4.49,29.5,None,LocalEvent,22,21,-1
R010,2025-01-22,19,2,0,Cloudy,4.49,29.5,None,LocalEvent,35,34,-1
R010,2025-01-22,20,2,0,Cloudy,4.49,29.5,None,LocalEvent,41,43,2
R010,2025-01-22,21,2,0,Cloudy,4.49,29.5,None,LocalEvent,33,37,4
R010,2025-01-22,22,2,0,Cloudy,4.49,29.5,None,LocalEvent,18,19,1
R010,2025-01-23,8,3,0,Storm,12.34,33.8,HappyHour,SportsMatch,3,3,0
R010,2025-01-23,9,3,0,Storm,12.34,33.8,HappyHour,SportsMatch,8,7,-1
R010,2025-01-23,10,3,0,Storm,12.34,33.8,HappyHour,SportsMatch,15,13,-2
R010,2025-01-23,11,3,0,Storm,12.34,33.8,HappyHour,SportsMatch,25,26,1
R010,2025-01-23,12,3,0,Storm,12.34,33.8,HappyHour,SportsMatch,33,32,-1
R010,2025-01-23,13,3,0,Storm,12.34,33.8,HappyHour,SportsMatch,36,30,-6
R010,2025-01-23,14,3,0,Storm,12.34,33.8,HappyHour,SportsMatch,33,31,-2
R010,2025-01-23,15,3,0,Storm,12.34,33.8,HappyHour,SportsMatch,25,28,3
R010,2025-01-23,16,3,0,Storm,12.34,33.8,HappyHour,SportsMatch,16,18,2
R010,2025-01-23,17,3,0,Storm,12.34,33.8,HappyHour,SportsMatch,12,11,-1
R010,2025-01-23,18,3,0,Storm,12.34,33.8,HappyHour,SportsMatch,16,13,-3
R010,2025-01-23,19,3,0,Storm,12.34,33.8,HappyHour,SportsMatch,25,25,0
R010,2025-01-23,20,3,0,Storm,12.34,33.8,HappyHour,SportsMatch,29,34,5
R010,2025-01-23,21,3,0,Storm,12.34,33.8,HappyHour,SportsMatch,24,24,0
R010,2025-01-23,22,3,0,Storm,12.34,33.8,HappyHour,SportsMatch,13,11,-2
R010,2025-01-24,8,4,0,Storm,6.04,37.2,HappyHour,Festival,3,3,0
R010,2025-01-24,9,4,0,Storm,6.04,37.2,HappyHour,Festival,8,7,-1
R010,2025-01-24,10,4,0,Storm,6.04,37.2,HappyHour,Festival,16,10,-6
R010,2025-01-24,11,4,0,Storm,6.04,37.2,HappyHour,Festival,26,32,6
R010,2025-01-24,12,4,0,Storm,6.04,37.2,HappyHour,Festival,35,29,-6
R010,2025-01-24,13,4,0,Storm,6.04,37.2,HappyHour,Festival,38,39,1
R010,2025-01-24,14,4,0,Storm,6.04,37.2,HappyHour,Festival,35,32,-3
R010,2025-01-24,15,4,0,Storm,6.04,37.2,HappyHour,Festival,26,27,1
R010,2025-01-24,16,4,0,Storm,6.04,37.2,HappyHour,Festival,17,18,1
R010,2025-01-24,17,4,0,Storm,6.04,37.2,HappyHour,Festival,13,14,1
R010,2025-01-24,18,4,0,Storm,6.04,37.2,HappyHour,Festival,17,18,1
R010,2025-01-24,19,4,0,Storm,6.04,37.2,HappyHour,Festival,26,28,2
R010,2025-01-24,20,4,0,Storm,6.04,37.2,HappyHour,Festival,31,32,1
R010,2025-01-24,21,4,0,Storm,6.04,37.2,HappyHour,Festival,25,30,5
R010,2025-01-24,22,4,0,Storm,6.04,37.2,HappyHour,Festival,13,13,0
R010,2025-01-25,8,5,1,Cloudy,2.97,32.2,FestivalOffer,Festival,7,6,-1
R010,2025-01-25,9,5,1,Cloudy,2.97,32.2,FestivalOffer,Festival,16,18,2
R010,2025-01-25,10,5,1,Cloudy,2.97,32.2,FestivalOffer,Festival,32,31,-1
R010,2025-01-25,11,5,1,Cloudy,2.97,32.2,FestivalOffer,Festival,52,49,-3
R010,2025-01-25,12,5,1,Cloudy,2.97,32.2,FestivalOffer,Festival,69,65,-4
R010,2025-01-25,13,5,1,Cloudy,2.97,32.2,FestivalOffer,Festival,76,88,12
R010,2025-01-25,14,5,1,Cloudy,2.97,32.2,FestivalOffer,Festival,69,71,2
R010,2025-01-25,15,5,1,Cloudy,2.97,32.2,FestivalOffer,Festival,52,62,10
R010,2025-01-25,16,5,1,Cloudy,2.97,32.2,FestivalOffer,Festival,34,34,0
R010,2025-01-25,17,5,1,Cloudy,2.97,32.2,FestivalOffer,Festival,25,31,6
R010,2025-01-25,18,5,1,Cloudy,2.97,32.2,FestivalOffer,Festival,33,37,4
R010,2025-01-25,19,5,1,Cloudy,2.97,32.2,FestivalOffer,Festival,52,48,-4
R010,2025-01-25,20,5,1,Cloudy,2.97,32.2,FestivalOffer,Festival,62,56,-6
R010,2025-01-25,21,5,1,Cloudy,2.97,32.2,FestivalOffer,Festival,50,33,-17
R010,2025-01-25,22,5,1,Cloudy,2.97,32.2,FestivalOffer,Festival,27,30,3
R010,2025-01-26,8,6,1,Storm,21.4,32.6,FestivalOffer,Festival,4,1,-3
R010,2025-01-26,9,6,1,Storm,21.4,32.6,FestivalOffer,Festival,10,11,1
R010,2025-01-26,10,6,1,Storm,21.4,32.6,FestivalOffer,Festival,21,17,-4
R010,2025-01-26,11,6,1,Storm,21.4,32.6,FestivalOffer,Festival,34,30,-4
R010,2025-01-26,12,6,1,Storm,21.4,32.6,FestivalOffer,Festival,45,42,-3
R010,2025-01-26,13,6,1,Storm,21.4,32.6,FestivalOffer,Festival,50,49,-1
R010,2025-01-26,14,6,1,Storm,21.4,32.6,FestivalOffer,Festival,45,40,-5
R010,2025-01-26,15,6,1,Storm,21.4,32.6,FestivalOffer,Festival,34,35,1
R010,2025-01-26,16,6,1,Storm,21.4,32.6,FestivalOffer,Festival,22,16,-6
R010,2025-01-26,17,6,1,Storm,21.4,32.6,FestivalOffer,Festival,17,15,-2
R010,2025-01-26,18,6,1,Storm,21.4,32.6,FestivalOffer,Festival,22,22,0
R010,2025-01-26,19,6,1,Storm,21.4,32.6,FestivalOffer,Festival,34,29,-5
R010,2025-01-26,20,6,1,Storm,21.4,32.6,FestivalOffer,Festival,40,46,6
R010,2025-01-26,21,6,1,Storm,21.4,32.6,FestivalOffer,Festival,32,26,-6
R010,2025-01-26,22,6,1,Storm,21.4,32.6,FestivalOffer,Festival,17,16,-1
R010,2025-01-27,8,0,0,Cloudy,0.14,32.0,None,LocalEvent,4,2,-2
R010,2025-01-27,9,0,0,Cloudy,0.14,32.0,None,LocalEvent,11,12,1
R010,2025-01-27,10,0,0,Cloudy,0.14,32.0,None,LocalEvent,21,21,0
R010,2025-01-27,11,0,0,Cloudy,0.14,32.0,None,LocalEvent,34,41,7
R010,2025-01-27,12,0,0,Cloudy,0.14,32.0,None,LocalEvent,46,45,-1
R010,2025-01-27,13,0,0,Cloudy,0.14,32.0,None,LocalEvent,51,49,-2
R010,2025-01-27,14,0,0,Cloudy,0.14,32.0,None,LocalEvent,46,46,0
R010,2025-01-27,15,0,0,Cloudy,0.14,32.0,None,LocalEvent,35,34,-1
R010,2025-01-27,16,0,0,Cloudy,0.14,32.0,None,LocalEvent,23,20,-3
R010,2025-01-27,17,0,0,Cloudy,0.14,32.0,None,LocalEvent,17,22,5
R010,2025-01-27,18,0,0,Cloudy,0.14,32.0,None,LocalEvent,22,22,0
R010,2025-01-27,19,0,0,Cloudy,0.14,32.0,None,LocalEvent,35,41,6
R010,2025-01-27,20,0,0,Cloudy,0.14,32.0,None,LocalEvent,41,40,-1
R010,2025-01-27,21,0,0,Cloudy,0.14,32.0,None,LocalEvent,33,38,5
R010,2025-01-27,22,0,0,Cloudy,0.14,32.0,None,LocalEvent,18,21,3
R010,2025-01-28,8,1,0,Rain,17.25,37.6,FestivalOffer,SportsMatch,4,4,0
R010,2025-01-28,9,1,0,Rain,17.25,37.6,FestivalOffer,SportsMatch,10,9,-1
R010,2025-01-28,10,1,0,Rain,17.25,37.6,FestivalOffer,SportsMatch,20,17,-3
R010,2025-01-28,11,1,0,Rain,17.25,37.6,FestivalOffer,SportsMatch,32,21,-11
R010,2025-01-28,12,1,0,Rain,17.25,37.6,FestivalOffer,SportsMatch,43,43,0
R010,2025-01-28,13,1,0,Rain,17.25,37.6,FestivalOffer,SportsMatch,48,43,-5
R010,2025-01-28,14,1,0,Rain,17.25,37.6,FestivalOffer,SportsMatch,43,38,-5
R010,2025-01-28,15,1,0,Rain,17.25,37.6,FestivalOffer,SportsMatch,33,31,-2
R010,2025-01-28,16,1,0,Rain,17.25,37.6,FestivalOffer,SportsMatch,21,21,0
R010,2025-01-28,17,1,0,Rain,17.25,37.6,FestivalOffer,SportsMatch,16,15,-1
R010,2025-01-28,18,1,0,Rain,17.25,37.6,FestivalOffer,SportsMatch,21,25,4
R010,2025-01-28,19,1,0,Rain,17.25,37.6,FestivalOffer,SportsMatch,33,37,4
R010,2025-01-28,20,1,0,Rain,17.25,37.6,FestivalOffer,SportsMatch,39,39,0
R010,2025-01-28,21,1,0,Rain,17.25,37.6,FestivalOffer,SportsMatch,31,36,5
R010,2025-01-28,22,1,0,Rain,17.25,37.6,FestivalOffer,SportsMatch,17,19,2
R010,2025-01-29,8,2,0,Rain,31.3,20.9,HappyHour,Festival,4,7,3
R010,2025-01-29,9,2,0,Rain,31.3,20.9,HappyHour,Festival,10,7,-3
R010,2025-01-29,10,2,0,Rain,31.3,20.9,HappyHour,Festival,19,21,2
R010,2025-01-29,11,2,0,Rain,31.3,20.9,HappyHour,Festival,31,30,-1
R010,2025-01-29,12,2,0,Rain,31.3,20.9,HappyHour,Festival,42,28,-14
R010,2025-01-29,13,2,0,Rain,31.3,20.9,HappyHour,Festival,46,52,6
R010,2025-01-29,14,2,0,Rain,31.3,20.9,HappyHour,Festival,42,45,3
R010,2025-01-29,15,2,0,Rain,31.3,20.9,HappyHour,Festival,31,36,5
R010,2025-01-29,16,2,0,Rain,31.3,20.9,HappyHour,Festival,21,21,0
R010,2025-01-29,17,2,0,Rain,31.3,20.9,HappyHour,Festival,15,16,1
R010,2025-01-29,18,2,0,Rain,31.3,20.9,HappyHour,Festival,20,17,-3
R010,2025-01-29,19,2,0,Rain,31.3,20.9,HappyHour,Festival,31,30,-1
R010,2025-01-29,20,2,0,Rain,31.3,20.9,HappyHour,Festival,37,43,6
R010,2025-01-29,21,2,0,Rain,31.3,20.9,HappyHour,Festival,30,30,0
R010,2025-01-29,22,2,0,Rain,31.3,20.9,HappyHour,Festival,16,18,2
R010,2025-01-30,8,3,0,Cloudy,3.08,32.5,None,None,4,4,0
R010,2025-01-30,9,3,0,Cloudy,3.08,32.5,None,None,10,7,-3
R010,2025-01-30,10,3,0,Cloudy,3.08,32.5,None,None,20,22,2
R010,2025-01-30,11,3,0,Cloudy,3.08,32.5,None,None,32,29,-3
R010,2025-01-30,12,3,0,Cloudy,3.08,32.5,None,None,43,43,0
R010,2025-01-30,13,3,0,Cloudy,3.08,32.5,None,None,48,49,1
R010,2025-01-30,14,3,0,Cloudy,3.08,32.5,None,None,43,38,-5
R010,2025-01-30,15,3,0,Cloudy,3.08,32.5,None,None,32,34,2
R010,2025-01-30,16,3,0,Cloudy,3.08,32.5,None,None,21,24,3
R010,2025-01-30,17,3,0,Cloudy,3.08,32.5,None,None,16,14,-2
R010,2025-01-30,18,3,0,Cloudy,3.08,32.5,None,None,21,19,-2
R010,2025-01-30,19,3,0,Cloudy,3.08,32.5,None,None,32,35,3
R010,2025-01-30,20,3,0,Cloudy,3.08,32.5,None,None,38,41,3
R010,2025-01-30,21,3,0,Cloudy,3.08,32.5,None,None,31,36,5
R010,2025-01-30,22,3,0,Cloudy,3.08,32.5,None,None,17,17,0
R010,2025-01-31,8,4,0,Clear,4.9,28.3,FestivalOffer,LocalEvent,5,7,2
R010,2025-01-31,9,4,0,Clear,4.9,28.3,FestivalOffer,LocalEvent,13,16,3
R010,2025-01-31,10,4,0,Clear,4.9,28.3,FestivalOffer,LocalEvent,25,26,1
R010,2025-01-31,11,4,0,Clear,4.9,28.3,FestivalOffer,LocalEvent,41,46,5
R010,2025-01-31,12,4,0,Clear,4.9,28.3,FestivalOffer,LocalEvent,55,45,-10
R010,2025-01-31,13,4,0,Clear,4.9,28.3,FestivalOffer,LocalEvent,60,63,3
R010,2025-01-31,14,4,0,Clear,4.9,28.3,FestivalOffer,LocalEvent,55,35,-20
R010,2025-01-31,15,4,0,Clear,4.9,28.3,FestivalOffer,LocalEvent,41,29,-12
R010,2025-01-31,16,4,0,Clear,4.9,28.3,FestivalOffer,LocalEvent,27,23,-4
R010,2025-01-31,17,4,0,Clear,4.9,28.3,FestivalOffer,LocalEvent,20,22,2
R010,2025-01-31,18,4,0,Clear,4.9,28.3,FestivalOffer,LocalEvent,26,26,0
R010,2025-01-31,19,4,0,Clear,4.9,28.3,FestivalOffer,LocalEvent,41,37,-4
R010,2025-01-31,20,4,0,Clear,4.9,28.3,FestivalOffer,LocalEvent,49,55,6
R010,2025-01-31,21,4,0,Clear,4.9,28.3,FestivalOffer,LocalEvent,39,39,0
R010,2025-01-31,22,4,0,Clear,4.9,28.3,FestivalOffer,LocalEvent,21,22,1
R010,2025-02-01,8,5,1,Cloudy,0.74,21.6,WeekendDeal,Festival,6,3,-3
R010,2025-02-01,9,5,1,Cloudy,0.74,21.6,WeekendDeal,Festival,15,16,1
R010,2025-02-01,10,5,1,Cloudy,0.74,21.6,WeekendDeal,Festival,30,29,-1
R010,2025-02-01,11,5,1,Cloudy,0.74,21.6,WeekendDeal,Festival,49,32,-17
R010,2025-02-01,12,5,1,Cloudy,0.74,21.6,WeekendDeal,Festival,66,66,0
R010,2025-02-01,13,5,1,Cloudy,0.74,21.6,WeekendDeal,Festival,72,73,1
R010,2025-02-01,14,5,1,Cloudy,0.74,21.6,WeekendDeal,Festival,66,83,17
R010,2025-02-01,15,5,1,Cloudy,0.74,21.6,WeekendDeal,Festival,49,51,2
R010,2025-02-01,16,5,1,Cloudy,0.74,21.6,WeekendDeal,Festival,32,32,0
R010,2025-02-01,17,5,1,Cloudy,0.74,21.6,WeekendDeal,Festival,24,28,4
R010,2025-02-01,18,5,1,Cloudy,0.74,21.6,WeekendDeal,Festival,32,29,-3
R010,2025-02-01,19,5,1,Cloudy,0.74,21.6,WeekendDeal,Festival,49,42,-7
R010,2025-02-01,20,5,1,Cloudy,0.74,21.6,WeekendDeal,Festival,58,58,0
R010,2025-02-01,21,5,1,Cloudy,0.74,21.6,WeekendDeal,Festival,47,46,-1
R010,2025-02-01,22,5,1,Cloudy,0.74,21.6,WeekendDeal,Festival,25,20,-5
R010,2025-02-02,8,6,1,Clear,3.94,30.8,HappyHour,None,5,3,-2
R010,2025-02-02,9,6,1,Clear,3.94,30.8,HappyHour,None,13,11,-2
R010,2025-02-02,10,6,1,Clear,3.94,30.8,HappyHour,None,25,33,8
R010,2025-02-02,11,6,1,Clear,3.94,30.8,HappyHour,None,41,41,0
R010,2025-02-02,12,6,1,Clear,3.94,30.8,HappyHour,None,55,40,-15
R010,2025-02-02,13,6,1,Clear,3.94,30.8,HappyHour,None,61,72,11
R010,2025-02-02,14,6,1,Clear,3.94,30.8,HappyHour,None,55,52,-3
R010,2025-02-02,15,6,1,Clear,3.94,30.8,HappyHour,None,41,52,11
R010,2025-02-02,16,6,1,Clear,3.94,30.8,HappyHour,None,27,23,-4
R010,2025-02-02,17,6,1,Clear,3.94,30.8,HappyHour,None,20,14,-6
R010,2025-02-02,18,6,1,Clear,3.94,30.8,HappyHour,None,27,26,-1
R010,2025-02-02,19,6,1,Clear,3.94,30.8,HappyHour,None,41,45,4
R010,2025-02-02,20,6,1,Clear,3.94,30.8,HappyHour,None,49,43,-6
R010,2025-02-02,21,6,1,Clear,3.94,30.8,HappyHour,None,40,52,12
R010,2025-02-02,22,6,1,Clear,3.94,30.8,HappyHour,None,21,16,-5
R010,2025-02-03,8,0,0,Cloudy,2.89,24.3,WeekendDeal,None,5,6,1
R010,2025-02-03,9,0,0,Cloudy,2.89,24.3,WeekendDeal,None,11,13,2
R010,2025-02-03,10,0,0,Cloudy,2.89,24.3,WeekendDeal,None,22,25,3
R010,2025-02-03,11,0,0,Cloudy,2.89,24.3,WeekendDeal,None,36,35,-1
R010,2025-02-03,12,0,0,Cloudy,2.89,24.3,WeekendDeal,None,48,46,-2
R010,2025-02-03,13,0,0,Cloudy,2.89,24.3,WeekendDeal,None,53,43,-10
R010,2025-02-03,14,0,0,Cloudy,2.89,24.3,WeekendDeal,None,48,42,-6
R010,2025-02-03,15,0,0,Cloudy,2.89,24.3,WeekendDeal,None,36,33,-3
R010,2025-02-03,16,0,0,Cloudy,2.89,24.3,WeekendDeal,None,24,24,0
R010,2025-02-03,17,0,0,Cloudy,2.89,24.3,WeekendDeal,None,18,14,-4
R010,2025-02-03,18,0,0,Cloudy,2.89,24.3,WeekendDeal,None,23,21,-2
R010,2025-02-03,19,0,0,Cloudy,2.89,24.3,WeekendDeal,None,36,39,3
R010,2025-02-03,20,0,0,Cloudy,2.89,24.3,WeekendDeal,None,43,36,-7
R010,2025-02-03,21,0,0,Cloudy,2.89,24.3,WeekendDeal,None,35,35,0
R010,2025-02-03,22,0,0,Cloudy,2.89,24.3,WeekendDeal,None,19,20,1
R010,2025-02-04,8,1,0,Clear,3.73,32.3,None,None,4,6,2
R010,2025-02-04,9,1,0,Clear,3.73,32.3,None,None,10,10,0
R010,2025-02-04,10,1,0,Clear,3.73,32.3,None,None,20,21,1
R010,2025-02-04,11,1,0,Clear,3.73,32.3,None,None,32,31,-1
R010,2025-02-04,12,1,0,Clear,3.73,32.3,None,None,43,38,-5
R010,2025-02-04,13,1,0,Clear,3.73,32.3,None,None,48,40,-8
R010,2025-02-04,14,1,0,Clear,3.73,32.3,None,None,43,34,-9
R010,2025-02-04,15,1,0,Clear,3.73,32.3,None,None,32,35,3
R010,2025-02-04,16,1,0,Clear,3.73,32.3,None,None,21,23,2
R010,2025-02-04,17,1,0,Clear,3.73,32.3,None,None,16,11,-5
R010,2025-02-04,18,1,0,Clear,3.73,32.3,None,None,21,22,1
R010,2025-02-04,19,1,0,Clear,3.73,32.3,None,None,32,42,10
R010,2025-02-04,20,1,0,Clear,3.73,32.3,None,None,38,33,-5
R010,2025-02-04,21,1,0,Clear,3.73,32.3,None,None,31,33,2
R010,2025-02-04,22,1,0,Clear,3.73,32.3,None,None,17,17,0
R010,2025-02-05,8,2,0,Clear,3.52,38.0,WeekendDeal,Festival,5,4,-1
R010,2025-02-05,9,2,0,Clear,3.52,38.0,WeekendDeal,Festival,13,14,1
R010,2025-02-05,10,2,0,Clear,3.52,38.0,WeekendDeal,Festival,25,28,3
R010,2025-02-05,11,2,0,Clear,3.52,38.0,WeekendDeal,Festival,42,41,-1
R010,2025-02-05,12,2,0,Clear,3.52,38.0,WeekendDeal,Festival,56,56,0
R010,2025-02-05,13,2,0,Clear,3.52,38.0,WeekendDeal,Festival,61,61,0
R010,2025-02-05,14,2,0,Clear,3.52,38.0,WeekendDeal,Festival,56,60,4
R010,2025-02-05,15,2,0,Clear,3.52,38.0,WeekendDeal,Festival,42,42,0
R010,2025-02-05,16,2,0,Clear,3.52,38.0,WeekendDeal,Festival,27,19,-8
R010,2025-02-05,17,2,0,Clear,3.52,38.0,WeekendDeal,Festival,21,28,7
R010,2025-02-05,18,2,0,Clear,3.52,38.0,WeekendDeal,Festival,27,26,-1
R010,2025-02-05,19,2,0,Clear,3.52,38.0,WeekendDeal,Festival,42,37,-5
R010,2025-02-05,20,2,0,Clear,3.52,38.0,WeekendDeal,Festival,50,49,-1
R010,2025-02-05,21,2,0,Clear,3.52,38.0,WeekendDeal,Festival,40,37,-3
R010,2025-02-05,22,2,0,Clear,3.52,38.0,WeekendDeal,Festival,21,24,3
R010,2025-02-06,8,3,0,Clear,1.64,22.2,FestivalOffer,SportsMatch,5,7,2
R010,2025-02-06,9,3,0,Clear,1.64,22.2,FestivalOffer,SportsMatch,13,14,1
R010,2025-02-06,10,3,0,Clear,1.64,22.2,FestivalOffer,SportsMatch,25,29,4
R010,2025-02-06,11,3,0,Clear,1.64,22.2,FestivalOffer,SportsMatch,41,44,3
R010,2025-02-06,12,3,0,Clear,1.64,22.2,FestivalOffer,SportsMatch,56,50,-6
R010,2025-02-06,13,3,0,Clear,1.64,22.2,FestivalOffer,SportsMatch,61,50,-11
R010,2025-02-06,14,3,0,Clear,1.64,22.2,FestivalOffer,SportsMatch,56,48,-8
R010,2025-02-06,15,3,0,Clear,1.64,22.2,FestivalOffer,SportsMatch,42,48,6
R010,2025-02-06,16,3,0,Clear,1.64,22.2,FestivalOffer,SportsMatch,27,24,-3
R010,2025-02-06,17,3,0,Clear,1.64,22.2,FestivalOffer,SportsMatch,20,23,3
R010,2025-02-06,18,3,0,Clear,1.64,22.2,FestivalOffer,SportsMatch,27,27,0
R010,2025-02-06,19,3,0,Clear,1.64,22.2,FestivalOffer,SportsMatch,42,53,11
R010,2025-02-06,20,3,0,Clear,1.64,22.2,FestivalOffer,SportsMatch,50,41,-9
R010,2025-02-06,21,3,0,Clear,1.64,22.2,FestivalOffer,SportsMatch,40,39,-1
R010,2025-02-06,22,3,0,Clear,1.64,22.2,FestivalOffer,SportsMatch,21,27,6
R010,2025-02-07,8,4,0,Storm,12.29,30.1,None,None,3,5,2
R010,2025-02-07,9,4,0,Storm,12.29,30.1,None,None,6,5,-1
R010,2025-02-07,10,4,0,Storm,12.29,30.1,None,None,13,12,-1
R010,2025-02-07,11,4,0,Storm,12.29,30.1,None,None,21,26,5
R010,2025-02-07,12,4,0,Storm,12.29,30.1,None,None,28,31,3
R010,2025-02-07,13,4,0,Storm,12.29,30.1,None,None,31,38,7
R010,2025-02-07,14,4,0,Storm,12.29,30.1,None,None,28,43,15
R010,2025-02-07,15,4,0,Storm,12.29,30.1,None,None,21,24,3
R010,2025-02-07,16,4,0,Storm,12.29,30.1,None,None,14,14,0
R010,2025-02-07,17,4,0,Storm,12.29,30.1,None,None,10,11,1
R010,2025-02-07,18,4,0,Storm,12.29,30.1,None,None,14,13,-1
R010,2025-02-07,19,4,0,Storm,12.29,30.1,None,None,21,18,-3
R010,2025-02-07,20,4,0,Storm,12.29,30.1,None,None,25,29,4
R010,2025-02-07,21,4,0,Storm,12.29,30.1,None,None,20,21,1
R010,2025-02-07,22,4,0,Storm,12.29,30.1,None,None,11,10,-1
R010,2025-02-08,8,5,1,Storm,29.85,20.2,WeekendDeal,Festival,4,4,0
R010,2025-02-08,9,5,1,Storm,29.85,20.2,WeekendDeal,Festival,10,13,3
R010,2025-02-08,10,5,1,Storm,29.85,20.2,WeekendDeal,Festival,20,19,-1
R010,2025-02-08,11,5,1,Storm,29.85,20.2,WeekendDeal,Festival,32,28,-4
R010,2025-02-08,12,5,1,Storm,29.85,20.2,WeekendDeal,Festival,43,50,7
R010,2025-02-08,13,5,1,Storm,29.85,20.2,WeekendDeal,Festival,47,51,4
R010,2025-02-08,14,5,1,Storm,29.85,20.2,WeekendDeal,Festival,43,42,-1
R010,2025-02-08,15,5,1,Storm,29.85,20.2,WeekendDeal,Festival,32,25,-7
R010,2025-02-08,16,5,1,Storm,29.85,20.2,WeekendDeal,Festival,21,21,0
R010,2025-02-08,17,5,1,Storm,29.85,20.2,WeekendDeal,Festival,16,14,-2
R010,2025-02-08,18,5,1,Storm,29.85,20.2,WeekendDeal,Festival,21,21,0
R010,2025-02-08,19,5,1,Storm,29.85,20.2,WeekendDeal,Festival,32,31,-1
R010,2025-02-08,20,5,1,Storm,29.85,20.2,WeekendDeal,Festival,38,31,-7
R010,2025-02-08,21,5,1,Storm,29.85,20.2,WeekendDeal,Festival,31,32,1
R010,2025-02-08,22,5,1,Storm,29.85,20.2,WeekendDeal,Festival,16,20,4
R010,2025-02-09,8,6,1,Rain,6.28,21.5,HappyHour,Festival,5,5,0
R010,2025-02-09,9,6,1,Rain,6.28,21.5,HappyHour,Festival,11,14,3
R010,2025-02-09,10,6,1,Rain,6.28,21.5,HappyHour,Festival,23,28,5
R010,2025-02-09,11,6,1,Rain,6.28,21.5,HappyHour,Festival,37,35,-2
R010,2025-02-09,12,6,1,Rain,6.28,21.5,HappyHour,Festival,49,50,1
R010,2025-02-09,13,6,1,Rain,6.28,21.5,HappyHour,Festival,54,60,6
R010,2025-02-09,14,6,1,Rain,6.28,21.5,HappyHour,Festival,49,45,-4
R010,2025-02-09,15,6,1,Rain,6.28,21.5,HappyHour,Festival,37,33,-4
R010,2025-02-09,16,6,1,Rain,6.28,21.5,HappyHour,Festival,24,20,-4
R010,2025-02-09,17,6,1,Rain,6.28,21.5,HappyHour,Festival,18,17,-1
R010,2025-02-09,18,6,1,Rain,6.28,21.5,HappyHour,Festival,24,25,1
R010,2025-02-09,19,6,1,Rain,6.28,21.5,HappyHour,Festival,37,41,4
R010,2025-02-09,20,6,1,Rain,6.28,21.5,HappyHour,Festival,44,37,-7
R010,2025-02-09,21,6,1,Rain,6.28,21.5,HappyHour,Festival,35,35,0
R010,2025-02-09,22,6,1,Rain,6.28,21.5,HappyHour,Festival,19,20,1
R010,2025-02-10,8,0,0,Cloudy,1.88,33.7,FestivalOffer,LocalEvent,5,6,1
R010,2025-02-10,9,0,0,Cloudy,1.88,33.7,FestivalOffer,LocalEvent,13,13,0
R010,2025-02-10,10,0,0,Cloudy,1.88,33.7,FestivalOffer,LocalEvent,25,12,-13
R010,2025-02-10,11,0,0,Cloudy,1.88,33.7,FestivalOffer,LocalEvent,41,42,1
R010,2025-02-10,12,0,0,Cloudy,1.88,33.7,FestivalOffer,LocalEvent,55,43,-12
R010,2025-02-10,13,0,0,Cloudy,1.88,33.7,FestivalOffer,LocalEvent,60,73,13
R010,2025-02-10,14,0,0,Cloudy,1.88,33.7,FestivalOffer,LocalEvent,55,57,2
R010,2025-02-10,15,0,0,Cloudy,1.88,33.7,FestivalOffer,LocalEvent,41,28,-13
R010,2025-02-10,16,0,0,Cloudy,1.88,33.7,FestivalOffer,LocalEvent,27,27,0
R010,2025-02-10,17,0,0,Cloudy,1.88,33.7,FestivalOffer,LocalEvent,20,20,0
R010,2025-02-10,18,0,0,Cloudy,1.88,33.7,FestivalOffer,LocalEvent,26,24,-2
R010,2025-02-10,19,0,0,Cloudy,1.88,33.7,FestivalOffer,LocalEvent,41,35,-6
R010,2025-02-10,20,0,0,Cloudy,1.88,33.7,FestivalOffer,LocalEvent,49,40,-9
R010,2025-02-10,21,0,0,Cloudy,1.88,33.7,FestivalOffer,LocalEvent,39,41,2
R010,2025-02-10,22,0,0,Cloudy,1.88,33.7,FestivalOffer,LocalEvent,21,18,-3
R010,2025-02-11,8,1,0,Storm,28.28,28.5,FestivalOffer,None,3,3,0
R010,2025-02-11,9,1,0,Storm,28.28,28.5,FestivalOffer,None,8,5,-3
R010,2025-02-11,10,1,0,Storm,28.28,28.5,FestivalOffer,None,15,16,1
R010,2025-02-11,11,1,0,Storm,28.28,28.5,FestivalOffer,None,25,28,3
R010,2025-02-11,12,1,0,Storm,28.28,28.5,FestivalOffer,None,33,32,-1
R010,2025-02-11,13,1,0,Storm,28.28,28.5,FestivalOffer,None,37,42,5
R010,2025-02-11,14,1,0,Storm,28.28,28.5,FestivalOffer,None,33,33,0
R010,2025-02-11,15,1,0,Storm,28.28,28.5,FestivalOffer,None,25,24,-1
R010,2025-02-11,16,1,0,Storm,28.28,28.5,FestivalOffer,None,16,18,2
R010,2025-02-11,17,1,0,Storm,28.28,28.5,FestivalOffer,None,12,11,-1
R010,2025-02-11,18,1,0,Storm,28.28,28.5,FestivalOffer,None,16,17,1
R010,2025-02-11,19,1,0,Storm,28.28,28.5,FestivalOffer,None,25,35,10
R010,2025-02-11,20,1,0,Storm,28.28,28.5,FestivalOffer,None,30,29,-1
R010,2025-02-11,21,1,0,Storm,28.28,28.5,FestivalOffer,None,24,30,6
R010,2025-02-11,22,1,0,Storm,28.28,28.5,FestivalOffer,None,13,16,3
R010,2025-02-12,8,2,0,Storm,17.32,32.4,FestivalOffer,LocalEvent,3,5,2
R010,2025-02-12,9,2,0,Storm,17.32,32.4,FestivalOffer,LocalEvent,8,12,4
R010,2025-02-12,10,2,0,Storm,17.32,32.4,FestivalOffer,LocalEvent,16,16,0
R010,2025-02-12,11,2,0,Storm,17.32,32.4,FestivalOffer,LocalEvent,26,28,2
R010,2025-02-12,12,2,0,Storm,17.32,32.4,FestivalOffer,LocalEvent,35,36,1
R010,2025-02-12,13,2,0,Storm,17.32,32.4,FestivalOffer,LocalEvent,39,38,-1
R010,2025-02-12,14,2,0,Storm,17.32,32.4,FestivalOffer,LocalEvent,35,37,2
R010,2025-02-12,15,2,0,Storm,17.32,32.4,FestivalOffer,LocalEvent,27,26,-1
R010,2025-02-12,16,2,0,Storm,17.32,32.4,FestivalOffer,LocalEvent,17,15,-2
R010,2025-02-12,17,2,0,Storm,17.32,32.4,FestivalOffer,LocalEvent,13,12,-1
R010,2025-02-12,18,2,0,Storm,17.32,32.4,FestivalOffer,LocalEvent,17,21,4
R010,2025-02-12,19,2,0,Storm,17.32,32.4,FestivalOffer,LocalEvent,27,35,8
R010,2025-02-12,20,2,0,Storm,17.32,32.4,FestivalOffer,LocalEvent,32,41,9
R010,2025-02-12,21,2,0,Storm,17.32,32.4,FestivalOffer,LocalEvent,26,31,5
R010,2025-02-12,22,2,0,Storm,17.32,32.4,FestivalOffer,LocalEvent,14,13,-1
R010,2025-02-13,8,3,0,Cloudy,4.71,31.3,FestivalOffer,SportsMatch,5,2,-3
R010,2025-02-13,9,3,0,Cloudy,4.71,31.3,FestivalOffer,SportsMatch,13,13,0
R010,2025-02-13,10,3,0,Cloudy,4.71,31.3,FestivalOffer,SportsMatch,25,28,3
R010,2025-02-13,11,3,0,Cloudy,4.71,31.3,FestivalOffer,SportsMatch,41,35,-6
R010,2025-02-13,12,3,0,Cloudy,4.71,31.3,FestivalOffer,SportsMatch,56,67,11
R010,2025-02-13,13,3,0,Cloudy,4.71,31.3,FestivalOffer,SportsMatch,61,79,18
R010,2025-02-13,14,3,0,Cloudy,4.71,31.3,FestivalOffer,SportsMatch,56,46,-10
R010,2025-02-13,15,3,0,Cloudy,4.71,31.3,FestivalOffer,SportsMatch,42,41,-1
R010,2025-02-13,16,3,0,Cloudy,4.71,31.3,FestivalOffer,SportsMatch,27,26,-1
R010,2025-02-13,17,3,0,Cloudy,4.71,31.3,FestivalOffer,SportsMatch,20,22,2
R010,2025-02-13,18,3,0,Cloudy,4.71,31.3,FestivalOffer,SportsMatch,27,31,4
R010,2025-02-13,19,3,0,Cloudy,4.71,31.3,FestivalOffer,SportsMatch,42,41,-1
R010,2025-02-13,20,3,0,Cloudy,4.71,31.3,FestivalOffer,SportsMatch,50,47,-3
R010,2025-02-13,21,3,0,Cloudy,4.71,31.3,FestivalOffer,SportsMatch,40,48,8
R010,2025-02-13,22,3,0,Cloudy,4.71,31.3,FestivalOffer,SportsMatch,21,22,1
R010,2025-02-14,8,4,0,Clear,1.51,23.1,FestivalOffer,SportsMatch,5,4,-1
R010,2025-02-14,9,4,0,Clear,1.51,23.1,FestivalOffer,SportsMatch,13,16,3
R010,2025-02-14,10,4,0,Clear,1.51,23.1,FestivalOffer,SportsMatch,25,26,1
R010,2025-02-14,11,4,0,Clear,1.51,23.1,FestivalOffer,SportsMatch,41,32,-9
R010,2025-02-14,12,4,0,Clear,1.51,23.1,FestivalOffer,SportsMatch,56,68,12
R010,2025-02-14,13,4,0,Clear,1.51,23.1,FestivalOffer,SportsMatch,61,67,6
R010,2025-02-14,14,4,0,Clear,1.51,23.1,FestivalOffer,SportsMatch,56,69,13
R010,2025-02-14,15,4,0,Clear,1.51,23.1,FestivalOffer,SportsMatch,42,29,-13
R010,2025-02-14,16,4,0,Clear,1.51,23.1,FestivalOffer,SportsMatch,27,27,0
R010,2025-02-14,17,4,0,Clear,1.51,23.1,FestivalOffer,SportsMatch,20,23,3
R010,2025-02-14,18,4,0,Clear,1.51,23.1,FestivalOffer,SportsMatch,27,19,-8
R010,2025-02-14,19,4,0,Clear,1.51,23.1,FestivalOffer,SportsMatch,42,47,5
R010,2025-02-14,20,4,0,Clear,1.51,23.1,FestivalOffer,SportsMatch,50,42,-8
R010,2025-02-14,21,4,0,Clear,1.51,23.1,FestivalOffer,SportsMatch,40,42,2
R010,2025-02-14,22,4,0,Clear,1.51,23.1,FestivalOffer,SportsMatch,21,15,-6
R010,2025-02-15,8,5,1,Cloudy,0.58,27.1,WeekendDeal,Festival,6,6,0
R010,2025-02-15,9,5,1,Cloudy,0.58,27.1,WeekendDeal,Festival,15,15,0
R010,2025-02-15,10,5,1,Cloudy,0.58,27.1,WeekendDeal,Festival,30,38,8
R010,2025-02-15,11,5,1,Cloudy,0.58,27.1,WeekendDeal,Festival,49,55,6
R010,2025-02-15,12,5,1,Cloudy,0.58,27.1,WeekendDeal,Festival,66,67,1
R010,2025-02-15,13,5,1,Cloudy,0.58,27.1,WeekendDeal,Festival,72,76,4
R010,2025-02-15,14,5,1,Cloudy,0.58,27.1,WeekendDeal,Festival,66,76,10
R010,2025-02-15,15,5,1,Cloudy,0.58,27.1,WeekendDeal,Festival,49,47,-2
R010,2025-02-15,16,5,1,Cloudy,0.58,27.1,WeekendDeal,Festival,32,28,-4
R010,2025-02-15,17,5,1,Cloudy,0.58,27.1,WeekendDeal,Festival,24,26,2
R010,2025-02-15,18,5,1,Cloudy,0.58,27.1,WeekendDeal,Festival,32,43,11
R010,2025-02-15,19,5,1,Cloudy,0.58,27.1,WeekendDeal,Festival,49,51,2
R010,2025-02-15,20,5,1,Cloudy,0.58,27.1,WeekendDeal,Festival,58,61,3
R010,2025-02-15,21,5,1,Cloudy,0.58,27.1,WeekendDeal,Festival,47,48,1
R010,2025-02-15,22,5,1,Cloudy,0.58,27.1,WeekendDeal,Festival,25,31,6
R010,2025-02-16,8,6,1,Clear,4.14,32.8,HappyHour,Festival,6,9,3
R010,2025-02-16,9,6,1,Clear,4.14,32.8,HappyHour,Festival,15,14,-1
R010,2025-02-16,10,6,1,Clear,4.14,32.8,HappyHour,Festival,29,27,-2
R010,2025-02-16,11,6,1,Clear,4.14,32.8,HappyHour,Festival,47,50,3
R010,2025-02-16,12,6,1,Clear,4.14,32.8,HappyHour,Festival,63,51,-12
R010,2025-02-16,13,6,1,Clear,4.14,32.8,HappyHour,Festival,70,77,7
R010,2025-02-16,14,6,1,Clear,4.14,32.8,HappyHour,Festival,63,75,12
R010,2025-02-16,15,6,1,Clear,4.14,32.8,HappyHour,Festival,48,44,-4
R010,2025-02-16,16,6,1,Clear,4.14,32.8,HappyHour,Festival,31,30,-1
R010,2025-02-16,17,6,1,Clear,4.14,32.8,HappyHour,Festival,23,25,2
R010,2025-02-16,18,6,1,Clear,4.14,32.8,HappyHour,Festival,30,32,2
R010,2025-02-16,19,6,1,Clear,4.14,32.8,HappyHour,Festival,47,44,-3
R010,2025-02-16,20,6,1,Clear,4.14,32.8,HappyHour,Festival,56,53,-3
R010,2025-02-16,21,6,1,Clear,4.14,32.8,HappyHour,Festival,46,49,3
R010,2025-02-16,22,6,1,Clear,4.14,32.8,HappyHour,Festival,24,25,1
R010,2025-02-17,8,0,0,Storm,25.25,33.8,HappyHour,Festival,3,3,0
R010,2025-02-17,9,0,0,Storm,25.25,33.8,HappyHour,Festival,8,7,-1
R010,2025-02-17,10,0,0,Storm,25.25,33.8,HappyHour,Festival,16,14,-2
R010,2025-02-17,11,0,0,Storm,25.25,33.8,HappyHour,Festival,26,27,1
R010,2025-02-17,12,0,0,Storm,25.25,33.8,HappyHour,Festival,35,30,-5
R010,2025-02-17,13,0,0,Storm,25.25,33.8,HappyHour,Festival,38,36,-2
R010,2025-02-17,14,0,0,Storm,25.25,33.8,HappyHour,Festival,35,23,-12
R010,2025-02-17,15,0,0,Storm,25.25,33.8,HappyHour,Festival,26,26,0
R010,2025-02-17,16,0,0,Storm,25.25,33.8,HappyHour,Festival,17,16,-1
R010,2025-02-17,17,0,0,Storm,25.25,33.8,HappyHour,Festival,13,10,-3
R010,2025-02-17,18,0,0,Storm,25.25,33.8,HappyHour,Festival,17,23,6
R010,2025-02-17,19,0,0,Storm,25.25,33.8,HappyHour,Festival,26,23,-3
R010,2025-02-17,20,0,0,Storm,25.25,33.8,HappyHour,Festival,31,20,-11
R010,2025-02-17,21,0,0,Storm,25.25,33.8,HappyHour,Festival,25,23,-2
R010,2025-02-17,22,0,0,Storm,25.25,33.8,HappyHour,Festival,13,15,2
R010,2025-02-18,8,1,0,Rain,27.06,35.4,WeekendDeal,Festival,4,4,0
R010,2025-02-18,9,1,0,Rain,27.06,35.4,WeekendDeal,Festival,10,9,-1
R010,2025-02-18,10,1,0,Rain,27.06,35.4,WeekendDeal,Festival,20,17,-3
R010,2025-02-18,11,1,0,Rain,27.06,35.4,WeekendDeal,Festival,32,29,-3
R010,2025-02-18,12,1,0,Rain,27.06,35.4,WeekendDeal,Festival,43,46,3
R010,2025-02-18,13,1,0,Rain,27.06,35.4,WeekendDeal,Festival,48,48,0
R010,2025-02-18,14,1,0,Rain,27.06,35.4,WeekendDeal,Festival,43,55,12
R010,2025-02-18,15,1,0,Rain,27.06,35.4,WeekendDeal,Festival,33,30,-3
R010,2025-02-18,16,1,0,Rain,27.06,35.4,WeekendDeal,Festival,21,20,-1
R010,2025-02-18,17,1,0,Rain,27.06,35.4,WeekendDeal,Festival,16,16,0
R010,2025-02-18,18,1,0,Rain,27.06,35.4,WeekendDeal,Festival,21,27,6
R010,2025-02-18,19,1,0,Rain,27.06,35.4,WeekendDeal,Festival,33,29,-4
R010,2025-02-18,20,1,0,Rain,27.06,35.4,WeekendDeal,Festival,39,36,-3
R010,2025-02-18,21,1,0,Rain,27.06,35.4,WeekendDeal,Festival,31,18,-13
R010,2025-02-18,22,1,0,Rain,27.06,35.4,WeekendDeal,Festival,17,11,-6
R010,2025-02-19,8,2,0,Clear,4.65,37.9,HappyHour,SportsMatch,5,2,-3
R010,2025-02-19,9,2,0,Clear,4.65,37.9,HappyHour,SportsMatch,12,13,1
R010,2025-02-19,10,2,0,Clear,4.65,37.9,HappyHour,SportsMatch,23,25,2
R010,2025-02-19,11,2,0,Clear,4.65,37.9,HappyHour,SportsMatch,38,40,2
R010,2025-02-19,12,2,0,Clear,4.65,37.9,HappyHour,SportsMatch,51,51,0
R010,2025-02-19,13,2,0,Clear,4.65,37.9,HappyHour,SportsMatch,56,60,4
R010,2025-02-19,14,2,0,Clear,4.65,37.9,HappyHour,SportsMatch,51,41,-10
R010,2025-02-19,15,2,0,Clear,4.65,37.9,HappyHour,SportsMatch,38,43,5
R010,2025-02-19,16,2,0,Clear,4.65,37.9,HappyHour,SportsMatch,25,22,-3
R010,2025-02-19,17,2,0,Clear,4.65,37.9,HappyHour,SportsMatch,19,17,-2
R010,2025-02-19,18,2,0,Clear,4.65,37.9,HappyHour,SportsMatch,25,30,5
R010,2025-02-19,19,2,0,Clear,4.65,37.9,HappyHour,SportsMatch,38,44,6
R010,2025-02-19,20,2,0,Clear,4.65,37.9,HappyHour,SportsMatch,45,46,1
R010,2025-02-19,21,2,0,Clear,4.65,37.9,HappyHour,SportsMatch,37,29,-8
R010,2025-02-19,22,2,0,Clear,4.65,37.9,HappyHour,SportsMatch,20,17,-3
R010,2025-02-20,8,3,0,Cloudy,3.66,28.8,HappyHour,LocalEvent,5,7,2
R010,2025-02-20,9,3,0,Cloudy,3.66,28.8,HappyHour,LocalEvent,12,14,2
R010,2025-02-20,10,3,0,Cloudy,3.66,28.8,HappyHour,LocalEvent,23,25,2
R010,2025-02-20,11,3,0,Cloudy,3.66,28.8,HappyHour,LocalEvent,37,36,-1
R010,2025-02-20,12,3,0,Cloudy,3.66,28.8,HappyHour,LocalEvent,50,50,0
R010,2025-02-20,13,3,0,Cloudy,3.66,28.8,HappyHour,LocalEvent,55,39,-16
R010,2025-02-20,14,3,0,Cloudy,3.66,28.8,HappyHour,LocalEvent,50,51,1
R010,2025-02-20,15,3,0,Cloudy,3.66,28.8,HappyHour,LocalEvent,37,34,-3
R010,2025-02-20,16,3,0,Cloudy,3.66,28.8,HappyHour,LocalEvent,24,18,-6
R010,2025-02-20,17,3,0,Cloudy,3.66,28.8,HappyHour,LocalEvent,18,16,-2
R010,2025-02-20,18,3,0,Cloudy,3.66,28.8,HappyHour,LocalEvent,24,21,-3
R010,2025-02-20,19,3,0,Cloudy,3.66,28.8,HappyHour,LocalEvent,37,28,-9
R010,2025-02-20,20,3,0,Cloudy,3.66,28.8,HappyHour,LocalEvent,44,51,7
R010,2025-02-20,21,3,0,Cloudy,3.66,28.8,HappyHour,LocalEvent,36,36,0
R010,2025-02-20,22,3,0,Cloudy,3.66,28.8,HappyHour,LocalEvent,19,25,6
R010,2025-02-21,8,4,0,Storm,6.19,37.3,HappyHour,LocalEvent,3,1,-2
R010,2025-02-21,9,4,0,Storm,6.19,37.3,HappyHour,LocalEvent,7,6,-1
R010,2025-02-21,10,4,0,Storm,6.19,37.3,HappyHour,LocalEvent,15,16,1
R010,2025-02-21,11,4,0,Storm,6.19,37.3,HappyHour,LocalEvent,24,23,-1
R010,2025-02-21,12,4,0,Storm,6.19,37.3,HappyHour,LocalEvent,32,30,-2
R010,2025-02-21,13,4,0,Storm,6.19,37.3,HappyHour,LocalEvent,36,46,10
R010,2025-02-21,14,4,0,Storm,6.19,37.3,HappyHour,LocalEvent,32,28,-4
R010,2025-02-21,15,4,0,Storm,6.19,37.3,HappyHour,LocalEvent,24,24,0
R010,2025-02-21,16,4,0,Storm,6.19,37.3,HappyHour,LocalEvent,16,13,-3
R010,2025-02-21,17,4,0,Storm,6.19,37.3,HappyHour,LocalEvent,12,12,0
R010,2025-02-21,18,4,0,Storm,6.19,37.3,HappyHour,LocalEvent,16,19,3
R010,2025-02-21,19,4,0,Storm,6.19,37.3,HappyHour,LocalEvent,24,27,3
R010,2025-02-21,20,4,0,Storm,6.19,37.3,HappyHour,LocalEvent,29,22,-7
R010,2025-02-21,21,4,0,Storm,6.19,37.3,HappyHour,LocalEvent,23,17,-6
R010,2025-02-21,22,4,0,Storm,6.19,37.3,HappyHour,LocalEvent,13,11,-2
R010,2025-02-22,8,5,1,Rain,1.34,22.7,HappyHour,LocalEvent,4,3,-1
R010,2025-02-22,9,5,1,Rain,1.34,22.7,HappyHour,LocalEvent,11,10,-1
R010,2025-02-22,10,5,1,Rain,1.34,22.7,HappyHour,LocalEvent,21,20,-1
R010,2025-02-22,11,5,1,Rain,1.34,22.7,HappyHour,LocalEvent,34,28,-6
R010,2025-02-22,12,5,1,Rain,1.34,22.7,HappyHour,LocalEvent,46,55,9
R010,2025-02-22,13,5,1,Rain,1.34,22.7,HappyHour,LocalEvent,51,63,12
R010,2025-02-22,14,5,1,Rain,1.34,22.7,HappyHour,LocalEvent,46,54,8
R010,2025-02-22,15,5,1,Rain,1.34,22.7,HappyHour,LocalEvent,34,34,0
R010,2025-02-22,16,5,1,Rain,1.34,22.7,HappyHour,LocalEvent,22,22,0
R010,2025-02-22,17,5,1,Rain,1.34,22.7,HappyHour,LocalEvent,17,14,-3
R010,2025-02-22,18,5,1,Rain,1.34,22.7,HappyHour,LocalEvent,22,22,0
R010,2025-02-22,19,5,1,Rain,1.34,22.7,HappyHour,LocalEvent,34,27,-7
R010,2025-02-22,20,5,1,Rain,1.34,22.7,HappyHour,LocalEvent,41,47,6
R010,2025-02-22,21,5,1,Rain,1.34,22.7,HappyHour,LocalEvent,33,34,1
R010,2025-02-22,22,5,1,Rain,1.34,22.7,HappyHour,LocalEvent,18,17,-1
R010,2025-02-23,8,6,1,Rain,34.22,35.3,None,SportsMatch,4,3,-1
R010,2025-02-23,9,6,1,Rain,34.22,35.3,None,SportsMatch,10,11,1
R010,2025-02-23,10,6,1,Rain,34.22,35.3,None,SportsMatch,20,18,-2
R010,2025-02-23,11,6,1,Rain,34.22,35.3,None,SportsMatch,32,24,-8
R010,2025-02-23,12,6,1,Rain,34.22,35.3,None,SportsMatch,43,42,-1
R010,2025-02-23,13,6,1,Rain,34.22,35.3,None,SportsMatch,48,47,-1
R010,2025-02-23,14,6,1,Rain,34.22,35.3,None,SportsMatch,43,42,-1
R010,2025-02-23,15,6,1,Rain,34.22,35.3,None,SportsMatch,33,27,-6
R010,2025-02-23,16,6,1,Rain,34.22,35.3,None,SportsMatch,21,25,4
R010,2025-02-23,17,6,1,Rain,34.22,35.3,None,SportsMatch,16,17,1
R010,2025-02-23,18,6,1,Rain,34.22,35.3,None,SportsMatch,21,22,1
R010,2025-02-23,19,6,1,Rain,34.22,35.3,None,SportsMatch,32,25,-7
R010,2025-02-23,20,6,1,Rain,34.22,35.3,None,SportsMatch,39,31,-8
R010,2025-02-23,21,6,1,Rain,34.22,35.3,None,SportsMatch,31,28,-3
R010,2025-02-23,22,6,1,Rain,34.22,35.3,None,SportsMatch,17,20,3
R010,2025-02-24,8,0,0,Cloudy,1.71,33.6,HappyHour,LocalEvent,5,2,-3
R010,2025-02-24,9,0,0,Cloudy,1.71,33.6,HappyHour,LocalEvent,12,12,0
R010,2025-02-24,10,0,0,Cloudy,1.71,33.6,HappyHour,LocalEvent,23,27,4
R010,2025-02-24,11,0,0,Cloudy,1.71,33.6,HappyHour,LocalEvent,37,30,-7
R010,2025-02-24,12,0,0,Cloudy,1.71,33.6,HappyHour,LocalEvent,50,50,0
R010,2025-02-24,13,0,0,Cloudy,1.71,33.6,HappyHour,LocalEvent,55,46,-9
R010,2025-02-24,14,0,0,Cloudy,1.71,33.6,HappyHour,LocalEvent,50,52,2
R010,2025-02-24,15,0,0,Cloudy,1.71,33.6,HappyHour,LocalEvent,37,32,-5
R010,2025-02-24,16,0,0,Cloudy,1.71,33.6,HappyHour,LocalEvent,24,24,0
R010,2025-02-24,17,0,0,Cloudy,1.71,33.6,HappyHour,LocalEvent,18,22,4
R010,2025-02-24,18,0,0,Cloudy,1.71,33.6,HappyHour,LocalEvent,24,23,-1
R010,2025-02-24,19,0,0,Cloudy,1.71,33.6,HappyHour,LocalEvent,37,46,9
R010,2025-02-24,20,0,0,Cloudy,1.71,33.6,HappyHour,LocalEvent,44,50,6
R010,2025-02-24,21,0,0,Cloudy,1.71,33.6,HappyHour,LocalEvent,36,32,-4
R010,2025-02-24,22,0,0,Cloudy,1.71,33.6,HappyHour,LocalEvent,19,19,0
R010,2025-02-25,8,1,0,Clear,1.81,26.4,WeekendDeal,LocalEvent,5,0,-5
R010,2025-02-25,9,1,0,Clear,1.81,26.4,WeekendDeal,LocalEvent,12,18,6
R010,2025-02-25,10,1,0,Clear,1.81,26.4,WeekendDeal,LocalEvent,24,20,-4
R010,2025-02-25,11,1,0,Clear,1.81,26.4,WeekendDeal,LocalEvent,39,47,8
R010,2025-02-25,12,1,0,Clear,1.81,26.4,WeekendDeal,LocalEvent,52,65,13
R010,2025-02-25,13,1,0,Clear,1.81,26.4,WeekendDeal,LocalEvent,57,46,-11
R010,2025-02-25,14,1,0,Clear,1.81,26.4,WeekendDeal,LocalEvent,52,62,10
R010,2025-02-25,15,1,0,Clear,1.81,26.4,WeekendDeal,LocalEvent,39,38,-1
R010,2025-02-25,16,1,0,Clear,1.81,26.4,WeekendDeal,LocalEvent,25,20,-5
R010,2025-02-25,17,1,0,Clear,1.81,26.4,WeekendDeal,LocalEvent,19,21,2
R010,2025-02-25,18,1,0,Clear,1.81,26.4,WeekendDeal,LocalEvent,25,21,-4
R010,2025-02-25,19,1,0,Clear,1.81,26.4,WeekendDeal,LocalEvent,39,43,4
R010,2025-02-25,20,1,0,Clear,1.81,26.4,WeekendDeal,LocalEvent,46,41,-5
R010,2025-02-25,21,1,0,Clear,1.81,26.4,WeekendDeal,LocalEvent,37,36,-1
R010,2025-02-25,22,1,0,Clear,1.81,26.4,WeekendDeal,LocalEvent,20,19,-1
R010,2025-02-26,8,2,0,Rain,22.08,29.9,WeekendDeal,Festival,4,4,0
R010,2025-02-26,9,2,0,Rain,22.08,29.9,WeekendDeal,Festival,10,6,-4
R010,2025-02-26,10,2,0,Rain,22.08,29.9,WeekendDeal,Festival,20,16,-4
R010,2025-02-26,11,2,0,Rain,22.08,29.9,WeekendDeal,Festival,32,29,-3
R010,2025-02-26,12,2,0,Rain,22.08,29.9,WeekendDeal,Festival,43,44,1
R010,2025-02-26,13,2,0,Rain,22.08,29.9,WeekendDeal,Festival,48,53,5
R010,2025-02-26,14,2,0,Rain,22.08,29.9,WeekendDeal,Festival,43,38,-5
R010,2025-02-26,15,2,0,Rain,22.08,29.9,WeekendDeal,Festival,33,36,3
R010,2025-02-26,16,2,0,Rain,22.08,29.9,WeekendDeal,Festival,21,22,1
R010,2025-02-26,17,2,0,Rain,22.08,29.9,WeekendDeal,Festival,16,21,5
R010,2025-02-26,18,2,0,Rain,22.08,29.9,WeekendDeal,Festival,21,23,2
R010,2025-02-26,19,2,0,Rain,22.08,29.9,WeekendDeal,Festival,33,34,1
R010,2025-02-26,20,2,0,Rain,22.08,29.9,WeekendDeal,Festival,39,49,10
R010,2025-02-26,21,2,0,Rain,22.08,29.9,WeekendDeal,Festival,31,36,5
R010,2025-02-26,22,2,0,Rain,22.08,29.9,WeekendDeal,Festival,17,13,-4
R010,2025-02-27,8,3,0,Clear,0.15,29.5,HappyHour,Festival,5,5,0
R010,2025-02-27,9,3,0,Clear,0.15,29.5,HappyHour,Festival,12,14,2
R010,2025-02-27,10,3,0,Clear,0.15,29.5,HappyHour,Festival,25,21,-4
R010,2025-02-27,11,3,0,Clear,0.15,29.5,HappyHour,Festival,40,41,1
R010,2025-02-27,12,3,0,Clear,0.15,29.5,HappyHour,Festival,54,59,5
R010,2025-02-27,13,3,0,Clear,0.15,29.5,HappyHour,Festival,59,53,-6
R010,2025-02-27,14,3,0,Clear,0.15,29.5,HappyHour,Festival,54,49,-5
R010,2025-02-27,15,3,0,Clear,0.15,29.5,HappyHour,Festival,40,50,10
R010,2025-02-27,16,3,0,Clear,0.15,29.5,HappyHour,Festival,26,30,4
R010,2025-02-27,17,3,0,Clear,0.15,29.5,HappyHour,Festival,20,22,2
R010,2025-02-27,18,3,0,Clear,0.15,29.5,HappyHour,Festival,26,34,8
R010,2025-02-27,19,3,0,Clear,0.15,29.5,HappyHour,Festival,40,38,-2
R010,2025-02-27,20,3,0,Clear,0.15,29.5,HappyHour,Festival,48,50,2
R010,2025-02-27,21,3,0,Clear,0.15,29.5,HappyHour,Festival,39,35,-4
R010,2025-02-27,22,3,0,Clear,0.15,29.5,HappyHour,Festival,21,20,-1
R010,2025-02-28,8,4,0,Storm,9.29,32.2,HappyHour,SportsMatch,3,9,6
R010,2025-02-28,9,4,0,Storm,9.29,32.2,HappyHour,SportsMatch,8,7,-1
R010,2025-02-28,10,4,0,Storm,9.29,32.2,HappyHour,SportsMatch,15,15,0
R010,2025-02-28,11,4,0,Storm,9.29,32.2,HappyHour,SportsMatch,25,25,0
R010,2025-02-28,12,4,0,Storm,9.29,32.2,HappyHour,SportsMatch,33,41,8
R010,2025-02-28,13,4,0,Storm,9.29,32.2,HappyHour,SportsMatch,36,33,-3
R010,2025-02-28,14,4,0,Storm,9.29,32.2,HappyHour,SportsMatch,33,27,-6
R010,2025-02-28,15,4,0,Storm,9.29,32.2,HappyHour,SportsMatch,25,26,1
R010,2025-02-28,16,4,0,Storm,9.29,32.2,HappyHour,SportsMatch,16,14,-2
R010,2025-02-28,17,4,0,Storm,9.29,32.2,HappyHour,SportsMatch,12,15,3
R010,2025-02-28,18,4,0,Storm,9.29,32.2,HappyHour,SportsMatch,16,14,-2
R010,2025-02-28,19,4,0,Storm,9.29,32.2,HappyHour,SportsMatch,25,23,-2
R010,2025-02-28,20,4,0,Storm,9.29,32.2,HappyHour,SportsMatch,29,20,-9
R010,2025-02-28,21,4,0,Storm,9.29,32.2,HappyHour,SportsMatch,24,20,-4
R010,2025-02-28,22,4,0,Storm,9.29,32.2,HappyHour,SportsMatch,13,12,-1
R010,2025-03-01,8,5,1,Storm,25.54,21.4,HappyHour,Festival,4,4,0
R010,2025-03-01,9,5,1,Storm,25.54,21.4,HappyHour,Festival,10,11,1
R010,2025-03-01,10,5,1,Storm,25.54,21.4,HappyHour,Festival,19,23,4
R010,2025-03-01,11,5,1,Storm,25.54,21.4,HappyHour,Festival,31,37,6
R010,2025-03-01,12,5,1,Storm,25.54,21.4,HappyHour,Festival,41,56,15
R010,2025-03-01,13,5,1,Storm,25.54,21.4,HappyHour,Festival,45,35,-10
R010,2025-03-01,14,5,1,Storm,25.54,21.4,HappyHour,Festival,41,45,4
R010,2025-03-01,15,5,1,Storm,25.54,21.4,HappyHour,Festival,31,35,4
R010,2025-03-01,16,5,1,Storm,25.54,21.4,HappyHour,Festival,20,18,-2
R010,2025-03-01,17,5,1,Storm,25.54,21.4,HappyHour,Festival,15,16,1
R010,2025-03-01,18,5,1,Storm,25.54,21.4,HappyHour,Festival,20,23,3
R010,2025-03-01,19,5,1,Storm,25.54,21.4,HappyHour,Festival,31,23,-8
R010,2025-03-01,20,5,1,Storm,25.54,21.4,HappyHour,Festival,37,32,-5
R010,2025-03-01,21,5,1,Storm,25.54,21.4,HappyHour,Festival,30,28,-2
R010,2025-03-01,22,5,1,Storm,25.54,21.4,HappyHour,Festival,16,15,-1
R010,2025-03-02,8,6,1,Cloudy,1.31,34.0,FestivalOffer,SportsMatch,6,6,0
R010,2025-03-02,9,6,1,Cloudy,1.31,34.0,FestivalOffer,SportsMatch,15,14,-1
R010,2025-03-02,10,6,1,Cloudy,1.31,34.0,FestivalOffer,SportsMatch,30,27,-3
R010,2025-03-02,11,6,1,Cloudy,1.31,34.0,FestivalOffer,SportsMatch,49,53,4
R010,2025-03-02,12,6,1,Cloudy,1.31,34.0,FestivalOffer,SportsMatch,65,58,-7
R010,2025-03-02,13,6,1,Cloudy,1.31,34.0,FestivalOffer,SportsMatch,72,71,-1
R010,2025-03-02,14,6,1,Cloudy,1.31,34.0,FestivalOffer,SportsMatch,66,50,-16
R010,2025-03-02,15,6,1,Cloudy,1.31,34.0,FestivalOffer,SportsMatch,49,54,5
R010,2025-03-02,16,6,1,Cloudy,1.31,34.0,FestivalOffer,SportsMatch,32,26,-6
R010,2025-03-02,17,6,1,Cloudy,1.31,34.0,FestivalOffer,SportsMatch,24,23,-1
R010,2025-03-02,18,6,1,Cloudy,1.31,34.0,FestivalOffer,SportsMatch,32,30,-2
R010,2025-03-02,19,6,1,Cloudy,1.31,34.0,FestivalOffer,SportsMatch,49,51,2
R010,2025-03-02,20,6,1,Cloudy,1.31,34.0,FestivalOffer,SportsMatch,58,73,15
R010,2025-03-02,21,6,1,Cloudy,1.31,34.0,FestivalOffer,SportsMatch,47,49,2
R010,2025-03-02,22,6,1,Cloudy,1.31,34.0,FestivalOffer,SportsMatch,25,21,-4
R010,2025-03-03,8,0,0,Clear,1.09,21.4,None,LocalEvent,4,6,2
R010,2025-03-03,9,0,0,Clear,1.09,21.4,None,LocalEvent,11,11,0
R010,2025-03-03,10,0,0,Clear,1.09,21.4,None,LocalEvent,21,23,2
R010,2025-03-03,11,0,0,Clear,1.09,21.4,None,LocalEvent,34,32,-2
R010,2025-03-03,12,0,0,Clear,1.09,21.4,None,LocalEvent,46,48,2
R010,2025-03-03,13,0,0,Clear,1.09,21.4,None,LocalEvent,51,50,-1
R010,2025-03-03,14,0,0,Clear,1.09,21.4,None,LocalEvent,46,46,0
R010,2025-03-03,15,0,0,Clear,1.09,21.4,None,LocalEvent,35,32,-3
R010,2025-03-03,16,0,0,Clear,1.09,21.4,None,LocalEvent,23,21,-2
R010,2025-03-03,17,0,0,Clear,1.09,21.4,None,LocalEvent,17,13,-4
R010,2025-03-03,18,0,0,Clear,1.09,21.4,None,LocalEvent,22,24,2
R010,2025-03-03,19,0,0,Clear,1.09,21.4,None,LocalEvent,35,39,4
R010,2025-03-03,20,0,0,Clear,1.09,21.4,None,LocalEvent,41,44,3
R010,2025-03-03,21,0,0,Clear,1.09,21.4,None,LocalEvent,33,30,-3
R010,2025-03-03,22,0,0,Clear,1.09,21.4,None,LocalEvent,18,17,-1
R010,2025-03-04,8,1,0,Clear,0.64,37.9,WeekendDeal,LocalEvent,5,8,3
R010,2025-03-04,9,1,0,Clear,0.64,37.9,WeekendDeal,LocalEvent,12,12,0
R010,2025-03-04,10,1,0,Clear,0.64,37.9,WeekendDeal,LocalEvent,24,26,2
R010,2025-03-04,11,1,0,Clear,0.64,37.9,WeekendDeal,LocalEvent,39,32,-7
R010,2025-03-04,12,1,0,Clear,0.64,37.9,WeekendDeal,LocalEvent,52,32,-20
R010,2025-03-04,13,1,0,Clear,0.64,37.9,WeekendDeal,LocalEvent,57,51,-6
R010,2025-03-04,14,1,0,Clear,0.64,37.9,WeekendDeal,LocalEvent,52,38,-14
R010,2025-03-04,15,1,0,Clear,0.64,37.9,WeekendDeal,LocalEvent,39,38,-1
R010,2025-03-04,16,1,0,Clear,0.64,37.9,WeekendDeal,LocalEvent,25,20,-5
R010,2025-03-04,17,1,0,Clear,0.64,37.9,WeekendDeal,LocalEvent,19,21,2
R010,2025-03-04,18,1,0,Clear,0.64,37.9,WeekendDeal,LocalEvent,25,24,-1
R010,2025-03-04,19,1,0,Clear,0.64,37.9,WeekendDeal,LocalEvent,39,31,-8
R010,2025-03-04,20,1,0,Clear,0.64,37.9,WeekendDeal,LocalEvent,46,49,3
R010,2025-03-04,21,1,0,Clear,0.64,37.9,WeekendDeal,LocalEvent,37,35,-2
R010,2025-03-04,22,1,0,Clear,0.64,37.9,WeekendDeal,LocalEvent,20,21,1
R010,2025-03-05,8,2,0,Cloudy,0.04,35.4,HappyHour,Festival,5,7,2
R010,2025-03-05,9,2,0,Cloudy,0.04,35.4,HappyHour,Festival,12,13,1
R010,2025-03-05,10,2,0,Cloudy,0.04,35.4,HappyHour,Festival,25,30,5
R010,2025-03-05,11,2,0,Cloudy,0.04,35.4,HappyHour,Festival,40,43,3
R010,2025-03-05,12,2,0,Cloudy,0.04,35.4,HappyHour,Festival,54,48,-6
R010,2025-03-05,13,2,0,Cloudy,0.04,35.4,HappyHour,Festival,59,76,17
R010,2025-03-05,14,2,0,Cloudy,0.04,35.4,HappyHour,Festival,54,67,13
R010,2025-03-05,15,2,0,Cloudy,0.04,35.4,HappyHour,Festival,40,39,-1
R010,2025-03-05,16,2,0,Cloudy,0.04,35.4,HappyHour,Festival,26,34,8
R010,2025-03-05,17,2,0,Cloudy,0.04,35.4,HappyHour,Festival,20,15,-5
R010,2025-03-05,18,2,0,Cloudy,0.04,35.4,HappyHour,Festival,26,25,-1
R010,2025-03-05,19,2,0,Cloudy,0.04,35.4,HappyHour,Festival,40,42,2
R010,2025-03-05,20,2,0,Cloudy,0.04,35.4,HappyHour,Festival,48,68,20
R010,2025-03-05,21,2,0,Cloudy,0.04,35.4,HappyHour,Festival,39,30,-9
R010,2025-03-05,22,2,0,Cloudy,0.04,35.4,HappyHour,Festival,21,27,6
R010,2025-03-06,8,3,0,Clear,0.52,35.9,None,SportsMatch,5,4,-1
R010,2025-03-06,9,3,0,Clear,0.52,35.9,None,SportsMatch,11,10,-1
R010,2025-03-06,10,3,0,Clear,0.52,35.9,None,SportsMatch,22,18,-4
R010,2025-03-06,11,3,0,Clear,0.52,35.9,None,SportsMatch,35,29,-6
R010,2025-03-06,12,3,0,Clear,0.52,35.9,None,SportsMatch,47,52,5
R010,2025-03-06,13,3,0,Clear,0.52,35.9,None,SportsMatch,52,41,-11
R010,2025-03-06,14,3,0,Clear,0.52,35.9,None,SportsMatch,47,33,-14
R010,2025-03-06,15,3,0,Clear,0.52,35.9,None,SportsMatch,35,34,-1
R010,2025-03-06,16,3,0,Clear,0.52,35.9,None,SportsMatch,23,22,-1
R010,2025-03-06,17,3,0,Clear,0.52,35.9,None,SportsMatch,17,14,-3
R010,2025-03-06,18,3,0,Clear,0.52,35.9,None,SportsMatch,23,23,0
R010,2025-03-06,19,3,0,Clear,0.52,35.9,None,SportsMatch,35,34,-1
R010,2025-03-06,20,3,0,Clear,0.52,35.9,None,SportsMatch,42,38,-4
R010,2025-03-06,21,3,0,Clear,0.52,35.9,None,SportsMatch,34,33,-1
R010,2025-03-06,22,3,0,Clear,0.52,35.9,None,SportsMatch,18,21,3
R010,2025-03-07,8,4,0,Cloudy,2.26,23.1,None,Festival,5,4,-1
R010,2025-03-07,9,4,0,Cloudy,2.26,23.1,None,Festival,11,9,-2
R010,2025-03-07,10,4,0,Cloudy,2.26,23.1,None,Festival,23,19,-4
R010,2025-03-07,11,4,0,Cloudy,2.26,23.1,None,Festival,37,29,-8
R010,2025-03-07,12,4,0,Cloudy,2.26,23.1,None,Festival,50,57,7
R010,2025-03-07,13,4,0,Cloudy,2.26,23.1,None,Festival,55,56,1
R010,2025-03-07,14,4,0,Cloudy,2.26,23.1,None,Festival,50,39,-11
R010,2025-03-07,15,4,0,Cloudy,2.26,23.1,None,Festival,37,30,-7
R010,2025-03-07,16,4,0,Cloudy,2.26,23.1,None,Festival,24,19,-5
R010,2025-03-07,17,4,0,Cloudy,2.26,23.1,None,Festival,18,16,-2
R010,2025-03-07,18,4,0,Cloudy,2.26,23.1,None,Festival,24,32,8
R010,2025-03-07,19,4,0,Cloudy,2.26,23.1,None,Festival,37,39,2
R010,2025-03-07,20,4,0,Cloudy,2.26,23.1,None,Festival,44,57,13
R010,2025-03-07,21,4,0,Cloudy,2.26,23.1,None,Festival,36,42,6
R010,2025-03-07,22,4,0,Cloudy,2.26,23.1,None,Festival,19,16,-3
R010,2025-03-08,8,5,1,Cloudy,4.15,31.1,FestivalOffer,SportsMatch,6,10,4
R010,2025-03-08,9,5,1,Cloudy,4.15,31.1,FestivalOffer,SportsMatch,15,15,0
R010,2025-03-08,10,5,1,Cloudy,4.15,31.1,FestivalOffer,SportsMatch,30,27,-3
R010,2025-03-08,11,5,1,Cloudy,4.15,31.1,FestivalOffer,SportsMatch,49,41,-8
R010,2025-03-08,12,5,1,Cloudy,4.15,31.1,FestivalOffer,SportsMatch,65,57,-8
R010,2025-03-08,13,5,1,Cloudy,4.15,31.1,FestivalOffer,SportsMatch,72,70,-2
R010,2025-03-08,14,5,1,Cloudy,4.15,31.1,FestivalOffer,SportsMatch,66,58,-8
R010,2025-03-08,15,5,1,Cloudy,4.15,31.1,FestivalOffer,SportsMatch,49,59,10
R010,2025-03-08,16,5,1,Cloudy,4.15,31.1,FestivalOffer,SportsMatch,32,34,2
R010,2025-03-08,17,5,1,Cloudy,4.15,31.1,FestivalOffer,SportsMatch,24,31,7
R010,2025-03-08,18,5,1,Cloudy,4.15,31.1,FestivalOffer,SportsMatch,32,27,-5
R010,2025-03-08,19,5,1,Cloudy,4.15,31.1,FestivalOffer,SportsMatch,49,44,-5
R010,2025-03-08,20,5,1,Cloudy,4.15,31.1,FestivalOffer,SportsMatch,58,47,-11
R010,2025-03-08,21,5,1,Cloudy,4.15,31.1,FestivalOffer,SportsMatch,47,40,-7
R010,2025-03-08,22,5,1,Cloudy,4.15,31.1,FestivalOffer,SportsMatch,25,29,4
R010,2025-03-09,8,6,1,Cloudy,1.18,25.3,None,LocalEvent,5,6,1
R010,2025-03-09,9,6,1,Cloudy,1.18,25.3,None,LocalEvent,13,10,-3
R010,2025-03-09,10,6,1,Cloudy,1.18,25.3,None,LocalEvent,25,28,3
R010,2025-03-09,11,6,1,Cloudy,1.18,25.3,None,LocalEvent,41,34,-7
R010,2025-03-09,12,6,1,Cloudy,1.18,25.3,None,LocalEvent,54,74,20
R010,2025-03-09,13,6,1,Cloudy,1.18,25.3,None,LocalEvent,60,53,-7
R010,2025-03-09,14,6,1,Cloudy,1.18,25.3,None,LocalEvent,55,67,12
R010,2025-03-09,15,6,1,Cloudy,1.18,25.3,None,LocalEvent,41,36,-5
R010,2025-03-09,16,6,1,Cloudy,1.18,25.3,None,LocalEvent,27,36,9
R010,2025-03-09,17,6,1,Cloudy,1.18,25.3,None,LocalEvent,20,21,1
R010,2025-03-09,18,6,1,Cloudy,1.18,25.3,None,LocalEvent,26,29,3
R010,2025-03-09,19,6,1,Cloudy,1.18,25.3,None,LocalEvent,41,55,14
R010,2025-03-09,20,6,1,Cloudy,1.18,25.3,None,LocalEvent,49,47,-2
R010,2025-03-09,21,6,1,Cloudy,1.18,25.3,None,LocalEvent,39,39,0
R010,2025-03-09,22,6,1,Cloudy,1.18,25.3,None,LocalEvent,21,19,-2
R010,2025-03-10,8,0,0,Clear,2.15,37.1,WeekendDeal,LocalEvent,5,5,0
R010,2025-03-10,9,0,0,Clear,2.15,37.1,WeekendDeal,LocalEvent,12,9,-3
R010,2025-03-10,10,0,0,Clear,2.15,37.1,WeekendDeal,LocalEvent,24,21,-3
R010,2025-03-10,11,0,0,Clear,2.15,37.1,WeekendDeal,LocalEvent,39,50,11
R010,2025-03-10,12,0,0,Clear,2.15,37.1,WeekendDeal,LocalEvent,52,45,-7
R010,2025-03-10,13,0,0,Clear,2.15,37.1,WeekendDeal,LocalEvent,57,47,-10
R010,2025-03-10,14,0,0,Clear,2.15,37.1,WeekendDeal,LocalEvent,52,51,-1
R010,2025-03-10,15,0,0,Clear,2.15,37.1,WeekendDeal,LocalEvent,39,38,-1
R010,2025-03-10,16,0,0,Clear,2.15,37.1,WeekendDeal,LocalEvent,25,30,5
R010,2025-03-10,17,0,0,Clear,2.15,37.1,WeekendDeal,LocalEvent,19,14,-5
R010,2025-03-10,18,0,0,Clear,2.15,37.1,WeekendDeal,LocalEvent,25,28,3
R010,2025-03-10,19,0,0,Clear,2.15,37.1,WeekendDeal,LocalEvent,39,39,0
R010,2025-03-10,20,0,0,Clear,2.15,37.1,WeekendDeal,LocalEvent,46,38,-8
R010,2025-03-10,21,0,0,Clear,2.15,37.1,WeekendDeal,LocalEvent,37,40,3
R010,2025-03-10,22,0,0,Clear,2.15,37.1,WeekendDeal,LocalEvent,20,21,1
R010,2025-03-11,8,1,0,Storm,29.68,29.3,HappyHour,SportsMatch,3,3,0
R010,2025-03-11,9,1,0,Storm,29.68,29.3,HappyHour,SportsMatch,8,9,1
R010,2025-03-11,10,1,0,Storm,29.68,29.3,HappyHour,SportsMatch,15,12,-3
R010,2025-03-11,11,1,0,Storm,29.68,29.3,HappyHour,SportsMatch,25,20,-5
R010,2025-03-11,12,1,0,Storm,29.68,29.3,HappyHour,SportsMatch,33,36,3
R010,2025-03-11,13,1,0,Storm,29.68,29.3,HappyHour,SportsMatch,36,28,-8
R010,2025-03-11,14,1,0,Storm,29.68,29.3,HappyHour,SportsMatch,33,33,0
R010,2025-03-11,15,1,0,Storm,29.68,29.3,HappyHour,SportsMatch,25,24,-1
R010,2025-03-11,16,1,0,Storm,29.68,29.3,HappyHour,SportsMatch,16,15,-1
R010,2025-03-11,17,1,0,Storm,29.68,29.3,HappyHour,SportsMatch,12,14,2
R010,2025-03-11,18,1,0,Storm,29.68,29.3,HappyHour,SportsMatch,16,16,0
R010,2025-03-11,19,1,0,Storm,29.68,29.3,HappyHour,SportsMatch,25,22,-3
R010,2025-03-11,20,1,0,Storm,29.68,29.3,HappyHour,SportsMatch,29,31,2
R010,2025-03-11,21,1,0,Storm,29.68,29.3,HappyHour,SportsMatch,24,27,3
R010,2025-03-11,22,1,0,Storm,29.68,29.3,HappyHour,SportsMatch,13,13,0
R010,2025-03-12,8,2,0,Storm,9.61,28.0,None,SportsMatch,3,3,0
R010,2025-03-12,9,2,0,Storm,9.61,28.0,None,SportsMatch,7,7,0
R010,2025-03-12,10,2,0,Storm,9.61,28.0,None,SportsMatch,14,11,-3
R010,2025-03-12,11,2,0,Storm,9.61,28.0,None,SportsMatch,23,18,-5
R010,2025-03-12,12,2,0,Storm,9.61,28.0,None,SportsMatch,31,33,2
R010,2025-03-12,13,2,0,Storm,9.61,28.0,None,SportsMatch,34,40,6
R010,2025-03-12,14,2,0,Storm,9.61,28.0,None,SportsMatch,31,31,0
R010,2025-03-12,15,2,0,Storm,9.61,28.0,None,SportsMatch,23,26,3
R010,2025-03-12,16,2,0,Storm,9.61,28.0,None,SportsMatch,15,16,1
R010,2025-03-12,17,2,0,Storm,9.61,28.0,None,SportsMatch,11,13,2
R010,2025-03-12,18,2,0,Storm,9.61,28.0,None,SportsMatch,15,15,0
R010,2025-03-12,19,2,0,Storm,9.61,28.0,None,SportsMatch,23,27,4
R010,2025-03-12,20,2,0,Storm,9.61,28.0,None,SportsMatch,27,27,0
R010,2025-03-12,21,2,0,Storm,9.61,28.0,None,SportsMatch,22,30,8
R010,2025-03-12,22,2,0,Storm,9.61,28.0,None,SportsMatch,12,13,1
R010,2025-03-13,8,3,0,Storm,7.01,34.1,FestivalOffer,LocalEvent,3,5,2
R010,2025-03-13,9,3,0,Storm,7.01,34.1,FestivalOffer,LocalEvent,8,6,-2
R010,2025-03-13,10,3,0,Storm,7.01,34.1,FestivalOffer,LocalEvent,16,17,1
R010,2025-03-13,11,3,0,Storm,7.01,34.1,FestivalOffer,LocalEvent,26,25,-1
R010,2025-03-13,12,3,0,Storm,7.01,34.1,FestivalOffer,LocalEvent,35,34,-1
R010,2025-03-13,13,3,0,Storm,7.01,34.1,FestivalOffer,LocalEvent,39,35,-4
R010,2025-03-13,14,3,0,Storm,7.01,34.1,FestivalOffer,LocalEvent,35,37,2
R010,2025-03-13,15,3,0,Storm,7.01,34.1,FestivalOffer,LocalEvent,27,30,3
R010,2025-03-13,16,3,0,Storm,7.01,34.1,FestivalOffer,LocalEvent,17,15,-2
R010,2025-03-13,17,3,0,Storm,7.01,34.1,FestivalOffer,LocalEvent,13,15,2
R010,2025-03-13,18,3,0,Storm,7.01,34.1,FestivalOffer,LocalEvent,17,18,1
R010,2025-03-13,19,3,0,Storm,7.01,34.1,FestivalOffer,LocalEvent,27,28,1
R010,2025-03-13,20,3,0,Storm,7.01,34.1,FestivalOffer,LocalEvent,32,27,-5
R010,2025-03-13,21,3,0,Storm,7.01,34.1,FestivalOffer,LocalEvent,26,26,0
R010,2025-03-13,22,3,0,Storm,7.01,34.1,FestivalOffer,LocalEvent,14,16,2
R010,2025-03-14,8,4,0,Clear,4.38,32.8,WeekendDeal,SportsMatch,5,5,0
R010,2025-03-14,9,4,0,Clear,4.38,32.8,WeekendDeal,SportsMatch,12,13,1
R010,2025-03-14,10,4,0,Clear,4.38,32.8,WeekendDeal,SportsMatch,24,27,3
R010,2025-03-14,11,4,0,Clear,4.38,32.8,WeekendDeal,SportsMatch,39,36,-3
R010,2025-03-14,12,4,0,Clear,4.38,32.8,WeekendDeal,SportsMatch,53,48,-5
R010,2025-03-14,13,4,0,Clear,4.38,32.8,WeekendDeal,SportsMatch,58,52,-6
R010,2025-03-14,14,4,0,Clear,4.38,32.8,WeekendDeal,SportsMatch,53,52,-1
R010,2025-03-14,15,4,0,Clear,4.38,32.8,WeekendDeal,SportsMatch,40,44,4
R010,2025-03-14,16,4,0,Clear,4.38,32.8,WeekendDeal,SportsMatch,26,26,0
R010,2025-03-14,17,4,0,Clear,4.38,32.8,WeekendDeal,SportsMatch,19,18,-1
R010,2025-03-14,18,4,0,Clear,4.38,32.8,WeekendDeal,SportsMatch,25,25,0
R010,2025-03-14,19,4,0,Clear,4.38,32.8,WeekendDeal,SportsMatch,40,47,7
R010,2025-03-14,20,4,0,Clear,4.38,32.8,WeekendDeal,SportsMatch,47,46,-1
R010,2025-03-14,21,4,0,Clear,4.38,32.8,WeekendDeal,SportsMatch,38,32,-6
R010,2025-03-14,22,4,0,Clear,4.38,32.8,WeekendDeal,SportsMatch,20,16,-4
R010,2025-03-15,8,5,1,Rain,5.57,34.4,WeekendDeal,LocalEvent,5,5,0
R010,2025-03-15,9,5,1,Rain,5.57,34.4,WeekendDeal,LocalEvent,11,12,1
R010,2025-03-15,10,5,1,Rain,5.57,34.4,WeekendDeal,LocalEvent,22,22,0
R010,2025-03-15,11,5,1,Rain,5.57,34.4,WeekendDeal,LocalEvent,36,34,-2
R010,2025-03-15,12,5,1,Rain,5.57,34.4,WeekendDeal,LocalEvent,48,44,-4
R010,2025-03-15,13,5,1,Rain,5.57,34.4,WeekendDeal,LocalEvent,52,49,-3
R010,2025-03-15,14,5,1,Rain,5.57,34.4,WeekendDeal,LocalEvent,48,39,-9
R010,2025-03-15,15,5,1,Rain,5.57,34.4,WeekendDeal,LocalEvent,36,33,-3
R010,2025-03-15,16,5,1,Rain,5.57,34.4,WeekendDeal,LocalEvent,23,24,1
R010,2025-03-15,17,5,1,Rain,5.57,34.4,WeekendDeal,LocalEvent,18,22,4
R010,2025-03-15,18,5,1,Rain,5.57,34.4,WeekendDeal,LocalEvent,23,20,-3
R010,2025-03-15,19,5,1,Rain,5.57,34.4,WeekendDeal,LocalEvent,36,34,-2
R010,2025-03-15,20,5,1,Rain,5.57,34.4,WeekendDeal,LocalEvent,42,45,3
R010,2025-03-15,21,5,1,Rain,5.57,34.4,WeekendDeal,LocalEvent,34,37,3
R010,2025-03-15,22,5,1,Rain,5.57,34.4,WeekendDeal,LocalEvent,18,19,1
R010,2025-03-16,8,6,1,Storm,24.36,34.5,WeekendDeal,SportsMatch,4,5,1
R010,2025-03-16,9,6,1,Storm,24.36,34.5,WeekendDeal,SportsMatch,9,11,2
R010,2025-03-16,10,6,1,Storm,24.36,34.5,WeekendDeal,SportsMatch,18,25,7
R010,2025-03-16,11,6,1,Storm,24.36,34.5,WeekendDeal,SportsMatch,30,40,10
R010,2025-03-16,12,6,1,Storm,24.36,34.5,WeekendDeal,SportsMatch,40,33,-7
R010,2025-03-16,13,6,1,Storm,24.36,34.5,WeekendDeal,SportsMatch,45,40,-5
R010,2025-03-16,14,6,1,Storm,24.36,34.5,WeekendDeal,SportsMatch,40,41,1
R010,2025-03-16,15,6,1,Storm,24.36,34.5,WeekendDeal,SportsMatch,30,30,0
R010,2025-03-16,16,6,1,Storm,24.36,34.5,WeekendDeal,SportsMatch,20,20,0
R010,2025-03-16,17,6,1,Storm,24.36,34.5,WeekendDeal,SportsMatch,15,14,-1
R010,2025-03-16,18,6,1,Storm,24.36,34.5,WeekendDeal,SportsMatch,19,16,-3
R010,2025-03-16,19,6,1,Storm,24.36,34.5,WeekendDeal,SportsMatch,30,21,-9
R010,2025-03-16,20,6,1,Storm,24.36,34.5,WeekendDeal,SportsMatch,36,32,-4
R010,2025-03-16,21,6,1,Storm,24.36,34.5,WeekendDeal,SportsMatch,29,36,7
R010,2025-03-16,22,6,1,Storm,24.36,34.5,WeekendDeal,SportsMatch,16,13,-3
R010,2025-03-17,8,0,0,Rain,5.63,26.5,FestivalOffer,LocalEvent,4,2,-2
R010,2025-03-17,9,0,0,Rain,5.63,26.5,FestivalOffer,LocalEvent,10,11,1
R010,2025-03-17,10,0,0,Rain,5.63,26.5,FestivalOffer,LocalEvent,19,20,1
R010,2025-03-17,11,0,0,Rain,5.63,26.5,FestivalOffer,LocalEvent,32,35,3
R010,2025-03-17,12,0,0,Rain,5.63,26.5,FestivalOffer,LocalEvent,43,52,9
R010,2025-03-17,13,0,0,Rain,5.63,26.5,FestivalOffer,LocalEvent,47,52,5
R010,2025-03-17,14,0,0,Rain,5.63,26.5,FestivalOffer,LocalEvent,43,25,-18
R010,2025-03-17,15,0,0,Rain,5.63,26.5,FestivalOffer,LocalEvent,32,31,-1
R010,2025-03-17,16,0,0,Rain,5.63,26.5,FestivalOffer,LocalEvent,21,18,-3
R010,2025-03-17,17,0,0,Rain,5.63,26.5,FestivalOffer,LocalEvent,16,14,-2
R010,2025-03-17,18,0,0,Rain,5.63,26.5,FestivalOffer,LocalEvent,21,18,-3
R010,2025-03-17,19,0,0,Rain,5.63,26.5,FestivalOffer,LocalEvent,32,32,0
R010,2025-03-17,20,0,0,Rain,5.63,26.5,FestivalOffer,LocalEvent,38,36,-2
R010,2025-03-17,21,0,0,Rain,5.63,26.5,FestivalOffer,LocalEvent,31,34,3
R010,2025-03-17,22,0,0,Rain,5.63,26.5,FestivalOffer,LocalEvent,16,20,4
R010,2025-03-18,8,1,0,Clear,4.06,27.9,WeekendDeal,None,5,7,2
R010,2025-03-18,9,1,0,Clear,4.06,27.9,WeekendDeal,None,11,9,-2
R010,2025-03-18,10,1,0,Clear,4.06,27.9,WeekendDeal,None,22,19,-3
R010,2025-03-18,11,1,0,Clear,4.06,27.9,WeekendDeal,None,36,36,0
R010,2025-03-18,12,1,0,Clear,4.06,27.9,WeekendDeal,None,48,53,5
R010,2025-03-18,13,1,0,Clear,4.06,27.9,WeekendDeal,None,53,56,3
R010,2025-03-18,14,1,0,Clear,4.06,27.9,WeekendDeal,None,48,44,-4
R010,2025-03-18,15,1,0,Clear,4.06,27.9,WeekendDeal,None,36,45,9
R010,2025-03-18,16,1,0,Clear,4.06,27.9,WeekendDeal,None,24,27,3
R010,2025-03-18,17,1,0,Clear,4.06,27.9,WeekendDeal,None,18,16,-2
R010,2025-03-18,18,1,0,Clear,4.06,27.9,WeekendDeal,None,23,25,2
R010,2025-03-18,19,1,0,Clear,4.06,27.9,WeekendDeal,None,36,39,3
R010,2025-03-18,20,1,0,Clear,4.06,27.9,WeekendDeal,None,43,41,-2
R010,2025-03-18,21,1,0,Clear,4.06,27.9,WeekendDeal,None,35,37,2
R010,2025-03-18,22,1,0,Clear,4.06,27.9,WeekendDeal,None,19,17,-2
R010,2025-03-19,8,2,0,Storm,6.06,37.5,WeekendDeal,LocalEvent,3,3,0
R010,2025-03-19,9,2,0,Storm,6.06,37.5,WeekendDeal,LocalEvent,8,10,2
R010,2025-03-19,10,2,0,Storm,6.06,37.5,WeekendDeal,LocalEvent,15,16,1
R010,2025-03-19,11,2,0,Storm,6.06,37.5,WeekendDeal,LocalEvent,25,23,-2
R010,2025-03-19,12,2,0,Storm,6.06,37.5,WeekendDeal,LocalEvent,34,44,10
R010,2025-03-19,13,2,0,Storm,6.06,37.5,WeekendDeal,LocalEvent,37,29,-8
R010,2025-03-19,14,2,0,Storm,6.06,37.5,WeekendDeal,LocalEvent,34,30,-4
R010,2025-03-19,15,2,0,Storm,6.06,37.5,WeekendDeal,LocalEvent,25,20,-5
R010,2025-03-19,16,2,0,Storm,6.06,37.5,WeekendDeal,LocalEvent,16,17,1
R010,2025-03-19,17,2,0,Storm,6.06,37.5,WeekendDeal,LocalEvent,12,13,1
R010,2025-03-19,18,2,0,Storm,6.06,37.5,WeekendDeal,LocalEvent,16,14,-2
R010,2025-03-19,19,2,0,Storm,6.06,37.5,WeekendDeal,LocalEvent,25,18,-7
R010,2025-03-19,20,2,0,Storm,6.06,37.5,WeekendDeal,LocalEvent,30,29,-1
R010,2025-03-19,21,2,0,Storm,6.06,37.5,WeekendDeal,LocalEvent,24,26,2
R010,2025-03-19,22,2,0,Storm,6.06,37.5,WeekendDeal,LocalEvent,13,12,-1
R010,2025-03-20,8,3,0,Clear,3.16,26.8,None,Festival,5,8,3
R010,2025-03-20,9,3,0,Clear,3.16,26.8,None,Festival,11,10,-1
R010,2025-03-20,10,3,0,Clear,3.16,26.8,None,Festival,23,17,-6
R010,2025-03-20,11,3,0,Clear,3.16,26.8,None,Festival,37,34,-3
R010,2025-03-20,12,3,0,Clear,3.16,26.8,None,Festival,50,62,12
R010,2025-03-20,13,3,0,Clear,3.16,26.8,None,Festival,55,71,16
R010,2025-03-20,14,3,0,Clear,3.16,26.8,None,Festival,50,61,11
R010,2025-03-20,15,3,0,Clear,3.16,26.8,None,Festival,37,36,-1
R010,2025-03-20,16,3,0,Clear,3.16,26.8,None,Festival,24,17,-7
R010,2025-03-20,17,3,0,Clear,3.16,26.8,None,Festival,18,15,-3
R010,2025-03-20,18,3,0,Clear,3.16,26.8,None,Festival,24,21,-3
R010,2025-03-20,19,3,0,Clear,3.16,26.8,None,Festival,37,42,5
R010,2025-03-20,20,3,0,Clear,3.16,26.8,None,Festival,44,39,-5
R010,2025-03-20,21,3,0,Clear,3.16,26.8,None,Festival,36,38,2
R010,2025-03-20,22,3,0,Clear,3.16,26.8,None,Festival,19,22,3
R010,2025-03-21,8,4,0,Rain,31.67,33.1,HappyHour,LocalEvent,4,3,-1
R010,2025-03-21,9,4,0,Rain,31.67,33.1,HappyHour,LocalEvent,9,9,0
R010,2025-03-21,10,4,0,Rain,31.67,33.1,HappyHour,LocalEvent,18,19,1
R010,2025-03-21,11,4,0,Rain,31.67,33.1,HappyHour,LocalEvent,29,30,1
R010,2025-03-21,12,4,0,Rain,31.67,33.1,HappyHour,LocalEvent,39,41,2
R010,2025-03-21,13,4,0,Rain,31.67,33.1,HappyHour,LocalEvent,43,44,1
R010,2025-03-21,14,4,0,Rain,31.67,33.1,HappyHour,LocalEvent,39,32,-7
R010,2025-03-21,15,4,0,Rain,31.67,33.1,HappyHour,LocalEvent,29,36,7
R010,2025-03-21,16,4,0,Rain,31.67,33.1,HappyHour,LocalEvent,19,13,-6
R010,2025-03-21,17,4,0,Rain,31.67,33.1,HappyHour,LocalEvent,14,12,-2
R010,2025-03-21,18,4,0,Rain,31.67,33.1,HappyHour,LocalEvent,19,20,1
R010,2025-03-21,19,4,0,Rain,31.67,33.1,HappyHour,LocalEvent,29,22,-7
R010,2025-03-21,20,4,0,Rain,31.67,33.1,HappyHour,LocalEvent,35,39,4
R010,2025-03-21,21,4,0,Rain,31.67,33.1,HappyHour,LocalEvent,28,28,0
R010,2025-03-21,22,4,0,Rain,31.67,33.1,HappyHour,LocalEvent,15,15,0
R010,2025-03-22,8,5,1,Cloudy,2.67,22.1,FestivalOffer,SportsMatch,6,7,1
R010,2025-03-22,9,5,1,Cloudy,2.67,22.1,FestivalOffer,SportsMatch,15,15,0
R010,2025-03-22,10,5,1,Cloudy,2.67,22.1,FestivalOffer,SportsMatch,30,32,2
R010,2025-03-22,11,5,1,Cloudy,2.67,22.1,FestivalOffer,SportsMatch,49,45,-4
R010,2025-03-22,12,5,1,Cloudy,2.67,22.1,FestivalOffer,SportsMatch,65,69,4
R010,2025-03-22,13,5,1,Cloudy,2.67,22.1,FestivalOffer,SportsMatch,72,79,7
R010,2025-03-22,14,5,1,Cloudy,2.67,22.1,FestivalOffer,SportsMatch,66,63,-3
R010,2025-03-22,15,5,1,Cloudy,2.67,22.1,FestivalOffer,SportsMatch,49,46,-3
R010,2025-03-22,16,5,1,Cloudy,2.67,22.1,FestivalOffer,SportsMatch,32,32,0
R010,2025-03-22,17,5,1,Cloudy,2.67,22.1,FestivalOffer,SportsMatch,24,24,0
R010,2025-03-22,18,5,1,Cloudy,2.67,22.1,FestivalOffer,SportsMatch,32,27,-5
R010,2025-03-22,19,5,1,Cloudy,2.67,22.1,FestivalOffer,SportsMatch,49,34,-15
R010,2025-03-22,20,5,1,Cloudy,2.67,22.1,FestivalOffer,SportsMatch,58,57,-1
R010,2025-03-22,21,5,1,Cloudy,2.67,22.1,FestivalOffer,SportsMatch,47,34,-13
R010,2025-03-22,22,5,1,Cloudy,2.67,22.1,FestivalOffer,SportsMatch,25,23,-2
R010,2025-03-23,8,6,1,Storm,1.77,31.8,HappyHour,None,3,4,1
R010,2025-03-23,9,6,1,Storm,1.77,31.8,HappyHour,None,8,11,3
R010,2025-03-23,10,6,1,Storm,1.77,31.8,HappyHour,None,16,17,1
R010,2025-03-23,11,6,1,Storm,1.77,31.8,HappyHour,None,27,29,2
R010,2025-03-23,12,6,1,Storm,1.77,31.8,HappyHour,None,36,32,-4
R010,2025-03-23,13,6,1,Storm,1.77,31.8,HappyHour,None,39,42,3
R010,2025-03-23,14,6,1,Storm,1.77,31.8,HappyHour,None,36,46,10
R010,2025-03-23,15,6,1,Storm,1.77,31.8,HappyHour,None,27,24,-3
R010,2025-03-23,16,6,1,Storm,1.77,31.8,HappyHour,None,18,15,-3
R010,2025-03-23,17,6,1,Storm,1.77,31.8,HappyHour,None,13,12,-1
R010,2025-03-23,18,6,1,Storm,1.77,31.8,HappyHour,None,17,19,2
R010,2025-03-23,19,6,1,Storm,1.77,31.8,HappyHour,None,27,22,-5
R010,2025-03-23,20,6,1,Storm,1.77,31.8,HappyHour,None,32,29,-3
R010,2025-03-23,21,6,1,Storm,1.77,31.8,HappyHour,None,26,24,-2
R010,2025-03-23,22,6,1,Storm,1.77,31.8,HappyHour,None,14,10,-4
R010,2025-03-24,8,0,0,Storm,24.1,33.5,None,None,3,2,-1
R010,2025-03-24,9,0,0,Storm,24.1,33.5,None,None,6,6,0
R010,2025-03-24,10,0,0,Storm,24.1,33.5,None,None,13,12,-1
R010,2025-03-24,11,0,0,Storm,24.1,33.5,None,None,21,24,3
R010,2025-03-24,12,0,0,Storm,24.1,33.5,None,None,28,32,4
R010,2025-03-24,13,0,0,Storm,24.1,33.5,None,None,31,22,-9
R010,2025-03-24,14,0,0,Storm,24.1,33.5,None,None,28,28,0
R010,2025-03-24,15,0,0,Storm,24.1,33.5,None,None,21,21,0
R010,2025-03-24,16,0,0,Storm,24.1,33.5,None,None,14,14,0
R010,2025-03-24,17,0,0,Storm,24.1,33.5,None,None,10,12,2
R010,2025-03-24,18,0,0,Storm,24.1,33.5,None,None,14,14,0
R010,2025-03-24,19,0,0,Storm,24.1,33.5,None,None,21,16,-5
R010,2025-03-24,20,0,0,Storm,24.1,33.5,None,None,25,31,6
R010,2025-03-24,21,0,0,Storm,24.1,33.5,None,None,20,18,-2
R010,2025-03-24,22,0,0,Storm,24.1,33.5,None,None,11,8,-3
R010,2025-03-25,8,1,0,Storm,33.13,36.4,FestivalOffer,None,3,3,0
R010,2025-03-25,9,1,0,Storm,33.13,36.4,FestivalOffer,None,8,4,-4
R010,2025-03-25,10,1,0,Storm,33.13,36.4,FestivalOffer,None,15,15,0
R010,2025-03-25,11,1,0,Storm,33.13,36.4,FestivalOffer,None,25,20,-5
R010,2025-03-25,12,1,0,Storm,33.13,36.4,FestivalOffer,None,33,37,4
R010,2025-03-25,13,1,0,Storm,33.13,36.4,FestivalOffer,None,37,38,1
R010,2025-03-25,14,1,0,Storm,33.13,36.4,FestivalOffer,None,33,43,10
R010,2025-03-25,15,1,0,Storm,33.13,36.4,FestivalOffer,None,25,25,0
R010,2025-03-25,16,1,0,Storm,33.13,36.4,FestivalOffer,None,16,13,-3
R010,2025-03-25,17,1,0,Storm,33.13,36.4,FestivalOffer,None,12,15,3
R010,2025-03-25,18,1,0,Storm,33.13,36.4,FestivalOffer,None,16,18,2
R010,2025-03-25,19,1,0,Storm,33.13,36.4,FestivalOffer,None,25,27,2
R010,2025-03-25,20,1,0,Storm,33.13,36.4,FestivalOffer,None,30,36,6
R010,2025-03-25,21,1,0,Storm,33.13,36.4,FestivalOffer,None,24,27,3
R010,2025-03-25,22,1,0,Storm,33.13,36.4,FestivalOffer,None,13,11,-2
R010,2025-03-26,8,2,0,Storm,3.4,21.7,None,Festival,3,2,-1
R010,2025-03-26,9,2,0,Storm,3.4,21.7,None,Festival,7,5,-2
R010,2025-03-26,10,2,0,Storm,3.4,21.7,None,Festival,15,15,0
R010,2025-03-26,11,2,0,Storm,3.4,21.7,None,Festival,24,22,-2
R010,2025-03-26,12,2,0,Storm,3.4,21.7,None,Festival,32,36,4
R010,2025-03-26,13,2,0,Storm,3.4,21.7,None,Festival,36,29,-7
R010,2025-03-26,14,2,0,Storm,3.4,21.7,None,Festival,32,30,-2
R010,2025-03-26,15,2,0,Storm,3.4,21.7,None,Festival,24,19,-5
R010,2025-03-26,16,2,0,Storm,3.4,21.7,None,Festival,16,14,-2
R010,2025-03-26,17,2,0,Storm,3.4,21.7,None,Festival,12,11,-1
R010,2025-03-26,18,2,0,Storm,3.4,21.7,None,Festival,16,15,-1
R010,2025-03-26,19,2,0,Storm,3.4,21.7,None,Festival,24,26,2
R010,2025-03-26,20,2,0,Storm,3.4,21.7,None,Festival,29,30,1
R010,2025-03-26,21,2,0,Storm,3.4,21.7,None,Festival,23,27,4
R010,2025-03-26,22,2,0,Storm,3.4,21.7,None,Festival,12,11,-1
R010,2025-03-27,8,3,0,Clear,3.1,36.8,FestivalOffer,SportsMatch,5,6,1
R010,2025-03-27,9,3,0,Clear,3.1,36.8,FestivalOffer,SportsMatch,13,12,-1
R010,2025-03-27,10,3,0,Clear,3.1,36.8,FestivalOffer,SportsMatch,25,27,2
R010,2025-03-27,11,3,0,Clear,3.1,36.8,FestivalOffer,SportsMatch,41,35,-6
R010,2025-03-27,12,3,0,Clear,3.1,36.8,FestivalOffer,SportsMatch,56,67,11
R010,2025-03-27,13,3,0,Clear,3.1,36.8,FestivalOffer,SportsMatch,61,55,-6
R010,2025-03-27,14,3,0,Clear,3.1,36.8,FestivalOffer,SportsMatch,56,52,-4
R010,2025-03-27,15,3,0,Clear,3.1,36.8,FestivalOffer,SportsMatch,42,51,9
R010,2025-03-27,16,3,0,Clear,3.1,36.8,FestivalOffer,SportsMatch,27,23,-4
R010,2025-03-27,17,3,0,Clear,3.1,36.8,FestivalOffer,SportsMatch,20,25,5
R010,2025-03-27,18,3,0,Clear,3.1,36.8,FestivalOffer,SportsMatch,27,29,2
R010,2025-03-27,19,3,0,Clear,3.1,36.8,FestivalOffer,SportsMatch,42,44,2
R010,2025-03-27,20,3,0,Clear,3.1,36.8,FestivalOffer,SportsMatch,50,46,-4
R010,2025-03-27,21,3,0,Clear,3.1,36.8,FestivalOffer,SportsMatch,40,29,-11
R010,2025-03-27,22,3,0,Clear,3.1,36.8,FestivalOffer,SportsMatch,21,19,-2
R010,2025-03-28,8,4,0,Rain,28.47,24.9,FestivalOffer,Festival,4,4,0
R010,2025-03-28,9,4,0,Rain,28.47,24.9,FestivalOffer,Festival,11,12,1
R010,2025-03-28,10,4,0,Rain,28.47,24.9,FestivalOffer,Festival,21,25,4
R010,2025-03-28,11,4,0,Rain,28.47,24.9,FestivalOffer,Festival,34,36,2
R010,2025-03-28,12,4,0,Rain,28.47,24.9,FestivalOffer,Festival,46,33,-13
R010,2025-03-28,13,4,0,Rain,28.47,24.9,FestivalOffer,Festival,50,47,-3
R010,2025-03-28,14,4,0,Rain,28.47,24.9,FestivalOffer,Festival,46,39,-7
R010,2025-03-28,15,4,0,Rain,28.47,24.9,FestivalOffer,Festival,34,25,-9
R010,2025-03-28,16,4,0,Rain,28.47,24.9,FestivalOffer,Festival,22,28,6
R010,2025-03-28,17,4,0,Rain,28.47,24.9,FestivalOffer,Festival,17,20,3
R010,2025-03-28,18,4,0,Rain,28.47,24.9,FestivalOffer,Festival,22,21,-1
R010,2025-03-28,19,4,0,Rain,28.47,24.9,FestivalOffer,Festival,34,39,5
R010,2025-03-28,20,4,0,Rain,28.47,24.9,FestivalOffer,Festival,41,43,2
R010,2025-03-28,21,4,0,Rain,28.47,24.9,FestivalOffer,Festival,33,43,10
R010,2025-03-28,22,4,0,Rain,28.47,24.9,FestivalOffer,Festival,18,19,1
R010,2025-03-29,8,5,1,Rain,22.87,23.7,HappyHour,Festival,5,7,2
R010,2025-03-29,9,5,1,Rain,22.87,23.7,HappyHour,Festival,11,14,3
R010,2025-03-29,10,5,1,Rain,22.87,23.7,HappyHour,Festival,23,25,2
R010,2025-03-29,11,5,1,Rain,22.87,23.7,HappyHour,Festival,37,43,6
R010,2025-03-29,12,5,1,Rain,22.87,23.7,HappyHour,Festival,49,52,3
R010,2025-03-29,13,5,1,Rain,22.87,23.7,HappyHour,Festival,54,59,5
R010,2025-03-29,14,5,1,Rain,22.87,23.7,HappyHour,Festival,49,51,2
R010,2025-03-29,15,5,1,Rain,22.87,23.7,HappyHour,Festival,37,26,-11
R010,2025-03-29,16,5,1,Rain,22.87,23.7,HappyHour,Festival,24,23,-1
R010,2025-03-29,17,5,1,Rain,22.87,23.7,HappyHour,Festival,18,17,-1
R010,2025-03-29,18,5,1,Rain,22.87,23.7,HappyHour,Festival,24,22,-2
R010,2025-03-29,19,5,1,Rain,22.87,23.7,HappyHour,Festival,37,38,1
R010,2025-03-29,20,5,1,Rain,22.87,23.7,HappyHour,Festival,44,43,-1
R010,2025-03-29,21,5,1,Rain,22.87,23.7,HappyHour,Festival,35,40,5
R010,2025-03-29,22,5,1,Rain,22.87,23.7,HappyHour,Festival,19,19,0
R010,2025-03-30,8,6,1,Clear,3.4,22.3,None,SportsMatch,5,6,1
R010,2025-03-30,9,6,1,Clear,3.4,22.3,None,SportsMatch,13,10,-3
R010,2025-03-30,10,6,1,Clear,3.4,22.3,None,SportsMatch,25,21,-4
R010,2025-03-30,11,6,1,Clear,3.4,22.3,None,SportsMatch,41,39,-2
R010,2025-03-30,12,6,1,Clear,3.4,22.3,None,SportsMatch,56,67,11
R010,2025-03-30,13,6,1,Clear,3.4,22.3,None,SportsMatch,61,61,0
R010,2025-03-30,14,6,1,Clear,3.4,22.3,None,SportsMatch,56,49,-7
R010,2025-03-30,15,6,1,Clear,3.4,22.3,None,SportsMatch,42,38,-4
R010,2025-03-30,16,6,1,Clear,3.4,22.3,None,SportsMatch,27,28,1
R010,2025-03-30,17,6,1,Clear,3.4,22.3,None,SportsMatch,20,16,-4
R010,2025-03-30,18,6,1,Clear,3.4,22.3,None,SportsMatch,27,26,-1
R010,2025-03-30,19,6,1,Clear,3.4,22.3,None,SportsMatch,42,47,5
R010,2025-03-30,20,6,1,Clear,3.4,22.3,None,SportsMatch,49,56,7
R010,2025-03-30,21,6,1,Clear,3.4,22.3,None,SportsMatch,40,50,10
R010,2025-03-30,22,6,1,Clear,3.4,22.3,None,SportsMatch,21,23,2
R010,2025-03-31,8,0,0,Rain,8.16,24.6,WeekendDeal,SportsMatch,4,4,0
R010,2025-03-31,9,0,0,Rain,8.16,24.6,WeekendDeal,SportsMatch,10,11,1
R010,2025-03-31,10,0,0,Rain,8.16,24.6,WeekendDeal,SportsMatch,19,19,0
R010,2025-03-31,11,0,0,Rain,8.16,24.6,WeekendDeal,SportsMatch,31,32,1
R010,2025-03-31,12,0,0,Rain,8.16,24.6,WeekendDeal,SportsMatch,41,45,4
R010,2025-03-31,13,0,0,Rain,8.16,24.6,WeekendDeal,SportsMatch,45,31,-14
R010,2025-03-31,14,0,0,Rain,8.16,24.6,WeekendDeal,SportsMatch,41,42,1
R010,2025-03-31,15,0,0,Rain,8.16,24.6,WeekendDeal,SportsMatch,31,33,2
R010,2025-03-31,16,0,0,Rain,8.16,24.6,WeekendDeal,SportsMatch,20,18,-2
R010,2025-03-31,17,0,0,Rain,8.16,24.6,WeekendDeal,SportsMatch,15,15,0
R010,2025-03-31,18,0,0,Rain,8.16,24.6,WeekendDeal,SportsMatch,20,22,2
R010,2025-03-31,19,0,0,Rain,8.16,24.6,WeekendDeal,SportsMatch,31,33,2
R010,2025-03-31,20,0,0,Rain,8.16,24.6,WeekendDeal,SportsMatch,37,38,1
R010,2025-03-31,21,0,0,Rain,8.16,24.6,WeekendDeal,SportsMatch,30,31,1
R010,2025-03-31,22,0,0,Rain,8.16,24.6,WeekendDeal,SportsMatch,16,18,2
