restaurant_id,date,ingredient_id,ingredient_name,shelf_life_days,supplier_lead_time_days,projected_usage_qty,order_qty,waste_qty,stockout_risk
R001,2025-01-01,ING001,Rice,12,3,2.67,2.84,0.83,0.082
R001,2025-01-01,ING002,Chicken,2,2,2.94,3.35,0.15,0.043
R001,2025-01-01,ING003,Paneer,3,4,1.01,3.33,0.09,0.148
R001,2025-01-01,ING004,Onion,5,7,2.07,5.9,0.58,0.196
R001,2025-01-01,ING005,Tomato,4,5,3.66,5.6,1.71,0.234
R001,2025-01-01,ING006,Oil,20,30,0.92,2.81,0.5,0.083
R001,2025-01-01,ING007,Flour,10,15,1.78,3.53,0.49,0.207
R001,2025-01-01,ING008,Bread,8,4,2.64,3.2,0.17,0.027
R001,2025-01-01,ING009,Lettuce,2,3,1.67,2.8,0.5,0.182
R001,2025-01-01,ING010,Cheese,4,5,2.6,3.03,0.3,0.058
R001,2025-01-02,ING001,Rice,12,3,0.85,3.21,0.79,0.098
R001,2025-01-02,ING002,Chicken,2,2,2.21,4.23,0.63,0.213
R001,2025-01-02,ING003,Paneer,3,4,2.15,2.88,1.28,0.062
R001,2025-01-02,ING004,Onion,5,7,4.04,5.71,0.63,0.093
R001,2025-01-02,ING005,Tomato,4,5,2.07,2.48,0.73,0.013
R001,2025-01-02,ING006,Oil,20,30,2.4,2.8,0.7,0.226
R001,2025-01-02,ING007,Flour,10,15,0.01,3.22,0.56,0.161
R001,2025-01-02,ING008,Bread,8,4,1.24,1.78,0.19,0.129
R001,2025-01-02,ING009,Lettuce,2,3,3.89,5.74,0.79,0.16
R001,2025-01-02,ING010,Cheese,4,5,2.12,2.68,0.0,0.104
R001,2025-01-03,ING001,Rice,12,3,2.08,2.1,0.56,0.151
R001,2025-01-03,ING002,Chicken,2,2,0.54,1.49,0.0,0.014
R001,2025-01-03,ING003,Paneer,3,4,3.6,7.32,1.16,0.175
R001,2025-01-03,ING004,Onion,5,7,4.47,4.63,0.46,0.031
R001,2025-01-03,ING005,Tomato,4,5,2.33,5.31,0.82,0.213
R001,2025-01-03,ING006,Oil,20,30,1.59,4.53,0.41,0.068
R001,2025-01-03,ING007,Flour,10,15,3.69,7.61,0.73,0.014
R001,2025-01-03,ING008,Bread,8,4,0.92,1.09,0.12,0.177
R001,2025-01-03,ING009,Lettuce,2,3,3.87,4.24,0.48,0.245
R001,2025-01-03,ING010,Cheese,4,5,1.5,4.63,0.64,0.143
R001,2025-01-04,ING001,Rice,12,3,2.83,6.21,1.1,0.192
R001,2025-01-04,ING002,Chicken,2,2,4.89,6.91,0.94,0.147
R001,2025-01-04,ING003,Paneer,3,4,0.29,1.65,0.0,0.1
R001,2025-01-04,ING004,Onion,5,7,2.34,4.86,0.5,0.085
R001,2025-01-04,ING005,Tomato,4,5,2.95,3.05,0.26,0.112
R001,2025-01-04,ING006,Oil,20,30,2.12,4.52,0.66,0.07
R001,2025-01-04,ING007,Flour,10,15,0.49,3.03,0.02,0.155
R001,2025-01-04,ING008,Bread,8,4,3.71,6.76,1.12,0.18
R001,2025-01-04,ING009,Lettuce,2,3,0.11,3.23,0.16,0.029
R001,2025-01-04,ING010,Cheese,4,5,4.84,6.6,0.74,0.164
R001,2025-01-05,ING001,Rice,12,3,2.39,4.12,0.9,0.39
R001,2025-01-05,ING002,Chicken,2,2,0.68,0.84,0.0,0.166
R001,2025-01-05,ING003,Paneer,3,4,0.55,2.61,0.73,0.163
R001,2025-01-05,ING004,Onion,5,7,0.37,1.91,0.6,0.325
R001,2025-01-05,ING005,Tomato,4,5,0.55,1.76,0.2,0.254
R001,2025-01-05,ING006,Oil,20,30,1.9,2.35,0.04,0.15
R001,2025-01-05,ING007,Flour,10,15,1.6,3.56,0.07,0.258
R001,2025-01-05,ING008,Bread,8,4,1.39,4.76,0.68,0.231
R001,2025-01-05,ING009,Lettuce,2,3,0.0,1.92,0.01,0.207
R001,2025-01-05,ING010,Cheese,4,5,2.34,6.07,0.57,0.265
R001,2025-01-06,ING001,Rice,12,3,0.95,1.77,0.82,0.156
R001,2025-01-06,ING002,Chicken,2,2,4.3,5.81,1.4,0.372
R001,2025-01-06,ING003,Paneer,3,4,1.64,2.91,1.39,0.295
R001,2025-01-06,ING004,Onion,5,7,0.38,2.79,0.31,0.267
R001,2025-01-06,ING005,Tomato,4,5,2.8,4.31,0.73,0.183
R001,2025-01-06,ING006,Oil,20,30,1.94,4.68,0.12,0.389
R001,2025-01-06,ING007,Flour,10,15,0.0,0.4,0.04,0.37
R001,2025-01-06,ING008,Bread,8,4,0.4,1.21,0.0,0.281
R001,2025-01-06,ING009,Lettuce,2,3,0.56,1.6,0.32,0.27
R001,2025-01-06,ING010,Cheese,4,5,2.53,5.14,0.2,0.178
R001,2025-01-07,ING001,Rice,12,3,2.62,6.01,1.09,0.112
R001,2025-01-07,ING002,Chicken,2,2,2.02,5.02,0.93,0.133
R001,2025-01-07,ING003,Paneer,3,4,0.8,2.01,0.74,0.092
R001,2025-01-07,ING004,Onion,5,7,3.49,5.1,0.87,0.18
R001,2025-01-07,ING005,Tomato,4,5,1.7,5.33,1.05,0.162
R001,2025-01-07,ING006,Oil,20,30,0.43,2.06,0.5,0.031
R001,2025-01-07,ING007,Flour,10,15,2.03,4.7,0.59,0.166
R001,2025-01-07,ING008,Bread,8,4,2.09,3.39,0.94,0.195
R001,2025-01-07,ING009,Lettuce,2,3,0.0,0.99,0.0,0.032
R001,2025-01-07,ING010,Cheese,4,5,1.11,1.66,0.44,0.169
R001,2025-01-08,ING001,Rice,12,3,1.71,5.16,0.51,0.135
R001,2025-01-08,ING002,Chicken,2,2,1.05,1.42,0.16,0.184
R001,2025-01-08,ING003,Paneer,3,4,2.17,5.18,0.75,0.188
R001,2025-01-08,ING004,Onion,5,7,4.66,6.13,0.32,0.052
R001,2025-01-08,ING005,Tomato,4,5,2.1,2.58,0.53,0.044
R001,2025-01-08,ING006,Oil,20,30,3.61,6.9,1.09,0.248
R001,2025-01-08,ING007,Flour,10,15,2.49,5.1,0.97,0.098
R001,2025-01-08,ING008,Bread,8,4,2.08,5.98,0.16,0.048
R001,2025-01-08,ING009,Lettuce,2,3,0.3,2.92,0.36,0.184
R001,2025-01-08,ING010,Cheese,4,5,0.6,2.81,1.16,0.178
R001,2025-01-09,ING001,Rice,12,3,2.2,2.35,0.84,0.141
R001,2025-01-09,ING002,Chicken,2,2,1.83,4.81,0.07,0.124
R001,2025-01-09,ING003,Paneer,3,4,3.35,3.38,0.58,0.083
R001,2025-01-09,ING004,Onion,5,7,2.13,3.62,0.79,0.068
R001,2025-01-09,ING005,Tomato,4,5,1.5,4.6,0.05,0.134
R001,2025-01-09,ING006,Oil,20,30,3.43,7.28,0.89,0.047
R001,2025-01-09,ING007,Flour,10,15,0.71,4.22,0.01,0.203
R001,2025-01-09,ING008,Bread,8,4,3.29,5.55,0.09,0.152
R001,2025-01-09,ING009,Lettuce,2,3,4.01,5.49,0.72,0.03
R001,2025-01-09,ING010,Cheese,4,5,3.37,6.72,1.13,0.076
R001,2025-01-10,ING001,Rice,12,3,3.94,6.55,0.71,0.109
R001,2025-01-10,ING002,Chicken,2,2,3.22,6.11,1.14,0.234
R001,2025-01-10,ING003,Paneer,3,4,0.45,0.88,0.0,0.13
R001,2025-01-10,ING004,Onion,5,7,1.71,3.46,0.0,0.122
R001,2025-01-10,ING005,Tomato,4,5,3.52,5.21,0.89,0.148
R001,2025-01-10,ING006,Oil,20,30,4.0,6.55,1.07,0.245
R001,2025-01-10,ING007,Flour,10,15,4.11,7.7,0.98,0.015
R001,2025-01-10,ING008,Bread,8,4,2.6,5.2,0.66,0.107
R001,2025-01-10,ING009,Lettuce,2,3,1.67,5.09,0.79,0.087
R001,2025-01-10,ING010,Cheese,4,5,2.38,5.06,0.54,0.093
R001,2025-01-11,ING001,Rice,12,3,2.55,5.64,0.84,0.359
R001,2025-01-11,ING002,Chicken,2,2,0.99,1.0,0.46,0.399
R001,2025-01-11,ING003,Paneer,3,4,3.4,4.23,0.59,0.352
R001,2025-01-11,ING004,Onion,5,7,1.83,3.41,0.02,0.243
R001,2025-01-11,ING005,Tomato,4,5,4.29,5.08,0.62,0.27
R001,2025-01-11,ING006,Oil,20,30,0.77,3.33,0.28,0.396
R001,2025-01-11,ING007,Flour,10,15,3.56,5.17,0.85,0.211
R001,2025-01-11,ING008,Bread,8,4,1.28,4.3,0.98,0.267
R001,2025-01-11,ING009,Lettuce,2,3,0.75,1.49,0.63,0.222
R001,2025-01-11,ING010,Cheese,4,5,3.17,6.8,0.91,0.217
R001,2025-01-12,ING001,Rice,12,3,2.75,3.6,0.85,0.18
R001,2025-01-12,ING002,Chicken,2,2,0.85,4.81,1.06,0.183
R001,2025-01-12,ING003,Paneer,3,4,0.43,2.75,0.43,0.308
R001,2025-01-12,ING004,Onion,5,7,1.7,4.26,0.57,0.328
R001,2025-01-12,ING005,Tomato,4,5,1.07,2.45,0.0,0.192
R001,2025-01-12,ING006,Oil,20,30,0.61,1.65,0.13,0.212
R001,2025-01-12,ING007,Flour,10,15,2.6,3.92,0.79,0.364
R001,2025-01-12,ING008,Bread,8,4,0.97,4.03,0.46,0.204
R001,2025-01-12,ING009,Lettuce,2,3,0.68,4.32,0.45,0.292
R001,2025-01-12,ING010,Cheese,4,5,3.49,5.71,1.37,0.303
R001,2025-01-13,ING001,Rice,12,3,2.67,2.72,0.35,0.226
R001,2025-01-13,ING002,Chicken,2,2,1.68,2.28,0.6,0.165
R001,2025-01-13,ING003,Paneer,3,4,1.32,3.71,0.24,0.124
R001,2025-01-13,ING004,Onion,5,7,3.33,5.24,1.21,0.056
R001,2025-01-13,ING005,Tomato,4,5,3.33,4.74,0.57,0.005
R001,2025-01-13,ING006,Oil,20,30,0.0,2.58,0.07,0.194
R001,2025-01-13,ING007,Flour,10,15,0.0,2.85,0.73,0.119
R001,2025-01-13,ING008,Bread,8,4,0.53,1.52,0.15,0.056
R001,2025-01-13,ING009,Lettuce,2,3,0.0,1.66,0.11,0.206
R001,2025-01-13,ING010,Cheese,4,5,1.41,2.21,0.51,0.004
R001,2025-01-14,ING001,Rice,12,3,2.75,3.27,0.54,0.126
R001,2025-01-14,ING002,Chicken,2,2,0.77,2.46,0.51,0.126
R001,2025-01-14,ING003,Paneer,3,4,0.58,1.61,0.22,0.215
R001,2025-01-14,ING004,Onion,5,7,0.0,1.12,0.0,0.097
R001,2025-01-14,ING005,Tomato,4,5,1.04,4.95,0.59,0.075
R001,2025-01-14,ING006,Oil,20,30,1.16,2.73,0.63,0.17
R001,2025-01-14,ING007,Flour,10,15,3.25,5.95,0.98,0.089
R001,2025-01-14,ING008,Bread,8,4,2.75,5.62,0.61,0.09
R001,2025-01-14,ING009,Lettuce,2,3,0.27,2.56,0.53,0.225
R001,2025-01-14,ING010,Cheese,4,5,0.08,0.23,0.0,0.031
R001,2025-01-15,ING001,Rice,12,3,0.9,1.31,0.59,0.271
R001,2025-01-15,ING002,Chicken,2,2,2.59,2.94,1.28,0.382
R001,2025-01-15,ING003,Paneer,3,4,0.57,1.83,0.02,0.263
R001,2025-01-15,ING004,Onion,5,7,1.23,1.99,0.4,0.213
R001,2025-01-15,ING005,Tomato,4,5,2.4,2.67,0.58,0.313
R001,2025-01-15,ING006,Oil,20,30,4.86,7.48,0.56,0.387
R001,2025-01-15,ING007,Flour,10,15,0.0,3.51,0.49,0.23
R001,2025-01-15,ING008,Bread,8,4,4.7,6.85,1.24,0.165
R001,2025-01-15,ING009,Lettuce,2,3,0.18,1.2,0.23,0.199
R001,2025-01-15,ING010,Cheese,4,5,1.41,3.92,0.52,0.236
R001,2025-01-16,ING001,Rice,12,3,4.02,4.62,0.94,0.163
R001,2025-01-16,ING002,Chicken,2,2,4.13,7.68,1.3,0.321
R001,2025-01-16,ING003,Paneer,3,4,1.65,3.32,1.17,0.28
R001,2025-01-16,ING004,Onion,5,7,2.71,4.02,0.94,0.213
R001,2025-01-16,ING005,Tomato,4,5,0.0,0.6,0.0,0.301
R001,2025-01-16,ING006,Oil,20,30,2.33,5.11,0.5,0.209
R001,2025-01-16,ING007,Flour,10,15,2.47,2.51,0.23,0.341
R001,2025-01-16,ING008,Bread,8,4,6.23,6.41,1.28,0.168
R001,2025-01-16,ING009,Lettuce,2,3,4.3,7.32,0.48,0.153
R001,2025-01-16,ING010,Cheese,4,5,3.3,7.26,1.04,0.197
R001,2025-01-17,ING001,Rice,12,3,1.08,3.21,0.51,0.266
R001,2025-01-17,ING002,Chicken,2,2,1.41,1.89,0.0,0.208
R001,2025-01-17,ING003,Paneer,3,4,0.35,0.93,0.0,0.287
R001,2025-01-17,ING004,Onion,5,7,1.16,1.81,0.67,0.242
R001,2025-01-17,ING005,Tomato,4,5,2.34,5.99,0.77,0.378
R001,2025-01-17,ING006,Oil,20,30,3.2,6.51,0.99,0.305
R001,2025-01-17,ING007,Flour,10,15,2.64,5.4,0.73,0.39
R001,2025-01-17,ING008,Bread,8,4,1.0,4.12,0.61,0.153
R001,2025-01-17,ING009,Lettuce,2,3,2.15,4.18,0.88,0.235
R001,2025-01-17,ING010,Cheese,4,5,2.32,6.2,0.72,0.23
R001,2025-01-18,ING001,Rice,12,3,0.01,0.43,0.0,0.21
R001,2025-01-18,ING002,Chicken,2,2,2.75,4.32,1.0,0.123
R001,2025-01-18,ING003,Paneer,3,4,1.39,4.97,0.99,0.144
R001,2025-01-18,ING004,Onion,5,7,0.38,2.84,0.24,0.1
R001,2025-01-18,ING005,Tomato,4,5,0.09,2.42,0.36,0.118
R001,2025-01-18,ING006,Oil,20,30,1.72,4.71,0.5,0.2
R001,2025-01-18,ING007,Flour,10,15,5.19,5.8,0.7,0.071
R001,2025-01-18,ING008,Bread,8,4,4.91,5.86,0.63,0.064
R001,2025-01-18,ING009,Lettuce,2,3,3.02,6.81,1.0,0.219
R001,2025-01-18,ING010,Cheese,4,5,4.59,8.09,1.42,0.205
R001,2025-01-19,ING001,Rice,12,3,3.13,6.05,1.22,0.191
R001,2025-01-19,ING002,Chicken,2,2,1.35,4.84,0.41,0.16
R001,2025-01-19,ING003,Paneer,3,4,1.01,3.24,0.52,0.299
R001,2025-01-19,ING004,Onion,5,7,0.0,3.69,0.65,0.32
R001,2025-01-19,ING005,Tomato,4,5,2.91,6.73,0.52,0.335
R001,2025-01-19,ING006,Oil,20,30,2.93,3.81,0.36,0.334
R001,2025-01-19,ING007,Flour,10,15,4.23,6.03,1.14,0.357
R001,2025-01-19,ING008,Bread,8,4,2.47,5.04,0.71,0.218
R001,2025-01-19,ING009,Lettuce,2,3,5.55,5.73,0.72,0.258
R001,2025-01-19,ING010,Cheese,4,5,0.08,1.07,0.0,0.297
R001,2025-01-20,ING001,Rice,12,3,1.18,2.53,0.51,0.003
R001,2025-01-20,ING002,Chicken,2,2,0.69,4.56,0.32,0.148
R001,2025-01-20,ING003,Paneer,3,4,1.8,3.97,0.84,0.071
R001,2025-01-20,ING004,Onion,5,7,0.0,0.73,0.0,0.163
R001,2025-01-20,ING005,Tomato,4,5,1.74,5.46,0.83,0.205
R001,2025-01-20,ING006,Oil,20,30,2.5,5.34,1.37,0.219
R001,2025-01-20,ING007,Flour,10,15,0.0,1.11,0.75,0.152
R001,2025-01-20,ING008,Bread,8,4,4.43,5.39,1.08,0.137
R001,2025-01-20,ING009,Lettuce,2,3,2.02,4.46,0.48,0.205
R001,2025-01-20,ING010,Cheese,4,5,3.03,5.22,0.87,0.118
R001,2025-01-21,ING001,Rice,12,3,0.32,2.9,0.76,0.234
R001,2025-01-21,ING002,Chicken,2,2,2.37,3.39,0.26,0.164
R001,2025-01-21,ING003,Paneer,3,4,4.05,6.58,0.72,0.168
R001,2025-01-21,ING004,Onion,5,7,2.46,3.55,0.68,0.083
R001,2025-01-21,ING005,Tomato,4,5,3.49,5.31,1.1,0.048
R001,2025-01-21,ING006,Oil,20,30,0.8,1.32,0.06,0.236
R001,2025-01-21,ING007,Flour,10,15,1.5,5.1,0.56,0.011
R001,2025-01-21,ING008,Bread,8,4,3.93,6.97,1.79,0.014
R001,2025-01-21,ING009,Lettuce,2,3,1.72,3.23,0.56,0.043
R001,2025-01-21,ING010,Cheese,4,5,5.28,5.53,1.09,0.16
R001,2025-01-22,ING001,Rice,12,3,2.01,5.23,0.33,0.077
R001,2025-01-22,ING002,Chicken,2,2,2.29,2.46,0.0,0.174
R001,2025-01-22,ING003,Paneer,3,4,0.36,2.26,0.0,0.057
R001,2025-01-22,ING004,Onion,5,7,0.21,3.26,0.13,0.035
R001,2025-01-22,ING005,Tomato,4,5,3.03,5.41,0.75,0.177
R001,2025-01-22,ING006,Oil,20,30,0.81,4.09,0.96,0.133
R001,2025-01-22,ING007,Flour,10,15,3.1,3.52,0.42,0.008
R001,2025-01-22,ING008,Bread,8,4,1.92,2.3,0.18,0.16
R001,2025-01-22,ING009,Lettuce,2,3,1.35,3.03,0.15,0.108
R001,2025-01-22,ING010,Cheese,4,5,2.14,5.02,1.12,0.123
R001,2025-01-23,ING001,Rice,12,3,1.79,5.41,0.83,0.203
R001,2025-01-23,ING002,Chicken,2,2,0.97,1.97,0.29,0.025
R001,2025-01-23,ING003,Paneer,3,4,0.76,1.3,0.11,0.014
R001,2025-01-23,ING004,Onion,5,7,2.09,3.02,0.0,0.197
R001,2025-01-23,ING005,Tomato,4,5,2.51,5.91,1.12,0.086
R001,2025-01-23,ING006,Oil,20,30,1.01,2.62,0.45,0.132
R001,2025-01-23,ING007,Flour,10,15,0.0,3.51,0.65,0.205
R001,2025-01-23,ING008,Bread,8,4,0.15,2.38,0.0,0.062
R001,2025-01-23,ING009,Lettuce,2,3,3.25,5.5,0.52,0.081
R001,2025-01-23,ING010,Cheese,4,5,1.28,3.66,0.61,0.047
R001,2025-01-24,ING001,Rice,12,3,3.72,5.1,0.67,0.223
R001,2025-01-24,ING002,Chicken,2,2,3.15,5.14,0.95,0.306
R001,2025-01-24,ING003,Paneer,3,4,1.99,4.83,0.73,0.376
R001,2025-01-24,ING004,Onion,5,7,3.65,7.55,1.53,0.365
R001,2025-01-24,ING005,Tomato,4,5,3.94,7.29,1.17,0.34
R001,2025-01-24,ING006,Oil,20,30,1.96,3.19,0.19,0.231
R001,2025-01-24,ING007,Flour,10,15,2.68,5.96,0.88,0.336
R001,2025-01-24,ING008,Bread,8,4,3.94,7.0,1.23,0.25
R001,2025-01-24,ING009,Lettuce,2,3,4.3,7.96,0.84,0.248
R001,2025-01-24,ING010,Cheese,4,5,4.79,7.91,1.32,0.351
R001,2025-01-25,ING001,Rice,12,3,1.8,2.78,0.67,0.171
R001,2025-01-25,ING002,Chicken,2,2,0.55,1.16,0.09,0.168
R001,2025-01-25,ING003,Paneer,3,4,0.66,3.6,0.85,0.19
R001,2025-01-25,ING004,Onion,5,7,4.63,7.65,0.87,0.208
R001,2025-01-25,ING005,Tomato,4,5,2.55,5.75,1.22,0.119
R001,2025-01-25,ING006,Oil,20,30,1.41,3.47,0.13,0.108
R001,2025-01-25,ING007,Flour,10,15,3.6,6.8,0.62,0.062
R001,2025-01-25,ING008,Bread,8,4,4.1,7.12,0.87,0.227
R001,2025-01-25,ING009,Lettuce,2,3,0.0,2.32,0.23,0.244
R001,2025-01-25,ING010,Cheese,4,5,1.68,4.58,0.76,0.11
R001,2025-01-26,ING001,Rice,12,3,1.49,3.19,0.57,0.242
R001,2025-01-26,ING002,Chicken,2,2,2.06,4.48,0.95,0.351
R001,2025-01-26,ING003,Paneer,3,4,3.55,6.38,0.82,0.267
R001,2025-01-26,ING004,Onion,5,7,2.79,5.49,1.15,0.387
R001,2025-01-26,ING005,Tomato,4,5,0.8,3.06,0.44,0.305
R001,2025-01-26,ING006,Oil,20,30,2.72,4.21,0.35,0.178
R001,2025-01-26,ING007,Flour,10,15,4.9,8.89,1.24,0.15
R001,2025-01-26,ING008,Bread,8,4,4.83,4.91,0.59,0.329
R001,2025-01-26,ING009,Lettuce,2,3,1.6,4.45,0.22,0.394
R001,2025-01-26,ING010,Cheese,4,5,3.09,7.04,0.74,0.382
R001,2025-01-27,ING001,Rice,12,3,5.03,6.39,0.64,0.329
R001,2025-01-27,ING002,Chicken,2,2,0.0,3.41,1.24,0.285
R001,2025-01-27,ING003,Paneer,3,4,0.0,1.98,0.22,0.19
R001,2025-01-27,ING004,Onion,5,7,0.38,1.44,0.33,0.382
R001,2025-01-27,ING005,Tomato,4,5,0.89,3.15,0.67,0.213
R001,2025-01-27,ING006,Oil,20,30,2.69,3.04,0.03,0.205
R001,2025-01-27,ING007,Flour,10,15,0.23,1.49,0.45,0.349
R001,2025-01-27,ING008,Bread,8,4,3.01,5.62,0.91,0.27
R001,2025-01-27,ING009,Lettuce,2,3,2.06,4.11,1.06,0.31
R001,2025-01-27,ING010,Cheese,4,5,0.9,1.4,0.27,0.228
R001,2025-01-28,ING001,Rice,12,3,2.52,5.28,0.96,0.254
R001,2025-01-28,ING002,Chicken,2,2,3.22,5.11,0.94,0.152
R001,2025-01-28,ING003,Paneer,3,4,2.29,2.57,0.19,0.202
R001,2025-01-28,ING004,Onion,5,7,2.19,3.31,0.25,0.249
R001,2025-01-28,ING005,Tomato,4,5,1.78,2.77,0.35,0.251
R001,2025-01-28,ING006,Oil,20,30,1.68,3.52,0.16,0.327
R001,2025-01-28,ING007,Flour,10,15,0.0,1.18,0.06,0.289
R001,2025-01-28,ING008,Bread,8,4,3.58,7.52,1.15,0.375
R001,2025-01-28,ING009,Lettuce,2,3,3.46,3.97,0.35,0.271
R001,2025-01-28,ING010,Cheese,4,5,1.26,4.49,1.36,0.183
R001,2025-01-29,ING001,Rice,12,3,0.0,2.13,0.08,0.118
R001,2025-01-29,ING002,Chicken,2,2,2.73,6.72,1.42,0.003
R001,2025-01-29,ING003,Paneer,3,4,1.93,4.15,0.96,0.235
R001,2025-01-29,ING004,Onion,5,7,1.97,4.05,0.77,0.065
R001,2025-01-29,ING005,Tomato,4,5,1.74,4.22,1.0,0.197
R001,2025-01-29,ING006,Oil,20,30,4.5,6.09,1.4,0.138
R001,2025-01-29,ING007,Flour,10,15,6.83,7.06,0.85,0.138
R001,2025-01-29,ING008,Bread,8,4,2.52,5.48,0.62,0.23
R001,2025-01-29,ING009,Lettuce,2,3,3.66,7.42,0.83,0.119
R001,2025-01-29,ING010,Cheese,4,5,3.76,4.05,0.67,0.006
R001,2025-01-30,ING001,Rice,12,3,2.38,5.75,0.19,0.163
R001,2025-01-30,ING002,Chicken,2,2,2.62,4.73,0.37,0.037
R001,2025-01-30,ING003,Paneer,3,4,0.0,0.18,0.0,0.105
R001,2025-01-30,ING004,Onion,5,7,1.3,2.6,0.98,0.044
R001,2025-01-30,ING005,Tomato,4,5,2.35,3.01,0.27,0.248
R001,2025-01-30,ING006,Oil,20,30,3.29,6.92,0.98,0.162
R001,2025-01-30,ING007,Flour,10,15,2.94,4.93,0.56,0.134
R001,2025-01-30,ING008,Bread,8,4,4.5,7.81,0.51,0.115
R001,2025-01-30,ING009,Lettuce,2,3,1.64,4.8,0.32,0.216
R001,2025-01-30,ING010,Cheese,4,5,2.31,5.41,0.6,0.072
R001,2025-01-31,ING001,Rice,12,3,0.0,1.59,0.0,0.231
R001,2025-01-31,ING002,Chicken,2,2,0.0,2.61,0.24,0.08
R001,2025-01-31,ING003,Paneer,3,4,3.07,3.94,0.83,0.243
R001,2025-01-31,ING004,Onion,5,7,3.84,5.06,0.46,0.117
R001,2025-01-31,ING005,Tomato,4,5,2.35,3.5,0.47,0.137
R001,2025-01-31,ING006,Oil,20,30,0.32,2.37,0.64,0.235
R001,2025-01-31,ING007,Flour,10,15,1.2,4.8,0.2,0.156
R001,2025-01-31,ING008,Bread,8,4,2.62,3.94,0.69,0.066
R001,2025-01-31,ING009,Lettuce,2,3,1.55,3.34,0.14,0.068
R001,2025-01-31,ING010,Cheese,4,5,1.72,1.94,0.72,0.172
R001,2025-02-01,ING001,Rice,12,3,1.33,3.8,0.1,0.028
R001,2025-02-01,ING002,Chicken,2,2,1.11,3.23,0.13,0.121
R001,2025-02-01,ING003,Paneer,3,4,1.31,3.49,0.34,0.247
R001,2025-02-01,ING004,Onion,5,7,1.96,5.69,0.85,0.126
R001,2025-02-01,ING005,Tomato,4,5,1.63,3.66,0.32,0.068
R001,2025-02-01,ING006,Oil,20,30,2.53,4.8,1.02,0.177
R001,2025-02-01,ING007,Flour,10,15,2.21,3.8,0.54,0.112
R001,2025-02-01,ING008,Bread,8,4,2.99,3.29,0.21,0.02
R001,2025-02-01,ING009,Lettuce,2,3,2.34,4.96,0.54,0.249
R001,2025-02-01,ING010,Cheese,4,5,4.21,6.55,1.22,0.217
R001,2025-02-02,ING001,Rice,12,3,0.96,1.85,0.26,0.222
R001,2025-02-02,ING002,Chicken,2,2,1.72,3.71,0.3,0.045
R001,2025-02-02,ING003,Paneer,3,4,2.34,5.18,0.38,0.22
R001,2025-02-02,ING004,Onion,5,7,5.21,7.94,0.67,0.03
R001,2025-02-02,ING005,Tomato,4,5,3.34,4.89,1.08,0.081
R001,2025-02-02,ING006,Oil,20,30,2.77,5.76,1.0,0.23
R001,2025-02-02,ING007,Flour,10,15,1.6,3.16,0.6,0.069
R001,2025-02-02,ING008,Bread,8,4,2.22,4.12,0.48,0.054
R001,2025-02-02,ING009,Lettuce,2,3,5.21,8.07,1.04,0.189
R001,2025-02-02,ING010,Cheese,4,5,2.34,5.49,0.82,0.158
R001,2025-02-03,ING001,Rice,12,3,2.44,3.42,0.09,0.057
R001,2025-02-03,ING002,Chicken,2,2,3.95,4.59,1.14,0.056
R001,2025-02-03,ING003,Paneer,3,4,3.19,5.42,1.33,0.204
R001,2025-02-03,ING004,Onion,5,7,1.58,3.78,0.64,0.151
R001,2025-02-03,ING005,Tomato,4,5,3.21,3.88,0.69,0.076
R001,2025-02-03,ING006,Oil,20,30,1.76,5.45,0.77,0.156
R001,2025-02-03,ING007,Flour,10,15,4.24,5.34,0.79,0.074
R001,2025-02-03,ING008,Bread,8,4,3.85,5.67,0.83,0.246
R001,2025-02-03,ING009,Lettuce,2,3,3.84,5.8,0.89,0.087
R001,2025-02-03,ING010,Cheese,4,5,3.07,3.77,0.37,0.104
R001,2025-02-04,ING001,Rice,12,3,3.83,6.53,0.96,0.394
R001,2025-02-04,ING002,Chicken,2,2,1.58,2.96,0.46,0.286
R001,2025-02-04,ING003,Paneer,3,4,2.1,2.79,0.21,0.265
R001,2025-02-04,ING004,Onion,5,7,1.04,1.12,0.1,0.382
R001,2025-02-04,ING005,Tomato,4,5,3.96,4.25,0.42,0.211
R001,2025-02-04,ING006,Oil,20,30,5.05,8.69,1.45,0.262
R001,2025-02-04,ING007,Flour,10,15,2.0,2.15,0.25,0.181
R001,2025-02-04,ING008,Bread,8,4,5.47,7.71,0.85,0.176
R001,2025-02-04,ING009,Lettuce,2,3,4.41,6.18,0.89,0.151
R001,2025-02-04,ING010,Cheese,4,5,0.78,1.72,0.14,0.379
R001,2025-02-05,ING001,Rice,12,3,1.25,1.42,0.57,0.296
R001,2025-02-05,ING002,Chicken,2,2,3.22,3.5,0.0,0.337
R001,2025-02-05,ING003,Paneer,3,4,2.91,3.72,0.67,0.338
R001,2025-02-05,ING004,Onion,5,7,1.91,4.51,0.58,0.382
R001,2025-02-05,ING005,Tomato,4,5,0.0,1.67,0.86,0.355
R001,2025-02-05,ING006,Oil,20,30,1.96,2.27,0.44,0.375
R001,2025-02-05,ING007,Flour,10,15,2.04,5.85,0.67,0.346
R001,2025-02-05,ING008,Bread,8,4,3.55,4.82,0.76,0.399
R001,2025-02-05,ING009,Lettuce,2,3,1.97,4.36,0.75,0.32
R001,2025-02-05,ING010,Cheese,4,5,2.17,5.06,1.27,0.357
R001,2025-02-06,ING001,Rice,12,3,4.49,5.74,0.95,0.059
R001,2025-02-06,ING002,Chicken,2,2,0.77,4.22,0.63,0.241
R001,2025-02-06,ING003,Paneer,3,4,2.73,2.82,0.4,0.043
R001,2025-02-06,ING004,Onion,5,7,1.71,2.16,0.32,0.219
R001,2025-02-06,ING005,Tomato,4,5,3.68,4.36,0.58,0.196
R001,2025-02-06,ING006,Oil,20,30,3.44,3.84,0.38,0.117
R001,2025-02-06,ING007,Flour,10,15,3.89,4.33,0.27,0.044
R001,2025-02-06,ING008,Bread,8,4,0.2,0.79,0.6,0.111
R001,2025-02-06,ING009,Lettuce,2,3,0.0,2.69,0.49,0.229
R001,2025-02-06,ING010,Cheese,4,5,2.26,3.05,0.63,0.203
R001,2025-02-07,ING001,Rice,12,3,1.47,3.72,0.61,0.349
R001,2025-02-07,ING002,Chicken,2,2,2.84,4.35,0.19,0.17
R001,2025-02-07,ING003,Paneer,3,4,1.63,2.36,0.38,0.261
R001,2025-02-07,ING004,Onion,5,7,3.46,4.9,0.94,0.201
R001,2025-02-07,ING005,Tomato,4,5,1.03,4.23,0.59,0.337
R001,2025-02-07,ING006,Oil,20,30,2.92,2.98,0.38,0.183
R001,2025-02-07,ING007,Flour,10,15,1.16,3.95,0.58,0.373
R001,2025-02-07,ING008,Bread,8,4,2.78,6.1,0.65,0.367
R001,2025-02-07,ING009,Lettuce,2,3,3.09,5.28,0.83,0.376
R001,2025-02-07,ING010,Cheese,4,5,3.14,5.46,0.8,0.243
R001,2025-02-08,ING001,Rice,12,3,0.33,2.19,0.51,0.173
R001,2025-02-08,ING002,Chicken,2,2,2.22,2.68,0.3,0.156
R001,2025-02-08,ING003,Paneer,3,4,2.73,6.36,1.03,0.099
R001,2025-02-08,ING004,Onion,5,7,2.91,5.33,0.77,0.141
R001,2025-02-08,ING005,Tomato,4,5,2.2,5.11,0.92,0.208
R001,2025-02-08,ING006,Oil,20,30,3.06,6.08,0.82,0.019
R001,2025-02-08,ING007,Flour,10,15,1.72,4.58,0.8,0.198
R001,2025-02-08,ING008,Bread,8,4,3.75,4.56,1.25,0.103
R001,2025-02-08,ING009,Lettuce,2,3,1.17,4.55,0.16,0.043
R001,2025-02-08,ING010,Cheese,4,5,4.54,5.17,0.51,0.062
R001,2025-02-09,ING001,Rice,12,3,2.86,5.48,0.4,0.173
R001,2025-02-09,ING002,Chicken,2,2,3.92,4.51,0.56,0.009
R001,2025-02-09,ING003,Paneer,3,4,2.02,2.24,0.03,0.092
R001,2025-02-09,ING004,Onion,5,7,2.94,4.33,0.91,0.114
R001,2025-02-09,ING005,Tomato,4,5,1.62,3.34,0.42,0.137
R001,2025-02-09,ING006,Oil,20,30,2.75,5.42,0.41,0.004
R001,2025-02-09,ING007,Flour,10,15,1.93,3.92,0.74,0.174
R001,2025-02-09,ING008,Bread,8,4,6.03,9.12,1.21,0.155
R001,2025-02-09,ING009,Lettuce,2,3,2.55,4.1,0.37,0.134
R001,2025-02-09,ING010,Cheese,4,5,0.0,3.88,0.35,0.189
R001,2025-02-10,ING001,Rice,12,3,4.08,5.47,1.07,0.017
R001,2025-02-10,ING002,Chicken,2,2,3.81,6.28,0.26,0.243
R001,2025-02-10,ING003,Paneer,3,4,0.0,2.15,0.26,0.035
R001,2025-02-10,ING004,Onion,5,7,0.87,1.66,0.0,0.209
R001,2025-02-10,ING005,Tomato,4,5,1.63,5.49,1.3,0.032
R001,2025-02-10,ING006,Oil,20,30,5.1,7.5,0.89,0.096
R001,2025-02-10,ING007,Flour,10,15,2.42,6.23,1.07,0.191
R001,2025-02-10,ING008,Bread,8,4,1.94,2.47,0.76,0.0
R001,2025-02-10,ING009,Lettuce,2,3,1.65,3.11,0.3,0.085
R001,2025-02-10,ING010,Cheese,4,5,1.11,2.39,0.3,0.134
R001,2025-02-11,ING001,Rice,12,3,4.8,7.06,1.12,0.194
R001,2025-02-11,ING002,Chicken,2,2,1.58,4.74,0.85,0.173
R001,2025-02-11,ING003,Paneer,3,4,3.57,7.42,1.41,0.245
R001,2025-02-11,ING004,Onion,5,7,1.59,2.41,0.19,0.239
R001,2025-02-11,ING005,Tomato,4,5,2.54,6.22,0.85,0.178
R001,2025-02-11,ING006,Oil,20,30,4.04,5.02,0.67,0.185
R001,2025-02-11,ING007,Flour,10,15,2.3,5.12,0.9,0.36
R001,2025-02-11,ING008,Bread,8,4,0.11,3.31,0.35,0.157
R001,2025-02-11,ING009,Lettuce,2,3,5.08,5.96,1.18,0.156
R001,2025-02-11,ING010,Cheese,4,5,1.65,4.56,0.92,0.314
R001,2025-02-12,ING001,Rice,12,3,1.55,2.07,0.58,0.05
R001,2025-02-12,ING002,Chicken,2,2,1.81,4.31,0.91,0.033
R001,2025-02-12,ING003,Paneer,3,4,4.71,7.75,1.09,0.039
R001,2025-02-12,ING004,Onion,5,7,0.03,3.28,0.33,0.052
R001,2025-02-12,ING005,Tomato,4,5,1.95,4.05,0.98,0.181
R001,2025-02-12,ING006,Oil,20,30,3.88,4.72,0.56,0.053
R001,2025-02-12,ING007,Flour,10,15,2.36,5.4,1.02,0.237
R001,2025-02-12,ING008,Bread,8,4,1.14,1.77,0.54,0.051
R001,2025-02-12,ING009,Lettuce,2,3,2.02,4.78,0.42,0.132
R001,2025-02-12,ING010,Cheese,4,5,2.72,5.85,0.68,0.006
R001,2025-02-13,ING001,Rice,12,3,4.58,5.26,1.43,0.297
R001,2025-02-13,ING002,Chicken,2,2,2.35,5.32,0.84,0.212
R001,2025-02-13,ING003,Paneer,3,4,3.19,5.26,0.77,0.361
R001,2025-02-13,ING004,Onion,5,7,0.82,3.06,0.11,0.22
R001,2025-02-13,ING005,Tomato,4,5,5.27,6.23,0.48,0.17
R001,2025-02-13,ING006,Oil,20,30,2.79,4.32,0.23,0.186
R001,2025-02-13,ING007,Flour,10,15,2.14,3.06,0.38,0.238
R001,2025-02-13,ING008,Bread,8,4,0.26,4.04,0.82,0.323
R001,2025-02-13,ING009,Lettuce,2,3,0.72,2.73,0.0,0.375
R001,2025-02-13,ING010,Cheese,4,5,3.42,5.55,0.76,0.302
R001,2025-02-14,ING001,Rice,12,3,0.0,0.89,0.0,0.386
R001,2025-02-14,ING002,Chicken,2,2,2.49,4.72,0.93,0.263
R001,2025-02-14,ING003,Paneer,3,4,3.07,6.64,1.33,0.264
R001,2025-02-14,ING004,Onion,5,7,2.72,4.1,0.0,0.33
R001,2025-02-14,ING005,Tomato,4,5,1.7,2.64,0.87,0.395
R001,2025-02-14,ING006,Oil,20,30,4.28,6.11,0.57,0.192
R001,2025-02-14,ING007,Flour,10,15,1.68,4.11,0.81,0.189
R001,2025-02-14,ING008,Bread,8,4,3.74,4.99,0.74,0.307
R001,2025-02-14,ING009,Lettuce,2,3,4.69,7.65,0.86,0.306
R001,2025-02-14,ING010,Cheese,4,5,0.53,2.11,0.28,0.255
R001,2025-02-15,ING001,Rice,12,3,0.0,1.03,0.0,0.1
R001,2025-02-15,ING002,Chicken,2,2,1.29,1.52,0.19,0.246
R001,2025-02-15,ING003,Paneer,3,4,1.66,4.47,0.32,0.181
R001,2025-02-15,ING004,Onion,5,7,4.91,7.31,1.06,0.104
R001,2025-02-15,ING005,Tomato,4,5,2.74,6.56,1.16,0.093
R001,2025-02-15,ING006,Oil,20,30,0.0,1.63,0.16,0.084
R001,2025-02-15,ING007,Flour,10,15,3.15,4.46,1.12,0.028
R001,2025-02-15,ING008,Bread,8,4,1.55,5.17,0.41,0.081
R001,2025-02-15,ING009,Lettuce,2,3,1.17,2.59,0.3,0.011
R001,2025-02-15,ING010,Cheese,4,5,1.43,3.69,0.32,0.142
R001,2025-02-16,ING001,Rice,12,3,2.93,4.02,0.71,0.079
R001,2025-02-16,ING002,Chicken,2,2,1.83,4.23,0.71,0.001
R001,2025-02-16,ING003,Paneer,3,4,0.95,1.46,0.26,0.227
R001,2025-02-16,ING004,Onion,5,7,1.57,4.75,1.42,0.184
R001,2025-02-16,ING005,Tomato,4,5,2.17,5.63,0.25,0.186
R001,2025-02-16,ING006,Oil,20,30,1.16,3.56,0.46,0.223
R001,2025-02-16,ING007,Flour,10,15,3.14,6.39,1.08,0.0
R001,2025-02-16,ING008,Bread,8,4,2.28,2.58,0.8,0.001
R001,2025-02-16,ING009,Lettuce,2,3,4.42,5.39,1.03,0.095
R001,2025-02-16,ING010,Cheese,4,5,1.27,1.38,0.12,0.247
R001,2025-02-17,ING001,Rice,12,3,1.05,1.57,0.13,0.077
R001,2025-02-17,ING002,Chicken,2,2,0.28,0.82,0.0,0.178
R001,2025-02-17,ING003,Paneer,3,4,1.03,2.72,0.84,0.191
R001,2025-02-17,ING004,Onion,5,7,3.53,6.93,1.76,0.085
R001,2025-02-17,ING005,Tomato,4,5,1.67,4.59,0.34,0.14
R001,2025-02-17,ING006,Oil,20,30,3.53,7.52,1.3,0.202
R001,2025-02-17,ING007,Flour,10,15,4.31,7.74,1.64,0.048
R001,2025-02-17,ING008,Bread,8,4,0.69,3.03,0.13,0.143
R001,2025-02-17,ING009,Lettuce,2,3,0.0,3.73,0.36,0.179
R001,2025-02-17,ING010,Cheese,4,5,0.57,2.71,0.32,0.126
R001,2025-02-18,ING001,Rice,12,3,0.09,2.96,0.75,0.04
R001,2025-02-18,ING002,Chicken,2,2,1.87,5.6,0.94,0.199
R001,2025-02-18,ING003,Paneer,3,4,2.92,5.22,1.08,0.092
R001,2025-02-18,ING004,Onion,5,7,2.36,5.67,0.82,0.162
R001,2025-02-18,ING005,Tomato,4,5,0.36,3.11,0.04,0.227
R001,2025-02-18,ING006,Oil,20,30,2.33,4.15,0.73,0.22
R001,2025-02-18,ING007,Flour,10,15,2.85,4.98,0.51,0.018
R001,2025-02-18,ING008,Bread,8,4,1.27,1.78,0.31,0.097
R001,2025-02-18,ING009,Lettuce,2,3,1.45,3.06,1.21,0.078
R001,2025-02-18,ING010,Cheese,4,5,1.24,4.72,0.83,0.115
R001,2025-02-19,ING001,Rice,12,3,3.52,7.24,0.79,0.312
R001,2025-02-19,ING002,Chicken,2,2,0.71,1.25,0.22,0.259
R001,2025-02-19,ING003,Paneer,3,4,4.67,6.1,1.33,0.379
R001,2025-02-19,ING004,Onion,5,7,2.27,5.54,1.17,0.189
R001,2025-02-19,ING005,Tomato,4,5,2.99,5.61,0.68,0.242
R001,2025-02-19,ING006,Oil,20,30,1.26,3.21,1.04,0.229
R001,2025-02-19,ING007,Flour,10,15,3.01,5.42,0.38,0.285
R001,2025-02-19,ING008,Bread,8,4,0.63,3.86,1.23,0.313
R001,2025-02-19,ING009,Lettuce,2,3,1.05,3.34,0.22,0.377
R001,2025-02-19,ING010,Cheese,4,5,4.03,4.05,0.14,0.195
R001,2025-02-20,ING001,Rice,12,3,2.0,2.11,0.43,0.092
R001,2025-02-20,ING002,Chicken,2,2,2.18,2.82,0.7,0.139
R001,2025-02-20,ING003,Paneer,3,4,2.19,2.77,0.88,0.154
R001,2025-02-20,ING004,Onion,5,7,0.79,2.28,0.26,0.205
R001,2025-02-20,ING005,Tomato,4,5,1.29,3.75,0.63,0.075
R001,2025-02-20,ING006,Oil,20,30,0.79,2.41,0.64,0.25
R001,2025-02-20,ING007,Flour,10,15,0.18,2.23,0.11,0.224
R001,2025-02-20,ING008,Bread,8,4,0.26,3.38,0.46,0.081
R001,2025-02-20,ING009,Lettuce,2,3,2.46,5.53,0.4,0.167
R001,2025-02-20,ING010,Cheese,4,5,1.66,3.28,0.81,0.073
R001,2025-02-21,ING001,Rice,12,3,0.21,1.27,0.0,0.188
R001,2025-02-21,ING002,Chicken,2,2,1.56,3.31,0.08,0.21
R001,2025-02-21,ING003,Paneer,3,4,2.61,4.19,0.86,0.26
R001,2025-02-21,ING004,Onion,5,7,2.57,4.34,0.69,0.264
R001,2025-02-21,ING005,Tomato,4,5,3.29,6.93,0.97,0.296
R001,2025-02-21,ING006,Oil,20,30,1.44,4.02,0.73,0.353
R001,2025-02-21,ING007,Flour,10,15,0.95,2.02,0.15,0.362
R001,2025-02-21,ING008,Bread,8,4,1.18,4.82,1.1,0.157
R001,2025-02-21,ING009,Lettuce,2,3,0.0,2.26,0.17,0.386
R001,2025-02-21,ING010,Cheese,4,5,2.14,3.26,0.46,0.151
R001,2025-02-22,ING001,Rice,12,3,0.8,1.3,0.27,0.344
R001,2025-02-22,ING002,Chicken,2,2,2.3,6.1,0.99,0.157
R001,2025-02-22,ING003,Paneer,3,4,0.21,3.05,0.7,0.24
R001,2025-02-22,ING004,Onion,5,7,1.01,1.88,0.13,0.315
R001,2025-02-22,ING005,Tomato,4,5,1.15,4.8,0.0,0.187
R001,2025-02-22,ING006,Oil,20,30,2.06,4.68,1.23,0.169
R001,2025-02-22,ING007,Flour,10,15,1.07,2.29,0.18,0.306
R001,2025-02-22,ING008,Bread,8,4,4.14,6.79,0.8,0.197
R001,2025-02-22,ING009,Lettuce,2,3,3.88,7.19,1.05,0.241
R001,2025-02-22,ING010,Cheese,4,5,0.0,0.56,0.25,0.368
R001,2025-02-23,ING001,Rice,12,3,4.21,5.86,1.5,0.122
R001,2025-02-23,ING002,Chicken,2,2,2.9,5.82,1.23,0.148
R001,2025-02-23,ING003,Paneer,3,4,0.51,1.97,0.38,0.08
R001,2025-02-23,ING004,Onion,5,7,2.5,5.96,0.84,0.123
R001,2025-02-23,ING005,Tomato,4,5,3.86,7.21,1.25,0.103
R001,2025-02-23,ING006,Oil,20,30,0.23,2.07,0.5,0.052
R001,2025-02-23,ING007,Flour,10,15,5.66,9.57,1.32,0.173
R001,2025-02-23,ING008,Bread,8,4,2.74,5.74,0.79,0.176
R001,2025-02-23,ING009,Lettuce,2,3,0.83,3.18,0.17,0.076
R001,2025-02-23,ING010,Cheese,4,5,0.64,4.16,0.58,0.058
R001,2025-02-24,ING001,Rice,12,3,1.08,3.45,0.66,0.019
R001,2025-02-24,ING002,Chicken,2,2,2.32,4.82,0.47,0.135
R001,2025-02-24,ING003,Paneer,3,4,2.22,3.24,0.47,0.127
R001,2025-02-24,ING004,Onion,5,7,1.45,3.04,0.26,0.093
R001,2025-02-24,ING005,Tomato,4,5,2.47,4.97,0.57,0.167
R001,2025-02-24,ING006,Oil,20,30,5.06,5.52,0.96,0.226
R001,2025-02-24,ING007,Flour,10,15,2.5,5.0,0.68,0.112
R001,2025-02-24,ING008,Bread,8,4,1.32,1.41,0.0,0.065
R001,2025-02-24,ING009,Lettuce,2,3,0.81,2.01,0.0,0.099
R001,2025-02-24,ING010,Cheese,4,5,0.0,2.55,0.01,0.107
R001,2025-02-25,ING001,Rice,12,3,2.33,2.48,0.65,0.166
R001,2025-02-25,ING002,Chicken,2,2,0.01,3.48,0.06,0.325
R001,2025-02-25,ING003,Paneer,3,4,3.18,6.39,0.75,0.198
R001,2025-02-25,ING004,Onion,5,7,0.88,1.21,0.0,0.203
R001,2025-02-25,ING005,Tomato,4,5,2.17,5.49,1.03,0.25
R001,2025-02-25,ING006,Oil,20,30,3.46,4.12,0.94,0.318
R001,2025-02-25,ING007,Flour,10,15,2.67,6.0,0.86,0.307
R001,2025-02-25,ING008,Bread,8,4,0.83,0.93,0.33,0.376
R001,2025-02-25,ING009,Lettuce,2,3,0.93,4.16,0.95,0.281
R001,2025-02-25,ING010,Cheese,4,5,0.0,2.7,0.0,0.374
R001,2025-02-26,ING001,Rice,12,3,1.89,3.98,1.0,0.262
R001,2025-02-26,ING002,Chicken,2,2,1.33,2.99,0.59,0.221
R001,2025-02-26,ING003,Paneer,3,4,5.97,9.14,1.71,0.22
R001,2025-02-26,ING004,Onion,5,7,0.35,0.43,0.28,0.357
R001,2025-02-26,ING005,Tomato,4,5,2.44,5.54,0.72,0.385
R001,2025-02-26,ING006,Oil,20,30,2.93,6.12,0.62,0.202
R001,2025-02-26,ING007,Flour,10,15,0.86,2.48,0.31,0.301
R001,2025-02-26,ING008,Bread,8,4,1.21,1.85,0.46,0.289
R001,2025-02-26,ING009,Lettuce,2,3,1.73,1.8,0.12,0.19
R001,2025-02-26,ING010,Cheese,4,5,3.51,6.23,1.1,0.292
R001,2025-02-27,ING001,Rice,12,3,3.34,6.09,0.68,0.182
R001,2025-02-27,ING002,Chicken,2,2,3.14,5.55,1.11,0.17
R001,2025-02-27,ING003,Paneer,3,4,3.7,3.89,0.67,0.226
R001,2025-02-27,ING004,Onion,5,7,2.51,5.97,0.88,0.129
R001,2025-02-27,ING005,Tomato,4,5,2.23,4.78,1.23,0.12
R001,2025-02-27,ING006,Oil,20,30,2.28,3.85,0.37,0.004
R001,2025-02-27,ING007,Flour,10,15,2.62,6.58,1.21,0.08
R001,2025-02-27,ING008,Bread,8,4,3.63,5.14,0.48,0.062
R001,2025-02-27,ING009,Lettuce,2,3,4.35,6.93,1.25,0.237
R001,2025-02-27,ING010,Cheese,4,5,4.25,4.73,0.31,0.052
R001,2025-02-28,ING001,Rice,12,3,1.81,3.49,0.83,0.246
R001,2025-02-28,ING002,Chicken,2,2,1.33,1.64,0.0,0.242
R001,2025-02-28,ING003,Paneer,3,4,2.19,5.2,0.49,0.045
R001,2025-02-28,ING004,Onion,5,7,0.4,3.59,0.0,0.059
R001,2025-02-28,ING005,Tomato,4,5,0.0,0.63,0.0,0.063
R001,2025-02-28,ING006,Oil,20,30,4.46,5.38,0.27,0.165
R001,2025-02-28,ING007,Flour,10,15,0.52,3.79,0.53,0.214
R001,2025-02-28,ING008,Bread,8,4,2.9,5.88,1.09,0.148
R001,2025-02-28,ING009,Lettuce,2,3,0.87,3.27,0.51,0.102
R001,2025-02-28,ING010,Cheese,4,5,1.79,2.91,0.44,0.053
R001,2025-03-01,ING001,Rice,12,3,1.26,2.98,0.38,0.284
R001,2025-03-01,ING002,Chicken,2,2,1.44,4.91,0.33,0.253
R001,2025-03-01,ING003,Paneer,3,4,3.93,3.95,0.37,0.26
R001,2025-03-01,ING004,Onion,5,7,1.28,4.28,1.06,0.245
R001,2025-03-01,ING005,Tomato,4,5,0.0,2.44,0.48,0.185
R001,2025-03-01,ING006,Oil,20,30,3.59,6.83,1.42,0.204
R001,2025-03-01,ING007,Flour,10,15,2.64,4.39,0.86,0.185
R001,2025-03-01,ING008,Bread,8,4,3.59,3.87,0.54,0.346
R001,2025-03-01,ING009,Lettuce,2,3,0.86,1.07,0.61,0.262
R001,2025-03-01,ING010,Cheese,4,5,2.99,4.17,0.63,0.232
R001,2025-03-02,ING001,Rice,12,3,3.49,5.41,0.65,0.049
R001,2025-03-02,ING002,Chicken,2,2,0.67,2.11,0.6,0.169
R001,2025-03-02,ING003,Paneer,3,4,1.03,1.89,0.42,0.166
R001,2025-03-02,ING004,Onion,5,7,1.08,4.05,0.6,0.205
R001,2025-03-02,ING005,Tomato,4,5,4.14,4.26,0.49,0.117
R001,2025-03-02,ING006,Oil,20,30,4.99,5.46,0.98,0.006
R001,2025-03-02,ING007,Flour,10,15,1.25,2.32,0.0,0.132
R001,2025-03-02,ING008,Bread,8,4,1.6,4.25,0.62,0.056
R001,2025-03-02,ING009,Lettuce,2,3,5.16,7.56,1.67,0.097
R001,2025-03-02,ING010,Cheese,4,5,1.98,5.86,0.71,0.13
R001,2025-03-03,ING001,Rice,12,3,2.39,2.93,0.1,0.152
R001,2025-03-03,ING002,Chicken,2,2,0.52,4.45,1.49,0.346
R001,2025-03-03,ING003,Paneer,3,4,1.29,5.2,0.27,0.233
R001,2025-03-03,ING004,Onion,5,7,0.7,0.89,0.33,0.399
R001,2025-03-03,ING005,Tomato,4,5,1.94,5.07,0.78,0.166
R001,2025-03-03,ING006,Oil,20,30,1.38,3.77,0.62,0.179
R001,2025-03-03,ING007,Flour,10,15,2.9,4.34,0.33,0.347
R001,2025-03-03,ING008,Bread,8,4,1.16,2.34,0.56,0.157
R001,2025-03-03,ING009,Lettuce,2,3,2.29,3.79,1.0,0.268
R001,2025-03-03,ING010,Cheese,4,5,3.39,5.88,0.45,0.21
R001,2025-03-04,ING001,Rice,12,3,3.05,4.17,0.34,0.308
R001,2025-03-04,ING002,Chicken,2,2,2.53,5.58,0.78,0.326
R001,2025-03-04,ING003,Paneer,3,4,2.79,5.85,0.94,0.372
R001,2025-03-04,ING004,Onion,5,7,4.68,7.47,1.5,0.293
R001,2025-03-04,ING005,Tomato,4,5,3.82,7.82,1.08,0.234
R001,2025-03-04,ING006,Oil,20,30,2.86,4.72,0.6,0.273
R001,2025-03-04,ING007,Flour,10,15,3.54,5.46,0.78,0.372
R001,2025-03-04,ING008,Bread,8,4,1.4,2.36,0.42,0.307
R001,2025-03-04,ING009,Lettuce,2,3,3.95,6.16,1.23,0.335
R001,2025-03-04,ING010,Cheese,4,5,1.48,3.74,1.03,0.346
R001,2025-03-05,ING001,Rice,12,3,0.04,0.33,0.0,0.109
R001,2025-03-05,ING002,Chicken,2,2,2.56,5.78,0.59,0.233
R001,2025-03-05,ING003,Paneer,3,4,2.39,3.83,0.69,0.034
R001,2025-03-05,ING004,Onion,5,7,1.62,4.13,0.58,0.128
R001,2025-03-05,ING005,Tomato,4,5,1.94,4.24,0.66,0.021
R001,2025-03-05,ING006,Oil,20,30,1.03,2.08,0.53,0.16
R001,2025-03-05,ING007,Flour,10,15,1.76,3.74,0.75,0.089
R001,2025-03-05,ING008,Bread,8,4,3.76,4.7,0.28,0.022
R001,2025-03-05,ING009,Lettuce,2,3,5.82,9.63,1.66,0.131
R001,2025-03-05,ING010,Cheese,4,5,0.0,1.1,0.0,0.175
R001,2025-03-06,ING001,Rice,12,3,2.48,2.68,0.13,0.249
R001,2025-03-06,ING002,Chicken,2,2,2.93,5.97,0.87,0.359
R001,2025-03-06,ING003,Paneer,3,4,0.0,2.96,0.84,0.399
R001,2025-03-06,ING004,Onion,5,7,1.8,5.28,0.62,0.392
R001,2025-03-06,ING005,Tomato,4,5,0.11,2.25,0.25,0.177
R001,2025-03-06,ING006,Oil,20,30,3.32,6.12,1.12,0.252
R001,2025-03-06,ING007,Flour,10,15,2.34,2.45,0.86,0.222
R001,2025-03-06,ING008,Bread,8,4,1.83,1.86,0.8,0.366
R001,2025-03-06,ING009,Lettuce,2,3,4.2,4.81,0.3,0.196
R001,2025-03-06,ING010,Cheese,4,5,0.0,0.23,0.0,0.246
R001,2025-03-07,ING001,Rice,12,3,3.53,3.76,0.74,0.192
R001,2025-03-07,ING002,Chicken,2,2,4.01,5.53,0.85,0.014
R001,2025-03-07,ING003,Paneer,3,4,1.41,2.1,0.46,0.001
R001,2025-03-07,ING004,Onion,5,7,1.79,5.33,1.28,0.228
R001,2025-03-07,ING005,Tomato,4,5,1.69,3.49,0.51,0.012
R001,2025-03-07,ING006,Oil,20,30,3.65,5.64,1.31,0.129
R001,2025-03-07,ING007,Flour,10,15,3.83,4.73,1.04,0.178
R001,2025-03-07,ING008,Bread,8,4,4.75,4.79,0.32,0.118
R001,2025-03-07,ING009,Lettuce,2,3,3.57,7.43,1.5,0.053
R001,2025-03-07,ING010,Cheese,4,5,3.33,5.89,0.47,0.138
R001,2025-03-08,ING001,Rice,12,3,3.14,5.04,0.23,0.184
R001,2025-03-08,ING002,Chicken,2,2,3.77,5.11,1.47,0.263
R001,2025-03-08,ING003,Paneer,3,4,2.05,5.96,0.91,0.153
R001,2025-03-08,ING004,Onion,5,7,0.0,2.48,0.22,0.283
R001,2025-03-08,ING005,Tomato,4,5,3.37,3.75,0.9,0.234
R001,2025-03-08,ING006,Oil,20,30,2.24,2.68,0.67,0.36
R001,2025-03-08,ING007,Flour,10,15,0.72,1.22,0.32,0.153
R001,2025-03-08,ING008,Bread,8,4,4.2,6.59,1.18,0.39
R001,2025-03-08,ING009,Lettuce,2,3,4.47,7.73,1.68,0.234
R001,2025-03-08,ING010,Cheese,4,5,2.69,4.08,0.0,0.185
R001,2025-03-09,ING001,Rice,12,3,0.44,3.66,0.62,0.071
R001,2025-03-09,ING002,Chicken,2,2,1.51,5.3,0.26,0.09
R001,2025-03-09,ING003,Paneer,3,4,0.0,1.19,0.63,0.215
R001,2025-03-09,ING004,Onion,5,7,2.59,4.34,0.58,0.136
R001,2025-03-09,ING005,Tomato,4,5,0.0,1.25,0.62,0.056
R001,2025-03-09,ING006,Oil,20,30,1.12,1.62,0.33,0.076
R001,2025-03-09,ING007,Flour,10,15,2.36,6.16,1.51,0.096
R001,2025-03-09,ING008,Bread,8,4,2.18,2.6,0.23,0.211
R001,2025-03-09,ING009,Lettuce,2,3,2.62,3.46,0.63,0.17
R001,2025-03-09,ING010,Cheese,4,5,6.39,6.58,0.97,0.206
R001,2025-03-10,ING001,Rice,12,3,1.18,4.82,0.99,0.323
R001,2025-03-10,ING002,Chicken,2,2,1.94,5.5,0.95,0.244
R001,2025-03-10,ING003,Paneer,3,4,1.42,4.77,0.55,0.167
R001,2025-03-10,ING004,Onion,5,7,0.0,1.2,0.34,0.268
R001,2025-03-10,ING005,Tomato,4,5,3.14,6.3,1.57,0.324
R001,2025-03-10,ING006,Oil,20,30,0.0,2.41,0.15,0.197
R001,2025-03-10,ING007,Flour,10,15,2.38,5.36,1.27,0.162
R001,2025-03-10,ING008,Bread,8,4,5.45,8.14,0.73,0.26
R001,2025-03-10,ING009,Lettuce,2,3,0.0,0.8,0.28,0.373
R001,2025-03-10,ING010,Cheese,4,5,1.95,3.95,0.59,0.226
R001,2025-03-11,ING001,Rice,12,3,3.82,7.53,0.91,0.126
R001,2025-03-11,ING002,Chicken,2,2,0.0,0.84,0.0,0.162
R001,2025-03-11,ING003,Paneer,3,4,2.16,4.19,0.52,0.032
R001,2025-03-11,ING004,Onion,5,7,2.39,3.63,0.31,0.118
R001,2025-03-11,ING005,Tomato,4,5,0.0,0.07,0.0,0.043
R001,2025-03-11,ING006,Oil,20,30,0.3,1.99,0.27,0.154
R001,2025-03-11,ING007,Flour,10,15,2.98,3.42,0.37,0.106
R001,2025-03-11,ING008,Bread,8,4,0.68,0.69,0.1,0.071
R001,2025-03-11,ING009,Lettuce,2,3,6.52,7.71,1.29,0.228
R001,2025-03-11,ING010,Cheese,4,5,3.27,4.96,0.57,0.095
R001,2025-03-12,ING001,Rice,12,3,0.97,1.83,0.0,0.158
R001,2025-03-12,ING002,Chicken,2,2,1.52,5.2,0.7,0.168
R001,2025-03-12,ING003,Paneer,3,4,0.25,3.62,0.92,0.28
R001,2025-03-12,ING004,Onion,5,7,2.76,3.53,0.52,0.258
R001,2025-03-12,ING005,Tomato,4,5,3.01,6.33,1.28,0.384
R001,2025-03-12,ING006,Oil,20,30,3.72,5.78,0.64,0.25
R001,2025-03-12,ING007,Flour,10,15,3.01,5.72,0.78,0.255
R001,2025-03-12,ING008,Bread,8,4,1.97,2.32,0.14,0.254
R001,2025-03-12,ING009,Lettuce,2,3,1.64,3.51,0.78,0.321
R001,2025-03-12,ING010,Cheese,4,5,4.15,8.04,1.15,0.293
R001,2025-03-13,ING001,Rice,12,3,2.45,5.84,0.96,0.102
R001,2025-03-13,ING002,Chicken,2,2,2.12,4.8,1.0,0.14
R001,2025-03-13,ING003,Paneer,3,4,4.03,6.23,1.07,0.169
R001,2025-03-13,ING004,Onion,5,7,4.04,5.78,1.65,0.044
R001,2025-03-13,ING005,Tomato,4,5,3.53,4.71,0.68,0.192
R001,2025-03-13,ING006,Oil,20,30,2.92,5.18,1.12,0.07
R001,2025-03-13,ING007,Flour,10,15,1.79,2.46,0.0,0.25
R001,2025-03-13,ING008,Bread,8,4,1.67,4.12,0.7,0.224
R001,2025-03-13,ING009,Lettuce,2,3,2.3,2.44,0.08,0.246
R001,2025-03-13,ING010,Cheese,4,5,2.65,4.5,1.09,0.098
R001,2025-03-14,ING001,Rice,12,3,1.65,3.68,0.68,0.105
R001,2025-03-14,ING002,Chicken,2,2,2.84,5.74,0.93,0.068
R001,2025-03-14,ING003,Paneer,3,4,1.05,3.8,0.86,0.123
R001,2025-03-14,ING004,Onion,5,7,1.84,4.89,0.66,0.052
R001,2025-03-14,ING005,Tomato,4,5,3.21,4.28,0.79,0.013
R001,2025-03-14,ING006,Oil,20,30,0.0,3.89,1.05,0.037
R001,2025-03-14,ING007,Flour,10,15,0.33,1.37,0.53,0.141
R001,2025-03-14,ING008,Bread,8,4,0.0,1.98,0.59,0.195
R001,2025-03-14,ING009,Lettuce,2,3,0.0,3.43,0.57,0.215
R001,2025-03-14,ING010,Cheese,4,5,1.91,2.83,0.36,0.212
R001,2025-03-15,ING001,Rice,12,3,1.5,3.67,0.63,0.201
R001,2025-03-15,ING002,Chicken,2,2,1.33,4.85,0.4,0.186
R001,2025-03-15,ING003,Paneer,3,4,0.0,3.23,0.38,0.085
R001,2025-03-15,ING004,Onion,5,7,1.75,4.01,1.1,0.168
R001,2025-03-15,ING005,Tomato,4,5,2.86,6.76,0.73,0.129
R001,2025-03-15,ING006,Oil,20,30,2.67,3.22,0.59,0.108
R001,2025-03-15,ING007,Flour,10,15,2.67,6.53,1.08,0.061
R001,2025-03-15,ING008,Bread,8,4,2.84,2.92,0.63,0.123
R001,2025-03-15,ING009,Lettuce,2,3,4.08,5.59,0.89,0.249
R001,2025-03-15,ING010,Cheese,4,5,1.1,4.56,0.83,0.13
R001,2025-03-16,ING001,Rice,12,3,1.59,2.09,0.11,0.177
R001,2025-03-16,ING002,Chicken,2,2,1.83,2.39,0.4,0.208
R001,2025-03-16,ING003,Paneer,3,4,2.41,3.21,0.3,0.376
R001,2025-03-16,ING004,Onion,5,7,2.42,3.16,0.41,0.197
R001,2025-03-16,ING005,Tomato,4,5,1.2,2.2,0.54,0.357
R001,2025-03-16,ING006,Oil,20,30,4.04,4.08,0.56,0.332
R001,2025-03-16,ING007,Flour,10,15,1.84,2.13,0.84,0.351
R001,2025-03-16,ING008,Bread,8,4,4.09,6.41,0.92,0.256
R001,2025-03-16,ING009,Lettuce,2,3,1.07,4.75,0.93,0.207
R001,2025-03-16,ING010,Cheese,4,5,1.91,4.38,1.19,0.166
R001,2025-03-17,ING001,Rice,12,3,5.44,8.84,1.76,0.219
R001,2025-03-17,ING002,Chicken,2,2,0.0,2.57,0.39,0.247
R001,2025-03-17,ING003,Paneer,3,4,1.99,5.38,0.88,0.144
R001,2025-03-17,ING004,Onion,5,7,1.3,4.8,0.79,0.057
R001,2025-03-17,ING005,Tomato,4,5,1.93,4.27,0.47,0.044
R001,2025-03-17,ING006,Oil,20,30,3.21,4.1,1.15,0.004
R001,2025-03-17,ING007,Flour,10,15,2.66,3.66,0.68,0.084
R001,2025-03-17,ING008,Bread,8,4,1.43,4.87,0.82,0.085
R001,2025-03-17,ING009,Lettuce,2,3,2.13,2.31,0.06,0.24
R001,2025-03-17,ING010,Cheese,4,5,3.12,6.95,0.92,0.104
R001,2025-03-18,ING001,Rice,12,3,0.81,1.01,0.25,0.006
R001,2025-03-18,ING002,Chicken,2,2,0.87,1.89,0.45,0.136
R001,2025-03-18,ING003,Paneer,3,4,0.12,3.96,0.0,0.022
R001,2025-03-18,ING004,Onion,5,7,0.0,0.89,0.0,0.225
R001,2025-03-18,ING005,Tomato,4,5,1.21,3.18,0.36,0.163
R001,2025-03-18,ING006,Oil,20,30,0.65,4.14,0.95,0.108
R001,2025-03-18,ING007,Flour,10,15,0.0,3.26,0.51,0.1
R001,2025-03-18,ING008,Bread,8,4,0.0,0.16,0.25,0.013
R001,2025-03-18,ING009,Lettuce,2,3,1.73,2.34,1.01,0.2
R001,2025-03-18,ING010,Cheese,4,5,0.0,2.5,0.9,0.031
R001,2025-03-19,ING001,Rice,12,3,1.17,2.27,0.36,0.119
R001,2025-03-19,ING002,Chicken,2,2,2.77,3.12,0.74,0.032
R001,2025-03-19,ING003,Paneer,3,4,1.36,5.33,0.51,0.025
R001,2025-03-19,ING004,Onion,5,7,1.37,2.94,0.18,0.001
R001,2025-03-19,ING005,Tomato,4,5,0.0,2.09,0.42,0.194
R001,2025-03-19,ING006,Oil,20,30,0.32,0.9,0.3,0.037
R001,2025-03-19,ING007,Flour,10,15,1.25,2.21,0.05,0.086
R001,2025-03-19,ING008,Bread,8,4,0.0,2.7,0.62,0.075
R001,2025-03-19,ING009,Lettuce,2,3,0.0,3.91,0.4,0.168
R001,2025-03-19,ING010,Cheese,4,5,0.06,2.12,0.0,0.035
R001,2025-03-20,ING001,Rice,12,3,4.38,5.54,0.78,0.226
R001,2025-03-20,ING002,Chicken,2,2,1.48,2.09,0.4,0.19
R001,2025-03-20,ING003,Paneer,3,4,5.99,6.45,0.64,0.142
R001,2025-03-20,ING004,Onion,5,7,0.65,3.34,0.09,0.087
R001,2025-03-20,ING005,Tomato,4,5,2.36,4.68,0.85,0.118
R001,2025-03-20,ING006,Oil,20,30,2.4,2.99,0.3,0.017
R001,2025-03-20,ING007,Flour,10,15,3.38,6.4,0.92,0.056
R001,2025-03-20,ING008,Bread,8,4,1.81,3.84,0.72,0.162
R001,2025-03-20,ING009,Lettuce,2,3,0.61,0.71,0.1,0.086
R001,2025-03-20,ING010,Cheese,4,5,3.02,6.82,1.24,0.133
R001,2025-03-21,ING001,Rice,12,3,1.27,1.93,0.0,0.214
R001,2025-03-21,ING002,Chicken,2,2,1.78,5.59,1.21,0.256
R001,2025-03-21,ING003,Paneer,3,4,0.35,1.48,0.15,0.329
R001,2025-03-21,ING004,Onion,5,7,0.0,3.25,0.38,0.302
R001,2025-03-21,ING005,Tomato,4,5,2.19,5.59,1.09,0.217
R001,2025-03-21,ING006,Oil,20,30,0.0,3.27,0.53,0.317
R001,2025-03-21,ING007,Flour,10,15,4.82,6.59,0.13,0.325
R001,2025-03-21,ING008,Bread,8,4,2.65,5.65,0.48,0.237
R001,2025-03-21,ING009,Lettuce,2,3,1.39,4.38,0.81,0.358
R001,2025-03-21,ING010,Cheese,4,5,0.98,3.36,0.58,0.309
R001,2025-03-22,ING001,Rice,12,3,0.0,1.53,0.42,0.326
R001,2025-03-22,ING002,Chicken,2,2,1.62,2.18,0.64,0.26
R001,2025-03-22,ING003,Paneer,3,4,0.9,3.13,0.13,0.377
R001,2025-03-22,ING004,Onion,5,7,1.56,3.59,0.92,0.334
R001,2025-03-22,ING005,Tomato,4,5,0.0,3.18,0.54,0.259
R001,2025-03-22,ING006,Oil,20,30,2.25,6.11,1.36,0.312
R001,2025-03-22,ING007,Flour,10,15,0.46,1.09,0.0,0.161
R001,2025-03-22,ING008,Bread,8,4,1.04,5.02,0.99,0.398
R001,2025-03-22,ING009,Lettuce,2,3,1.72,3.29,0.62,0.369
R001,2025-03-22,ING010,Cheese,4,5,0.14,2.85,0.34,0.342
R001,2025-03-23,ING001,Rice,12,3,0.0,0.58,0.16,0.064
R001,2025-03-23,ING002,Chicken,2,2,2.18,5.22,0.55,0.188
R001,2025-03-23,ING003,Paneer,3,4,2.89,6.52,1.06,0.158
R001,2025-03-23,ING004,Onion,5,7,2.55,3.86,0.54,0.199
R001,2025-03-23,ING005,Tomato,4,5,2.17,4.87,0.94,0.124
R001,2025-03-23,ING006,Oil,20,30,1.95,3.66,0.25,0.246
R001,2025-03-23,ING007,Flour,10,15,2.11,4.99,0.81,0.177
R001,2025-03-23,ING008,Bread,8,4,3.93,4.19,1.19,0.003
R001,2025-03-23,ING009,Lettuce,2,3,2.89,6.4,1.42,0.125
R001,2025-03-23,ING010,Cheese,4,5,1.83,2.52,0.13,0.229
R001,2025-03-24,ING001,Rice,12,3,2.42,5.62,0.79,0.188
R001,2025-03-24,ING002,Chicken,2,2,1.92,5.61,0.5,0.369
R001,2025-03-24,ING003,Paneer,3,4,2.24,4.08,0.95,0.204
R001,2025-03-24,ING004,Onion,5,7,1.49,5.24,1.43,0.38
R001,2025-03-24,ING005,Tomato,4,5,0.0,0.21,0.17,0.193
R001,2025-03-24,ING006,Oil,20,30,5.73,9.69,1.51,0.381
R001,2025-03-24,ING007,Flour,10,15,4.76,6.93,0.84,0.375
R001,2025-03-24,ING008,Bread,8,4,0.44,1.06,0.09,0.195
R001,2025-03-24,ING009,Lettuce,2,3,1.74,2.05,0.0,0.345
R001,2025-03-24,ING010,Cheese,4,5,2.43,5.56,0.69,0.344
R001,2025-03-25,ING001,Rice,12,3,4.78,8.06,1.13,0.38
R001,2025-03-25,ING002,Chicken,2,2,1.72,3.28,0.24,0.205
R001,2025-03-25,ING003,Paneer,3,4,0.0,0.32,0.0,0.371
R001,2025-03-25,ING004,Onion,5,7,0.9,1.08,0.03,0.277
R001,2025-03-25,ING005,Tomato,4,5,1.29,4.02,0.63,0.201
R001,2025-03-25,ING006,Oil,20,30,2.27,5.08,0.73,0.337
R001,2025-03-25,ING007,Flour,10,15,1.87,3.18,0.2,0.201
R001,2025-03-25,ING008,Bread,8,4,1.46,3.67,0.88,0.21
R001,2025-03-25,ING009,Lettuce,2,3,1.3,1.91,0.53,0.153
R001,2025-03-25,ING010,Cheese,4,5,2.22,2.87,0.25,0.29
R001,2025-03-26,ING001,Rice,12,3,0.22,2.29,0.0,0.22
R001,2025-03-26,ING002,Chicken,2,2,1.31,4.89,0.78,0.231
R001,2025-03-26,ING003,Paneer,3,4,2.75,4.46,0.72,0.34
R001,2025-03-26,ING004,Onion,5,7,0.0,2.66,0.44,0.268
R001,2025-03-26,ING005,Tomato,4,5,0.07,2.99,0.12,0.205
R001,2025-03-26,ING006,Oil,20,30,0.0,1.3,0.36,0.325
R001,2025-03-26,ING007,Flour,10,15,0.61,2.39,0.64,0.324
R001,2025-03-26,ING008,Bread,8,4,3.27,6.84,0.96,0.381
R001,2025-03-26,ING009,Lettuce,2,3,2.25,4.68,0.57,0.195
R001,2025-03-26,ING010,Cheese,4,5,3.78,6.4,1.5,0.293
R001,2025-03-27,ING001,Rice,12,3,0.69,1.28,0.0,0.001
R001,2025-03-27,ING002,Chicken,2,2,2.71,5.24,1.11,0.14
R001,2025-03-27,ING003,Paneer,3,4,1.27,5.0,0.6,0.026
R001,2025-03-27,ING004,Onion,5,7,0.96,3.5,1.04,0.232
R001,2025-03-27,ING005,Tomato,4,5,0.06,3.86,0.52,0.179
R001,2025-03-27,ING006,Oil,20,30,1.03,1.17,0.12,0.052
R001,2025-03-27,ING007,Flour,10,15,0.0,3.81,0.24,0.073
R001,2025-03-27,ING008,Bread,8,4,0.95,1.72,0.1,0.016
R001,2025-03-27,ING009,Lettuce,2,3,1.74,4.37,0.97,0.218
R001,2025-03-27,ING010,Cheese,4,5,1.86,4.83,0.75,0.093
R001,2025-03-28,ING001,Rice,12,3,1.38,3.16,0.15,0.357
R001,2025-03-28,ING002,Chicken,2,2,1.67,3.57,0.44,0.279
R001,2025-03-28,ING003,Paneer,3,4,2.11,5.48,0.86,0.182
R001,2025-03-28,ING004,Onion,5,7,0.29,2.43,0.54,0.225
R001,2025-03-28,ING005,Tomato,4,5,1.66,3.28,0.2,0.361
R001,2025-03-28,ING006,Oil,20,30,1.62,4.08,0.66,0.342
R001,2025-03-28,ING007,Flour,10,15,4.32,7.24,1.49,0.2
R001,2025-03-28,ING008,Bread,8,4,1.23,2.71,0.36,0.249
R001,2025-03-28,ING009,Lettuce,2,3,0.79,4.17,0.72,0.167
R001,2025-03-28,ING010,Cheese,4,5,1.31,3.31,0.44,0.351
R001,2025-03-29,ING001,Rice,12,3,6.37,9.68,0.97,0.173
R001,2025-03-29,ING002,Chicken,2,2,4.85,7.89,1.23,0.134
R001,2025-03-29,ING003,Paneer,3,4,1.96,2.66,0.54,0.095
R001,2025-03-29,ING004,Onion,5,7,3.29,3.96,0.47,0.179
R001,2025-03-29,ING005,Tomato,4,5,0.32,3.3,0.94,0.085
R001,2025-03-29,ING006,Oil,20,30,1.63,2.14,0.08,0.024
R001,2025-03-29,ING007,Flour,10,15,1.76,2.01,0.55,0.209
R001,2025-03-29,ING008,Bread,8,4,2.17,5.96,0.72,0.157
R001,2025-03-29,ING009,Lettuce,2,3,3.24,5.41,0.89,0.233
R001,2025-03-29,ING010,Cheese,4,5,1.81,2.61,0.0,0.16
R001,2025-03-30,ING001,Rice,12,3,3.17,4.11,0.43,0.183
R001,2025-03-30,ING002,Chicken,2,2,0.45,4.41,0.61,0.225
R001,2025-03-30,ING003,Paneer,3,4,3.13,6.98,0.58,0.37
R001,2025-03-30,ING004,Onion,5,7,1.84,4.88,0.67,0.252
R001,2025-03-30,ING005,Tomato,4,5,0.0,2.82,0.52,0.266
R001,2025-03-30,ING006,Oil,20,30,2.95,3.14,0.34,0.24
R001,2025-03-30,ING007,Flour,10,15,3.05,3.95,0.26,0.2
R001,2025-03-30,ING008,Bread,8,4,1.97,4.5,0.88,0.257
R001,2025-03-30,ING009,Lettuce,2,3,1.54,2.74,0.0,0.373
R001,2025-03-30,ING010,Cheese,4,5,1.11,3.59,0.7,0.282
R001,2025-03-31,ING001,Rice,12,3,1.35,3.34,0.19,0.198
R001,2025-03-31,ING002,Chicken,2,2,4.34,7.43,1.8,0.016
R001,2025-03-31,ING003,Paneer,3,4,2.76,3.31,0.57,0.152
R001,2025-03-31,ING004,Onion,5,7,0.0,0.9,0.55,0.09
R001,2025-03-31,ING005,Tomato,4,5,1.05,1.35,0.0,0.044
R001,2025-03-31,ING006,Oil,20,30,3.03,3.49,0.84,0.201
R001,2025-03-31,ING007,Flour,10,15,4.28,7.23,0.95,0.059
R001,2025-03-31,ING008,Bread,8,4,1.39,4.91,0.79,0.061
R001,2025-03-31,ING009,Lettuce,2,3,1.91,3.45,0.68,0.248
R001,2025-03-31,ING010,Cheese,4,5,2.52,4.33,0.1,0.243
R002,2025-01-01,ING001,Rice,12,3,2.95,6.56,0.96,0.375
R002,2025-01-01,ING002,Chicken,2,2,0.0,3.91,0.81,0.217
R002,2025-01-01,ING003,Paneer,3,4,3.32,6.53,0.43,0.224
R002,2025-01-01,ING004,Onion,5,7,0.0,1.12,0.23,0.347
R002,2025-01-01,ING005,Tomato,4,5,2.63,6.5,1.14,0.18
R002,2025-01-01,ING006,Oil,20,30,1.8,5.77,1.33,0.329
R002,2025-01-01,ING007,Flour,10,15,0.84,1.11,0.0,0.244
R002,2025-01-01,ING008,Bread,8,4,0.57,3.52,0.6,0.186
R002,2025-01-01,ING009,Lettuce,2,3,1.16,4.64,0.97,0.166
R002,2025-01-01,ING010,Cheese,4,5,0.34,3.06,0.57,0.357
R002,2025-01-02,ING001,Rice,12,3,1.76,3.81,0.26,0.248
R002,2025-01-02,ING002,Chicken,2,2,2.67,2.69,0.82,0.178
R002,2025-01-02,ING003,Paneer,3,4,0.26,1.02,0.43,0.19
R002,2025-01-02,ING004,Onion,5,7,3.37,4.34,0.89,0.368
R002,2025-01-02,ING005,Tomato,4,5,0.53,0.91,0.2,0.181
R002,2025-01-02,ING006,Oil,20,30,2.09,2.34,0.7,0.386
R002,2025-01-02,ING007,Flour,10,15,0.62,1.43,0.5,0.395
R002,2025-01-02,ING008,Bread,8,4,1.29,3.89,0.47,0.31
R002,2025-01-02,ING009,Lettuce,2,3,1.58,4.03,0.0,0.281
R002,2025-01-02,ING010,Cheese,4,5,0.0,2.73,0.0,0.265
R002,2025-01-03,ING001,Rice,12,3,1.21,4.44,0.51,0.127
R002,2025-01-03,ING002,Chicken,2,2,0.2,2.6,0.53,0.153
R002,2025-01-03,ING003,Paneer,3,4,3.36,3.84,0.53,0.052
R002,2025-01-03,ING004,Onion,5,7,2.04,3.02,0.32,0.122
R002,2025-01-03,ING005,Tomato,4,5,1.96,3.41,0.67,0.143
R002,2025-01-03,ING006,Oil,20,30,2.57,3.84,0.55,0.215
R002,2025-01-03,ING007,Flour,10,15,1.3,4.63,0.92,0.11
R002,2025-01-03,ING008,Bread,8,4,1.44,1.94,0.0,0.207
R002,2025-01-03,ING009,Lettuce,2,3,2.3,5.94,0.4,0.106
R002,2025-01-03,ING010,Cheese,4,5,2.51,6.1,1.02,0.069
R002,2025-01-04,ING001,Rice,12,3,2.53,2.76,0.0,0.36
R002,2025-01-04,ING002,Chicken,2,2,2.0,4.9,0.73,0.289
R002,2025-01-04,ING003,Paneer,3,4,5.34,6.87,1.34,0.219
R002,2025-01-04,ING004,Onion,5,7,1.99,2.98,0.93,0.294
R002,2025-01-04,ING005,Tomato,4,5,4.63,7.34,0.81,0.16
R002,2025-01-04,ING006,Oil,20,30,5.76,9.25,1.23,0.39
R002,2025-01-04,ING007,Flour,10,15,2.71,6.29,1.3,0.347
R002,2025-01-04,ING008,Bread,8,4,0.02,3.21,0.43,0.244
R002,2025-01-04,ING009,Lettuce,2,3,2.93,4.4,0.95,0.325
R002,2025-01-04,ING010,Cheese,4,5,2.47,4.7,0.2,0.28
R002,2025-01-05,ING001,Rice,12,3,7.05,9.44,0.76,0.063
R002,2025-01-05,ING002,Chicken,2,2,3.16,5.18,0.99,0.161
R002,2025-01-05,ING003,Paneer,3,4,1.36,3.63,0.49,0.091
R002,2025-01-05,ING004,Onion,5,7,1.67,4.26,0.81,0.068
R002,2025-01-05,ING005,Tomato,4,5,4.08,7.71,0.82,0.101
R002,2025-01-05,ING006,Oil,20,30,3.01,5.98,1.3,0.185
R002,2025-01-05,ING007,Flour,10,15,1.46,3.45,0.0,0.175
R002,2025-01-05,ING008,Bread,8,4,1.11,2.58,0.1,0.189
R002,2025-01-05,ING009,Lettuce,2,3,1.18,4.3,1.19,0.066
R002,2025-01-05,ING010,Cheese,4,5,5.57,7.79,1.62,0.122
R002,2025-01-06,ING001,Rice,12,3,2.53,3.16,0.71,0.025
R002,2025-01-06,ING002,Chicken,2,2,0.31,1.8,0.24,0.104
R002,2025-01-06,ING003,Paneer,3,4,0.0,3.5,0.38,0.221
R002,2025-01-06,ING004,Onion,5,7,1.86,3.32,1.1,0.14
R002,2025-01-06,ING005,Tomato,4,5,0.96,3.58,0.54,0.07
R002,2025-01-06,ING006,Oil,20,30,0.71,2.59,0.34,0.247
R002,2025-01-06,ING007,Flour,10,15,2.77,4.25,0.84,0.045
R002,2025-01-06,ING008,Bread,8,4,1.54,3.47,0.35,0.021
R002,2025-01-06,ING009,Lettuce,2,3,0.0,2.88,0.91,0.132
R002,2025-01-06,ING010,Cheese,4,5,1.44,4.19,0.04,0.084
R002,2025-01-07,ING001,Rice,12,3,2.1,2.28,0.38,0.187
R002,2025-01-07,ING002,Chicken,2,2,3.89,5.37,1.24,0.203
R002,2025-01-07,ING003,Paneer,3,4,1.42,1.93,0.43,0.304
R002,2025-01-07,ING004,Onion,5,7,0.0,2.82,0.25,0.305
R002,2025-01-07,ING005,Tomato,4,5,0.42,3.6,0.29,0.17
R002,2025-01-07,ING006,Oil,20,30,0.61,3.61,0.97,0.216
R002,2025-01-07,ING007,Flour,10,15,1.58,3.87,1.02,0.317
R002,2025-01-07,ING008,Bread,8,4,3.8,6.43,0.98,0.342
R002,2025-01-07,ING009,Lettuce,2,3,1.25,1.78,0.09,0.225
R002,2025-01-07,ING010,Cheese,4,5,0.1,1.4,0.3,0.185
R002,2025-01-08,ING001,Rice,12,3,0.1,1.99,0.17,0.347
R002,2025-01-08,ING002,Chicken,2,2,2.17,5.09,0.66,0.311
R002,2025-01-08,ING003,Paneer,3,4,0.4,4.1,1.08,0.344
R002,2025-01-08,ING004,Onion,5,7,0.82,1.37,0.34,0.2
R002,2025-01-08,ING005,Tomato,4,5,2.0,4.09,0.08,0.33
R002,2025-01-08,ING006,Oil,20,30,3.55,5.79,0.53,0.372
R002,2025-01-08,ING007,Flour,10,15,0.0,0.92,0.0,0.334
R002,2025-01-08,ING008,Bread,8,4,0.12,0.17,0.41,0.236
R002,2025-01-08,ING009,Lettuce,2,3,1.77,5.04,0.59,0.24
R002,2025-01-08,ING010,Cheese,4,5,0.0,1.63,0.36,0.303
R002,2025-01-09,ING001,Rice,12,3,5.74,6.61,0.93,0.185
R002,2025-01-09,ING002,Chicken,2,2,0.65,1.75,0.0,0.126
R002,2025-01-09,ING003,Paneer,3,4,3.48,6.63,0.58,0.127
R002,2025-01-09,ING004,Onion,5,7,1.25,3.43,0.16,0.205
R002,2025-01-09,ING005,Tomato,4,5,2.65,4.51,0.4,0.224
R002,2025-01-09,ING006,Oil,20,30,0.31,1.41,0.65,0.22
R002,2025-01-09,ING007,Flour,10,15,0.0,3.21,0.43,0.222
R002,2025-01-09,ING008,Bread,8,4,2.47,4.16,0.64,0.134
R002,2025-01-09,ING009,Lettuce,2,3,2.24,3.14,0.83,0.201
R002,2025-01-09,ING010,Cheese,4,5,1.96,2.72,0.75,0.069
R002,2025-01-10,ING001,Rice,12,3,1.68,1.72,0.23,0.021
R002,2025-01-10,ING002,Chicken,2,2,3.65,6.78,1.27,0.14
R002,2025-01-10,ING003,Paneer,3,4,3.26,6.67,1.4,0.249
R002,2025-01-10,ING004,Onion,5,7,3.75,4.43,0.92,0.104
R002,2025-01-10,ING005,Tomato,4,5,4.8,5.24,0.95,0.151
R002,2025-01-10,ING006,Oil,20,30,2.69,4.3,0.79,0.093
R002,2025-01-10,ING007,Flour,10,15,3.11,5.68,0.9,0.026
R002,2025-01-10,ING008,Bread,8,4,1.35,3.92,0.62,0.102
R002,2025-01-10,ING009,Lettuce,2,3,5.25,6.86,0.86,0.056
R002,2025-01-10,ING010,Cheese,4,5,1.46,2.45,0.15,0.117
R002,2025-01-11,ING001,Rice,12,3,2.33,4.68,0.75,0.118
R002,2025-01-11,ING002,Chicken,2,2,0.35,1.21,0.64,0.002
R002,2025-01-11,ING003,Paneer,3,4,0.0,0.22,0.08,0.2
R002,2025-01-11,ING004,Onion,5,7,0.31,3.6,0.87,0.128
R002,2025-01-11,ING005,Tomato,4,5,2.56,6.12,1.02,0.085
R002,2025-01-11,ING006,Oil,20,30,1.53,5.45,1.24,0.212
R002,2025-01-11,ING007,Flour,10,15,1.53,3.78,1.13,0.217
R002,2025-01-11,ING008,Bread,8,4,0.65,3.92,0.61,0.028
R002,2025-01-11,ING009,Lettuce,2,3,3.02,6.93,1.2,0.044
R002,2025-01-11,ING010,Cheese,4,5,1.81,4.39,0.19,0.203
R002,2025-01-12,ING001,Rice,12,3,2.67,4.92,0.28,0.115
R002,2025-01-12,ING002,Chicken,2,2,2.95,6.12,1.04,0.244
R002,2025-01-12,ING003,Paneer,3,4,3.63,3.79,0.12,0.055
R002,2025-01-12,ING004,Onion,5,7,1.45,1.73,0.04,0.082
R002,2025-01-12,ING005,Tomato,4,5,0.99,3.37,0.5,0.234
R002,2025-01-12,ING006,Oil,20,30,3.55,4.15,1.37,0.025
R002,2025-01-12,ING007,Flour,10,15,4.3,6.8,0.84,0.054
R002,2025-01-12,ING008,Bread,8,4,1.3,3.89,0.31,0.078
R002,2025-01-12,ING009,Lettuce,2,3,1.92,4.93,0.26,0.155
R002,2025-01-12,ING010,Cheese,4,5,1.53,2.63,0.21,0.109
R002,2025-01-13,ING001,Rice,12,3,1.86,2.27,0.58,0.216
R002,2025-01-13,ING002,Chicken,2,2,3.98,6.71,0.99,0.291
R002,2025-01-13,ING003,Paneer,3,4,0.56,0.62,0.61,0.201
R002,2025-01-13,ING004,Onion,5,7,2.21,4.5,0.24,0.395
R002,2025-01-13,ING005,Tomato,4,5,1.73,2.39,0.29,0.39
R002,2025-01-13,ING006,Oil,20,30,1.46,3.16,0.07,0.22
R002,2025-01-13,ING007,Flour,10,15,2.84,5.15,0.88,0.334
R002,2025-01-13,ING008,Bread,8,4,3.73,5.34,0.82,0.227
R002,2025-01-13,ING009,Lettuce,2,3,1.91,3.07,0.87,0.269
R002,2025-01-13,ING010,Cheese,4,5,1.36,4.9,1.05,0.374
R002,2025-01-14,ING001,Rice,12,3,1.72,3.85,0.67,0.2
R002,2025-01-14,ING002,Chicken,2,2,5.03,6.23,1.41,0.054
R002,2025-01-14,ING003,Paneer,3,4,0.0,0.5,0.33,0.206
R002,2025-01-14,ING004,Onion,5,7,3.9,6.33,1.33,0.224
R002,2025-01-14,ING005,Tomato,4,5,0.0,0.24,0.09,0.103
R002,2025-01-14,ING006,Oil,20,30,3.58,6.27,0.5,0.076
R002,2025-01-14,ING007,Flour,10,15,0.0,0.63,0.51,0.239
R002,2025-01-14,ING008,Bread,8,4,1.07,5.06,0.62,0.199
R002,2025-01-14,ING009,Lettuce,2,3,1.42,4.17,0.94,0.082
R002,2025-01-14,ING010,Cheese,4,5,0.4,2.81,0.86,0.094
R002,2025-01-15,ING001,Rice,12,3,1.12,4.09,0.78,0.137
R002,2025-01-15,ING002,Chicken,2,2,3.6,6.1,0.75,0.081
R002,2025-01-15,ING003,Paneer,3,4,1.78,3.88,0.61,0.22
R002,2025-01-15,ING004,Onion,5,7,1.5,5.18,1.0,0.061
R002,2025-01-15,ING005,Tomato,4,5,0.31,1.85,0.15,0.103
R002,2025-01-15,ING006,Oil,20,30,0.0,0.02,0.15,0.036
R002,2025-01-15,ING007,Flour,10,15,1.43,4.57,1.11,0.042
R002,2025-01-15,ING008,Bread,8,4,0.0,3.03,1.02,0.08
R002,2025-01-15,ING009,Lettuce,2,3,2.42,4.85,0.02,0.195
R002,2025-01-15,ING010,Cheese,4,5,2.35,5.44,0.62,0.146
R002,2025-01-16,ING001,Rice,12,3,1.13,3.83,0.88,0.114
R002,2025-01-16,ING002,Chicken,2,2,2.49,2.78,1.0,0.145
R002,2025-01-16,ING003,Paneer,3,4,0.89,0.97,0.03,0.124
R002,2025-01-16,ING004,Onion,5,7,3.18,5.14,0.82,0.25
R002,2025-01-16,ING005,Tomato,4,5,2.72,4.64,0.46,0.178
R002,2025-01-16,ING006,Oil,20,30,1.41,5.18,0.6,0.098
R002,2025-01-16,ING007,Flour,10,15,2.32,2.5,0.08,0.001
R002,2025-01-16,ING008,Bread,8,4,1.93,4.8,0.4,0.107
R002,2025-01-16,ING009,Lettuce,2,3,2.88,5.83,0.58,0.206
R002,2025-01-16,ING010,Cheese,4,5,1.69,1.91,0.06,0.164
R002,2025-01-17,ING001,Rice,12,3,1.24,4.2,0.24,0.154
R002,2025-01-17,ING002,Chicken,2,2,0.14,3.6,0.8,0.171
R002,2025-01-17,ING003,Paneer,3,4,1.11,1.77,0.23,0.124
R002,2025-01-17,ING004,Onion,5,7,0.0,3.82,0.39,0.001
R002,2025-01-17,ING005,Tomato,4,5,0.54,2.84,0.75,0.038
R002,2025-01-17,ING006,Oil,20,30,2.12,4.7,0.71,0.175
R002,2025-01-17,ING007,Flour,10,15,0.0,0.84,0.08,0.07
R002,2025-01-17,ING008,Bread,8,4,0.0,3.06,0.2,0.044
R002,2025-01-17,ING009,Lettuce,2,3,0.34,1.24,0.37,0.222
R002,2025-01-17,ING010,Cheese,4,5,2.5,5.11,0.64,0.031
R002,2025-01-18,ING001,Rice,12,3,2.57,4.28,0.27,0.08
R002,2025-01-18,ING002,Chicken,2,2,0.81,2.75,0.34,0.087
R002,2025-01-18,ING003,Paneer,3,4,0.0,0.25,0.0,0.175
R002,2025-01-18,ING004,Onion,5,7,0.99,4.43,0.7,0.134
R002,2025-01-18,ING005,Tomato,4,5,1.55,1.57,0.29,0.072
R002,2025-01-18,ING006,Oil,20,30,2.0,5.9,0.78,0.008
R002,2025-01-18,ING007,Flour,10,15,1.0,2.22,0.34,0.101
R002,2025-01-18,ING008,Bread,8,4,3.79,6.57,0.78,0.077
R002,2025-01-18,ING009,Lettuce,2,3,4.75,7.19,1.09,0.038
R002,2025-01-18,ING010,Cheese,4,5,3.23,6.7,1.1,0.21
R002,2025-01-19,ING001,Rice,12,3,2.6,3.56,0.5,0.279
R002,2025-01-19,ING002,Chicken,2,2,0.0,1.73,0.47,0.396
R002,2025-01-19,ING003,Paneer,3,4,1.9,2.87,0.58,0.184
R002,2025-01-19,ING004,Onion,5,7,0.0,0.73,0.34,0.396
R002,2025-01-19,ING005,Tomato,4,5,5.01,8.37,0.87,0.178
R002,2025-01-19,ING006,Oil,20,30,3.14,5.33,0.83,0.367
R002,2025-01-19,ING007,Flour,10,15,1.63,2.69,0.64,0.284
R002,2025-01-19,ING008,Bread,8,4,2.76,4.31,1.0,0.193
R002,2025-01-19,ING009,Lettuce,2,3,0.0,1.84,0.64,0.194
R002,2025-01-19,ING010,Cheese,4,5,2.18,4.66,0.21,0.356
R002,2025-01-20,ING001,Rice,12,3,2.74,3.85,0.84,0.311
R002,2025-01-20,ING002,Chicken,2,2,2.09,4.69,0.77,0.354
R002,2025-01-20,ING003,Paneer,3,4,2.72,3.92,0.49,0.237
R002,2025-01-20,ING004,Onion,5,7,0.1,1.42,0.74,0.171
R002,2025-01-20,ING005,Tomato,4,5,4.03,5.44,1.17,0.243
R002,2025-01-20,ING006,Oil,20,30,1.89,3.85,0.79,0.376
R002,2025-01-20,ING007,Flour,10,15,0.0,3.93,1.01,0.219
R002,2025-01-20,ING008,Bread,8,4,2.13,4.32,0.26,0.374
R002,2025-01-20,ING009,Lettuce,2,3,1.61,4.88,0.56,0.273
R002,2025-01-20,ING010,Cheese,4,5,1.6,2.82,0.54,0.341
R002,2025-01-21,ING001,Rice,12,3,0.74,4.14,0.54,0.354
R002,2025-01-21,ING002,Chicken,2,2,3.17,5.1,0.72,0.199
R002,2025-01-21,ING003,Paneer,3,4,0.0,0.3,0.0,0.293
R002,2025-01-21,ING004,Onion,5,7,2.02,5.26,0.94,0.223
R002,2025-01-21,ING005,Tomato,4,5,1.2,2.84,0.38,0.25
R002,2025-01-21,ING006,Oil,20,30,4.45,8.38,0.7,0.373
R002,2025-01-21,ING007,Flour,10,15,1.2,3.19,0.16,0.271
R002,2025-01-21,ING008,Bread,8,4,2.94,4.85,1.22,0.306
R002,2025-01-21,ING009,Lettuce,2,3,2.06,5.94,0.48,0.172
R002,2025-01-21,ING010,Cheese,4,5,3.53,5.66,0.87,0.154
R002,2025-01-22,ING001,Rice,12,3,5.27,7.38,0.77,0.228
R002,2025-01-22,ING002,Chicken,2,2,3.77,5.25,0.84,0.23
R002,2025-01-22,ING003,Paneer,3,4,0.0,1.55,0.19,0.095
R002,2025-01-22,ING004,Onion,5,7,1.72,4.16,0.19,0.156
R002,2025-01-22,ING005,Tomato,4,5,2.88,6.06,1.17,0.068
R002,2025-01-22,ING006,Oil,20,30,2.14,5.03,0.64,0.199
R002,2025-01-22,ING007,Flour,10,15,3.0,3.6,0.0,0.107
R002,2025-01-22,ING008,Bread,8,4,1.52,2.3,0.22,0.234
R002,2025-01-22,ING009,Lettuce,2,3,2.18,2.5,0.0,0.164
R002,2025-01-22,ING010,Cheese,4,5,0.0,1.7,0.0,0.116
R002,2025-01-23,ING001,Rice,12,3,2.08,2.72,0.26,0.315
R002,2025-01-23,ING002,Chicken,2,2,1.07,5.06,0.51,0.377
R002,2025-01-23,ING003,Paneer,3,4,2.15,4.36,0.74,0.153
R002,2025-01-23,ING004,Onion,5,7,1.81,4.42,0.69,0.322
R002,2025-01-23,ING005,Tomato,4,5,2.15,5.45,0.44,0.271
R002,2025-01-23,ING006,Oil,20,30,1.97,3.58,0.31,0.368
R002,2025-01-23,ING007,Flour,10,15,1.89,3.5,0.35,0.314
R002,2025-01-23,ING008,Bread,8,4,2.71,3.36,0.49,0.176
R002,2025-01-23,ING009,Lettuce,2,3,0.93,2.55,0.52,0.285
R002,2025-01-23,ING010,Cheese,4,5,3.28,5.78,0.98,0.248
R002,2025-01-24,ING001,Rice,12,3,0.0,1.54,0.31,0.003
R002,2025-01-24,ING002,Chicken,2,2,1.69,4.74,0.63,0.223
R002,2025-01-24,ING003,Paneer,3,4,1.27,5.19,0.7,0.01
R002,2025-01-24,ING004,Onion,5,7,1.0,4.3,0.86,0.039
R002,2025-01-24,ING005,Tomato,4,5,0.46,2.79,0.92,0.027
R002,2025-01-24,ING006,Oil,20,30,2.96,5.23,1.09,0.104
R002,2025-01-24,ING007,Flour,10,15,0.56,3.22,0.32,0.068
R002,2025-01-24,ING008,Bread,8,4,2.1,5.89,0.87,0.05
R002,2025-01-24,ING009,Lettuce,2,3,2.97,5.35,0.79,0.048
R002,2025-01-24,ING010,Cheese,4,5,4.63,6.66,0.72,0.199
R002,2025-01-25,ING001,Rice,12,3,2.79,2.96,0.52,0.195
R002,2025-01-25,ING002,Chicken,2,2,0.89,1.97,0.78,0.247
R002,2025-01-25,ING003,Paneer,3,4,2.97,6.77,1.45,0.176
R002,2025-01-25,ING004,Onion,5,7,2.39,2.73,0.19,0.041
R002,2025-01-25,ING005,Tomato,4,5,0.24,0.65,0.23,0.23
R002,2025-01-25,ING006,Oil,20,30,2.65,3.4,0.81,0.045
R002,2025-01-25,ING007,Flour,10,15,0.0,2.12,0.05,0.174
R002,2025-01-25,ING008,Bread,8,4,3.67,6.99,1.57,0.059
R002,2025-01-25,ING009,Lettuce,2,3,4.86,8.36,1.69,0.157
R002,2025-01-25,ING010,Cheese,4,5,0.31,4.29,0.66,0.137
R002,2025-01-26,ING001,Rice,12,3,3.08,3.1,0.6,0.195
R002,2025-01-26,ING002,Chicken,2,2,1.78,3.66,0.97,0.163
R002,2025-01-26,ING003,Paneer,3,4,1.18,2.67,0.0,0.007
R002,2025-01-26,ING004,Onion,5,7,3.19,6.92,1.33,0.001
R002,2025-01-26,ING005,Tomato,4,5,1.26,1.96,0.0,0.17
R002,2025-01-26,ING006,Oil,20,30,0.0,2.12,0.33,0.048
R002,2025-01-26,ING007,Flour,10,15,2.66,2.71,0.72,0.107
R002,2025-01-26,ING008,Bread,8,4,2.76,3.86,0.44,0.066
R002,2025-01-26,ING009,Lettuce,2,3,2.45,4.53,1.01,0.22
R002,2025-01-26,ING010,Cheese,4,5,2.64,3.91,0.87,0.216
R002,2025-01-27,ING001,Rice,12,3,2.15,4.4,0.69,0.079
R002,2025-01-27,ING002,Chicken,2,2,1.14,4.69,0.82,0.12
R002,2025-01-27,ING003,Paneer,3,4,1.01,3.33,0.61,0.046
R002,2025-01-27,ING004,Onion,5,7,2.23,2.95,0.67,0.07
R002,2025-01-27,ING005,Tomato,4,5,0.0,1.98,0.68,0.036
R002,2025-01-27,ING006,Oil,20,30,1.41,1.63,0.82,0.155
R002,2025-01-27,ING007,Flour,10,15,2.88,6.09,0.69,0.087
R002,2025-01-27,ING008,Bread,8,4,2.39,4.66,1.06,0.082
R002,2025-01-27,ING009,Lettuce,2,3,1.21,5.0,0.5,0.068
R002,2025-01-27,ING010,Cheese,4,5,0.0,2.94,0.05,0.165
R002,2025-01-28,ING001,Rice,12,3,1.94,4.62,1.02,0.194
R002,2025-01-28,ING002,Chicken,2,2,3.07,6.25,1.63,0.282
R002,2025-01-28,ING003,Paneer,3,4,3.04,3.09,1.12,0.252
R002,2025-01-28,ING004,Onion,5,7,3.43,7.35,1.22,0.234
R002,2025-01-28,ING005,Tomato,4,5,0.68,4.67,1.02,0.167
R002,2025-01-28,ING006,Oil,20,30,3.43,4.02,0.96,0.271
R002,2025-01-28,ING007,Flour,10,15,0.0,2.23,0.23,0.235
R002,2025-01-28,ING008,Bread,8,4,2.57,6.35,0.87,0.269
R002,2025-01-28,ING009,Lettuce,2,3,1.03,1.98,0.12,0.178
R002,2025-01-28,ING010,Cheese,4,5,0.0,2.03,0.47,0.182
R002,2025-01-29,ING001,Rice,12,3,0.0,1.45,0.61,0.16
R002,2025-01-29,ING002,Chicken,2,2,2.65,3.87,0.62,0.323
R002,2025-01-29,ING003,Paneer,3,4,0.0,3.85,1.12,0.265
R002,2025-01-29,ING004,Onion,5,7,1.69,2.0,0.38,0.191
R002,2025-01-29,ING005,Tomato,4,5,2.98,6.94,1.99,0.266
R002,2025-01-29,ING006,Oil,20,30,1.78,2.5,0.67,0.192
R002,2025-01-29,ING007,Flour,10,15,2.22,4.03,0.57,0.38
R002,2025-01-29,ING008,Bread,8,4,3.17,5.33,0.89,0.266
R002,2025-01-29,ING009,Lettuce,2,3,0.0,3.78,0.58,0.252
R002,2025-01-29,ING010,Cheese,4,5,1.49,2.94,0.4,0.211
R002,2025-01-30,ING001,Rice,12,3,3.26,6.0,0.85,0.228
R002,2025-01-30,ING002,Chicken,2,2,0.99,2.35,0.16,0.025
R002,2025-01-30,ING003,Paneer,3,4,0.32,0.61,0.02,0.038
R002,2025-01-30,ING004,Onion,5,7,4.7,6.43,0.87,0.134
R002,2025-01-30,ING005,Tomato,4,5,1.5,3.02,0.12,0.201
R002,2025-01-30,ING006,Oil,20,30,2.35,5.75,0.87,0.035
R002,2025-01-30,ING007,Flour,10,15,0.9,4.75,0.44,0.044
R002,2025-01-30,ING008,Bread,8,4,0.39,4.19,0.5,0.192
R002,2025-01-30,ING009,Lettuce,2,3,0.89,2.86,0.15,0.193
R002,2025-01-30,ING010,Cheese,4,5,1.34,3.85,0.65,0.188
R002,2025-01-31,ING001,Rice,12,3,0.75,3.35,0.61,0.222
R002,2025-01-31,ING002,Chicken,2,2,0.0,0.8,0.0,0.212
R002,2025-01-31,ING003,Paneer,3,4,1.82,4.18,0.82,0.14
R002,2025-01-31,ING004,Onion,5,7,2.22,3.31,0.82,0.057
R002,2025-01-31,ING005,Tomato,4,5,0.96,2.66,0.4,0.136
R002,2025-01-31,ING006,Oil,20,30,1.42,4.9,0.68,0.024
R002,2025-01-31,ING007,Flour,10,15,0.21,2.47,0.43,0.225
R002,2025-01-31,ING008,Bread,8,4,2.72,3.11,0.59,0.156
R002,2025-01-31,ING009,Lettuce,2,3,0.88,4.6,0.75,0.248
R002,2025-01-31,ING010,Cheese,4,5,0.79,1.27,0.39,0.02
R002,2025-02-01,ING001,Rice,12,3,4.71,7.58,0.9,0.198
R002,2025-02-01,ING002,Chicken,2,2,1.62,4.63,0.98,0.229
R002,2025-02-01,ING003,Paneer,3,4,2.33,2.46,0.56,0.112
R002,2025-02-01,ING004,Onion,5,7,3.85,7.24,0.95,0.075
R002,2025-02-01,ING005,Tomato,4,5,2.13,5.46,0.86,0.035
R002,2025-02-01,ING006,Oil,20,30,4.53,6.75,1.1,0.208
R002,2025-02-01,ING007,Flour,10,15,1.18,1.58,0.0,0.098
R002,2025-02-01,ING008,Bread,8,4,1.81,3.44,0.38,0.017
R002,2025-02-01,ING009,Lettuce,2,3,4.02,4.43,0.96,0.077
R002,2025-02-01,ING010,Cheese,4,5,1.67,2.07,0.26,0.089
R002,2025-02-02,ING001,Rice,12,3,2.62,5.39,0.96,0.393
R002,2025-02-02,ING002,Chicken,2,2,0.0,0.03,0.03,0.3
R002,2025-02-02,ING003,Paneer,3,4,3.46,5.2,0.21,0.314
R002,2025-02-02,ING004,Onion,5,7,2.24,4.47,0.77,0.233
R002,2025-02-02,ING005,Tomato,4,5,0.0,3.13,0.93,0.394
R002,2025-02-02,ING006,Oil,20,30,1.44,3.34,0.87,0.323
R002,2025-02-02,ING007,Flour,10,15,2.55,4.5,1.09,0.336
R002,2025-02-02,ING008,Bread,8,4,0.0,2.4,0.21,0.217
R002,2025-02-02,ING009,Lettuce,2,3,2.17,5.11,0.9,0.344
R002,2025-02-02,ING010,Cheese,4,5,2.53,4.33,0.92,0.151
R002,2025-02-03,ING001,Rice,12,3,2.28,4.21,0.59,0.172
R002,2025-02-03,ING002,Chicken,2,2,0.0,1.67,0.0,0.341
R002,2025-02-03,ING003,Paneer,3,4,3.25,5.3,0.76,0.21
R002,2025-02-03,ING004,Onion,5,7,2.18,4.45,0.88,0.179
R002,2025-02-03,ING005,Tomato,4,5,1.56,3.04,0.21,0.321
R002,2025-02-03,ING006,Oil,20,30,1.12,2.52,0.0,0.205
R002,2025-02-03,ING007,Flour,10,15,2.82,3.43,0.61,0.374
R002,2025-02-03,ING008,Bread,8,4,1.47,5.13,0.82,0.324
R002,2025-02-03,ING009,Lettuce,2,3,4.1,6.67,0.88,0.289
R002,2025-02-03,ING010,Cheese,4,5,3.88,7.06,0.49,0.179
R002,2025-02-04,ING001,Rice,12,3,1.01,3.22,0.24,0.002
R002,2025-02-04,ING002,Chicken,2,2,0.0,2.1,0.38,0.047
R002,2025-02-04,ING003,Paneer,3,4,0.0,0.06,0.0,0.099
R002,2025-02-04,ING004,Onion,5,7,3.58,5.32,0.39,0.046
R002,2025-02-04,ING005,Tomato,4,5,0.0,0.91,0.34,0.178
R002,2025-02-04,ING006,Oil,20,30,1.83,5.35,0.64,0.199
R002,2025-02-04,ING007,Flour,10,15,0.0,2.33,0.14,0.045
R002,2025-02-04,ING008,Bread,8,4,0.6,3.42,0.68,0.152
R002,2025-02-04,ING009,Lettuce,2,3,1.74,3.08,0.36,0.036
R002,2025-02-04,ING010,Cheese,4,5,0.83,3.5,0.74,0.208
R002,2025-02-05,ING001,Rice,12,3,2.14,5.1,0.96,0.257
R002,2025-02-05,ING002,Chicken,2,2,1.13,1.97,0.26,0.321
R002,2025-02-05,ING003,Paneer,3,4,4.97,6.87,1.26,0.209
R002,2025-02-05,ING004,Onion,5,7,0.46,2.84,0.25,0.186
R002,2025-02-05,ING005,Tomato,4,5,1.39,1.44,0.47,0.295
R002,2025-02-05,ING006,Oil,20,30,0.46,1.17,0.34,0.224
R002,2025-02-05,ING007,Flour,10,15,2.76,5.54,0.82,0.395
R002,2025-02-05,ING008,Bread,8,4,3.23,5.2,0.51,0.307
R002,2025-02-05,ING009,Lettuce,2,3,3.56,4.67,0.18,0.195
R002,2025-02-05,ING010,Cheese,4,5,0.45,4.19,0.11,0.202
R002,2025-02-06,ING001,Rice,12,3,3.35,4.73,0.04,0.199
R002,2025-02-06,ING002,Chicken,2,2,2.12,2.66,0.0,0.17
R002,2025-02-06,ING003,Paneer,3,4,2.01,3.74,0.69,0.021
R002,2025-02-06,ING004,Onion,5,7,2.21,2.99,0.79,0.049
R002,2025-02-06,ING005,Tomato,4,5,2.53,4.94,0.74,0.092
R002,2025-02-06,ING006,Oil,20,30,3.68,6.01,0.62,0.188
R002,2025-02-06,ING007,Flour,10,15,2.13,4.86,0.23,0.217
R002,2025-02-06,ING008,Bread,8,4,1.82,5.8,0.92,0.03
R002,2025-02-06,ING009,Lettuce,2,3,3.61,5.91,0.93,0.207
R002,2025-02-06,ING010,Cheese,4,5,0.0,0.85,0.21,0.197
R002,2025-02-07,ING001,Rice,12,3,3.81,5.08,0.47,0.353
R002,2025-02-07,ING002,Chicken,2,2,4.15,8.12,1.22,0.325
R002,2025-02-07,ING003,Paneer,3,4,3.2,6.25,0.99,0.278
R002,2025-02-07,ING004,Onion,5,7,0.9,4.67,0.49,0.399
R002,2025-02-07,ING005,Tomato,4,5,2.29,2.31,0.57,0.333
R002,2025-02-07,ING006,Oil,20,30,4.07,5.56,0.61,0.203
R002,2025-02-07,ING007,Flour,10,15,3.48,4.39,1.13,0.237
R002,2025-02-07,ING008,Bread,8,4,0.0,2.18,0.49,0.26
R002,2025-02-07,ING009,Lettuce,2,3,4.22,6.42,0.79,0.328
R002,2025-02-07,ING010,Cheese,4,5,2.88,4.83,1.17,0.272
R002,2025-02-08,ING001,Rice,12,3,2.57,5.84,1.0,0.24
R002,2025-02-08,ING002,Chicken,2,2,2.79,3.75,1.06,0.125
R002,2025-02-08,ING003,Paneer,3,4,3.29,6.93,1.12,0.174
R002,2025-02-08,ING004,Onion,5,7,0.47,1.79,0.0,0.007
R002,2025-02-08,ING005,Tomato,4,5,4.42,6.83,1.32,0.145
R002,2025-02-08,ING006,Oil,20,30,1.65,3.07,0.14,0.026
R002,2025-02-08,ING007,Flour,10,15,4.95,8.01,0.9,0.222
R002,2025-02-08,ING008,Bread,8,4,0.7,0.84,0.0,0.059
R002,2025-02-08,ING009,Lettuce,2,3,3.2,5.7,1.51,0.21
R002,2025-02-08,ING010,Cheese,4,5,1.75,4.85,1.08,0.029
R002,2025-02-09,ING001,Rice,12,3,2.57,3.49,0.59,0.196
R002,2025-02-09,ING002,Chicken,2,2,3.71,7.1,1.43,0.153
R002,2025-02-09,ING003,Paneer,3,4,0.29,0.66,0.98,0.061
R002,2025-02-09,ING004,Onion,5,7,3.14,6.65,0.98,0.151
R002,2025-02-09,ING005,Tomato,4,5,1.64,4.67,0.49,0.109
R002,2025-02-09,ING006,Oil,20,30,6.64,8.19,1.31,0.16
R002,2025-02-09,ING007,Flour,10,15,3.68,3.83,0.95,0.104
R002,2025-02-09,ING008,Bread,8,4,0.87,1.03,0.1,0.165
R002,2025-02-09,ING009,Lettuce,2,3,3.56,4.78,0.87,0.076
R002,2025-02-09,ING010,Cheese,4,5,2.93,4.78,0.95,0.103
R002,2025-02-10,ING001,Rice,12,3,5.5,9.22,1.49,0.32
R002,2025-02-10,ING002,Chicken,2,2,6.27,7.09,1.15,0.233
R002,2025-02-10,ING003,Paneer,3,4,0.76,2.44,0.0,0.21
R002,2025-02-10,ING004,Onion,5,7,2.25,2.28,0.46,0.395
R002,2025-02-10,ING005,Tomato,4,5,3.62,4.4,0.85,0.157
R002,2025-02-10,ING006,Oil,20,30,3.14,6.36,0.82,0.197
R002,2025-02-10,ING007,Flour,10,15,0.0,2.49,0.32,0.217
R002,2025-02-10,ING008,Bread,8,4,0.61,2.85,0.88,0.385
R002,2025-02-10,ING009,Lettuce,2,3,0.35,3.48,0.64,0.164
R002,2025-02-10,ING010,Cheese,4,5,1.03,1.17,0.5,0.334
R002,2025-02-11,ING001,Rice,12,3,0.42,2.71,0.42,0.319
R002,2025-02-11,ING002,Chicken,2,2,0.0,0.61,0.43,0.178
R002,2025-02-11,ING003,Paneer,3,4,2.01,5.56,1.43,0.264
R002,2025-02-11,ING004,Onion,5,7,0.07,1.31,0.43,0.226
R002,2025-02-11,ING005,Tomato,4,5,0.0,0.17,0.04,0.228
R002,2025-02-11,ING006,Oil,20,30,1.5,2.38,0.0,0.192
R002,2025-02-11,ING007,Flour,10,15,3.04,5.39,1.09,0.222
R002,2025-02-11,ING008,Bread,8,4,2.01,5.56,0.5,0.203
R002,2025-02-11,ING009,Lettuce,2,3,0.21,0.48,0.39,0.256
R002,2025-02-11,ING010,Cheese,4,5,1.2,2.98,0.4,0.382
R002,2025-02-12,ING001,Rice,12,3,1.54,3.94,0.9,0.321
R002,2025-02-12,ING002,Chicken,2,2,4.67,7.48,1.05,0.319
R002,2025-02-12,ING003,Paneer,3,4,5.64,7.55,1.2,0.392
R002,2025-02-12,ING004,Onion,5,7,2.18,2.53,0.1,0.199
R002,2025-02-12,ING005,Tomato,4,5,1.57,3.08,0.56,0.386
R002,2025-02-12,ING006,Oil,20,30,2.99,3.67,0.73,0.357
R002,2025-02-12,ING007,Flour,10,15,1.41,3.74,1.02,0.197
R002,2025-02-12,ING008,Bread,8,4,2.23,5.98,0.92,0.226
R002,2025-02-12,ING009,Lettuce,2,3,0.5,3.53,0.76,0.269
R002,2025-02-12,ING010,Cheese,4,5,2.04,3.33,0.44,0.399
R002,2025-02-13,ING001,Rice,12,3,0.22,2.52,0.26,0.398
R002,2025-02-13,ING002,Chicken,2,2,0.0,3.81,0.31,0.203
R002,2025-02-13,ING003,Paneer,3,4,3.36,6.83,0.79,0.194
R002,2025-02-13,ING004,Onion,5,7,5.48,9.31,1.75,0.312
R002,2025-02-13,ING005,Tomato,4,5,1.73,1.75,0.39,0.205
R002,2025-02-13,ING006,Oil,20,30,1.25,4.6,0.76,0.339
R002,2025-02-13,ING007,Flour,10,15,1.42,2.86,0.12,0.231
R002,2025-02-13,ING008,Bread,8,4,3.57,4.92,0.5,0.28
R002,2025-02-13,ING009,Lettuce,2,3,1.23,3.3,0.54,0.26
R002,2025-02-13,ING010,Cheese,4,5,2.88,5.48,0.5,0.259
R002,2025-02-14,ING001,Rice,12,3,2.89,4.15,0.87,0.321
R002,2025-02-14,ING002,Chicken,2,2,2.44,4.34,0.45,0.322
R002,2025-02-14,ING003,Paneer,3,4,1.63,5.26,0.32,0.238
R002,2025-02-14,ING004,Onion,5,7,1.86,4.61,0.69,0.243
R002,2025-02-14,ING005,Tomato,4,5,0.49,2.16,0.46,0.364
R002,2025-02-14,ING006,Oil,20,30,3.12,6.96,1.37,0.339
R002,2025-02-14,ING007,Flour,10,15,4.01,4.97,0.49,0.16
R002,2025-02-14,ING008,Bread,8,4,0.0,1.47,0.29,0.358
R002,2025-02-14,ING009,Lettuce,2,3,1.36,4.35,1.44,0.152
R002,2025-02-14,ING010,Cheese,4,5,0.02,2.36,0.97,0.218
R002,2025-02-15,ING001,Rice,12,3,1.43,3.35,0.91,0.229
R002,2025-02-15,ING002,Chicken,2,2,3.01,3.04,0.98,0.338
R002,2025-02-15,ING003,Paneer,3,4,3.89,4.69,0.95,0.347
R002,2025-02-15,ING004,Onion,5,7,0.62,1.7,0.47,0.323
R002,2025-02-15,ING005,Tomato,4,5,5.79,6.1,0.82,0.169
R002,2025-02-15,ING006,Oil,20,30,4.25,7.25,0.64,0.151
R002,2025-02-15,ING007,Flour,10,15,0.99,4.1,0.62,0.232
R002,2025-02-15,ING008,Bread,8,4,1.75,2.19,0.11,0.165
R002,2025-02-15,ING009,Lettuce,2,3,1.76,4.53,0.85,0.308
R002,2025-02-15,ING010,Cheese,4,5,4.27,7.61,1.34,0.348
R002,2025-02-16,ING001,Rice,12,3,5.32,7.74,1.11,0.06
R002,2025-02-16,ING002,Chicken,2,2,3.4,7.06,0.76,0.177
R002,2025-02-16,ING003,Paneer,3,4,1.48,3.05,0.49,0.027
R002,2025-02-16,ING004,Onion,5,7,1.27,5.04,0.99,0.207
R002,2025-02-16,ING005,Tomato,4,5,3.47,4.64,0.53,0.152
R002,2025-02-16,ING006,Oil,20,30,2.39,5.51,1.23,0.203
R002,2025-02-16,ING007,Flour,10,15,3.04,6.24,1.69,0.154
R002,2025-02-16,ING008,Bread,8,4,2.39,3.59,0.54,0.223
R002,2025-02-16,ING009,Lettuce,2,3,2.74,4.76,0.26,0.191
R002,2025-02-16,ING010,Cheese,4,5,2.5,2.59,0.36,0.197
R002,2025-02-17,ING001,Rice,12,3,0.0,2.06,0.34,0.291
R002,2025-02-17,ING002,Chicken,2,2,1.93,4.49,0.53,0.335
R002,2025-02-17,ING003,Paneer,3,4,2.24,3.57,0.1,0.357
R002,2025-02-17,ING004,Onion,5,7,2.29,6.25,0.63,0.184
R002,2025-02-17,ING005,Tomato,4,5,0.0,2.32,0.41,0.385
R002,2025-02-17,ING006,Oil,20,30,0.0,0.31,0.0,0.347
R002,2025-02-17,ING007,Flour,10,15,2.5,2.6,0.12,0.321
R002,2025-02-17,ING008,Bread,8,4,2.66,4.16,0.58,0.269
R002,2025-02-17,ING009,Lettuce,2,3,1.89,2.32,0.69,0.19
R002,2025-02-17,ING010,Cheese,4,5,2.41,4.78,0.94,0.158
R002,2025-02-18,ING001,Rice,12,3,3.6,7.32,1.21,0.137
R002,2025-02-18,ING002,Chicken,2,2,0.0,2.63,0.01,0.165
R002,2025-02-18,ING003,Paneer,3,4,0.0,3.77,0.44,0.217
R002,2025-02-18,ING004,Onion,5,7,1.44,3.34,0.61,0.194
R002,2025-02-18,ING005,Tomato,4,5,3.43,5.06,0.82,0.248
R002,2025-02-18,ING006,Oil,20,30,1.88,2.94,0.0,0.056
R002,2025-02-18,ING007,Flour,10,15,2.93,5.09,0.95,0.104
R002,2025-02-18,ING008,Bread,8,4,0.26,4.21,0.26,0.2
R002,2025-02-18,ING009,Lettuce,2,3,2.58,5.9,0.58,0.067
R002,2025-02-18,ING010,Cheese,4,5,2.47,5.2,1.14,0.193
R002,2025-02-19,ING001,Rice,12,3,3.37,4.0,0.43,0.094
R002,2025-02-19,ING002,Chicken,2,2,0.68,3.41,0.53,0.168
R002,2025-02-19,ING003,Paneer,3,4,1.21,1.37,0.0,0.035
R002,2025-02-19,ING004,Onion,5,7,0.0,1.28,0.35,0.029
R002,2025-02-19,ING005,Tomato,4,5,0.0,0.5,0.0,0.051
R002,2025-02-19,ING006,Oil,20,30,0.93,2.03,0.0,0.084
R002,2025-02-19,ING007,Flour,10,15,0.07,2.06,0.79,0.14
R002,2025-02-19,ING008,Bread,8,4,1.42,5.01,0.86,0.178
R002,2025-02-19,ING009,Lettuce,2,3,2.62,5.81,0.9,0.166
R002,2025-02-19,ING010,Cheese,4,5,3.15,5.08,0.4,0.091
R002,2025-02-20,ING001,Rice,12,3,1.96,3.0,0.0,0.183
R002,2025-02-20,ING002,Chicken,2,2,0.89,4.05,1.01,0.058
R002,2025-02-20,ING003,Paneer,3,4,1.85,5.62,0.5,0.189
R002,2025-02-20,ING004,Onion,5,7,3.38,7.08,0.76,0.065
R002,2025-02-20,ING005,Tomato,4,5,1.59,2.79,0.01,0.213
R002,2025-02-20,ING006,Oil,20,30,2.82,3.98,0.41,0.25
R002,2025-02-20,ING007,Flour,10,15,1.58,4.39,0.76,0.103
R002,2025-02-20,ING008,Bread,8,4,1.9,4.87,0.44,0.203
R002,2025-02-20,ING009,Lettuce,2,3,0.32,3.44,0.59,0.022
R002,2025-02-20,ING010,Cheese,4,5,0.0,3.0,0.66,0.109
R002,2025-02-21,ING001,Rice,12,3,1.78,5.69,1.08,0.058
R002,2025-02-21,ING002,Chicken,2,2,0.99,1.68,0.2,0.231
R002,2025-02-21,ING003,Paneer,3,4,0.0,0.97,0.0,0.096
R002,2025-02-21,ING004,Onion,5,7,2.77,3.13,0.38,0.106
R002,2025-02-21,ING005,Tomato,4,5,2.59,5.96,0.89,0.134
R002,2025-02-21,ING006,Oil,20,30,0.0,3.32,0.6,0.222
R002,2025-02-21,ING007,Flour,10,15,0.9,4.59,0.63,0.203
R002,2025-02-21,ING008,Bread,8,4,1.12,4.38,0.35,0.005
R002,2025-02-21,ING009,Lettuce,2,3,1.44,1.84,0.19,0.083
R002,2025-02-21,ING010,Cheese,4,5,1.68,5.1,1.09,0.189
R002,2025-02-22,ING001,Rice,12,3,0.4,1.62,0.83,0.252
R002,2025-02-22,ING002,Chicken,2,2,1.2,5.06,0.28,0.202
R002,2025-02-22,ING003,Paneer,3,4,3.22,4.38,0.37,0.231
R002,2025-02-22,ING004,Onion,5,7,3.05,6.57,0.8,0.16
R002,2025-02-22,ING005,Tomato,4,5,5.39,8.27,1.68,0.273
R002,2025-02-22,ING006,Oil,20,30,1.85,5.63,1.01,0.257
R002,2025-02-22,ING007,Flour,10,15,2.57,3.31,0.3,0.348
R002,2025-02-22,ING008,Bread,8,4,3.16,6.29,0.98,0.245
R002,2025-02-22,ING009,Lettuce,2,3,2.48,6.4,1.15,0.37
R002,2025-02-22,ING010,Cheese,4,5,2.01,4.05,0.37,0.355
R002,2025-02-23,ING001,Rice,12,3,2.05,4.11,0.6,0.025
R002,2025-02-23,ING002,Chicken,2,2,5.72,7.71,1.0,0.208
R002,2025-02-23,ING003,Paneer,3,4,1.62,5.55,1.02,0.023
R002,2025-02-23,ING004,Onion,5,7,5.27,8.53,0.76,0.231
R002,2025-02-23,ING005,Tomato,4,5,5.68,6.47,1.12,0.212
R002,2025-02-23,ING006,Oil,20,30,0.37,0.77,0.13,0.162
R002,2025-02-23,ING007,Flour,10,15,1.18,2.13,0.53,0.036
R002,2025-02-23,ING008,Bread,8,4,0.12,0.63,0.27,0.194
R002,2025-02-23,ING009,Lettuce,2,3,2.57,3.59,0.33,0.158
R002,2025-02-23,ING010,Cheese,4,5,3.5,5.82,1.11,0.231
R002,2025-02-24,ING001,Rice,12,3,3.23,6.77,1.41,0.249
R002,2025-02-24,ING002,Chicken,2,2,4.15,5.58,0.97,0.35
R002,2025-02-24,ING003,Paneer,3,4,0.87,4.61,0.96,0.27
R002,2025-02-24,ING004,Onion,5,7,3.23,4.02,0.39,0.197
R002,2025-02-24,ING005,Tomato,4,5,0.0,1.13,0.12,0.269
R002,2025-02-24,ING006,Oil,20,30,2.56,3.92,0.66,0.187
R002,2025-02-24,ING007,Flour,10,15,0.76,4.5,0.86,0.252
R002,2025-02-24,ING008,Bread,8,4,3.0,6.4,1.01,0.179
R002,2025-02-24,ING009,Lettuce,2,3,0.68,1.2,0.26,0.3
R002,2025-02-24,ING010,Cheese,4,5,0.57,1.22,0.47,0.335
R002,2025-02-25,ING001,Rice,12,3,2.08,5.23,0.78,0.28
R002,2025-02-25,ING002,Chicken,2,2,0.0,1.98,0.28,0.159
R002,2025-02-25,ING003,Paneer,3,4,2.11,5.75,0.79,0.271
R002,2025-02-25,ING004,Onion,5,7,2.58,5.82,0.57,0.384
R002,2025-02-25,ING005,Tomato,4,5,1.77,2.07,0.48,0.251
R002,2025-02-25,ING006,Oil,20,30,1.2,2.49,0.99,0.293
R002,2025-02-25,ING007,Flour,10,15,0.0,1.37,0.1,0.203
R002,2025-02-25,ING008,Bread,8,4,0.9,1.14,0.17,0.263
R002,2025-02-25,ING009,Lettuce,2,3,0.62,2.37,0.38,0.261
R002,2025-02-25,ING010,Cheese,4,5,1.49,4.59,0.87,0.36
R002,2025-02-26,ING001,Rice,12,3,2.1,2.96,0.32,0.384
R002,2025-02-26,ING002,Chicken,2,2,0.26,0.77,0.0,0.339
R002,2025-02-26,ING003,Paneer,3,4,1.35,2.21,0.86,0.189
R002,2025-02-26,ING004,Onion,5,7,0.0,2.57,0.48,0.311
R002,2025-02-26,ING005,Tomato,4,5,1.28,3.1,0.51,0.184
R002,2025-02-26,ING006,Oil,20,30,0.35,2.34,0.45,0.217
R002,2025-02-26,ING007,Flour,10,15,0.0,1.01,0.11,0.353
R002,2025-02-26,ING008,Bread,8,4,0.33,2.47,0.3,0.239
R002,2025-02-26,ING009,Lettuce,2,3,0.23,2.27,0.62,0.248
R002,2025-02-26,ING010,Cheese,4,5,1.16,4.2,1.04,0.199
R002,2025-02-27,ING001,Rice,12,3,1.44,4.84,0.9,0.084
R002,2025-02-27,ING002,Chicken,2,2,1.59,4.57,0.61,0.204
R002,2025-02-27,ING003,Paneer,3,4,0.69,2.51,0.0,0.231
R002,2025-02-27,ING004,Onion,5,7,2.84,6.65,0.76,0.178
R002,2025-02-27,ING005,Tomato,4,5,2.17,3.52,0.68,0.095
R002,2025-02-27,ING006,Oil,20,30,3.5,6.48,0.47,0.221
R002,2025-02-27,ING007,Flour,10,15,1.54,2.16,0.62,0.103
R002,2025-02-27,ING008,Bread,8,4,4.49,7.25,1.5,0.18
R002,2025-02-27,ING009,Lettuce,2,3,0.39,3.76,0.96,0.248
R002,2025-02-27,ING010,Cheese,4,5,0.19,3.08,1.29,0.208
R002,2025-02-28,ING001,Rice,12,3,0.82,0.86,0.0,0.15
R002,2025-02-28,ING002,Chicken,2,2,2.96,5.44,0.89,0.173
R002,2025-02-28,ING003,Paneer,3,4,4.64,7.88,1.41,0.19
R002,2025-02-28,ING004,Onion,5,7,2.54,3.02,0.55,0.253
R002,2025-02-28,ING005,Tomato,4,5,1.66,1.78,0.37,0.207
R002,2025-02-28,ING006,Oil,20,30,0.12,0.87,0.1,0.184
R002,2025-02-28,ING007,Flour,10,15,3.18,6.3,0.9,0.211
R002,2025-02-28,ING008,Bread,8,4,1.44,2.63,0.44,0.161
R002,2025-02-28,ING009,Lettuce,2,3,1.22,2.37,0.29,0.194
R002,2025-02-28,ING010,Cheese,4,5,3.72,3.81,0.86,0.339
R002,2025-03-01,ING001,Rice,12,3,0.0,3.61,0.25,0.209
R002,2025-03-01,ING002,Chicken,2,2,2.33,5.21,1.1,0.218
R002,2025-03-01,ING003,Paneer,3,4,0.38,0.99,0.3,0.085
R002,2025-03-01,ING004,Onion,5,7,2.01,5.5,0.64,0.168
R002,2025-03-01,ING005,Tomato,4,5,4.02,6.73,1.21,0.128
R002,2025-03-01,ING006,Oil,20,30,1.65,2.63,0.14,0.172
R002,2025-03-01,ING007,Flour,10,15,2.62,4.31,0.87,0.149
R002,2025-03-01,ING008,Bread,8,4,1.87,2.34,0.34,0.119
R002,2025-03-01,ING009,Lettuce,2,3,2.75,3.85,0.55,0.103
R002,2025-03-01,ING010,Cheese,4,5,0.65,2.36,0.0,0.099
R002,2025-03-02,ING001,Rice,12,3,1.3,4.4,0.19,0.397
R002,2025-03-02,ING002,Chicken,2,2,1.91,3.63,0.83,0.304
R002,2025-03-02,ING003,Paneer,3,4,0.0,2.13,0.1,0.172
R002,2025-03-02,ING004,Onion,5,7,0.0,1.54,0.22,0.272
R002,2025-03-02,ING005,Tomato,4,5,0.0,2.96,0.5,0.257
R002,2025-03-02,ING006,Oil,20,30,2.87,4.49,0.91,0.272
R002,2025-03-02,ING007,Flour,10,15,3.34,5.86,0.36,0.216
R002,2025-03-02,ING008,Bread,8,4,1.49,2.13,0.0,0.311
R002,2025-03-02,ING009,Lettuce,2,3,2.66,5.72,0.77,0.331
R002,2025-03-02,ING010,Cheese,4,5,0.0,0.24,0.34,0.342
R002,2025-03-03,ING001,Rice,12,3,0.0,3.4,0.45,0.262
R002,2025-03-03,ING002,Chicken,2,2,0.0,2.01,0.0,0.341
R002,2025-03-03,ING003,Paneer,3,4,1.33,2.25,0.18,0.352
R002,2025-03-03,ING004,Onion,5,7,0.0,2.7,0.54,0.356
R002,2025-03-03,ING005,Tomato,4,5,1.5,1.76,0.0,0.28
R002,2025-03-03,ING006,Oil,20,30,3.25,6.1,1.05,0.352
R002,2025-03-03,ING007,Flour,10,15,1.28,1.5,0.0,0.282
R002,2025-03-03,ING008,Bread,8,4,2.16,3.73,0.4,0.233
R002,2025-03-03,ING009,Lettuce,2,3,2.46,3.05,0.62,0.22
R002,2025-03-03,ING010,Cheese,4,5,0.85,2.27,0.16,0.294
R002,2025-03-04,ING001,Rice,12,3,1.59,5.14,1.26,0.267
R002,2025-03-04,ING002,Chicken,2,2,2.6,2.74,0.74,0.334
R002,2025-03-04,ING003,Paneer,3,4,2.65,4.26,0.2,0.321
R002,2025-03-04,ING004,Onion,5,7,3.3,6.98,1.52,0.237
R002,2025-03-04,ING005,Tomato,4,5,0.0,3.54,0.42,0.271
R002,2025-03-04,ING006,Oil,20,30,1.4,4.08,0.5,0.315
R002,2025-03-04,ING007,Flour,10,15,0.2,2.27,0.15,0.268
R002,2025-03-04,ING008,Bread,8,4,2.35,4.31,0.97,0.317
R002,2025-03-04,ING009,Lettuce,2,3,0.24,4.09,0.93,0.329
R002,2025-03-04,ING010,Cheese,4,5,0.66,0.97,0.0,0.157
R002,2025-03-05,ING001,Rice,12,3,2.04,2.16,0.55,0.143
R002,2025-03-05,ING002,Chicken,2,2,3.22,4.9,0.62,0.144
R002,2025-03-05,ING003,Paneer,3,4,0.96,4.34,0.91,0.206
R002,2025-03-05,ING004,Onion,5,7,4.32,7.84,0.75,0.149
R002,2025-03-05,ING005,Tomato,4,5,0.0,0.8,0.0,0.228
R002,2025-03-05,ING006,Oil,20,30,1.62,1.83,0.43,0.04
R002,2025-03-05,ING007,Flour,10,15,3.8,5.98,0.89,0.123
R002,2025-03-05,ING008,Bread,8,4,2.32,4.1,0.49,0.101
R002,2025-03-05,ING009,Lettuce,2,3,2.52,3.02,0.61,0.158
R002,2025-03-05,ING010,Cheese,4,5,1.21,2.79,0.14,0.006
R002,2025-03-06,ING001,Rice,12,3,1.75,2.69,0.27,0.102
R002,2025-03-06,ING002,Chicken,2,2,0.3,1.88,0.32,0.213
R002,2025-03-06,ING003,Paneer,3,4,3.73,4.88,0.59,0.091
R002,2025-03-06,ING004,Onion,5,7,2.36,4.96,0.72,0.194
R002,2025-03-06,ING005,Tomato,4,5,2.7,4.75,0.66,0.023
R002,2025-03-06,ING006,Oil,20,30,1.0,1.23,0.06,0.089
R002,2025-03-06,ING007,Flour,10,15,3.66,4.98,0.76,0.237
R002,2025-03-06,ING008,Bread,8,4,1.92,2.42,0.7,0.042
R002,2025-03-06,ING009,Lettuce,2,3,3.91,5.33,0.16,0.182
R002,2025-03-06,ING010,Cheese,4,5,0.0,0.96,0.38,0.104
R002,2025-03-07,ING001,Rice,12,3,4.24,7.14,1.09,0.309
R002,2025-03-07,ING002,Chicken,2,2,3.5,5.06,0.22,0.331
R002,2025-03-07,ING003,Paneer,3,4,2.58,6.26,0.82,0.367
R002,2025-03-07,ING004,Onion,5,7,0.0,3.37,0.66,0.391
R002,2025-03-07,ING005,Tomato,4,5,2.85,5.33,0.56,0.33
R002,2025-03-07,ING006,Oil,20,30,0.43,3.92,1.15,0.242
R002,2025-03-07,ING007,Flour,10,15,2.97,5.7,0.96,0.236
R002,2025-03-07,ING008,Bread,8,4,1.42,1.68,0.17,0.285
R002,2025-03-07,ING009,Lettuce,2,3,4.26,8.06,1.24,0.363
R002,2025-03-07,ING010,Cheese,4,5,4.32,7.35,1.22,0.198
R002,2025-03-08,ING001,Rice,12,3,0.72,0.89,0.29,0.23
R002,2025-03-08,ING002,Chicken,2,2,1.19,4.54,0.83,0.186
R002,2025-03-08,ING003,Paneer,3,4,2.25,2.33,0.45,0.285
R002,2025-03-08,ING004,Onion,5,7,1.58,4.06,0.59,0.248
R002,2025-03-08,ING005,Tomato,4,5,5.41,8.96,1.43,0.385
R002,2025-03-08,ING006,Oil,20,30,4.42,5.88,1.28,0.247
R002,2025-03-08,ING007,Flour,10,15,6.07,9.69,1.08,0.279
R002,2025-03-08,ING008,Bread,8,4,4.32,5.89,0.87,0.193
R002,2025-03-08,ING009,Lettuce,2,3,1.8,3.97,0.31,0.332
R002,2025-03-08,ING010,Cheese,4,5,0.49,0.52,0.22,0.275
R002,2025-03-09,ING001,Rice,12,3,2.53,5.56,0.81,0.347
R002,2025-03-09,ING002,Chicken,2,2,2.48,2.48,0.35,0.332
R002,2025-03-09,ING003,Paneer,3,4,4.78,5.95,0.96,0.35
R002,2025-03-09,ING004,Onion,5,7,0.25,3.02,0.41,0.32
R002,2025-03-09,ING005,Tomato,4,5,0.0,1.33,0.47,0.371
R002,2025-03-09,ING006,Oil,20,30,2.46,4.15,0.22,0.393
R002,2025-03-09,ING007,Flour,10,15,2.48,3.7,0.23,0.229
R002,2025-03-09,ING008,Bread,8,4,2.08,5.35,0.81,0.175
R002,2025-03-09,ING009,Lettuce,2,3,2.52,2.6,0.38,0.269
R002,2025-03-09,ING010,Cheese,4,5,3.06,3.77,1.38,0.361
R002,2025-03-10,ING001,Rice,12,3,2.71,2.78,0.24,0.094
R002,2025-03-10,ING002,Chicken,2,2,2.16,3.04,0.0,0.083
R002,2025-03-10,ING003,Paneer,3,4,2.64,4.99,0.9,0.183
R002,2025-03-10,ING004,Onion,5,7,0.0,0.55,0.03,0.145
R002,2025-03-10,ING005,Tomato,4,5,3.28,6.23,1.04,0.092
R002,2025-03-10,ING006,Oil,20,30,0.66,1.67,0.4,0.075
R002,2025-03-10,ING007,Flour,10,15,4.24,7.38,0.69,0.041
R002,2025-03-10,ING008,Bread,8,4,2.58,5.39,0.9,0.088
R002,2025-03-10,ING009,Lettuce,2,3,0.0,3.73,0.66,0.017
R002,2025-03-10,ING010,Cheese,4,5,0.79,4.38,0.57,0.123
R002,2025-03-11,ING001,Rice,12,3,2.68,3.35,0.64,0.21
R002,2025-03-11,ING002,Chicken,2,2,3.06,5.25,0.31,0.255
R002,2025-03-11,ING003,Paneer,3,4,1.68,4.08,0.6,0.34
R002,2025-03-11,ING004,Onion,5,7,1.14,3.21,0.43,0.177
R002,2025-03-11,ING005,Tomato,4,5,2.42,2.57,0.68,0.221
R002,2025-03-11,ING006,Oil,20,30,2.07,4.04,0.76,0.259
R002,2025-03-11,ING007,Flour,10,15,1.95,3.56,0.93,0.267
R002,2025-03-11,ING008,Bread,8,4,0.7,4.66,0.8,0.249
R002,2025-03-11,ING009,Lettuce,2,3,0.28,2.78,0.6,0.328
R002,2025-03-11,ING010,Cheese,4,5,0.59,0.89,0.07,0.296
R002,2025-03-12,ING001,Rice,12,3,2.85,6.29,0.99,0.303
R002,2025-03-12,ING002,Chicken,2,2,4.42,8.16,1.36,0.234
R002,2025-03-12,ING003,Paneer,3,4,1.6,2.5,1.27,0.338
R002,2025-03-12,ING004,Onion,5,7,1.17,3.79,0.12,0.289
R002,2025-03-12,ING005,Tomato,4,5,3.44,4.01,1.16,0.346
R002,2025-03-12,ING006,Oil,20,30,3.76,5.53,0.77,0.285
R002,2025-03-12,ING007,Flour,10,15,1.31,2.01,0.49,0.226
R002,2025-03-12,ING008,Bread,8,4,2.17,5.51,0.75,0.351
R002,2025-03-12,ING009,Lettuce,2,3,4.56,5.89,0.37,0.198
R002,2025-03-12,ING010,Cheese,4,5,2.98,6.95,0.84,0.207
R002,2025-03-13,ING001,Rice,12,3,2.09,2.97,0.67,0.372
R002,2025-03-13,ING002,Chicken,2,2,1.49,5.01,0.53,0.357
R002,2025-03-13,ING003,Paneer,3,4,2.22,2.53,0.22,0.214
R002,2025-03-13,ING004,Onion,5,7,1.84,4.85,1.25,0.358
R002,2025-03-13,ING005,Tomato,4,5,4.92,6.56,1.22,0.229
R002,2025-03-13,ING006,Oil,20,30,0.92,1.87,0.05,0.236
R002,2025-03-13,ING007,Flour,10,15,0.7,4.57,0.4,0.226
R002,2025-03-13,ING008,Bread,8,4,1.81,4.75,1.07,0.301
R002,2025-03-13,ING009,Lettuce,2,3,1.57,2.66,0.65,0.165
R002,2025-03-13,ING010,Cheese,4,5,3.54,5.93,0.75,0.388
R002,2025-03-14,ING001,Rice,12,3,3.09,6.91,0.51,0.247
R002,2025-03-14,ING002,Chicken,2,2,3.18,4.02,0.68,0.197
R002,2025-03-14,ING003,Paneer,3,4,2.78,3.56,0.44,0.079
R002,2025-03-14,ING004,Onion,5,7,0.92,4.48,0.73,0.137
R002,2025-03-14,ING005,Tomato,4,5,0.33,1.21,0.0,0.145
R002,2025-03-14,ING006,Oil,20,30,2.31,4.88,0.93,0.047
R002,2025-03-14,ING007,Flour,10,15,0.13,2.8,0.26,0.086
R002,2025-03-14,ING008,Bread,8,4,2.08,2.44,0.47,0.061
R002,2025-03-14,ING009,Lettuce,2,3,1.83,5.4,0.56,0.184
R002,2025-03-14,ING010,Cheese,4,5,5.09,7.18,0.95,0.23
R002,2025-03-15,ING001,Rice,12,3,3.06,5.66,1.26,0.255
R002,2025-03-15,ING002,Chicken,2,2,1.39,4.64,0.94,0.187
R002,2025-03-15,ING003,Paneer,3,4,2.05,2.6,0.73,0.377
R002,2025-03-15,ING004,Onion,5,7,0.93,1.29,0.65,0.169
R002,2025-03-15,ING005,Tomato,4,5,2.65,3.57,0.7,0.283
R002,2025-03-15,ING006,Oil,20,30,0.72,2.67,0.09,0.379
R002,2025-03-15,ING007,Flour,10,15,2.8,6.62,1.17,0.358
R002,2025-03-15,ING008,Bread,8,4,1.92,2.62,0.6,0.361
R002,2025-03-15,ING009,Lettuce,2,3,0.71,3.28,0.1,0.327
R002,2025-03-15,ING010,Cheese,4,5,2.48,2.66,0.08,0.158
R002,2025-03-16,ING001,Rice,12,3,1.81,3.59,0.77,0.172
R002,2025-03-16,ING002,Chicken,2,2,4.97,6.2,0.71,0.348
R002,2025-03-16,ING003,Paneer,3,4,2.22,2.75,0.11,0.331
R002,2025-03-16,ING004,Onion,5,7,2.55,6.54,0.88,0.165
R002,2025-03-16,ING005,Tomato,4,5,2.32,3.6,0.77,0.17
R002,2025-03-16,ING006,Oil,20,30,4.09,7.69,0.81,0.318
R002,2025-03-16,ING007,Flour,10,15,2.91,5.83,1.29,0.25
R002,2025-03-16,ING008,Bread,8,4,3.23,3.63,0.27,0.268
R002,2025-03-16,ING009,Lettuce,2,3,4.01,5.08,0.93,0.214
R002,2025-03-16,ING010,Cheese,4,5,3.18,3.83,0.51,0.339
R002,2025-03-17,ING001,Rice,12,3,1.8,2.78,1.28,0.096
R002,2025-03-17,ING002,Chicken,2,2,3.45,4.22,1.01,0.148
R002,2025-03-17,ING003,Paneer,3,4,1.17,4.56,0.89,0.028
R002,2025-03-17,ING004,Onion,5,7,0.0,1.22,0.07,0.179
R002,2025-03-17,ING005,Tomato,4,5,1.09,3.15,0.53,0.134
R002,2025-03-17,ING006,Oil,20,30,1.9,5.17,0.65,0.053
R002,2025-03-17,ING007,Flour,10,15,0.39,0.54,0.0,0.125
R002,2025-03-17,ING008,Bread,8,4,1.72,2.72,0.73,0.183
R002,2025-03-17,ING009,Lettuce,2,3,0.0,0.36,0.0,0.22
R002,2025-03-17,ING010,Cheese,4,5,2.28,3.49,0.39,0.015
R002,2025-03-18,ING001,Rice,12,3,2.39,3.3,0.24,0.185
R002,2025-03-18,ING002,Chicken,2,2,3.28,7.23,1.12,0.022
R002,2025-03-18,ING003,Paneer,3,4,0.0,3.63,0.91,0.095
R002,2025-03-18,ING004,Onion,5,7,0.61,3.71,0.31,0.22
R002,2025-03-18,ING005,Tomato,4,5,1.58,4.38,0.8,0.057
R002,2025-03-18,ING006,Oil,20,30,2.49,3.21,0.95,0.174
R002,2025-03-18,ING007,Flour,10,15,2.41,3.68,0.11,0.007
R002,2025-03-18,ING008,Bread,8,4,0.42,2.64,0.0,0.071
R002,2025-03-18,ING009,Lettuce,2,3,0.0,0.25,0.0,0.038
R002,2025-03-18,ING010,Cheese,4,5,3.69,4.75,0.75,0.065
R002,2025-03-19,ING001,Rice,12,3,4.95,5.78,0.96,0.232
R002,2025-03-19,ING002,Chicken,2,2,3.03,6.2,1.31,0.176
R002,2025-03-19,ING003,Paneer,3,4,0.88,4.25,0.8,0.071
R002,2025-03-19,ING004,Onion,5,7,2.23,5.46,1.0,0.17
R002,2025-03-19,ING005,Tomato,4,5,3.37,3.67,0.3,0.121
R002,2025-03-19,ING006,Oil,20,30,4.87,5.71,0.87,0.033
R002,2025-03-19,ING007,Flour,10,15,1.43,4.04,0.0,0.03
R002,2025-03-19,ING008,Bread,8,4,3.69,4.12,0.88,0.219
R002,2025-03-19,ING009,Lettuce,2,3,1.62,2.9,0.0,0.125
R002,2025-03-19,ING010,Cheese,4,5,2.04,2.06,0.0,0.07
R002,2025-03-20,ING001,Rice,12,3,3.13,6.21,1.44,0.237
R002,2025-03-20,ING002,Chicken,2,2,2.35,2.82,0.49,0.274
R002,2025-03-20,ING003,Paneer,3,4,0.52,0.67,0.53,0.281
R002,2025-03-20,ING004,Onion,5,7,2.78,4.1,0.68,0.274
R002,2025-03-20,ING005,Tomato,4,5,0.0,0.14,0.18,0.359
R002,2025-03-20,ING006,Oil,20,30,0.63,1.36,0.11,0.381
R002,2025-03-20,ING007,Flour,10,15,2.55,3.06,0.41,0.193
R002,2025-03-20,ING008,Bread,8,4,3.28,6.54,0.85,0.233
R002,2025-03-20,ING009,Lettuce,2,3,3.07,3.85,0.6,0.172
R002,2025-03-20,ING010,Cheese,4,5,0.0,2.86,0.92,0.186
R002,2025-03-21,ING001,Rice,12,3,3.4,3.98,0.71,0.384
R002,2025-03-21,ING002,Chicken,2,2,0.7,3.85,0.68,0.322
R002,2025-03-21,ING003,Paneer,3,4,4.32,7.71,1.3,0.219
R002,2025-03-21,ING004,Onion,5,7,2.3,2.85,0.31,0.376
R002,2025-03-21,ING005,Tomato,4,5,3.04,6.85,1.35,0.364
R002,2025-03-21,ING006,Oil,20,30,2.07,2.42,0.55,0.378
R002,2025-03-21,ING007,Flour,10,15,5.35,8.53,0.68,0.158
R002,2025-03-21,ING008,Bread,8,4,0.0,1.94,0.48,0.19
R002,2025-03-21,ING009,Lettuce,2,3,3.27,5.25,1.04,0.202
R002,2025-03-21,ING010,Cheese,4,5,4.38,7.5,1.58,0.265
R002,2025-03-22,ING001,Rice,12,3,2.84,2.84,0.52,0.244
R002,2025-03-22,ING002,Chicken,2,2,3.65,4.5,0.57,0.225
R002,2025-03-22,ING003,Paneer,3,4,0.0,0.62,0.05,0.236
R002,2025-03-22,ING004,Onion,5,7,2.18,3.43,0.4,0.026
R002,2025-03-22,ING005,Tomato,4,5,2.14,3.73,0.6,0.036
R002,2025-03-22,ING006,Oil,20,30,1.72,1.82,0.0,0.186
R002,2025-03-22,ING007,Flour,10,15,2.32,3.54,0.85,0.186
R002,2025-03-22,ING008,Bread,8,4,2.92,6.87,0.98,0.0
R002,2025-03-22,ING009,Lettuce,2,3,3.12,3.51,0.4,0.143
R002,2025-03-22,ING010,Cheese,4,5,3.46,7.4,1.36,0.102
R002,2025-03-23,ING001,Rice,12,3,2.96,6.42,0.83,0.384
R002,2025-03-23,ING002,Chicken,2,2,5.42,6.75,1.58,0.323
R002,2025-03-23,ING003,Paneer,3,4,0.11,0.12,0.26,0.206
R002,2025-03-23,ING004,Onion,5,7,1.09,3.3,0.6,0.254
R002,2025-03-23,ING005,Tomato,4,5,1.32,1.43,0.0,0.19
R002,2025-03-23,ING006,Oil,20,30,0.58,2.15,0.08,0.331
R002,2025-03-23,ING007,Flour,10,15,2.44,4.51,1.21,0.159
R002,2025-03-23,ING008,Bread,8,4,1.93,4.02,0.25,0.183
R002,2025-03-23,ING009,Lettuce,2,3,2.94,4.76,0.3,0.315
R002,2025-03-23,ING010,Cheese,4,5,0.83,2.85,0.48,0.341
R002,2025-03-24,ING001,Rice,12,3,1.71,1.89,0.21,0.215
R002,2025-03-24,ING002,Chicken,2,2,2.71,3.61,0.26,0.228
R002,2025-03-24,ING003,Paneer,3,4,0.0,1.08,0.0,0.35
R002,2025-03-24,ING004,Onion,5,7,4.33,4.63,0.45,0.319
R002,2025-03-24,ING005,Tomato,4,5,0.73,1.83,0.7,0.379
R002,2025-03-24,ING006,Oil,20,30,0.74,0.77,0.27,0.399
R002,2025-03-24,ING007,Flour,10,15,3.78,6.29,1.05,0.16
R002,2025-03-24,ING008,Bread,8,4,1.3,3.92,0.81,0.344
R002,2025-03-24,ING009,Lettuce,2,3,0.0,0.28,0.0,0.341
R002,2025-03-24,ING010,Cheese,4,5,3.25,7.18,0.83,0.243
R002,2025-03-25,ING001,Rice,12,3,1.03,4.84,0.83,0.282
R002,2025-03-25,ING002,Chicken,2,2,1.95,4.54,0.73,0.172
R002,2025-03-25,ING003,Paneer,3,4,2.85,3.9,0.83,0.293
R002,2025-03-25,ING004,Onion,5,7,0.58,3.56,0.32,0.253
R002,2025-03-25,ING005,Tomato,4,5,2.41,5.06,0.78,0.176
R002,2025-03-25,ING006,Oil,20,30,1.98,2.39,0.34,0.26
R002,2025-03-25,ING007,Flour,10,15,0.77,4.43,0.81,0.25
R002,2025-03-25,ING008,Bread,8,4,0.33,3.63,1.13,0.308
R002,2025-03-25,ING009,Lettuce,2,3,4.32,5.53,1.49,0.321
R002,2025-03-25,ING010,Cheese,4,5,1.8,3.08,0.33,0.19
R002,2025-03-26,ING001,Rice,12,3,2.56,6.18,0.33,0.264
R002,2025-03-26,ING002,Chicken,2,2,0.0,2.07,0.59,0.24
R002,2025-03-26,ING003,Paneer,3,4,0.0,1.38,0.02,0.211
R002,2025-03-26,ING004,Onion,5,7,3.76,7.2,1.32,0.158
R002,2025-03-26,ING005,Tomato,4,5,1.08,4.41,0.42,0.221
R002,2025-03-26,ING006,Oil,20,30,4.02,5.71,0.64,0.209
R002,2025-03-26,ING007,Flour,10,15,2.05,3.94,0.97,0.383
R002,2025-03-26,ING008,Bread,8,4,2.3,2.82,0.81,0.224
R002,2025-03-26,ING009,Lettuce,2,3,1.02,1.28,0.0,0.369
R002,2025-03-26,ING010,Cheese,4,5,2.63,5.73,1.2,0.361
R002,2025-03-27,ING001,Rice,12,3,1.74,3.65,0.5,0.322
R002,2025-03-27,ING002,Chicken,2,2,2.29,5.39,0.9,0.299
R002,2025-03-27,ING003,Paneer,3,4,0.71,2.41,0.69,0.382
R002,2025-03-27,ING004,Onion,5,7,1.43,4.23,0.43,0.261
R002,2025-03-27,ING005,Tomato,4,5,1.16,3.95,0.78,0.394
R002,2025-03-27,ING006,Oil,20,30,3.99,4.21,0.19,0.201
R002,2025-03-27,ING007,Flour,10,15,2.57,4.77,1.12,0.217
R002,2025-03-27,ING008,Bread,8,4,1.61,2.55,0.26,0.231
R002,2025-03-27,ING009,Lettuce,2,3,0.71,2.62,0.17,0.318
R002,2025-03-27,ING010,Cheese,4,5,0.87,2.82,0.51,0.228
R002,2025-03-28,ING001,Rice,12,3,0.0,3.03,0.67,0.329
R002,2025-03-28,ING002,Chicken,2,2,3.26,4.7,0.46,0.231
R002,2025-03-28,ING003,Paneer,3,4,2.62,4.94,0.43,0.266
R002,2025-03-28,ING004,Onion,5,7,0.0,0.1,0.0,0.285
R002,2025-03-28,ING005,Tomato,4,5,1.49,4.3,0.78,0.339
R002,2025-03-28,ING006,Oil,20,30,2.84,4.64,0.73,0.32
R002,2025-03-28,ING007,Flour,10,15,0.0,1.97,0.77,0.381
R002,2025-03-28,ING008,Bread,8,4,1.53,4.99,1.14,0.391
R002,2025-03-28,ING009,Lettuce,2,3,1.48,5.28,0.75,0.361
R002,2025-03-28,ING010,Cheese,4,5,3.06,5.16,0.0,0.289
R002,2025-03-29,ING001,Rice,12,3,2.41,6.0,0.76,0.251
R002,2025-03-29,ING002,Chicken,2,2,0.08,3.34,0.45,0.273
R002,2025-03-29,ING003,Paneer,3,4,0.0,1.59,0.2,0.192
R002,2025-03-29,ING004,Onion,5,7,0.0,0.78,0.0,0.262
R002,2025-03-29,ING005,Tomato,4,5,0.91,3.82,0.7,0.347
R002,2025-03-29,ING006,Oil,20,30,1.98,3.08,0.09,0.325
R002,2025-03-29,ING007,Flour,10,15,1.98,3.17,0.62,0.228
R002,2025-03-29,ING008,Bread,8,4,0.0,1.6,0.0,0.153
R002,2025-03-29,ING009,Lettuce,2,3,2.42,5.18,0.39,0.209
R002,2025-03-29,ING010,Cheese,4,5,2.12,5.61,0.85,0.223
R002,2025-03-30,ING001,Rice,12,3,0.36,3.68,0.45,0.37
R002,2025-03-30,ING002,Chicken,2,2,4.13,7.97,1.47,0.253
R002,2025-03-30,ING003,Paneer,3,4,1.55,2.83,0.5,0.235
R002,2025-03-30,ING004,Onion,5,7,0.93,1.25,0.1,0.178
R002,2025-03-30,ING005,Tomato,4,5,2.71,5.07,0.68,0.373
R002,2025-03-30,ING006,Oil,20,30,2.96,6.11,0.55,0.183
R002,2025-03-30,ING007,Flour,10,15,2.69,3.31,0.23,0.386
R002,2025-03-30,ING008,Bread,8,4,1.69,4.74,0.51,0.225
R002,2025-03-30,ING009,Lettuce,2,3,2.7,5.28,0.45,0.225
R002,2025-03-30,ING010,Cheese,4,5,2.98,4.31,0.66,0.308
R002,2025-03-31,ING001,Rice,12,3,2.89,2.91,0.49,0.225
R002,2025-03-31,ING002,Chicken,2,2,2.47,4.3,0.39,0.24
R002,2025-03-31,ING003,Paneer,3,4,2.96,5.86,1.03,0.153
R002,2025-03-31,ING004,Onion,5,7,1.75,5.28,0.91,0.25
R002,2025-03-31,ING005,Tomato,4,5,6.15,7.07,2.03,0.209
R002,2025-03-31,ING006,Oil,20,30,2.82,4.29,0.74,0.3
R002,2025-03-31,ING007,Flour,10,15,2.29,5.52,0.7,0.18
R002,2025-03-31,ING008,Bread,8,4,3.18,5.7,0.71,0.158
R002,2025-03-31,ING009,Lettuce,2,3,2.85,4.03,0.72,0.242
R002,2025-03-31,ING010,Cheese,4,5,5.33,6.75,1.06,0.217
R003,2025-01-01,ING001,Rice,12,3,1.55,2.63,0.35,0.011
R003,2025-01-01,ING002,Chicken,2,2,3.26,5.9,0.78,0.148
R003,2025-01-01,ING003,Paneer,3,4,0.34,3.62,0.92,0.087
R003,2025-01-01,ING004,Onion,5,7,5.84,8.3,1.36,0.099
R003,2025-01-01,ING005,Tomato,4,5,3.48,4.19,0.63,0.115
R003,2025-01-01,ING006,Oil,20,30,1.07,4.14,0.18,0.167
R003,2025-01-01,ING007,Flour,10,15,0.0,2.71,0.75,0.16
R003,2025-01-01,ING008,Bread,8,4,5.63,8.1,1.36,0.066
R003,2025-01-01,ING009,Lettuce,2,3,2.36,4.01,0.56,0.047
R003,2025-01-01,ING010,Cheese,4,5,3.81,6.92,1.37,0.133
R003,2025-01-02,ING001,Rice,12,3,1.14,1.77,0.29,0.355
R003,2025-01-02,ING002,Chicken,2,2,0.58,1.52,0.0,0.296
R003,2025-01-02,ING003,Paneer,3,4,3.86,7.26,1.06,0.366
R003,2025-01-02,ING004,Onion,5,7,3.61,4.79,0.9,0.335
R003,2025-01-02,ING005,Tomato,4,5,5.28,6.29,1.28,0.319
R003,2025-01-02,ING006,Oil,20,30,6.43,7.69,0.54,0.329
R003,2025-01-02,ING007,Flour,10,15,2.69,3.78,0.26,0.335
R003,2025-01-02,ING008,Bread,8,4,6.49,9.99,1.52,0.36
R003,2025-01-02,ING009,Lettuce,2,3,3.68,5.93,0.77,0.394
R003,2025-01-02,ING010,Cheese,4,5,3.07,3.67,0.41,0.28
R003,2025-01-03,ING001,Rice,12,3,5.97,8.72,1.43,0.203
R003,2025-01-03,ING002,Chicken,2,2,4.37,8.35,0.82,0.186
R003,2025-01-03,ING003,Paneer,3,4,5.43,6.94,1.39,0.239
R003,2025-01-03,ING004,Onion,5,7,4.08,5.4,0.87,0.054
R003,2025-01-03,ING005,Tomato,4,5,8.23,9.84,1.07,0.005
R003,2025-01-03,ING006,Oil,20,30,4.64,4.96,1.02,0.048
R003,2025-01-03,ING007,Flour,10,15,1.42,2.2,0.0,0.056
R003,2025-01-03,ING008,Bread,8,4,2.9,3.77,0.37,0.16
R003,2025-01-03,ING009,Lettuce,2,3,2.8,5.59,0.65,0.049
R003,2025-01-03,ING010,Cheese,4,5,3.11,5.22,0.79,0.128
R003,2025-01-04,ING001,Rice,12,3,3.73,5.46,1.16,0.396
R003,2025-01-04,ING002,Chicken,2,2,7.9,8.17,1.53,0.328
R003,2025-01-04,ING003,Paneer,3,4,2.76,4.94,0.0,0.162
R003,2025-01-04,ING004,Onion,5,7,3.15,6.79,1.24,0.206
R003,2025-01-04,ING005,Tomato,4,5,6.14,7.66,1.04,0.37
R003,2025-01-04,ING006,Oil,20,30,3.13,4.67,0.61,0.198
R003,2025-01-04,ING007,Flour,10,15,2.19,4.07,0.0,0.224
R003,2025-01-04,ING008,Bread,8,4,5.34,5.83,0.95,0.346
R003,2025-01-04,ING009,Lettuce,2,3,3.03,4.64,1.01,0.265
R003,2025-01-04,ING010,Cheese,4,5,4.92,6.5,0.73,0.205
R003,2025-01-05,ING001,Rice,12,3,0.9,2.69,0.1,0.109
R003,2025-01-05,ING002,Chicken,2,2,2.41,2.42,0.44,0.134
R003,2025-01-05,ING003,Paneer,3,4,2.58,3.84,0.74,0.055
R003,2025-01-05,ING004,Onion,5,7,4.95,7.7,1.55,0.07
R003,2025-01-05,ING005,Tomato,4,5,4.88,7.33,0.86,0.102
R003,2025-01-05,ING006,Oil,20,30,3.49,6.06,0.87,0.085
R003,2025-01-05,ING007,Flour,10,15,0.46,3.78,0.63,0.079
R003,2025-01-05,ING008,Bread,8,4,4.87,7.06,0.86,0.097
R003,2025-01-05,ING009,Lettuce,2,3,2.22,4.65,0.23,0.248
R003,2025-01-05,ING010,Cheese,4,5,6.47,8.43,1.25,0.247
R003,2025-01-06,ING001,Rice,12,3,1.99,5.66,0.97,0.247
R003,2025-01-06,ING002,Chicken,2,2,2.27,5.62,1.31,0.22
R003,2025-01-06,ING003,Paneer,3,4,1.98,3.53,0.63,0.28
R003,2025-01-06,ING004,Onion,5,7,6.26,8.33,1.88,0.352
R003,2025-01-06,ING005,Tomato,4,5,4.65,6.11,1.38,0.366
R003,2025-01-06,ING006,Oil,20,30,4.13,6.95,0.71,0.335
R003,2025-01-06,ING007,Flour,10,15,4.5,6.92,0.94,0.305
R003,2025-01-06,ING008,Bread,8,4,4.07,4.55,0.51,0.272
R003,2025-01-06,ING009,Lettuce,2,3,2.35,4.01,0.95,0.159
R003,2025-01-06,ING010,Cheese,4,5,2.64,6.08,0.48,0.227
R003,2025-01-07,ING001,Rice,12,3,4.97,8.96,1.28,0.236
R003,2025-01-07,ING002,Chicken,2,2,4.12,7.07,0.93,0.208
R003,2025-01-07,ING003,Paneer,3,4,3.51,6.98,1.18,0.011
R003,2025-01-07,ING004,Onion,5,7,2.91,4.91,0.99,0.103
R003,2025-01-07,ING005,Tomato,4,5,2.73,3.45,0.53,0.059
R003,2025-01-07,ING006,Oil,20,30,3.99,6.15,1.36,0.07
R003,2025-01-07,ING007,Flour,10,15,3.82,7.34,1.4,0.097
R003,2025-01-07,ING008,Bread,8,4,5.14,7.54,0.98,0.123
R003,2025-01-07,ING009,Lettuce,2,3,6.03,8.65,1.16,0.223
R003,2025-01-07,ING010,Cheese,4,5,3.63,5.0,0.91,0.09
R003,2025-01-08,ING001,Rice,12,3,3.77,6.86,0.94,0.383
R003,2025-01-08,ING002,Chicken,2,2,2.64,5.19,0.61,0.224
R003,2025-01-08,ING003,Paneer,3,4,4.13,5.16,1.09,0.369
R003,2025-01-08,ING004,Onion,5,7,4.91,6.47,1.39,0.366
R003,2025-01-08,ING005,Tomato,4,5,3.38,4.97,0.97,0.252
R003,2025-01-08,ING006,Oil,20,30,4.83,7.3,0.8,0.237
R003,2025-01-08,ING007,Flour,10,15,3.34,6.76,1.22,0.165
R003,2025-01-08,ING008,Bread,8,4,3.85,6.41,0.75,0.275
R003,2025-01-08,ING009,Lettuce,2,3,3.8,4.38,0.23,0.307
R003,2025-01-08,ING010,Cheese,4,5,5.97,6.38,0.96,0.367
R003,2025-01-09,ING001,Rice,12,3,2.24,2.76,0.24,0.165
R003,2025-01-09,ING002,Chicken,2,2,5.26,5.48,0.76,0.131
R003,2025-01-09,ING003,Paneer,3,4,3.76,4.75,0.79,0.136
R003,2025-01-09,ING004,Onion,5,7,2.9,6.76,0.77,0.104
R003,2025-01-09,ING005,Tomato,4,5,2.5,3.33,0.84,0.106
R003,2025-01-09,ING006,Oil,20,30,5.17,5.54,0.72,0.23
R003,2025-01-09,ING007,Flour,10,15,4.61,6.86,1.65,0.114
R003,2025-01-09,ING008,Bread,8,4,5.86,6.79,1.11,0.095
R003,2025-01-09,ING009,Lettuce,2,3,6.94,9.76,1.4,0.003
R003,2025-01-09,ING010,Cheese,4,5,3.33,6.08,1.05,0.04
R003,2025-01-10,ING001,Rice,12,3,1.62,5.51,0.62,0.154
R003,2025-01-10,ING002,Chicken,2,2,2.75,4.93,0.32,0.363
R003,2025-01-10,ING003,Paneer,3,4,1.67,3.96,0.65,0.261
R003,2025-01-10,ING004,Onion,5,7,4.01,4.29,1.12,0.16
R003,2025-01-10,ING005,Tomato,4,5,0.66,3.02,0.53,0.31
R003,2025-01-10,ING006,Oil,20,30,2.14,5.48,0.98,0.329
R003,2025-01-10,ING007,Flour,10,15,1.92,4.96,0.92,0.17
R003,2025-01-10,ING008,Bread,8,4,2.49,4.65,0.52,0.235
R003,2025-01-10,ING009,Lettuce,2,3,3.13,4.3,0.59,0.342
R003,2025-01-10,ING010,Cheese,4,5,2.25,3.25,0.22,0.375
R003,2025-01-11,ING001,Rice,12,3,5.79,6.23,0.47,0.116
R003,2025-01-11,ING002,Chicken,2,2,7.54,9.24,1.55,0.227
R003,2025-01-11,ING003,Paneer,3,4,2.47,5.46,0.96,0.069
R003,2025-01-11,ING004,Onion,5,7,4.68,7.09,0.8,0.068
R003,2025-01-11,ING005,Tomato,4,5,4.69,5.65,0.83,0.065
R003,2025-01-11,ING006,Oil,20,30,0.84,1.99,0.46,0.061
R003,2025-01-11,ING007,Flour,10,15,5.32,5.99,1.0,0.156
R003,2025-01-11,ING008,Bread,8,4,1.56,2.94,0.55,0.194
R003,2025-01-11,ING009,Lettuce,2,3,3.48,3.83,0.71,0.144
R003,2025-01-11,ING010,Cheese,4,5,0.76,1.33,0.0,0.121
R003,2025-01-12,ING001,Rice,12,3,4.02,5.92,1.11,0.21
R003,2025-01-12,ING002,Chicken,2,2,4.66,8.12,1.08,0.309
R003,2025-01-12,ING003,Paneer,3,4,2.49,5.45,0.67,0.307
R003,2025-01-12,ING004,Onion,5,7,2.46,4.02,1.02,0.252
R003,2025-01-12,ING005,Tomato,4,5,3.03,6.0,1.26,0.184
R003,2025-01-12,ING006,Oil,20,30,3.08,5.52,0.79,0.331
R003,2025-01-12,ING007,Flour,10,15,0.62,4.0,0.44,0.303
R003,2025-01-12,ING008,Bread,8,4,5.48,6.71,1.42,0.366
R003,2025-01-12,ING009,Lettuce,2,3,2.52,2.75,0.0,0.192
R003,2025-01-12,ING010,Cheese,4,5,1.9,3.01,0.28,0.161
R003,2025-01-13,ING001,Rice,12,3,4.49,5.52,1.02,0.275
R003,2025-01-13,ING002,Chicken,2,2,7.23,7.72,1.42,0.158
R003,2025-01-13,ING003,Paneer,3,4,2.96,3.84,1.29,0.16
R003,2025-01-13,ING004,Onion,5,7,5.31,7.02,0.96,0.205
R003,2025-01-13,ING005,Tomato,4,5,2.72,5.63,0.83,0.277
R003,2025-01-13,ING006,Oil,20,30,3.42,6.03,0.45,0.172
R003,2025-01-13,ING007,Flour,10,15,2.84,5.25,0.29,0.297
R003,2025-01-13,ING008,Bread,8,4,1.57,4.94,0.6,0.176
R003,2025-01-13,ING009,Lettuce,2,3,4.31,4.94,0.83,0.254
R003,2025-01-13,ING010,Cheese,4,5,8.25,11.89,1.91,0.285
R003,2025-01-14,ING001,Rice,12,3,2.05,3.17,0.63,0.104
R003,2025-01-14,ING002,Chicken,2,2,6.47,8.99,1.4,0.159
R003,2025-01-14,ING003,Paneer,3,4,4.24,4.41,0.94,0.175
R003,2025-01-14,ING004,Onion,5,7,4.54,6.4,0.97,0.076
R003,2025-01-14,ING005,Tomato,4,5,3.09,6.64,0.67,0.135
R003,2025-01-14,ING006,Oil,20,30,2.05,4.76,0.82,0.055
R003,2025-01-14,ING007,Flour,10,15,2.78,3.75,0.75,0.019
R003,2025-01-14,ING008,Bread,8,4,2.76,3.88,0.58,0.021
R003,2025-01-14,ING009,Lettuce,2,3,3.02,3.17,0.03,0.206
R003,2025-01-14,ING010,Cheese,4,5,3.46,3.72,0.47,0.093
R003,2025-01-15,ING001,Rice,12,3,5.23,7.66,0.85,0.218
R003,2025-01-15,ING002,Chicken,2,2,3.84,4.34,0.56,0.244
R003,2025-01-15,ING003,Paneer,3,4,4.95,7.41,1.15,0.074
R003,2025-01-15,ING004,Onion,5,7,6.54,8.25,1.66,0.203
R003,2025-01-15,ING005,Tomato,4,5,4.91,5.84,0.84,0.006
R003,2025-01-15,ING006,Oil,20,30,5.04,8.37,1.14,0.223
R003,2025-01-15,ING007,Flour,10,15,3.68,3.84,0.51,0.221
R003,2025-01-15,ING008,Bread,8,4,3.59,3.86,0.92,0.104
R003,2025-01-15,ING009,Lettuce,2,3,8.6,9.54,1.73,0.24
R003,2025-01-15,ING010,Cheese,4,5,5.48,9.2,1.08,0.222
R003,2025-01-16,ING001,Rice,12,3,0.71,1.54,0.06,0.002
R003,2025-01-16,ING002,Chicken,2,2,2.12,4.6,0.82,0.012
R003,2025-01-16,ING003,Paneer,3,4,1.47,4.44,1.06,0.219
R003,2025-01-16,ING004,Onion,5,7,4.38,6.01,1.23,0.198
R003,2025-01-16,ING005,Tomato,4,5,0.66,4.64,0.74,0.077
R003,2025-01-16,ING006,Oil,20,30,3.83,4.44,0.86,0.085
R003,2025-01-16,ING007,Flour,10,15,4.19,6.69,1.33,0.18
R003,2025-01-16,ING008,Bread,8,4,3.75,5.27,1.0,0.203
R003,2025-01-16,ING009,Lettuce,2,3,3.63,4.17,0.84,0.224
R003,2025-01-16,ING010,Cheese,4,5,4.99,8.98,1.36,0.211
R003,2025-01-17,ING001,Rice,12,3,1.97,4.92,0.95,0.351
R003,2025-01-17,ING002,Chicken,2,2,5.95,7.71,1.09,0.18
R003,2025-01-17,ING003,Paneer,3,4,3.63,7.23,1.08,0.218
R003,2025-01-17,ING004,Onion,5,7,4.85,7.66,0.97,0.222
R003,2025-01-17,ING005,Tomato,4,5,2.98,3.73,1.1,0.192
R003,2025-01-17,ING006,Oil,20,30,3.55,7.13,1.05,0.211
R003,2025-01-17,ING007,Flour,10,15,3.38,5.65,1.03,0.372
R003,2025-01-17,ING008,Bread,8,4,3.08,6.05,0.86,0.385
R003,2025-01-17,ING009,Lettuce,2,3,5.61,5.9,1.15,0.174
R003,2025-01-17,ING010,Cheese,4,5,3.53,3.88,0.58,0.264
R003,2025-01-18,ING001,Rice,12,3,3.55,6.94,1.42,0.33
R003,2025-01-18,ING002,Chicken,2,2,3.63,7.3,1.23,0.174
R003,2025-01-18,ING003,Paneer,3,4,6.15,6.58,1.16,0.399
R003,2025-01-18,ING004,Onion,5,7,2.44,3.28,0.44,0.239
R003,2025-01-18,ING005,Tomato,4,5,4.33,6.61,1.15,0.315
R003,2025-01-18,ING006,Oil,20,30,5.7,7.45,1.28,0.309
R003,2025-01-18,ING007,Flour,10,15,3.8,5.02,0.65,0.245
R003,2025-01-18,ING008,Bread,8,4,3.56,5.49,0.66,0.333
R003,2025-01-18,ING009,Lettuce,2,3,3.13,6.54,1.27,0.154
R003,2025-01-18,ING010,Cheese,4,5,4.12,7.9,1.03,0.342
R003,2025-01-19,ING001,Rice,12,3,6.41,7.93,1.43,0.168
R003,2025-01-19,ING002,Chicken,2,2,5.87,7.6,0.95,0.122
R003,2025-01-19,ING003,Paneer,3,4,2.83,3.85,0.37,0.119
R003,2025-01-19,ING004,Onion,5,7,4.4,6.74,0.99,0.249
R003,2025-01-19,ING005,Tomato,4,5,6.23,9.17,1.82,0.19
R003,2025-01-19,ING006,Oil,20,30,4.47,7.94,0.79,0.058
R003,2025-01-19,ING007,Flour,10,15,3.83,6.52,1.77,0.118
R003,2025-01-19,ING008,Bread,8,4,2.36,5.56,0.9,0.135
R003,2025-01-19,ING009,Lettuce,2,3,3.26,4.28,1.23,0.189
R003,2025-01-19,ING010,Cheese,4,5,4.8,7.66,0.94,0.236
R003,2025-01-20,ING001,Rice,12,3,3.88,6.72,0.73,0.215
R003,2025-01-20,ING002,Chicken,2,2,3.39,6.52,1.29,0.194
R003,2025-01-20,ING003,Paneer,3,4,5.97,6.92,0.93,0.096
R003,2025-01-20,ING004,Onion,5,7,5.3,7.26,0.93,0.12
R003,2025-01-20,ING005,Tomato,4,5,1.56,4.39,0.26,0.101
R003,2025-01-20,ING006,Oil,20,30,5.77,7.5,0.63,0.13
R003,2025-01-20,ING007,Flour,10,15,5.16,6.59,1.07,0.054
R003,2025-01-20,ING008,Bread,8,4,5.88,6.85,1.08,0.16
R003,2025-01-20,ING009,Lettuce,2,3,4.83,8.8,1.4,0.036
R003,2025-01-20,ING010,Cheese,4,5,4.65,7.67,1.15,0.058
R003,2025-01-21,ING001,Rice,12,3,3.93,6.13,0.38,0.144
R003,2025-01-21,ING002,Chicken,2,2,3.97,7.23,1.42,0.025
R003,2025-01-21,ING003,Paneer,3,4,2.32,4.42,1.14,0.222
R003,2025-01-21,ING004,Onion,5,7,3.39,4.22,0.55,0.053
R003,2025-01-21,ING005,Tomato,4,5,3.11,6.27,1.18,0.003
R003,2025-01-21,ING006,Oil,20,30,4.16,8.12,1.11,0.016
R003,2025-01-21,ING007,Flour,10,15,2.82,6.07,0.99,0.131
R003,2025-01-21,ING008,Bread,8,4,6.04,8.85,1.25,0.225
R003,2025-01-21,ING009,Lettuce,2,3,4.12,4.88,0.29,0.016
R003,2025-01-21,ING010,Cheese,4,5,4.1,6.96,1.76,0.167
R003,2025-01-22,ING001,Rice,12,3,0.5,3.17,0.75,0.072
R003,2025-01-22,ING002,Chicken,2,2,4.12,7.27,0.82,0.076
R003,2025-01-22,ING003,Paneer,3,4,3.84,4.51,0.69,0.023
R003,2025-01-22,ING004,Onion,5,7,1.84,4.29,0.81,0.031
R003,2025-01-22,ING005,Tomato,4,5,5.26,7.11,0.93,0.117
R003,2025-01-22,ING006,Oil,20,30,3.5,3.99,0.3,0.155
R003,2025-01-22,ING007,Flour,10,15,1.97,4.59,0.69,0.219
R003,2025-01-22,ING008,Bread,8,4,1.77,2.5,0.12,0.178
R003,2025-01-22,ING009,Lettuce,2,3,1.28,3.26,0.86,0.031
R003,2025-01-22,ING010,Cheese,4,5,4.18,6.17,0.92,0.048
R003,2025-01-23,ING001,Rice,12,3,1.99,3.59,0.23,0.228
R003,2025-01-23,ING002,Chicken,2,2,2.22,2.62,0.46,0.238
R003,2025-01-23,ING003,Paneer,3,4,0.21,4.09,1.0,0.14
R003,2025-01-23,ING004,Onion,5,7,1.64,1.67,0.32,0.097
R003,2025-01-23,ING005,Tomato,4,5,4.54,8.31,1.33,0.122
R003,2025-01-23,ING006,Oil,20,30,3.82,5.34,1.04,0.231
R003,2025-01-23,ING007,Flour,10,15,2.49,3.04,0.59,0.008
R003,2025-01-23,ING008,Bread,8,4,3.03,6.79,0.15,0.138
R003,2025-01-23,ING009,Lettuce,2,3,4.03,5.89,1.3,0.243
R003,2025-01-23,ING010,Cheese,4,5,5.21,7.31,1.75,0.076
R003,2025-01-24,ING001,Rice,12,3,1.72,4.43,0.61,0.015
R003,2025-01-24,ING002,Chicken,2,2,1.74,2.62,0.85,0.222
R003,2025-01-24,ING003,Paneer,3,4,3.81,7.5,0.82,0.231
R003,2025-01-24,ING004,Onion,5,7,3.48,5.33,0.44,0.054
R003,2025-01-24,ING005,Tomato,4,5,2.91,3.42,0.88,0.057
R003,2025-01-24,ING006,Oil,20,30,3.83,4.78,0.44,0.042
R003,2025-01-24,ING007,Flour,10,15,1.17,2.33,0.52,0.101
R003,2025-01-24,ING008,Bread,8,4,5.79,8.62,1.25,0.014
R003,2025-01-24,ING009,Lettuce,2,3,4.94,7.74,1.29,0.17
R003,2025-01-24,ING010,Cheese,4,5,4.02,4.25,0.27,0.189
R003,2025-01-25,ING001,Rice,12,3,5.25,7.29,1.88,0.217
R003,2025-01-25,ING002,Chicken,2,2,1.2,2.01,0.0,0.245
R003,2025-01-25,ING003,Paneer,3,4,3.25,5.71,0.54,0.019
R003,2025-01-25,ING004,Onion,5,7,5.13,5.5,0.84,0.241
R003,2025-01-25,ING005,Tomato,4,5,4.75,6.59,1.13,0.138
R003,2025-01-25,ING006,Oil,20,30,6.13,8.65,1.24,0.16
R003,2025-01-25,ING007,Flour,10,15,6.33,8.18,1.12,0.14
R003,2025-01-25,ING008,Bread,8,4,5.57,7.26,0.38,0.154
R003,2025-01-25,ING009,Lettuce,2,3,4.92,6.82,1.26,0.038
R003,2025-01-25,ING010,Cheese,4,5,1.45,4.3,0.63,0.134
R003,2025-01-26,ING001,Rice,12,3,4.65,4.8,1.28,0.163
R003,2025-01-26,ING002,Chicken,2,2,3.15,6.92,1.02,0.116
R003,2025-01-26,ING003,Paneer,3,4,3.25,4.35,0.53,0.146
R003,2025-01-26,ING004,Onion,5,7,3.21,4.21,0.13,0.188
R003,2025-01-26,ING005,Tomato,4,5,3.44,7.19,1.67,0.205
R003,2025-01-26,ING006,Oil,20,30,4.23,4.84,0.65,0.048
R003,2025-01-26,ING007,Flour,10,15,5.87,9.1,0.77,0.13
R003,2025-01-26,ING008,Bread,8,4,4.83,7.25,1.72,0.087
R003,2025-01-26,ING009,Lettuce,2,3,3.75,7.43,1.01,0.182
R003,2025-01-26,ING010,Cheese,4,5,2.94,4.18,1.21,0.084
R003,2025-01-27,ING001,Rice,12,3,0.96,1.33,0.21,0.087
R003,2025-01-27,ING002,Chicken,2,2,1.07,1.12,0.29,0.121
R003,2025-01-27,ING003,Paneer,3,4,2.93,5.33,1.1,0.195
R003,2025-01-27,ING004,Onion,5,7,3.54,5.75,1.12,0.216
R003,2025-01-27,ING005,Tomato,4,5,3.05,6.07,0.99,0.241
R003,2025-01-27,ING006,Oil,20,30,4.55,4.92,0.59,0.188
R003,2025-01-27,ING007,Flour,10,15,3.58,6.49,1.42,0.22
R003,2025-01-27,ING008,Bread,8,4,1.8,2.34,0.26,0.132
R003,2025-01-27,ING009,Lettuce,2,3,1.28,2.82,0.91,0.009
R003,2025-01-27,ING010,Cheese,4,5,1.3,3.01,0.0,0.066
R003,2025-01-28,ING001,Rice,12,3,3.39,4.55,0.69,0.204
R003,2025-01-28,ING002,Chicken,2,2,3.82,5.82,0.74,0.158
R003,2025-01-28,ING003,Paneer,3,4,4.99,7.57,1.4,0.328
R003,2025-01-28,ING004,Onion,5,7,1.95,4.02,0.89,0.275
R003,2025-01-28,ING005,Tomato,4,5,5.24,6.78,1.48,0.272
R003,2025-01-28,ING006,Oil,20,30,1.12,1.72,0.62,0.2
R003,2025-01-28,ING007,Flour,10,15,1.16,3.53,0.75,0.363
R003,2025-01-28,ING008,Bread,8,4,4.18,7.76,0.93,0.328
R003,2025-01-28,ING009,Lettuce,2,3,3.67,6.97,1.04,0.376
R003,2025-01-28,ING010,Cheese,4,5,4.28,8.09,1.26,0.168
R003,2025-01-29,ING001,Rice,12,3,4.43,5.5,1.23,0.124
R003,2025-01-29,ING002,Chicken,2,2,5.62,9.57,1.23,0.142
R003,2025-01-29,ING003,Paneer,3,4,6.86,7.08,1.19,0.201
R003,2025-01-29,ING004,Onion,5,7,4.99,6.17,0.85,0.235
R003,2025-01-29,ING005,Tomato,4,5,3.34,5.64,0.86,0.024
R003,2025-01-29,ING006,Oil,20,30,5.27,5.71,0.97,0.099
R003,2025-01-29,ING007,Flour,10,15,3.21,3.67,0.43,0.107
R003,2025-01-29,ING008,Bread,8,4,4.92,5.3,0.83,0.005
R003,2025-01-29,ING009,Lettuce,2,3,4.73,4.95,0.79,0.109
R003,2025-01-29,ING010,Cheese,4,5,5.21,5.97,1.39,0.098
R003,2025-01-30,ING001,Rice,12,3,0.88,3.05,0.37,0.231
R003,2025-01-30,ING002,Chicken,2,2,2.95,5.33,1.08,0.347
R003,2025-01-30,ING003,Paneer,3,4,2.16,2.21,0.28,0.329
R003,2025-01-30,ING004,Onion,5,7,1.24,2.5,0.31,0.335
R003,2025-01-30,ING005,Tomato,4,5,3.12,4.34,0.23,0.379
R003,2025-01-30,ING006,Oil,20,30,5.2,8.72,1.28,0.249
R003,2025-01-30,ING007,Flour,10,15,2.11,2.31,0.37,0.332
R003,2025-01-30,ING008,Bread,8,4,4.68,5.38,0.99,0.206
R003,2025-01-30,ING009,Lettuce,2,3,2.88,4.24,0.75,0.311
R003,2025-01-30,ING010,Cheese,4,5,4.22,4.75,1.07,0.375
R003,2025-01-31,ING001,Rice,12,3,2.74,3.88,0.59,0.212
R003,2025-01-31,ING002,Chicken,2,2,2.96,5.53,0.82,0.044
R003,2025-01-31,ING003,Paneer,3,4,1.31,3.13,0.96,0.184
R003,2025-01-31,ING004,Onion,5,7,3.67,5.95,0.53,0.009
R003,2025-01-31,ING005,Tomato,4,5,1.93,4.42,1.16,0.079
R003,2025-01-31,ING006,Oil,20,30,0.61,4.28,0.8,0.237
R003,2025-01-31,ING007,Flour,10,15,1.21,2.12,0.1,0.109
R003,2025-01-31,ING008,Bread,8,4,2.74,3.55,0.67,0.171
R003,2025-01-31,ING009,Lettuce,2,3,3.01,5.52,0.48,0.247
R003,2025-01-31,ING010,Cheese,4,5,5.2,8.83,1.53,0.215
R003,2025-02-01,ING001,Rice,12,3,6.56,7.18,0.89,0.136
R003,2025-02-01,ING002,Chicken,2,2,5.11,7.55,1.13,0.015
R003,2025-02-01,ING003,Paneer,3,4,2.74,5.58,0.83,0.24
R003,2025-02-01,ING004,Onion,5,7,6.31,6.31,1.07,0.035
R003,2025-02-01,ING005,Tomato,4,5,6.66,7.9,1.57,0.246
R003,2025-02-01,ING006,Oil,20,30,3.83,5.49,0.97,0.209
R003,2025-02-01,ING007,Flour,10,15,2.33,2.84,0.4,0.046
R003,2025-02-01,ING008,Bread,8,4,7.64,9.95,1.01,0.018
R003,2025-02-01,ING009,Lettuce,2,3,7.3,8.5,0.79,0.191
R003,2025-02-01,ING010,Cheese,4,5,5.74,7.15,0.54,0.017
R003,2025-02-02,ING001,Rice,12,3,5.18,7.61,1.55,0.318
R003,2025-02-02,ING002,Chicken,2,2,7.36,7.54,1.07,0.392
R003,2025-02-02,ING003,Paneer,3,4,5.42,7.54,0.99,0.215
R003,2025-02-02,ING004,Onion,5,7,4.33,4.35,1.04,0.298
R003,2025-02-02,ING005,Tomato,4,5,6.49,6.53,1.09,0.151
R003,2025-02-02,ING006,Oil,20,30,4.12,7.99,1.35,0.199
R003,2025-02-02,ING007,Flour,10,15,3.19,4.22,0.86,0.32
R003,2025-02-02,ING008,Bread,8,4,7.0,8.6,1.21,0.306
R003,2025-02-02,ING009,Lettuce,2,3,3.34,7.0,1.03,0.206
R003,2025-02-02,ING010,Cheese,4,5,5.34,6.1,0.57,0.235
R003,2025-02-03,ING001,Rice,12,3,2.63,5.5,0.88,0.309
R003,2025-02-03,ING002,Chicken,2,2,2.92,4.29,0.91,0.153
R003,2025-02-03,ING003,Paneer,3,4,3.33,4.21,0.97,0.393
R003,2025-02-03,ING004,Onion,5,7,2.25,4.69,0.56,0.3
R003,2025-02-03,ING005,Tomato,4,5,1.94,2.82,0.0,0.339
R003,2025-02-03,ING006,Oil,20,30,1.61,3.66,0.44,0.378
R003,2025-02-03,ING007,Flour,10,15,2.64,4.58,1.07,0.244
R003,2025-02-03,ING008,Bread,8,4,2.02,2.14,0.49,0.268
R003,2025-02-03,ING009,Lettuce,2,3,2.91,5.0,0.62,0.266
R003,2025-02-03,ING010,Cheese,4,5,1.62,3.55,0.42,0.193
R003,2025-02-04,ING001,Rice,12,3,2.31,5.52,0.76,0.267
R003,2025-02-04,ING002,Chicken,2,2,4.93,8.91,1.05,0.35
R003,2025-02-04,ING003,Paneer,3,4,2.31,5.5,0.56,0.165
R003,2025-02-04,ING004,Onion,5,7,4.59,6.37,0.98,0.232
R003,2025-02-04,ING005,Tomato,4,5,1.3,3.51,0.72,0.215
R003,2025-02-04,ING006,Oil,20,30,0.44,1.54,0.76,0.212
R003,2025-02-04,ING007,Flour,10,15,1.84,5.26,0.65,0.355
R003,2025-02-04,ING008,Bread,8,4,4.06,7.92,1.49,0.288
R003,2025-02-04,ING009,Lettuce,2,3,1.38,1.67,0.09,0.262
R003,2025-02-04,ING010,Cheese,4,5,1.96,2.66,0.44,0.4
R003,2025-02-05,ING001,Rice,12,3,5.77,7.76,1.54,0.249
R003,2025-02-05,ING002,Chicken,2,2,5.26,6.78,0.45,0.225
R003,2025-02-05,ING003,Paneer,3,4,6.37,9.42,1.71,0.157
R003,2025-02-05,ING004,Onion,5,7,4.85,8.71,1.23,0.247
R003,2025-02-05,ING005,Tomato,4,5,4.72,6.13,0.48,0.375
R003,2025-02-05,ING006,Oil,20,30,4.65,7.32,1.38,0.215
R003,2025-02-05,ING007,Flour,10,15,4.42,8.09,1.14,0.181
R003,2025-02-05,ING008,Bread,8,4,5.92,6.0,1.58,0.319
R003,2025-02-05,ING009,Lettuce,2,3,4.82,6.74,0.31,0.374
R003,2025-02-05,ING010,Cheese,4,5,5.37,5.92,0.87,0.208
R003,2025-02-06,ING001,Rice,12,3,6.0,8.66,1.79,0.182
R003,2025-02-06,ING002,Chicken,2,2,5.14,7.0,0.77,0.182
R003,2025-02-06,ING003,Paneer,3,4,1.48,2.07,0.23,0.388
R003,2025-02-06,ING004,Onion,5,7,3.63,4.38,0.39,0.204
R003,2025-02-06,ING005,Tomato,4,5,5.09,7.32,1.29,0.258
R003,2025-02-06,ING006,Oil,20,30,4.79,8.05,1.88,0.294
R003,2025-02-06,ING007,Flour,10,15,2.37,2.43,0.3,0.182
R003,2025-02-06,ING008,Bread,8,4,1.16,4.96,0.76,0.227
R003,2025-02-06,ING009,Lettuce,2,3,3.72,6.0,0.76,0.248
R003,2025-02-06,ING010,Cheese,4,5,5.47,7.23,0.89,0.362
R003,2025-02-07,ING001,Rice,12,3,4.81,7.56,0.91,0.174
R003,2025-02-07,ING002,Chicken,2,2,3.2,6.48,0.7,0.39
R003,2025-02-07,ING003,Paneer,3,4,4.3,7.42,0.6,0.214
R003,2025-02-07,ING004,Onion,5,7,3.5,3.97,0.62,0.159
R003,2025-02-07,ING005,Tomato,4,5,4.05,7.26,0.94,0.272
R003,2025-02-07,ING006,Oil,20,30,5.2,8.17,0.85,0.2
R003,2025-02-07,ING007,Flour,10,15,5.67,9.09,1.6,0.346
R003,2025-02-07,ING008,Bread,8,4,4.3,6.16,1.28,0.342
R003,2025-02-07,ING009,Lettuce,2,3,1.91,5.21,0.29,0.348
R003,2025-02-07,ING010,Cheese,4,5,6.22,9.71,1.41,0.295
R003,2025-02-08,ING001,Rice,12,3,4.69,5.93,0.47,0.096
R003,2025-02-08,ING002,Chicken,2,2,6.58,9.51,1.86,0.107
R003,2025-02-08,ING003,Paneer,3,4,5.94,7.62,1.32,0.238
R003,2025-02-08,ING004,Onion,5,7,3.37,6.8,1.57,0.203
R003,2025-02-08,ING005,Tomato,4,5,4.4,7.62,0.51,0.067
R003,2025-02-08,ING006,Oil,20,30,3.76,3.78,0.58,0.214
R003,2025-02-08,ING007,Flour,10,15,5.29,6.34,1.05,0.004
R003,2025-02-08,ING008,Bread,8,4,4.63,7.67,1.23,0.016
R003,2025-02-08,ING009,Lettuce,2,3,4.98,5.25,0.57,0.105
R003,2025-02-08,ING010,Cheese,4,5,7.1,9.7,1.73,0.098
R003,2025-02-09,ING001,Rice,12,3,2.48,4.0,1.18,0.234
R003,2025-02-09,ING002,Chicken,2,2,3.04,4.06,0.84,0.389
R003,2025-02-09,ING003,Paneer,3,4,0.0,1.64,0.27,0.323
R003,2025-02-09,ING004,Onion,5,7,0.0,2.35,0.2,0.344
R003,2025-02-09,ING005,Tomato,4,5,2.48,6.01,0.72,0.308
R003,2025-02-09,ING006,Oil,20,30,3.75,6.85,0.93,0.289
R003,2025-02-09,ING007,Flour,10,15,3.89,5.32,0.79,0.35
R003,2025-02-09,ING008,Bread,8,4,2.9,3.36,0.61,0.243
R003,2025-02-09,ING009,Lettuce,2,3,3.21,6.3,0.94,0.341
R003,2025-02-09,ING010,Cheese,4,5,3.36,6.16,0.85,0.348
R003,2025-02-10,ING001,Rice,12,3,4.98,7.26,1.39,0.248
R003,2025-02-10,ING002,Chicken,2,2,4.05,6.43,1.28,0.045
R003,2025-02-10,ING003,Paneer,3,4,3.48,6.19,1.32,0.217
R003,2025-02-10,ING004,Onion,5,7,4.09,6.96,0.9,0.175
R003,2025-02-10,ING005,Tomato,4,5,2.79,3.52,0.57,0.059
R003,2025-02-10,ING006,Oil,20,30,1.77,5.14,0.96,0.228
R003,2025-02-10,ING007,Flour,10,15,0.57,4.52,0.54,0.115
R003,2025-02-10,ING008,Bread,8,4,2.84,5.89,0.75,0.223
R003,2025-02-10,ING009,Lettuce,2,3,8.25,9.94,1.87,0.033
R003,2025-02-10,ING010,Cheese,4,5,4.8,7.79,1.75,0.227
R003,2025-02-11,ING001,Rice,12,3,4.62,8.4,1.23,0.358
R003,2025-02-11,ING002,Chicken,2,2,3.78,6.06,0.47,0.163
R003,2025-02-11,ING003,Paneer,3,4,3.12,3.72,0.33,0.19
R003,2025-02-11,ING004,Onion,5,7,4.84,5.46,0.82,0.396
R003,2025-02-11,ING005,Tomato,4,5,3.4,6.38,0.75,0.368
R003,2025-02-11,ING006,Oil,20,30,5.15,6.07,0.98,0.185
R003,2025-02-11,ING007,Flour,10,15,5.46,7.11,1.0,0.361
R003,2025-02-11,ING008,Bread,8,4,1.31,5.21,0.53,0.302
R003,2025-02-11,ING009,Lettuce,2,3,3.92,4.07,0.9,0.371
R003,2025-02-11,ING010,Cheese,4,5,4.32,5.48,0.51,0.319
R003,2025-02-12,ING001,Rice,12,3,6.97,7.26,0.77,0.124
R003,2025-02-12,ING002,Chicken,2,2,4.66,7.1,1.21,0.102
R003,2025-02-12,ING003,Paneer,3,4,1.08,3.89,0.0,0.149
R003,2025-02-12,ING004,Onion,5,7,4.23,7.45,1.16,0.235
R003,2025-02-12,ING005,Tomato,4,5,4.1,7.37,1.23,0.093
R003,2025-02-12,ING006,Oil,20,30,4.98,8.42,1.09,0.014
R003,2025-02-12,ING007,Flour,10,15,5.97,9.64,2.12,0.069
R003,2025-02-12,ING008,Bread,8,4,4.71,7.15,1.41,0.149
R003,2025-02-12,ING009,Lettuce,2,3,2.96,4.15,1.04,0.131
R003,2025-02-12,ING010,Cheese,4,5,2.75,4.4,1.08,0.19
R003,2025-02-13,ING001,Rice,12,3,3.14,7.09,0.88,0.135
R003,2025-02-13,ING002,Chicken,2,2,3.44,4.55,0.4,0.01
R003,2025-02-13,ING003,Paneer,3,4,3.14,4.44,0.71,0.145
R003,2025-02-13,ING004,Onion,5,7,2.84,4.41,0.85,0.135
R003,2025-02-13,ING005,Tomato,4,5,1.91,5.52,0.58,0.08
R003,2025-02-13,ING006,Oil,20,30,6.87,8.84,1.13,0.038
R003,2025-02-13,ING007,Flour,10,15,4.07,4.26,0.66,0.061
R003,2025-02-13,ING008,Bread,8,4,2.55,4.91,0.51,0.079
R003,2025-02-13,ING009,Lettuce,2,3,4.66,7.2,0.88,0.075
R003,2025-02-13,ING010,Cheese,4,5,3.03,4.68,0.48,0.012
R003,2025-02-14,ING001,Rice,12,3,6.85,9.56,1.16,0.185
R003,2025-02-14,ING002,Chicken,2,2,2.18,5.18,0.64,0.081
R003,2025-02-14,ING003,Paneer,3,4,4.0,5.79,0.7,0.167
R003,2025-02-14,ING004,Onion,5,7,3.44,5.76,0.84,0.068
R003,2025-02-14,ING005,Tomato,4,5,6.49,7.35,1.04,0.024
R003,2025-02-14,ING006,Oil,20,30,5.12,6.24,0.58,0.231
R003,2025-02-14,ING007,Flour,10,15,4.25,4.67,0.58,0.009
R003,2025-02-14,ING008,Bread,8,4,5.07,6.57,0.61,0.121
R003,2025-02-14,ING009,Lettuce,2,3,6.06,9.83,1.35,0.237
R003,2025-02-14,ING010,Cheese,4,5,3.0,3.58,1.07,0.131
R003,2025-02-15,ING001,Rice,12,3,4.13,5.84,0.83,0.204
R003,2025-02-15,ING002,Chicken,2,2,3.54,6.31,0.73,0.359
R003,2025-02-15,ING003,Paneer,3,4,3.04,5.53,1.24,0.154
R003,2025-02-15,ING004,Onion,5,7,3.65,4.23,0.39,0.323
R003,2025-02-15,ING005,Tomato,4,5,3.86,6.22,0.91,0.169
R003,2025-02-15,ING006,Oil,20,30,5.24,5.5,0.37,0.381
R003,2025-02-15,ING007,Flour,10,15,2.52,5.87,0.7,0.365
R003,2025-02-15,ING008,Bread,8,4,2.11,4.33,0.37,0.155
R003,2025-02-15,ING009,Lettuce,2,3,1.34,4.34,1.16,0.332
R003,2025-02-15,ING010,Cheese,4,5,2.0,3.88,0.09,0.343
R003,2025-02-16,ING001,Rice,12,3,4.33,5.98,0.64,0.205
R003,2025-02-16,ING002,Chicken,2,2,5.5,7.71,0.75,0.172
R003,2025-02-16,ING003,Paneer,3,4,6.11,8.94,1.65,0.153
R003,2025-02-16,ING004,Onion,5,7,5.61,8.35,1.23,0.284
R003,2025-02-16,ING005,Tomato,4,5,2.94,6.08,1.08,0.374
R003,2025-02-16,ING006,Oil,20,30,3.97,6.09,1.15,0.264
R003,2025-02-16,ING007,Flour,10,15,2.74,5.47,0.78,0.166
R003,2025-02-16,ING008,Bread,8,4,2.8,4.14,1.06,0.203
R003,2025-02-16,ING009,Lettuce,2,3,6.08,7.91,0.92,0.19
R003,2025-02-16,ING010,Cheese,4,5,4.34,5.04,1.18,0.285
R003,2025-02-17,ING001,Rice,12,3,1.4,3.44,0.68,0.194
R003,2025-02-17,ING002,Chicken,2,2,0.0,2.96,0.42,0.225
R003,2025-02-17,ING003,Paneer,3,4,1.04,3.23,0.52,0.062
R003,2025-02-17,ING004,Onion,5,7,2.84,5.74,0.9,0.213
R003,2025-02-17,ING005,Tomato,4,5,1.84,3.13,0.88,0.165
R003,2025-02-17,ING006,Oil,20,30,2.44,4.03,0.78,0.174
R003,2025-02-17,ING007,Flour,10,15,2.93,6.16,0.47,0.159
R003,2025-02-17,ING008,Bread,8,4,2.11,5.22,0.82,0.089
R003,2025-02-17,ING009,Lettuce,2,3,1.36,4.76,0.37,0.077
R003,2025-02-17,ING010,Cheese,4,5,4.02,4.95,0.39,0.134
R003,2025-02-18,ING001,Rice,12,3,3.14,4.04,0.65,0.381
R003,2025-02-18,ING002,Chicken,2,2,4.22,6.18,0.66,0.151
R003,2025-02-18,ING003,Paneer,3,4,1.97,3.33,0.51,0.298
R003,2025-02-18,ING004,Onion,5,7,2.9,5.46,0.75,0.207
R003,2025-02-18,ING005,Tomato,4,5,6.02,6.06,0.86,0.249
R003,2025-02-18,ING006,Oil,20,30,1.9,2.63,0.71,0.185
R003,2025-02-18,ING007,Flour,10,15,4.93,6.51,1.23,0.288
R003,2025-02-18,ING008,Bread,8,4,4.19,6.7,0.99,0.323
R003,2025-02-18,ING009,Lettuce,2,3,7.52,9.58,1.58,0.29
R003,2025-02-18,ING010,Cheese,4,5,5.79,6.23,1.88,0.171
R003,2025-02-19,ING001,Rice,12,3,0.69,1.96,0.0,0.186
R003,2025-02-19,ING002,Chicken,2,2,5.49,6.53,0.32,0.278
R003,2025-02-19,ING003,Paneer,3,4,3.28,3.55,0.97,0.297
R003,2025-02-19,ING004,Onion,5,7,2.36,6.3,0.61,0.349
R003,2025-02-19,ING005,Tomato,4,5,3.27,6.07,0.63,0.319
R003,2025-02-19,ING006,Oil,20,30,1.59,5.33,0.56,0.344
R003,2025-02-19,ING007,Flour,10,15,1.4,4.9,1.02,0.25
R003,2025-02-19,ING008,Bread,8,4,2.19,4.34,0.81,0.313
R003,2025-02-19,ING009,Lettuce,2,3,3.37,4.61,0.68,0.319
R003,2025-02-19,ING010,Cheese,4,5,4.88,8.5,0.97,0.249
R003,2025-02-20,ING001,Rice,12,3,2.9,5.75,1.35,0.026
R003,2025-02-20,ING002,Chicken,2,2,3.09,3.76,0.73,0.199
R003,2025-02-20,ING003,Paneer,3,4,3.1,6.16,1.19,0.214
R003,2025-02-20,ING004,Onion,5,7,5.22,6.22,0.66,0.203
R003,2025-02-20,ING005,Tomato,4,5,6.18,10.08,1.57,0.058
R003,2025-02-20,ING006,Oil,20,30,4.2,5.98,0.97,0.128
R003,2025-02-20,ING007,Flour,10,15,2.65,4.58,0.42,0.06
R003,2025-02-20,ING008,Bread,8,4,3.93,5.01,1.06,0.175
R003,2025-02-20,ING009,Lettuce,2,3,1.86,4.82,0.46,0.078
R003,2025-02-20,ING010,Cheese,4,5,4.32,7.44,1.18,0.021
R003,2025-02-21,ING001,Rice,12,3,4.03,7.23,0.97,0.36
R003,2025-02-21,ING002,Chicken,2,2,5.46,9.21,1.89,0.3
R003,2025-02-21,ING003,Paneer,3,4,4.63,6.46,1.05,0.375
R003,2025-02-21,ING004,Onion,5,7,3.98,5.21,2.01,0.328
R003,2025-02-21,ING005,Tomato,4,5,4.77,5.92,1.03,0.374
R003,2025-02-21,ING006,Oil,20,30,5.53,6.57,0.68,0.287
R003,2025-02-21,ING007,Flour,10,15,5.32,5.41,0.9,0.288
R003,2025-02-21,ING008,Bread,8,4,4.32,5.69,0.64,0.221
R003,2025-02-21,ING009,Lettuce,2,3,6.7,7.84,1.28,0.22
R003,2025-02-21,ING010,Cheese,4,5,3.78,5.06,0.79,0.325
R003,2025-02-22,ING001,Rice,12,3,8.68,11.7,1.31,0.158
R003,2025-02-22,ING002,Chicken,2,2,1.99,5.86,1.0,0.228
R003,2025-02-22,ING003,Paneer,3,4,4.68,6.59,1.01,0.239
R003,2025-02-22,ING004,Onion,5,7,4.2,7.72,0.91,0.387
R003,2025-02-22,ING005,Tomato,4,5,3.87,7.07,0.64,0.28
R003,2025-02-22,ING006,Oil,20,30,5.73,9.09,1.5,0.187
R003,2025-02-22,ING007,Flour,10,15,4.27,6.98,0.79,0.232
R003,2025-02-22,ING008,Bread,8,4,7.15,7.23,1.2,0.21
R003,2025-02-22,ING009,Lettuce,2,3,4.98,5.84,0.95,0.276
R003,2025-02-22,ING010,Cheese,4,5,3.83,5.72,0.84,0.274
R003,2025-02-23,ING001,Rice,12,3,1.3,4.36,0.66,0.286
R003,2025-02-23,ING002,Chicken,2,2,7.25,9.54,1.75,0.244
R003,2025-02-23,ING003,Paneer,3,4,6.49,7.49,1.47,0.394
R003,2025-02-23,ING004,Onion,5,7,5.15,5.97,1.22,0.159
R003,2025-02-23,ING005,Tomato,4,5,5.61,9.22,1.53,0.212
R003,2025-02-23,ING006,Oil,20,30,3.85,3.93,0.36,0.358
R003,2025-02-23,ING007,Flour,10,15,4.94,5.74,0.89,0.32
R003,2025-02-23,ING008,Bread,8,4,3.99,5.56,0.91,0.212
R003,2025-02-23,ING009,Lettuce,2,3,2.0,4.75,0.62,0.321
R003,2025-02-23,ING010,Cheese,4,5,2.87,5.88,0.73,0.196
R003,2025-02-24,ING001,Rice,12,3,2.08,3.36,0.11,0.31
R003,2025-02-24,ING002,Chicken,2,2,5.51,7.34,1.18,0.22
R003,2025-02-24,ING003,Paneer,3,4,3.18,3.76,0.3,0.342
R003,2025-02-24,ING004,Onion,5,7,2.89,6.32,1.28,0.169
R003,2025-02-24,ING005,Tomato,4,5,0.92,1.27,0.0,0.219
R003,2025-02-24,ING006,Oil,20,30,1.18,3.83,0.99,0.31
R003,2025-02-24,ING007,Flour,10,15,0.87,4.0,0.67,0.368
R003,2025-02-24,ING008,Bread,8,4,1.19,2.61,0.43,0.273
R003,2025-02-24,ING009,Lettuce,2,3,1.15,4.4,0.49,0.396
R003,2025-02-24,ING010,Cheese,4,5,5.39,5.77,0.99,0.351
R003,2025-02-25,ING001,Rice,12,3,2.55,6.15,0.76,0.091
R003,2025-02-25,ING002,Chicken,2,2,5.5,5.5,0.45,0.054
R003,2025-02-25,ING003,Paneer,3,4,4.71,6.46,1.04,0.219
R003,2025-02-25,ING004,Onion,5,7,5.4,6.65,1.08,0.124
R003,2025-02-25,ING005,Tomato,4,5,4.6,7.21,0.77,0.055
R003,2025-02-25,ING006,Oil,20,30,1.43,3.92,0.27,0.182
R003,2025-02-25,ING007,Flour,10,15,6.35,9.52,1.46,0.001
R003,2025-02-25,ING008,Bread,8,4,4.38,5.79,0.32,0.233
R003,2025-02-25,ING009,Lettuce,2,3,3.64,6.84,1.18,0.023
R003,2025-02-25,ING010,Cheese,4,5,6.78,7.12,1.37,0.064
R003,2025-02-26,ING001,Rice,12,3,4.32,7.07,0.88,0.228
R003,2025-02-26,ING002,Chicken,2,2,3.16,7.13,1.23,0.207
R003,2025-02-26,ING003,Paneer,3,4,2.46,6.2,1.35,0.191
R003,2025-02-26,ING004,Onion,5,7,4.1,4.96,0.35,0.009
R003,2025-02-26,ING005,Tomato,4,5,4.58,5.04,0.73,0.061
R003,2025-02-26,ING006,Oil,20,30,1.99,3.59,0.69,0.052
R003,2025-02-26,ING007,Flour,10,15,5.02,7.07,1.45,0.172
R003,2025-02-26,ING008,Bread,8,4,4.32,8.25,1.0,0.099
R003,2025-02-26,ING009,Lettuce,2,3,1.55,5.1,0.98,0.031
R003,2025-02-26,ING010,Cheese,4,5,2.47,4.82,0.74,0.048
R003,2025-02-27,ING001,Rice,12,3,1.99,5.86,0.21,0.221
R003,2025-02-27,ING002,Chicken,2,2,3.75,7.48,0.81,0.125
R003,2025-02-27,ING003,Paneer,3,4,3.21,4.23,0.31,0.095
R003,2025-02-27,ING004,Onion,5,7,1.66,4.58,0.89,0.096
R003,2025-02-27,ING005,Tomato,4,5,3.77,4.94,0.93,0.106
R003,2025-02-27,ING006,Oil,20,30,5.51,6.88,1.15,0.154
R003,2025-02-27,ING007,Flour,10,15,2.72,3.22,0.24,0.06
R003,2025-02-27,ING008,Bread,8,4,1.35,4.34,0.89,0.017
R003,2025-02-27,ING009,Lettuce,2,3,1.87,4.15,0.27,0.015
R003,2025-02-27,ING010,Cheese,4,5,4.67,6.11,0.87,0.01
R003,2025-02-28,ING001,Rice,12,3,2.37,5.16,0.46,0.347
R003,2025-02-28,ING002,Chicken,2,2,4.61,5.81,0.6,0.184
R003,2025-02-28,ING003,Paneer,3,4,3.05,3.08,0.54,0.388
R003,2025-02-28,ING004,Onion,5,7,1.69,4.93,0.7,0.198
R003,2025-02-28,ING005,Tomato,4,5,4.88,6.07,0.5,0.375
R003,2025-02-28,ING006,Oil,20,30,4.6,5.76,0.92,0.325
R003,2025-02-28,ING007,Flour,10,15,2.12,4.67,0.27,0.347
R003,2025-02-28,ING008,Bread,8,4,2.86,3.81,0.4,0.188
R003,2025-02-28,ING009,Lettuce,2,3,2.85,4.56,0.86,0.397
R003,2025-02-28,ING010,Cheese,4,5,0.81,4.37,0.69,0.328
R003,2025-03-01,ING001,Rice,12,3,2.81,5.8,1.15,0.238
R003,2025-03-01,ING002,Chicken,2,2,4.27,6.95,0.87,0.276
R003,2025-03-01,ING003,Paneer,3,4,7.05,9.66,1.62,0.234
R003,2025-03-01,ING004,Onion,5,7,3.14,6.06,1.41,0.301
R003,2025-03-01,ING005,Tomato,4,5,5.13,6.6,0.51,0.379
R003,2025-03-01,ING006,Oil,20,30,3.37,6.86,1.14,0.201
R003,2025-03-01,ING007,Flour,10,15,3.45,5.59,0.57,0.362
R003,2025-03-01,ING008,Bread,8,4,4.96,5.6,0.92,0.186
R003,2025-03-01,ING009,Lettuce,2,3,3.84,4.19,0.4,0.3
R003,2025-03-01,ING010,Cheese,4,5,5.09,5.46,0.37,0.18
R003,2025-03-02,ING001,Rice,12,3,2.91,4.02,0.46,0.023
R003,2025-03-02,ING002,Chicken,2,2,5.89,6.8,0.91,0.184
R003,2025-03-02,ING003,Paneer,3,4,4.11,7.55,0.99,0.019
R003,2025-03-02,ING004,Onion,5,7,1.13,4.55,0.0,0.049
R003,2025-03-02,ING005,Tomato,4,5,4.68,5.25,0.41,0.175
R003,2025-03-02,ING006,Oil,20,30,7.25,8.96,0.98,0.232
R003,2025-03-02,ING007,Flour,10,15,1.42,3.1,0.0,0.112
R003,2025-03-02,ING008,Bread,8,4,1.2,1.93,0.0,0.043
R003,2025-03-02,ING009,Lettuce,2,3,2.96,3.02,0.61,0.22
R003,2025-03-02,ING010,Cheese,4,5,2.15,4.45,0.82,0.018
R003,2025-03-03,ING001,Rice,12,3,3.85,6.07,0.97,0.046
R003,2025-03-03,ING002,Chicken,2,2,3.42,5.71,0.61,0.178
R003,2025-03-03,ING003,Paneer,3,4,3.44,7.18,1.12,0.208
R003,2025-03-03,ING004,Onion,5,7,0.68,2.65,0.39,0.018
R003,2025-03-03,ING005,Tomato,4,5,1.55,2.97,1.39,0.113
R003,2025-03-03,ING006,Oil,20,30,3.96,6.42,0.99,0.096
R003,2025-03-03,ING007,Flour,10,15,4.59,5.0,0.93,0.245
R003,2025-03-03,ING008,Bread,8,4,0.7,2.77,0.93,0.146
R003,2025-03-03,ING009,Lettuce,2,3,0.37,0.54,0.54,0.082
R003,2025-03-03,ING010,Cheese,4,5,2.83,4.89,0.71,0.2
R003,2025-03-04,ING001,Rice,12,3,3.81,6.12,1.54,0.379
R003,2025-03-04,ING002,Chicken,2,2,4.26,7.62,0.94,0.201
R003,2025-03-04,ING003,Paneer,3,4,1.61,2.87,0.86,0.221
R003,2025-03-04,ING004,Onion,5,7,2.87,6.65,0.86,0.263
R003,2025-03-04,ING005,Tomato,4,5,3.5,7.43,0.86,0.302
R003,2025-03-04,ING006,Oil,20,30,3.18,6.38,0.07,0.347
R003,2025-03-04,ING007,Flour,10,15,1.07,2.89,0.0,0.167
R003,2025-03-04,ING008,Bread,8,4,4.05,4.92,0.73,0.334
R003,2025-03-04,ING009,Lettuce,2,3,1.59,4.02,0.51,0.296
R003,2025-03-04,ING010,Cheese,4,5,3.55,5.23,0.95,0.196
R003,2025-03-05,ING001,Rice,12,3,4.18,5.85,1.03,0.212
R003,2025-03-05,ING002,Chicken,2,2,2.02,2.62,0.38,0.058
R003,2025-03-05,ING003,Paneer,3,4,5.78,6.79,1.51,0.162
R003,2025-03-05,ING004,Onion,5,7,2.53,4.75,0.38,0.005
R003,2025-03-05,ING005,Tomato,4,5,3.84,7.4,0.96,0.177
R003,2025-03-05,ING006,Oil,20,30,4.58,6.92,0.84,0.007
R003,2025-03-05,ING007,Flour,10,15,1.77,2.67,0.04,0.187
R003,2025-03-05,ING008,Bread,8,4,5.27,8.23,0.95,0.231
R003,2025-03-05,ING009,Lettuce,2,3,3.71,7.12,1.01,0.183
R003,2025-03-05,ING010,Cheese,4,5,1.79,5.73,0.71,0.107
R003,2025-03-06,ING001,Rice,12,3,1.85,5.17,0.98,0.289
R003,2025-03-06,ING002,Chicken,2,2,3.99,7.59,0.77,0.209
R003,2025-03-06,ING003,Paneer,3,4,2.93,5.64,0.51,0.271
R003,2025-03-06,ING004,Onion,5,7,6.36,7.8,1.12,0.268
R003,2025-03-06,ING005,Tomato,4,5,2.74,5.97,0.39,0.27
R003,2025-03-06,ING006,Oil,20,30,3.9,5.86,0.77,0.176
R003,2025-03-06,ING007,Flour,10,15,4.42,6.21,1.39,0.162
R003,2025-03-06,ING008,Bread,8,4,4.64,6.63,0.7,0.265
R003,2025-03-06,ING009,Lettuce,2,3,2.75,4.89,0.34,0.287
R003,2025-03-06,ING010,Cheese,4,5,2.41,4.53,0.98,0.16
R003,2025-03-07,ING001,Rice,12,3,2.05,5.39,1.28,0.236
R003,2025-03-07,ING002,Chicken,2,2,4.79,8.71,1.28,0.024
R003,2025-03-07,ING003,Paneer,3,4,3.23,6.33,1.07,0.21
R003,2025-03-07,ING004,Onion,5,7,5.58,7.78,1.27,0.084
R003,2025-03-07,ING005,Tomato,4,5,3.59,6.61,0.71,0.011
R003,2025-03-07,ING006,Oil,20,30,3.53,7.07,1.43,0.101
R003,2025-03-07,ING007,Flour,10,15,5.04,6.5,1.39,0.193
R003,2025-03-07,ING008,Bread,8,4,2.3,4.09,0.14,0.108
R003,2025-03-07,ING009,Lettuce,2,3,4.88,4.94,0.33,0.132
R003,2025-03-07,ING010,Cheese,4,5,5.83,8.3,1.48,0.091
R003,2025-03-08,ING001,Rice,12,3,7.58,7.92,0.95,0.047
R003,2025-03-08,ING002,Chicken,2,2,3.72,7.08,1.08,0.211
R003,2025-03-08,ING003,Paneer,3,4,4.96,8.31,1.41,0.088
R003,2025-03-08,ING004,Onion,5,7,4.68,8.0,1.82,0.246
R003,2025-03-08,ING005,Tomato,4,5,5.81,9.53,1.3,0.243
R003,2025-03-08,ING006,Oil,20,30,4.87,5.04,0.39,0.126
R003,2025-03-08,ING007,Flour,10,15,5.28,5.79,0.81,0.125
R003,2025-03-08,ING008,Bread,8,4,3.97,7.94,1.27,0.103
R003,2025-03-08,ING009,Lettuce,2,3,1.69,2.24,0.16,0.07
R003,2025-03-08,ING010,Cheese,4,5,5.81,9.34,0.9,0.08
R003,2025-03-09,ING001,Rice,12,3,4.71,8.26,0.95,0.367
R003,2025-03-09,ING002,Chicken,2,2,0.46,4.25,0.45,0.203
R003,2025-03-09,ING003,Paneer,3,4,6.15,8.49,1.74,0.253
R003,2025-03-09,ING004,Onion,5,7,2.28,3.09,0.4,0.288
R003,2025-03-09,ING005,Tomato,4,5,4.67,6.85,1.31,0.152
R003,2025-03-09,ING006,Oil,20,30,3.68,4.46,0.74,0.258
R003,2025-03-09,ING007,Flour,10,15,6.04,8.22,1.24,0.17
R003,2025-03-09,ING008,Bread,8,4,0.64,1.19,0.11,0.239
R003,2025-03-09,ING009,Lettuce,2,3,3.12,5.88,0.66,0.282
R003,2025-03-09,ING010,Cheese,4,5,3.32,6.11,0.29,0.297
R003,2025-03-10,ING001,Rice,12,3,6.72,6.81,1.18,0.233
R003,2025-03-10,ING002,Chicken,2,2,2.41,4.82,0.77,0.097
R003,2025-03-10,ING003,Paneer,3,4,0.77,1.75,0.14,0.209
R003,2025-03-10,ING004,Onion,5,7,2.62,5.28,1.08,0.011
R003,2025-03-10,ING005,Tomato,4,5,3.28,3.68,0.75,0.159
R003,2025-03-10,ING006,Oil,20,30,2.01,3.74,0.45,0.188
R003,2025-03-10,ING007,Flour,10,15,6.07,8.46,1.02,0.057
R003,2025-03-10,ING008,Bread,8,4,3.56,4.75,0.43,0.108
R003,2025-03-10,ING009,Lettuce,2,3,5.24,5.4,0.83,0.039
R003,2025-03-10,ING010,Cheese,4,5,2.15,4.06,0.88,0.149
R003,2025-03-11,ING001,Rice,12,3,3.37,5.53,0.88,0.356
R003,2025-03-11,ING002,Chicken,2,2,2.19,4.27,0.05,0.332
R003,2025-03-11,ING003,Paneer,3,4,3.54,4.68,1.07,0.156
R003,2025-03-11,ING004,Onion,5,7,5.06,7.24,1.1,0.2
R003,2025-03-11,ING005,Tomato,4,5,2.79,4.53,0.0,0.301
R003,2025-03-11,ING006,Oil,20,30,3.25,3.31,0.47,0.222
R003,2025-03-11,ING007,Flour,10,15,2.5,2.96,0.61,0.331
R003,2025-03-11,ING008,Bread,8,4,4.89,5.62,0.73,0.208
R003,2025-03-11,ING009,Lettuce,2,3,4.02,5.1,0.75,0.26
R003,2025-03-11,ING010,Cheese,4,5,4.78,5.57,0.6,0.315
R003,2025-03-12,ING001,Rice,12,3,2.3,3.67,0.21,0.216
R003,2025-03-12,ING002,Chicken,2,2,2.8,6.0,0.94,0.194
R003,2025-03-12,ING003,Paneer,3,4,4.97,6.37,0.9,0.113
R003,2025-03-12,ING004,Onion,5,7,3.43,5.97,0.84,0.159
R003,2025-03-12,ING005,Tomato,4,5,1.57,4.28,0.89,0.116
R003,2025-03-12,ING006,Oil,20,30,5.48,7.93,1.69,0.024
R003,2025-03-12,ING007,Flour,10,15,3.19,6.23,1.41,0.081
R003,2025-03-12,ING008,Bread,8,4,5.14,7.09,0.74,0.19
R003,2025-03-12,ING009,Lettuce,2,3,2.52,5.83,0.92,0.042
R003,2025-03-12,ING010,Cheese,4,5,3.43,6.07,0.53,0.178
R003,2025-03-13,ING001,Rice,12,3,4.22,5.64,0.69,0.17
R003,2025-03-13,ING002,Chicken,2,2,2.61,3.62,0.62,0.279
R003,2025-03-13,ING003,Paneer,3,4,5.73,9.44,1.05,0.187
R003,2025-03-13,ING004,Onion,5,7,4.72,6.02,0.86,0.375
R003,2025-03-13,ING005,Tomato,4,5,5.46,8.58,0.81,0.367
R003,2025-03-13,ING006,Oil,20,30,6.6,10.03,1.45,0.237
R003,2025-03-13,ING007,Flour,10,15,1.19,2.11,0.0,0.39
R003,2025-03-13,ING008,Bread,8,4,6.87,8.52,1.45,0.313
R003,2025-03-13,ING009,Lettuce,2,3,3.42,3.79,1.26,0.363
R003,2025-03-13,ING010,Cheese,4,5,4.16,7.92,1.49,0.323
R003,2025-03-14,ING001,Rice,12,3,3.9,6.78,0.99,0.306
R003,2025-03-14,ING002,Chicken,2,2,4.51,4.56,0.87,0.361
R003,2025-03-14,ING003,Paneer,3,4,1.61,3.92,0.51,0.169
R003,2025-03-14,ING004,Onion,5,7,4.58,7.06,1.06,0.38
R003,2025-03-14,ING005,Tomato,4,5,3.07,5.79,1.11,0.366
R003,2025-03-14,ING006,Oil,20,30,5.04,6.37,0.43,0.39
R003,2025-03-14,ING007,Flour,10,15,0.0,0.02,0.07,0.24
R003,2025-03-14,ING008,Bread,8,4,4.5,7.83,1.1,0.166
R003,2025-03-14,ING009,Lettuce,2,3,4.05,5.17,0.72,0.367
R003,2025-03-14,ING010,Cheese,4,5,4.45,4.62,0.55,0.288
R003,2025-03-15,ING001,Rice,12,3,1.75,4.94,1.05,0.132
R003,2025-03-15,ING002,Chicken,2,2,4.57,6.84,0.29,0.134
R003,2025-03-15,ING003,Paneer,3,4,1.23,3.29,0.89,0.008
R003,2025-03-15,ING004,Onion,5,7,3.24,4.14,0.63,0.063
R003,2025-03-15,ING005,Tomato,4,5,2.55,2.85,1.24,0.016
R003,2025-03-15,ING006,Oil,20,30,3.91,4.94,0.59,0.134
R003,2025-03-15,ING007,Flour,10,15,5.52,7.85,0.83,0.138
R003,2025-03-15,ING008,Bread,8,4,5.75,8.38,1.19,0.23
R003,2025-03-15,ING009,Lettuce,2,3,5.17,5.46,0.89,0.045
R003,2025-03-15,ING010,Cheese,4,5,3.66,6.96,0.58,0.028
R003,2025-03-16,ING001,Rice,12,3,3.63,4.11,0.0,0.244
R003,2025-03-16,ING002,Chicken,2,2,3.53,4.95,0.06,0.029
R003,2025-03-16,ING003,Paneer,3,4,4.67,6.36,0.53,0.048
R003,2025-03-16,ING004,Onion,5,7,4.7,7.02,0.75,0.124
R003,2025-03-16,ING005,Tomato,4,5,4.0,7.37,0.97,0.095
R003,2025-03-16,ING006,Oil,20,30,5.11,7.94,1.26,0.14
R003,2025-03-16,ING007,Flour,10,15,4.47,8.42,1.12,0.248
R003,2025-03-16,ING008,Bread,8,4,3.98,7.81,0.67,0.166
R003,2025-03-16,ING009,Lettuce,2,3,6.62,10.55,1.32,0.103
R003,2025-03-16,ING010,Cheese,4,5,4.88,5.54,0.45,0.131
R003,2025-03-17,ING001,Rice,12,3,3.75,6.69,0.59,0.386
R003,2025-03-17,ING002,Chicken,2,2,2.6,4.54,1.12,0.38
R003,2025-03-17,ING003,Paneer,3,4,3.44,3.99,0.79,0.322
R003,2025-03-17,ING004,Onion,5,7,3.92,5.02,0.41,0.392
R003,2025-03-17,ING005,Tomato,4,5,4.27,4.81,0.49,0.277
R003,2025-03-17,ING006,Oil,20,30,3.11,5.55,0.8,0.354
R003,2025-03-17,ING007,Flour,10,15,1.54,4.67,0.88,0.308
R003,2025-03-17,ING008,Bread,8,4,3.27,4.83,0.95,0.361
R003,2025-03-17,ING009,Lettuce,2,3,5.13,6.06,0.83,0.217
R003,2025-03-17,ING010,Cheese,4,5,4.17,5.64,0.95,0.384
R003,2025-03-18,ING001,Rice,12,3,2.28,5.44,0.75,0.37
R003,2025-03-18,ING002,Chicken,2,2,2.13,6.03,1.25,0.158
R003,2025-03-18,ING003,Paneer,3,4,1.43,2.44,0.33,0.151
R003,2025-03-18,ING004,Onion,5,7,2.28,2.56,0.39,0.313
R003,2025-03-18,ING005,Tomato,4,5,2.49,4.52,0.66,0.37
R003,2025-03-18,ING006,Oil,20,30,2.28,4.49,0.46,0.332
R003,2025-03-18,ING007,Flour,10,15,1.55,5.42,0.43,0.361
R003,2025-03-18,ING008,Bread,8,4,3.64,4.51,0.84,0.22
R003,2025-03-18,ING009,Lettuce,2,3,0.31,0.37,0.0,0.284
R003,2025-03-18,ING010,Cheese,4,5,1.68,3.65,0.99,0.259
R003,2025-03-19,ING001,Rice,12,3,2.57,6.22,0.64,0.157
R003,2025-03-19,ING002,Chicken,2,2,4.24,7.62,0.89,0.239
R003,2025-03-19,ING003,Paneer,3,4,2.2,6.1,0.47,0.239
R003,2025-03-19,ING004,Onion,5,7,2.9,5.58,1.04,0.39
R003,2025-03-19,ING005,Tomato,4,5,4.93,5.69,0.76,0.288
R003,2025-03-19,ING006,Oil,20,30,6.1,6.5,1.1,0.258
R003,2025-03-19,ING007,Flour,10,15,5.32,9.22,1.19,0.371
R003,2025-03-19,ING008,Bread,8,4,3.1,3.82,0.5,0.385
R003,2025-03-19,ING009,Lettuce,2,3,3.08,3.96,0.0,0.314
R003,2025-03-19,ING010,Cheese,4,5,3.66,3.75,0.65,0.371
R003,2025-03-20,ING001,Rice,12,3,1.1,4.01,0.42,0.16
R003,2025-03-20,ING002,Chicken,2,2,3.63,6.79,0.9,0.021
R003,2025-03-20,ING003,Paneer,3,4,2.56,5.45,0.71,0.001
R003,2025-03-20,ING004,Onion,5,7,0.0,3.33,0.47,0.116
R003,2025-03-20,ING005,Tomato,4,5,1.68,5.09,1.03,0.197
R003,2025-03-20,ING006,Oil,20,30,1.09,2.13,0.41,0.235
R003,2025-03-20,ING007,Flour,10,15,2.28,2.34,0.36,0.154
R003,2025-03-20,ING008,Bread,8,4,5.11,8.02,1.59,0.03
R003,2025-03-20,ING009,Lettuce,2,3,4.64,6.76,1.47,0.016
R003,2025-03-20,ING010,Cheese,4,5,6.67,8.41,1.53,0.153
R003,2025-03-21,ING001,Rice,12,3,2.11,5.43,0.75,0.338
R003,2025-03-21,ING002,Chicken,2,2,1.85,2.48,0.31,0.162
R003,2025-03-21,ING003,Paneer,3,4,2.58,2.98,0.09,0.35
R003,2025-03-21,ING004,Onion,5,7,1.69,5.28,1.37,0.314
R003,2025-03-21,ING005,Tomato,4,5,0.0,3.38,0.55,0.255
R003,2025-03-21,ING006,Oil,20,30,3.18,3.63,0.52,0.332
R003,2025-03-21,ING007,Flour,10,15,3.21,3.45,1.06,0.376
R003,2025-03-21,ING008,Bread,8,4,2.64,6.03,1.01,0.294
R003,2025-03-21,ING009,Lettuce,2,3,1.7,1.86,0.3,0.217
R003,2025-03-21,ING010,Cheese,4,5,1.59,2.48,0.73,0.197
R003,2025-03-22,ING001,Rice,12,3,3.99,4.27,1.05,0.378
R003,2025-03-22,ING002,Chicken,2,2,4.35,4.41,1.26,0.385
R003,2025-03-22,ING003,Paneer,3,4,5.05,5.11,0.94,0.366
R003,2025-03-22,ING004,Onion,5,7,0.67,0.69,0.0,0.354
R003,2025-03-22,ING005,Tomato,4,5,4.72,5.41,0.65,0.342
R003,2025-03-22,ING006,Oil,20,30,1.77,5.39,0.56,0.386
R003,2025-03-22,ING007,Flour,10,15,1.7,3.45,0.29,0.252
R003,2025-03-22,ING008,Bread,8,4,5.74,8.53,1.14,0.221
R003,2025-03-22,ING009,Lettuce,2,3,5.01,7.84,1.18,0.263
R003,2025-03-22,ING010,Cheese,4,5,3.42,3.88,0.38,0.355
R003,2025-03-23,ING001,Rice,12,3,6.08,8.58,0.54,0.121
R003,2025-03-23,ING002,Chicken,2,2,5.27,9.11,1.6,0.081
R003,2025-03-23,ING003,Paneer,3,4,4.97,5.23,1.02,0.231
R003,2025-03-23,ING004,Onion,5,7,5.57,8.02,0.52,0.095
R003,2025-03-23,ING005,Tomato,4,5,1.69,3.47,0.29,0.126
R003,2025-03-23,ING006,Oil,20,30,4.97,7.71,1.24,0.201
R003,2025-03-23,ING007,Flour,10,15,2.78,6.52,0.0,0.181
R003,2025-03-23,ING008,Bread,8,4,6.42,8.19,1.9,0.181
R003,2025-03-23,ING009,Lettuce,2,3,5.57,5.6,0.91,0.017
R003,2025-03-23,ING010,Cheese,4,5,4.99,8.08,1.01,0.126
R003,2025-03-24,ING001,Rice,12,3,3.44,4.9,0.61,0.029
R003,2025-03-24,ING002,Chicken,2,2,2.28,5.12,0.26,0.069
R003,2025-03-24,ING003,Paneer,3,4,3.08,6.25,0.64,0.067
R003,2025-03-24,ING004,Onion,5,7,4.49,5.96,1.24,0.113
R003,2025-03-24,ING005,Tomato,4,5,4.42,7.74,1.02,0.178
R003,2025-03-24,ING006,Oil,20,30,3.05,4.4,0.31,0.166
R003,2025-03-24,ING007,Flour,10,15,4.51,8.44,1.54,0.026
R003,2025-03-24,ING008,Bread,8,4,1.19,2.65,0.31,0.093
R003,2025-03-24,ING009,Lettuce,2,3,7.55,8.34,1.08,0.203
R003,2025-03-24,ING010,Cheese,4,5,3.54,4.59,0.88,0.211
R003,2025-03-25,ING001,Rice,12,3,2.32,6.19,1.1,0.036
R003,2025-03-25,ING002,Chicken,2,2,3.28,6.16,0.74,0.246
R003,2025-03-25,ING003,Paneer,3,4,2.89,3.74,0.48,0.232
R003,2025-03-25,ING004,Onion,5,7,3.04,3.06,0.82,0.183
R003,2025-03-25,ING005,Tomato,4,5,2.46,6.31,1.06,0.2
R003,2025-03-25,ING006,Oil,20,30,2.86,3.55,0.52,0.007
R003,2025-03-25,ING007,Flour,10,15,2.61,4.8,0.9,0.125
R003,2025-03-25,ING008,Bread,8,4,0.0,0.55,0.27,0.132
R003,2025-03-25,ING009,Lettuce,2,3,3.33,6.4,1.03,0.246
R003,2025-03-25,ING010,Cheese,4,5,4.06,8.05,0.71,0.042
R003,2025-03-26,ING001,Rice,12,3,0.0,0.82,0.47,0.092
R003,2025-03-26,ING002,Chicken,2,2,3.06,5.06,0.67,0.249
R003,2025-03-26,ING003,Paneer,3,4,5.44,6.73,0.42,0.249
R003,2025-03-26,ING004,Onion,5,7,4.16,7.35,0.87,0.135
R003,2025-03-26,ING005,Tomato,4,5,3.94,6.41,1.12,0.094
R003,2025-03-26,ING006,Oil,20,30,3.26,6.36,1.52,0.153
R003,2025-03-26,ING007,Flour,10,15,3.19,3.4,0.52,0.006
R003,2025-03-26,ING008,Bread,8,4,3.57,5.48,1.06,0.096
R003,2025-03-26,ING009,Lettuce,2,3,2.14,2.91,0.72,0.091
R003,2025-03-26,ING010,Cheese,4,5,7.04,7.56,0.72,0.13
R003,2025-03-27,ING001,Rice,12,3,3.46,4.93,0.35,0.399
R003,2025-03-27,ING002,Chicken,2,2,0.0,3.98,0.69,0.33
R003,2025-03-27,ING003,Paneer,3,4,2.38,4.53,1.01,0.321
R003,2025-03-27,ING004,Onion,5,7,1.55,3.78,0.88,0.269
R003,2025-03-27,ING005,Tomato,4,5,3.36,4.67,0.89,0.166
R003,2025-03-27,ING006,Oil,20,30,2.85,5.38,0.84,0.171
R003,2025-03-27,ING007,Flour,10,15,0.95,4.18,0.63,0.385
R003,2025-03-27,ING008,Bread,8,4,0.5,4.35,0.63,0.35
R003,2025-03-27,ING009,Lettuce,2,3,0.76,3.02,0.76,0.35
R003,2025-03-27,ING010,Cheese,4,5,2.39,5.84,0.63,0.399
R003,2025-03-28,ING001,Rice,12,3,2.06,5.46,0.74,0.399
R003,2025-03-28,ING002,Chicken,2,2,2.94,6.47,1.44,0.165
R003,2025-03-28,ING003,Paneer,3,4,3.27,6.41,1.08,0.37
R003,2025-03-28,ING004,Onion,5,7,3.06,6.85,1.08,0.236
R003,2025-03-28,ING005,Tomato,4,5,3.79,5.15,1.11,0.189
R003,2025-03-28,ING006,Oil,20,30,4.86,6.42,0.54,0.377
R003,2025-03-28,ING007,Flour,10,15,2.12,5.27,0.7,0.377
R003,2025-03-28,ING008,Bread,8,4,4.72,6.47,1.06,0.174
R003,2025-03-28,ING009,Lettuce,2,3,2.93,5.24,0.43,0.247
R003,2025-03-28,ING010,Cheese,4,5,4.39,7.97,1.55,0.181
R003,2025-03-29,ING001,Rice,12,3,6.58,10.37,1.42,0.31
R003,2025-03-29,ING002,Chicken,2,2,3.83,6.93,1.17,0.333
R003,2025-03-29,ING003,Paneer,3,4,6.0,9.04,1.43,0.2
R003,2025-03-29,ING004,Onion,5,7,2.36,3.32,0.48,0.212
R003,2025-03-29,ING005,Tomato,4,5,4.72,8.58,1.41,0.183
R003,2025-03-29,ING006,Oil,20,30,4.69,5.46,0.67,0.187
R003,2025-03-29,ING007,Flour,10,15,2.71,5.55,0.61,0.262
R003,2025-03-29,ING008,Bread,8,4,5.16,9.06,1.75,0.351
R003,2025-03-29,ING009,Lettuce,2,3,2.68,4.21,0.69,0.337
R003,2025-03-29,ING010,Cheese,4,5,1.86,3.61,0.15,0.29
R003,2025-03-30,ING001,Rice,12,3,2.45,4.32,0.8,0.194
R003,2025-03-30,ING002,Chicken,2,2,4.54,7.1,0.98,0.276
R003,2025-03-30,ING003,Paneer,3,4,6.42,7.06,0.97,0.292
R003,2025-03-30,ING004,Onion,5,7,5.05,6.13,0.82,0.185
R003,2025-03-30,ING005,Tomato,4,5,2.15,4.92,0.55,0.239
R003,2025-03-30,ING006,Oil,20,30,4.7,5.63,0.96,0.184
R003,2025-03-30,ING007,Flour,10,15,3.73,7.1,1.18,0.215
R003,2025-03-30,ING008,Bread,8,4,4.16,7.49,1.24,0.162
R003,2025-03-30,ING009,Lettuce,2,3,4.35,4.58,0.86,0.277
R003,2025-03-30,ING010,Cheese,4,5,2.04,4.65,1.36,0.337
R003,2025-03-31,ING001,Rice,12,3,4.39,4.61,0.42,0.092
R003,2025-03-31,ING002,Chicken,2,2,5.8,9.51,1.36,0.242
R003,2025-03-31,ING003,Paneer,3,4,3.71,6.83,1.37,0.204
R003,2025-03-31,ING004,Onion,5,7,4.12,5.65,0.64,0.25
R003,2025-03-31,ING005,Tomato,4,5,4.34,8.17,1.02,0.082
R003,2025-03-31,ING006,Oil,20,30,6.12,8.79,1.21,0.043
R003,2025-03-31,ING007,Flour,10,15,4.6,7.58,1.34,0.207
R003,2025-03-31,ING008,Bread,8,4,3.25,3.54,0.62,0.17
R003,2025-03-31,ING009,Lettuce,2,3,2.55,6.03,1.2,0.192
R003,2025-03-31,ING010,Cheese,4,5,4.55,8.26,1.08,0.132
R004,2025-01-01,ING001,Rice,12,3,1.66,5.01,1.12,0.228
R004,2025-01-01,ING002,Chicken,2,2,1.47,4.06,0.7,0.186
R004,2025-01-01,ING003,Paneer,3,4,3.86,5.27,0.81,0.148
R004,2025-01-01,ING004,Onion,5,7,0.37,0.99,0.36,0.04
R004,2025-01-01,ING005,Tomato,4,5,3.34,4.83,0.53,0.02
R004,2025-01-01,ING006,Oil,20,30,3.63,5.29,0.54,0.028
R004,2025-01-01,ING007,Flour,10,15,3.79,5.58,0.78,0.121
R004,2025-01-01,ING008,Bread,8,4,2.46,6.38,0.68,0.003
R004,2025-01-01,ING009,Lettuce,2,3,4.93,5.02,0.71,0.084
R004,2025-01-01,ING010,Cheese,4,5,3.41,5.39,0.34,0.146
R004,2025-01-02,ING001,Rice,12,3,1.02,4.4,0.79,0.357
R004,2025-01-02,ING002,Chicken,2,2,0.82,3.65,0.82,0.38
R004,2025-01-02,ING003,Paneer,3,4,0.69,3.45,1.11,0.4
R004,2025-01-02,ING004,Onion,5,7,1.4,3.79,0.85,0.371
R004,2025-01-02,ING005,Tomato,4,5,1.72,4.37,0.49,0.32
R004,2025-01-02,ING006,Oil,20,30,2.73,3.88,0.44,0.278
R004,2025-01-02,ING007,Flour,10,15,2.46,5.11,0.94,0.33
R004,2025-01-02,ING008,Bread,8,4,4.43,6.97,0.95,0.33
R004,2025-01-02,ING009,Lettuce,2,3,5.3,8.27,1.8,0.31
R004,2025-01-02,ING010,Cheese,4,5,2.84,3.77,0.49,0.253
R004,2025-01-03,ING001,Rice,12,3,3.36,6.88,1.32,0.241
R004,2025-01-03,ING002,Chicken,2,2,1.88,3.51,0.44,0.347
R004,2025-01-03,ING003,Paneer,3,4,2.41,2.7,0.78,0.208
R004,2025-01-03,ING004,Onion,5,7,0.66,1.92,0.22,0.258
R004,2025-01-03,ING005,Tomato,4,5,0.0,3.85,0.4,0.302
R004,2025-01-03,ING006,Oil,20,30,0.39,0.91,0.0,0.288
R004,2025-01-03,ING007,Flour,10,15,0.0,1.05,0.0,0.241
R004,2025-01-03,ING008,Bread,8,4,4.53,4.68,0.36,0.226
R004,2025-01-03,ING009,Lettuce,2,3,2.81,6.15,1.57,0.24
R004,2025-01-03,ING010,Cheese,4,5,3.66,5.31,0.96,0.316
R004,2025-01-04,ING001,Rice,12,3,3.38,5.26,0.9,0.202
R004,2025-01-04,ING002,Chicken,2,2,3.71,5.89,1.03,0.299
R004,2025-01-04,ING003,Paneer,3,4,2.92,3.52,0.54,0.234
R004,2025-01-04,ING004,Onion,5,7,2.3,2.83,0.48,0.286
R004,2025-01-04,ING005,Tomato,4,5,2.93,6.83,1.05,0.296
R004,2025-01-04,ING006,Oil,20,30,1.04,1.38,0.01,0.153
R004,2025-01-04,ING007,Flour,10,15,0.0,3.18,0.42,0.298
R004,2025-01-04,ING008,Bread,8,4,1.37,1.59,0.0,0.195
R004,2025-01-04,ING009,Lettuce,2,3,3.32,4.57,0.38,0.198
R004,2025-01-04,ING010,Cheese,4,5,2.05,4.28,0.75,0.34
R004,2025-01-05,ING001,Rice,12,3,0.84,3.33,0.39,0.27
R004,2025-01-05,ING002,Chicken,2,2,0.32,1.85,0.47,0.386
R004,2025-01-05,ING003,Paneer,3,4,4.97,6.9,1.33,0.239
R004,2025-01-05,ING004,Onion,5,7,0.44,3.12,0.27,0.168
R004,2025-01-05,ING005,Tomato,4,5,0.0,3.83,0.83,0.182
R004,2025-01-05,ING006,Oil,20,30,0.39,4.15,0.59,0.165
R004,2025-01-05,ING007,Flour,10,15,0.0,3.35,0.39,0.253
R004,2025-01-05,ING008,Bread,8,4,2.1,4.96,0.79,0.346
R004,2025-01-05,ING009,Lettuce,2,3,2.68,3.41,0.96,0.235
R004,2025-01-05,ING010,Cheese,4,5,3.51,6.84,1.32,0.351
R004,2025-01-06,ING001,Rice,12,3,0.0,0.6,0.28,0.118
R004,2025-01-06,ING002,Chicken,2,2,3.09,4.05,0.06,0.2
R004,2025-01-06,ING003,Paneer,3,4,3.04,5.43,1.28,0.031
R004,2025-01-06,ING004,Onion,5,7,1.88,5.78,1.11,0.038
R004,2025-01-06,ING005,Tomato,4,5,0.96,4.11,0.7,0.198
R004,2025-01-06,ING006,Oil,20,30,1.38,4.56,0.56,0.112
R004,2025-01-06,ING007,Flour,10,15,4.89,8.62,1.31,0.141
R004,2025-01-06,ING008,Bread,8,4,2.73,6.11,1.18,0.172
R004,2025-01-06,ING009,Lettuce,2,3,2.62,5.9,1.12,0.164
R004,2025-01-06,ING010,Cheese,4,5,3.67,6.73,0.87,0.044
R004,2025-01-07,ING001,Rice,12,3,0.44,0.83,0.86,0.088
R004,2025-01-07,ING002,Chicken,2,2,2.89,6.72,1.31,0.196
R004,2025-01-07,ING003,Paneer,3,4,5.32,6.39,1.36,0.17
R004,2025-01-07,ING004,Onion,5,7,4.79,5.3,0.91,0.074
R004,2025-01-07,ING005,Tomato,4,5,2.72,4.92,0.12,0.078
R004,2025-01-07,ING006,Oil,20,30,3.81,7.7,0.86,0.05
R004,2025-01-07,ING007,Flour,10,15,4.49,8.17,1.28,0.189
R004,2025-01-07,ING008,Bread,8,4,4.25,7.55,1.02,0.173
R004,2025-01-07,ING009,Lettuce,2,3,0.98,1.12,0.21,0.03
R004,2025-01-07,ING010,Cheese,4,5,0.69,4.37,0.83,0.185
R004,2025-01-08,ING001,Rice,12,3,3.99,7.18,1.09,0.166
R004,2025-01-08,ING002,Chicken,2,2,1.18,3.15,0.83,0.255
R004,2025-01-08,ING003,Paneer,3,4,0.0,2.22,0.36,0.203
R004,2025-01-08,ING004,Onion,5,7,2.09,5.4,0.94,0.351
R004,2025-01-08,ING005,Tomato,4,5,2.06,5.87,1.16,0.255
R004,2025-01-08,ING006,Oil,20,30,0.82,4.29,1.0,0.362
R004,2025-01-08,ING007,Flour,10,15,2.34,3.9,0.44,0.276
R004,2025-01-08,ING008,Bread,8,4,3.11,6.36,1.22,0.368
R004,2025-01-08,ING009,Lettuce,2,3,2.21,5.47,0.79,0.334
R004,2025-01-08,ING010,Cheese,4,5,1.34,3.75,0.04,0.298
R004,2025-01-09,ING001,Rice,12,3,1.48,1.56,0.87,0.35
R004,2025-01-09,ING002,Chicken,2,2,2.92,3.81,0.66,0.229
R004,2025-01-09,ING003,Paneer,3,4,2.64,6.38,0.67,0.164
R004,2025-01-09,ING004,Onion,5,7,1.15,4.07,0.86,0.267
R004,2025-01-09,ING005,Tomato,4,5,1.9,5.17,0.94,0.218
R004,2025-01-09,ING006,Oil,20,30,1.44,2.74,0.36,0.184
R004,2025-01-09,ING007,Flour,10,15,3.62,6.95,1.09,0.363
R004,2025-01-09,ING008,Bread,8,4,2.2,5.05,0.73,0.227
R004,2025-01-09,ING009,Lettuce,2,3,1.28,2.52,0.3,0.225
R004,2025-01-09,ING010,Cheese,4,5,1.91,2.68,0.76,0.238
R004,2025-01-10,ING001,Rice,12,3,4.01,4.79,0.77,0.011
R004,2025-01-10,ING002,Chicken,2,2,2.97,5.93,0.65,0.052
R004,2025-01-10,ING003,Paneer,3,4,3.81,5.32,0.86,0.048
R004,2025-01-10,ING004,Onion,5,7,3.5,5.68,0.56,0.018
R004,2025-01-10,ING005,Tomato,4,5,5.42,6.76,0.98,0.172
R004,2025-01-10,ING006,Oil,20,30,6.1,10.07,1.46,0.046
R004,2025-01-10,ING007,Flour,10,15,0.6,2.53,0.55,0.011
R004,2025-01-10,ING008,Bread,8,4,1.64,5.59,0.16,0.246
R004,2025-01-10,ING009,Lettuce,2,3,1.24,3.24,0.35,0.019
R004,2025-01-10,ING010,Cheese,4,5,3.21,6.2,1.17,0.096
R004,2025-01-11,ING001,Rice,12,3,6.63,9.03,1.98,0.283
R004,2025-01-11,ING002,Chicken,2,2,0.01,0.98,0.17,0.227
R004,2025-01-11,ING003,Paneer,3,4,4.32,5.65,0.97,0.178
R004,2025-01-11,ING004,Onion,5,7,3.74,5.87,0.72,0.357
R004,2025-01-11,ING005,Tomato,4,5,2.58,5.3,0.73,0.155
R004,2025-01-11,ING006,Oil,20,30,4.75,7.16,1.4,0.356
R004,2025-01-11,ING007,Flour,10,15,0.0,2.95,0.35,0.349
R004,2025-01-11,ING008,Bread,8,4,3.16,6.98,0.81,0.322
R004,2025-01-11,ING009,Lettuce,2,3,3.75,6.27,1.12,0.176
R004,2025-01-11,ING010,Cheese,4,5,2.56,2.98,0.64,0.374
R004,2025-01-12,ING001,Rice,12,3,5.88,5.91,1.16,0.231
R004,2025-01-12,ING002,Chicken,2,2,2.69,4.61,0.85,0.241
R004,2025-01-12,ING003,Paneer,3,4,3.38,6.18,0.8,0.168
R004,2025-01-12,ING004,Onion,5,7,4.58,5.54,1.53,0.11
R004,2025-01-12,ING005,Tomato,4,5,2.29,2.45,0.47,0.206
R004,2025-01-12,ING006,Oil,20,30,3.4,5.86,1.1,0.003
R004,2025-01-12,ING007,Flour,10,15,1.65,4.87,1.12,0.091
R004,2025-01-12,ING008,Bread,8,4,3.99,5.46,0.15,0.125
R004,2025-01-12,ING009,Lettuce,2,3,2.23,5.73,1.24,0.173
R004,2025-01-12,ING010,Cheese,4,5,2.74,4.16,0.26,0.22
R004,2025-01-13,ING001,Rice,12,3,0.48,2.0,0.03,0.349
R004,2025-01-13,ING002,Chicken,2,2,0.0,2.4,0.64,0.313
R004,2025-01-13,ING003,Paneer,3,4,0.0,3.63,0.56,0.242
R004,2025-01-13,ING004,Onion,5,7,0.67,3.56,0.58,0.215
R004,2025-01-13,ING005,Tomato,4,5,3.03,4.18,0.61,0.289
R004,2025-01-13,ING006,Oil,20,30,3.45,7.11,1.5,0.244
R004,2025-01-13,ING007,Flour,10,15,0.22,4.06,0.54,0.198
R004,2025-01-13,ING008,Bread,8,4,3.31,4.06,0.23,0.227
R004,2025-01-13,ING009,Lettuce,2,3,5.05,8.2,1.15,0.178
R004,2025-01-13,ING010,Cheese,4,5,5.32,8.9,0.91,0.34
R004,2025-01-14,ING001,Rice,12,3,0.25,3.11,0.66,0.121
R004,2025-01-14,ING002,Chicken,2,2,0.27,3.66,0.69,0.06
R004,2025-01-14,ING003,Paneer,3,4,0.66,2.27,0.0,0.208
R004,2025-01-14,ING004,Onion,5,7,2.98,3.3,0.79,0.091
R004,2025-01-14,ING005,Tomato,4,5,0.98,4.61,0.82,0.071
R004,2025-01-14,ING006,Oil,20,30,2.39,4.69,0.47,0.061
R004,2025-01-14,ING007,Flour,10,15,0.19,0.62,0.3,0.18
R004,2025-01-14,ING008,Bread,8,4,4.77,7.19,1.01,0.005
R004,2025-01-14,ING009,Lettuce,2,3,0.0,0.42,0.0,0.059
R004,2025-01-14,ING010,Cheese,4,5,2.26,5.44,0.37,0.052
R004,2025-01-15,ING001,Rice,12,3,1.07,2.62,0.36,0.172
R004,2025-01-15,ING002,Chicken,2,2,3.06,5.28,0.41,0.291
R004,2025-01-15,ING003,Paneer,3,4,2.54,2.56,0.58,0.164
R004,2025-01-15,ING004,Onion,5,7,0.48,4.39,0.69,0.286
R004,2025-01-15,ING005,Tomato,4,5,1.94,2.63,0.09,0.156
R004,2025-01-15,ING006,Oil,20,30,0.86,2.7,0.13,0.336
R004,2025-01-15,ING007,Flour,10,15,1.49,2.14,0.17,0.394
R004,2025-01-15,ING008,Bread,8,4,4.19,7.12,1.15,0.228
R004,2025-01-15,ING009,Lettuce,2,3,2.7,5.59,0.86,0.363
R004,2025-01-15,ING010,Cheese,4,5,2.47,4.84,0.84,0.326
R004,2025-01-16,ING001,Rice,12,3,1.49,3.83,0.21,0.217
R004,2025-01-16,ING002,Chicken,2,2,1.97,4.29,0.8,0.373
R004,2025-01-16,ING003,Paneer,3,4,1.44,2.51,0.74,0.211
R004,2025-01-16,ING004,Onion,5,7,4.03,4.17,0.39,0.157
R004,2025-01-16,ING005,Tomato,4,5,0.75,2.64,0.65,0.249
R004,2025-01-16,ING006,Oil,20,30,0.0,0.43,0.22,0.324
R004,2025-01-16,ING007,Flour,10,15,2.35,4.24,0.15,0.343
R004,2025-01-16,ING008,Bread,8,4,1.07,3.74,0.28,0.227
R004,2025-01-16,ING009,Lettuce,2,3,1.71,5.16,0.56,0.174
R004,2025-01-16,ING010,Cheese,4,5,1.0,3.66,0.61,0.273
R004,2025-01-17,ING001,Rice,12,3,0.0,3.26,0.44,0.105
R004,2025-01-17,ING002,Chicken,2,2,1.12,3.08,0.15,0.226
R004,2025-01-17,ING003,Paneer,3,4,2.75,6.3,0.64,0.232
R004,2025-01-17,ING004,Onion,5,7,3.7,4.64,1.28,0.23
R004,2025-01-17,ING005,Tomato,4,5,2.7,5.66,1.43,0.139
R004,2025-01-17,ING006,Oil,20,30,2.45,2.6,0.34,0.068
R004,2025-01-17,ING007,Flour,10,15,1.19,1.98,0.28,0.009
R004,2025-01-17,ING008,Bread,8,4,3.21,5.55,0.91,0.225
R004,2025-01-17,ING009,Lettuce,2,3,2.5,4.99,0.68,0.222
R004,2025-01-17,ING010,Cheese,4,5,1.01,1.77,0.01,0.091
R004,2025-01-18,ING001,Rice,12,3,1.33,2.04,0.53,0.153
R004,2025-01-18,ING002,Chicken,2,2,1.96,2.36,0.64,0.03
R004,2025-01-18,ING003,Paneer,3,4,2.08,6.08,0.5,0.118
R004,2025-01-18,ING004,Onion,5,7,0.91,4.65,0.66,0.202
R004,2025-01-18,ING005,Tomato,4,5,5.67,8.65,1.04,0.056
R004,2025-01-18,ING006,Oil,20,30,5.16,5.86,1.13,0.099
R004,2025-01-18,ING007,Flour,10,15,3.41,5.58,1.0,0.044
R004,2025-01-18,ING008,Bread,8,4,4.99,6.98,0.83,0.152
R004,2025-01-18,ING009,Lettuce,2,3,3.28,4.46,0.3,0.113
R004,2025-01-18,ING010,Cheese,4,5,1.03,4.15,0.81,0.035
R004,2025-01-19,ING001,Rice,12,3,1.93,5.29,0.6,0.183
R004,2025-01-19,ING002,Chicken,2,2,2.64,3.96,0.5,0.034
R004,2025-01-19,ING003,Paneer,3,4,0.0,2.89,0.5,0.075
R004,2025-01-19,ING004,Onion,5,7,0.0,2.06,0.6,0.199
R004,2025-01-19,ING005,Tomato,4,5,2.8,4.97,0.63,0.085
R004,2025-01-19,ING006,Oil,20,30,0.58,4.13,0.69,0.175
R004,2025-01-19,ING007,Flour,10,15,2.54,3.87,0.56,0.041
R004,2025-01-19,ING008,Bread,8,4,2.84,6.5,1.14,0.114
R004,2025-01-19,ING009,Lettuce,2,3,3.05,5.83,1.31,0.086
R004,2025-01-19,ING010,Cheese,4,5,3.53,7.17,1.13,0.017
R004,2025-01-20,ING001,Rice,12,3,2.01,3.66,0.26,0.31
R004,2025-01-20,ING002,Chicken,2,2,1.33,4.85,0.93,0.167
R004,2025-01-20,ING003,Paneer,3,4,0.94,3.8,0.62,0.381
R004,2025-01-20,ING004,Onion,5,7,1.05,1.88,0.15,0.283
R004,2025-01-20,ING005,Tomato,4,5,5.61,9.36,1.81,0.375
R004,2025-01-20,ING006,Oil,20,30,1.96,4.6,0.83,0.295
R004,2025-01-20,ING007,Flour,10,15,1.93,5.28,0.35,0.379
R004,2025-01-20,ING008,Bread,8,4,0.15,1.9,0.69,0.219
R004,2025-01-20,ING009,Lettuce,2,3,3.66,4.26,0.65,0.215
R004,2025-01-20,ING010,Cheese,4,5,0.59,4.36,0.16,0.251
R004,2025-01-21,ING001,Rice,12,3,6.79,8.18,0.93,0.319
R004,2025-01-21,ING002,Chicken,2,2,1.46,4.59,0.81,0.197
R004,2025-01-21,ING003,Paneer,3,4,2.07,5.88,0.37,0.294
R004,2025-01-21,ING004,Onion,5,7,3.22,4.58,0.4,0.302
R004,2025-01-21,ING005,Tomato,4,5,2.99,4.5,0.46,0.391
R004,2025-01-21,ING006,Oil,20,30,1.71,3.37,0.41,0.211
R004,2025-01-21,ING007,Flour,10,15,2.28,2.5,0.46,0.347
R004,2025-01-21,ING008,Bread,8,4,3.73,6.56,0.82,0.318
R004,2025-01-21,ING009,Lettuce,2,3,3.05,6.34,0.71,0.288
R004,2025-01-21,ING010,Cheese,4,5,2.6,3.48,0.82,0.189
R004,2025-01-22,ING001,Rice,12,3,3.2,4.73,0.8,0.289
R004,2025-01-22,ING002,Chicken,2,2,1.07,2.84,0.12,0.185
R004,2025-01-22,ING003,Paneer,3,4,2.91,5.73,1.12,0.254
R004,2025-01-22,ING004,Onion,5,7,3.75,5.65,1.04,0.166
R004,2025-01-22,ING005,Tomato,4,5,1.52,3.59,0.62,0.239
R004,2025-01-22,ING006,Oil,20,30,1.89,2.93,0.38,0.217
R004,2025-01-22,ING007,Flour,10,15,0.06,0.84,0.0,0.388
R004,2025-01-22,ING008,Bread,8,4,2.97,2.97,0.22,0.34
R004,2025-01-22,ING009,Lettuce,2,3,1.39,4.91,0.28,0.335
R004,2025-01-22,ING010,Cheese,4,5,0.0,2.34,0.13,0.266
R004,2025-01-23,ING001,Rice,12,3,2.64,3.59,1.0,0.149
R004,2025-01-23,ING002,Chicken,2,2,0.0,1.97,0.13,0.04
R004,2025-01-23,ING003,Paneer,3,4,0.0,2.14,0.63,0.171
R004,2025-01-23,ING004,Onion,5,7,0.0,2.32,0.31,0.227
R004,2025-01-23,ING005,Tomato,4,5,1.5,1.53,0.0,0.088
R004,2025-01-23,ING006,Oil,20,30,2.78,2.89,0.56,0.224
R004,2025-01-23,ING007,Flour,10,15,0.93,2.24,0.8,0.188
R004,2025-01-23,ING008,Bread,8,4,0.0,0.01,0.0,0.066
R004,2025-01-23,ING009,Lettuce,2,3,2.05,3.26,0.21,0.21
R004,2025-01-23,ING010,Cheese,4,5,1.72,3.69,0.92,0.084
R004,2025-01-24,ING001,Rice,12,3,0.95,0.99,0.0,0.15
R004,2025-01-24,ING002,Chicken,2,2,3.03,6.97,0.92,0.217
R004,2025-01-24,ING003,Paneer,3,4,3.77,4.83,1.02,0.248
R004,2025-01-24,ING004,Onion,5,7,3.72,5.52,1.16,0.058
R004,2025-01-24,ING005,Tomato,4,5,4.11,4.75,1.06,0.056
R004,2025-01-24,ING006,Oil,20,30,5.59,7.3,0.91,0.04
R004,2025-01-24,ING007,Flour,10,15,2.74,4.01,0.64,0.125
R004,2025-01-24,ING008,Bread,8,4,2.64,4.35,0.3,0.136
R004,2025-01-24,ING009,Lettuce,2,3,1.35,1.89,0.16,0.139
R004,2025-01-24,ING010,Cheese,4,5,2.37,2.6,0.69,0.199
R004,2025-01-25,ING001,Rice,12,3,1.72,5.56,0.89,0.113
R004,2025-01-25,ING002,Chicken,2,2,0.73,2.99,0.39,0.142
R004,2025-01-25,ING003,Paneer,3,4,4.41,5.01,0.39,0.053
R004,2025-01-25,ING004,Onion,5,7,3.66,4.11,0.87,0.073
R004,2025-01-25,ING005,Tomato,4,5,2.38,4.9,0.13,0.095
R004,2025-01-25,ING006,Oil,20,30,3.6,7.04,1.38,0.124
R004,2025-01-25,ING007,Flour,10,15,5.24,8.69,1.31,0.037
R004,2025-01-25,ING008,Bread,8,4,0.21,2.77,0.59,0.01
R004,2025-01-25,ING009,Lettuce,2,3,0.41,1.18,0.3,0.214
R004,2025-01-25,ING010,Cheese,4,5,3.83,7.72,1.51,0.166
R004,2025-01-26,ING001,Rice,12,3,4.45,6.62,0.62,0.259
R004,2025-01-26,ING002,Chicken,2,2,2.32,2.38,0.4,0.329
R004,2025-01-26,ING003,Paneer,3,4,4.03,4.66,0.53,0.187
R004,2025-01-26,ING004,Onion,5,7,3.71,5.76,0.7,0.171
R004,2025-01-26,ING005,Tomato,4,5,4.55,7.43,1.22,0.184
R004,2025-01-26,ING006,Oil,20,30,6.19,7.86,1.23,0.152
R004,2025-01-26,ING007,Flour,10,15,3.26,6.24,1.24,0.17
R004,2025-01-26,ING008,Bread,8,4,1.64,4.97,0.52,0.283
R004,2025-01-26,ING009,Lettuce,2,3,4.05,5.54,1.41,0.214
R004,2025-01-26,ING010,Cheese,4,5,2.39,6.03,0.65,0.356
R004,2025-01-27,ING001,Rice,12,3,5.44,6.5,0.75,0.221
R004,2025-01-27,ING002,Chicken,2,2,5.0,8.5,1.39,0.189
R004,2025-01-27,ING003,Paneer,3,4,2.3,4.99,0.96,0.16
R004,2025-01-27,ING004,Onion,5,7,3.95,6.28,1.13,0.192
R004,2025-01-27,ING005,Tomato,4,5,0.54,2.19,0.13,0.369
R004,2025-01-27,ING006,Oil,20,30,1.65,3.76,0.71,0.196
R004,2025-01-27,ING007,Flour,10,15,0.58,3.26,1.0,0.381
R004,2025-01-27,ING008,Bread,8,4,1.2,2.0,0.23,0.305
R004,2025-01-27,ING009,Lettuce,2,3,3.03,4.75,0.96,0.266
R004,2025-01-27,ING010,Cheese,4,5,1.98,3.91,0.4,0.249
R004,2025-01-28,ING001,Rice,12,3,0.0,2.03,0.06,0.248
R004,2025-01-28,ING002,Chicken,2,2,1.02,1.68,0.59,0.238
R004,2025-01-28,ING003,Paneer,3,4,0.86,2.33,0.01,0.242
R004,2025-01-28,ING004,Onion,5,7,1.99,4.25,0.78,0.15
R004,2025-01-28,ING005,Tomato,4,5,0.87,3.14,0.76,0.023
R004,2025-01-28,ING006,Oil,20,30,2.94,6.28,0.43,0.032
R004,2025-01-28,ING007,Flour,10,15,2.11,3.85,0.0,0.168
R004,2025-01-28,ING008,Bread,8,4,1.03,4.69,1.32,0.009
R004,2025-01-28,ING009,Lettuce,2,3,2.03,3.81,0.36,0.098
R004,2025-01-28,ING010,Cheese,4,5,2.19,3.01,0.22,0.065
R004,2025-01-29,ING001,Rice,12,3,0.18,1.8,0.46,0.158
R004,2025-01-29,ING002,Chicken,2,2,3.03,6.07,0.78,0.037
R004,2025-01-29,ING003,Paneer,3,4,0.8,3.54,0.51,0.126
R004,2025-01-29,ING004,Onion,5,7,3.33,6.49,1.48,0.149
R004,2025-01-29,ING005,Tomato,4,5,1.73,2.82,0.79,0.168
R004,2025-01-29,ING006,Oil,20,30,1.36,3.31,0.7,0.015
R004,2025-01-29,ING007,Flour,10,15,2.95,3.71,0.15,0.033
R004,2025-01-29,ING008,Bread,8,4,4.33,8.32,1.57,0.231
R004,2025-01-29,ING009,Lettuce,2,3,5.8,9.66,1.52,0.171
R004,2025-01-29,ING010,Cheese,4,5,4.81,7.72,1.46,0.071
R004,2025-01-30,ING001,Rice,12,3,3.61,5.5,0.44,0.033
R004,2025-01-30,ING002,Chicken,2,2,0.41,1.64,0.27,0.17
R004,2025-01-30,ING003,Paneer,3,4,2.91,4.67,0.72,0.09
R004,2025-01-30,ING004,Onion,5,7,0.0,2.77,0.06,0.124
R004,2025-01-30,ING005,Tomato,4,5,3.63,4.79,0.46,0.209
R004,2025-01-30,ING006,Oil,20,30,2.96,6.86,1.07,0.237
R004,2025-01-30,ING007,Flour,10,15,0.28,1.97,0.33,0.242
R004,2025-01-30,ING008,Bread,8,4,1.78,4.9,0.84,0.152
R004,2025-01-30,ING009,Lettuce,2,3,1.87,2.41,0.0,0.018
R004,2025-01-30,ING010,Cheese,4,5,2.53,4.03,0.51,0.067
R004,2025-01-31,ING001,Rice,12,3,2.6,4.36,0.71,0.156
R004,2025-01-31,ING002,Chicken,2,2,3.39,7.25,1.07,0.222
R004,2025-01-31,ING003,Paneer,3,4,2.15,4.99,0.52,0.312
R004,2025-01-31,ING004,Onion,5,7,4.09,4.97,1.14,0.353
R004,2025-01-31,ING005,Tomato,4,5,1.31,5.05,1.15,0.333
R004,2025-01-31,ING006,Oil,20,30,2.99,5.41,0.89,0.189
R004,2025-01-31,ING007,Flour,10,15,2.99,3.4,0.02,0.336
R004,2025-01-31,ING008,Bread,8,4,2.82,4.31,1.1,0.299
R004,2025-01-31,ING009,Lettuce,2,3,3.26,6.04,0.82,0.169
R004,2025-01-31,ING010,Cheese,4,5,0.36,4.24,0.47,0.308
R004,2025-02-01,ING001,Rice,12,3,2.08,3.86,0.43,0.322
R004,2025-02-01,ING002,Chicken,2,2,2.04,3.52,0.23,0.28
R004,2025-02-01,ING003,Paneer,3,4,2.41,2.88,0.37,0.297
R004,2025-02-01,ING004,Onion,5,7,3.11,3.82,0.15,0.307
R004,2025-02-01,ING005,Tomato,4,5,1.32,1.55,0.04,0.339
R004,2025-02-01,ING006,Oil,20,30,2.77,3.41,0.79,0.248
R004,2025-02-01,ING007,Flour,10,15,2.16,2.91,0.36,0.212
R004,2025-02-01,ING008,Bread,8,4,3.11,6.81,0.89,0.379
R004,2025-02-01,ING009,Lettuce,2,3,4.39,7.94,0.95,0.366
R004,2025-02-01,ING010,Cheese,4,5,0.0,0.76,0.0,0.287
R004,2025-02-02,ING001,Rice,12,3,2.56,5.66,1.21,0.162
R004,2025-02-02,ING002,Chicken,2,2,1.69,3.39,0.41,0.212
R004,2025-02-02,ING003,Paneer,3,4,3.29,5.99,0.9,0.163
R004,2025-02-02,ING004,Onion,5,7,3.9,5.56,0.94,0.032
R004,2025-02-02,ING005,Tomato,4,5,2.19,5.04,0.78,0.03
R004,2025-02-02,ING006,Oil,20,30,4.3,5.76,0.51,0.131
R004,2025-02-02,ING007,Flour,10,15,1.1,2.92,0.15,0.039
R004,2025-02-02,ING008,Bread,8,4,2.25,3.32,0.44,0.085
R004,2025-02-02,ING009,Lettuce,2,3,4.54,6.64,0.83,0.119
R004,2025-02-02,ING010,Cheese,4,5,0.52,1.01,0.47,0.204
R004,2025-02-03,ING001,Rice,12,3,3.81,7.03,1.22,0.182
R004,2025-02-03,ING002,Chicken,2,2,2.21,3.75,0.85,0.188
R004,2025-02-03,ING003,Paneer,3,4,2.09,3.47,0.39,0.164
R004,2025-02-03,ING004,Onion,5,7,0.0,0.38,0.0,0.092
R004,2025-02-03,ING005,Tomato,4,5,2.1,3.16,0.15,0.238
R004,2025-02-03,ING006,Oil,20,30,0.08,3.27,0.21,0.093
R004,2025-02-03,ING007,Flour,10,15,4.74,5.06,0.37,0.065
R004,2025-02-03,ING008,Bread,8,4,0.68,4.6,0.94,0.213
R004,2025-02-03,ING009,Lettuce,2,3,3.03,4.85,0.69,0.13
R004,2025-02-03,ING010,Cheese,4,5,3.59,5.5,0.83,0.223
R004,2025-02-04,ING001,Rice,12,3,1.82,4.49,0.59,0.26
R004,2025-02-04,ING002,Chicken,2,2,1.49,3.73,0.22,0.283
R004,2025-02-04,ING003,Paneer,3,4,3.67,4.59,0.22,0.254
R004,2025-02-04,ING004,Onion,5,7,4.72,5.18,0.72,0.213
R004,2025-02-04,ING005,Tomato,4,5,2.29,4.68,0.59,0.252
R004,2025-02-04,ING006,Oil,20,30,3.06,4.92,0.59,0.192
R004,2025-02-04,ING007,Flour,10,15,1.94,5.02,0.81,0.24
R004,2025-02-04,ING008,Bread,8,4,4.33,4.83,1.16,0.395
R004,2025-02-04,ING009,Lettuce,2,3,0.73,0.97,0.02,0.259
R004,2025-02-04,ING010,Cheese,4,5,3.41,6.98,0.88,0.275
R004,2025-02-05,ING001,Rice,12,3,3.71,3.85,0.95,0.305
R004,2025-02-05,ING002,Chicken,2,2,3.49,4.84,0.97,0.253
R004,2025-02-05,ING003,Paneer,3,4,0.36,3.33,0.72,0.336
R004,2025-02-05,ING004,Onion,5,7,2.06,5.71,1.22,0.371
R004,2025-02-05,ING005,Tomato,4,5,1.53,2.88,0.4,0.225
R004,2025-02-05,ING006,Oil,20,30,1.35,2.02,0.2,0.295
R004,2025-02-05,ING007,Flour,10,15,4.26,6.34,0.82,0.297
R004,2025-02-05,ING008,Bread,8,4,2.38,2.59,0.28,0.295
R004,2025-02-05,ING009,Lettuce,2,3,2.38,4.65,0.82,0.314
R004,2025-02-05,ING010,Cheese,4,5,3.15,3.8,0.6,0.205
R004,2025-02-06,ING001,Rice,12,3,0.12,2.84,0.85,0.207
R004,2025-02-06,ING002,Chicken,2,2,0.0,0.83,0.0,0.377
R004,2025-02-06,ING003,Paneer,3,4,3.82,7.53,1.25,0.279
R004,2025-02-06,ING004,Onion,5,7,2.19,5.41,1.2,0.151
R004,2025-02-06,ING005,Tomato,4,5,1.99,2.71,0.44,0.187
R004,2025-02-06,ING006,Oil,20,30,0.0,0.2,0.48,0.338
R004,2025-02-06,ING007,Flour,10,15,2.1,3.8,0.53,0.153
R004,2025-02-06,ING008,Bread,8,4,1.27,2.0,0.46,0.288
R004,2025-02-06,ING009,Lettuce,2,3,2.98,4.48,0.31,0.305
R004,2025-02-06,ING010,Cheese,4,5,0.5,0.7,0.0,0.272
R004,2025-02-07,ING001,Rice,12,3,5.98,7.03,0.8,0.264
R004,2025-02-07,ING002,Chicken,2,2,3.21,6.36,1.2,0.303
R004,2025-02-07,ING003,Paneer,3,4,2.36,4.43,1.03,0.385
R004,2025-02-07,ING004,Onion,5,7,0.0,3.39,0.49,0.241
R004,2025-02-07,ING005,Tomato,4,5,2.12,3.06,0.39,0.176
R004,2025-02-07,ING006,Oil,20,30,2.21,3.55,0.37,0.186
R004,2025-02-07,ING007,Flour,10,15,0.0,2.52,0.0,0.394
R004,2025-02-07,ING008,Bread,8,4,1.86,2.87,0.83,0.282
R004,2025-02-07,ING009,Lettuce,2,3,1.65,2.77,0.24,0.261
R004,2025-02-07,ING010,Cheese,4,5,0.0,1.71,0.62,0.176
R004,2025-02-08,ING001,Rice,12,3,0.0,3.26,0.61,0.345
R004,2025-02-08,ING002,Chicken,2,2,0.56,2.98,0.23,0.35
R004,2025-02-08,ING003,Paneer,3,4,1.58,3.85,1.22,0.176
R004,2025-02-08,ING004,Onion,5,7,2.74,2.75,0.96,0.272
R004,2025-02-08,ING005,Tomato,4,5,1.21,4.29,0.59,0.217
R004,2025-02-08,ING006,Oil,20,30,2.07,3.09,0.53,0.341
R004,2025-02-08,ING007,Flour,10,15,4.48,4.7,1.0,0.39
R004,2025-02-08,ING008,Bread,8,4,2.68,5.64,1.02,0.156
R004,2025-02-08,ING009,Lettuce,2,3,2.75,4.24,0.46,0.168
R004,2025-02-08,ING010,Cheese,4,5,3.77,6.71,1.53,0.366
R004,2025-02-09,ING001,Rice,12,3,2.77,3.28,0.45,0.01
R004,2025-02-09,ING002,Chicken,2,2,2.8,5.27,0.66,0.029
R004,2025-02-09,ING003,Paneer,3,4,0.0,2.93,0.7,0.182
R004,2025-02-09,ING004,Onion,5,7,3.13,6.42,1.04,0.236
R004,2025-02-09,ING005,Tomato,4,5,2.19,2.78,1.08,0.1
R004,2025-02-09,ING006,Oil,20,30,3.18,6.16,0.78,0.132
R004,2025-02-09,ING007,Flour,10,15,1.03,2.87,1.0,0.07
R004,2025-02-09,ING008,Bread,8,4,1.06,3.26,0.57,0.029
R004,2025-02-09,ING009,Lettuce,2,3,3.19,3.43,0.9,0.174
R004,2025-02-09,ING010,Cheese,4,5,3.48,5.08,1.06,0.087
R004,2025-02-10,ING001,Rice,12,3,4.07,5.17,1.5,0.161
R004,2025-02-10,ING002,Chicken,2,2,3.08,6.12,0.97,0.003
R004,2025-02-10,ING003,Paneer,3,4,0.62,2.06,0.31,0.119
R004,2025-02-10,ING004,Onion,5,7,2.72,6.68,1.13,0.09
R004,2025-02-10,ING005,Tomato,4,5,0.88,0.89,0.14,0.058
R004,2025-02-10,ING006,Oil,20,30,3.06,6.1,1.64,0.103
R004,2025-02-10,ING007,Flour,10,15,0.96,3.41,0.04,0.117
R004,2025-02-10,ING008,Bread,8,4,2.88,3.71,0.29,0.07
R004,2025-02-10,ING009,Lettuce,2,3,2.57,6.04,1.44,0.086
R004,2025-02-10,ING010,Cheese,4,5,2.58,5.94,0.28,0.083
R004,2025-02-11,ING001,Rice,12,3,2.68,5.86,0.47,0.216
R004,2025-02-11,ING002,Chicken,2,2,2.28,3.35,0.27,0.103
R004,2025-02-11,ING003,Paneer,3,4,5.74,9.16,1.4,0.066
R004,2025-02-11,ING004,Onion,5,7,3.69,5.3,1.01,0.006
R004,2025-02-11,ING005,Tomato,4,5,2.87,4.56,0.81,0.09
R004,2025-02-11,ING006,Oil,20,30,3.11,6.05,1.0,0.06
R004,2025-02-11,ING007,Flour,10,15,4.63,5.66,0.86,0.047
R004,2025-02-11,ING008,Bread,8,4,1.41,5.4,1.03,0.208
R004,2025-02-11,ING009,Lettuce,2,3,1.12,1.79,0.24,0.142
R004,2025-02-11,ING010,Cheese,4,5,1.95,2.4,0.3,0.065
R004,2025-02-12,ING001,Rice,12,3,1.93,3.59,0.59,0.105
R004,2025-02-12,ING002,Chicken,2,2,0.03,1.43,0.0,0.153
R004,2025-02-12,ING003,Paneer,3,4,4.88,7.7,1.02,0.021
R004,2025-02-12,ING004,Onion,5,7,1.24,1.28,0.27,0.179
R004,2025-02-12,ING005,Tomato,4,5,1.25,2.4,0.43,0.17
R004,2025-02-12,ING006,Oil,20,30,3.06,4.1,1.03,0.243
R004,2025-02-12,ING007,Flour,10,15,2.96,3.86,0.09,0.009
R004,2025-02-12,ING008,Bread,8,4,0.96,4.34,0.52,0.16
R004,2025-02-12,ING009,Lettuce,2,3,0.0,2.01,0.24,0.216
R004,2025-02-12,ING010,Cheese,4,5,0.97,2.9,0.55,0.189
R004,2025-02-13,ING001,Rice,12,3,3.14,6.87,1.29,0.191
R004,2025-02-13,ING002,Chicken,2,2,0.0,3.02,0.25,0.248
R004,2025-02-13,ING003,Paneer,3,4,1.28,4.94,1.39,0.23
R004,2025-02-13,ING004,Onion,5,7,3.53,4.43,0.33,0.23
R004,2025-02-13,ING005,Tomato,4,5,4.16,7.94,1.04,0.201
R004,2025-02-13,ING006,Oil,20,30,2.64,5.41,0.7,0.076
R004,2025-02-13,ING007,Flour,10,15,0.0,1.23,0.64,0.169
R004,2025-02-13,ING008,Bread,8,4,3.31,6.02,0.82,0.0
R004,2025-02-13,ING009,Lettuce,2,3,2.41,3.22,0.28,0.189
R004,2025-02-13,ING010,Cheese,4,5,0.73,3.56,0.81,0.207
R004,2025-02-14,ING001,Rice,12,3,1.96,2.45,0.12,0.371
R004,2025-02-14,ING002,Chicken,2,2,2.36,3.6,0.86,0.159
R004,2025-02-14,ING003,Paneer,3,4,2.66,5.47,0.8,0.222
R004,2025-02-14,ING004,Onion,5,7,3.14,6.61,1.02,0.337
R004,2025-02-14,ING005,Tomato,4,5,0.27,1.79,0.43,0.242
R004,2025-02-14,ING006,Oil,20,30,2.96,3.1,0.05,0.363
R004,2025-02-14,ING007,Flour,10,15,1.19,4.62,0.41,0.322
R004,2025-02-14,ING008,Bread,8,4,1.86,5.54,0.77,0.387
R004,2025-02-14,ING009,Lettuce,2,3,0.22,1.34,0.18,0.205
R004,2025-02-14,ING010,Cheese,4,5,2.01,4.51,0.82,0.312
R004,2025-02-15,ING001,Rice,12,3,0.0,1.62,0.18,0.183
R004,2025-02-15,ING002,Chicken,2,2,4.36,7.61,1.5,0.18
R004,2025-02-15,ING003,Paneer,3,4,2.79,3.45,0.22,0.16
R004,2025-02-15,ING004,Onion,5,7,2.28,4.45,0.65,0.188
R004,2025-02-15,ING005,Tomato,4,5,3.73,5.37,0.42,0.183
R004,2025-02-15,ING006,Oil,20,30,3.68,3.79,0.23,0.221
R004,2025-02-15,ING007,Flour,10,15,2.83,3.63,0.32,0.096
R004,2025-02-15,ING008,Bread,8,4,4.17,5.97,0.72,0.075
R004,2025-02-15,ING009,Lettuce,2,3,1.4,4.05,0.82,0.048
R004,2025-02-15,ING010,Cheese,4,5,5.5,5.85,1.27,0.186
R004,2025-02-16,ING001,Rice,12,3,3.71,6.4,0.86,0.088
R004,2025-02-16,ING002,Chicken,2,2,4.48,7.17,0.98,0.18
R004,2025-02-16,ING003,Paneer,3,4,3.1,6.31,0.77,0.203
R004,2025-02-16,ING004,Onion,5,7,1.73,5.58,1.17,0.064
R004,2025-02-16,ING005,Tomato,4,5,4.44,4.97,0.54,0.086
R004,2025-02-16,ING006,Oil,20,30,3.37,3.45,0.81,0.237
R004,2025-02-16,ING007,Flour,10,15,6.06,6.81,1.13,0.074
R004,2025-02-16,ING008,Bread,8,4,4.36,5.6,1.11,0.012
R004,2025-02-16,ING009,Lettuce,2,3,4.11,6.41,0.5,0.075
R004,2025-02-16,ING010,Cheese,4,5,3.31,3.39,0.42,0.042
R004,2025-02-17,ING001,Rice,12,3,3.85,5.08,0.62,0.277
R004,2025-02-17,ING002,Chicken,2,2,5.61,9.27,1.34,0.393
R004,2025-02-17,ING003,Paneer,3,4,3.87,5.5,0.57,0.359
R004,2025-02-17,ING004,Onion,5,7,4.04,7.55,0.68,0.287
R004,2025-02-17,ING005,Tomato,4,5,0.59,1.33,0.08,0.171
R004,2025-02-17,ING006,Oil,20,30,1.72,4.73,0.33,0.332
R004,2025-02-17,ING007,Flour,10,15,2.26,5.02,0.69,0.348
R004,2025-02-17,ING008,Bread,8,4,0.0,1.52,0.43,0.247
R004,2025-02-17,ING009,Lettuce,2,3,0.0,1.7,0.12,0.304
R004,2025-02-17,ING010,Cheese,4,5,2.4,2.4,0.17,0.274
R004,2025-02-18,ING001,Rice,12,3,2.21,2.86,0.56,0.218
R004,2025-02-18,ING002,Chicken,2,2,0.0,2.54,0.06,0.177
R004,2025-02-18,ING003,Paneer,3,4,4.77,7.92,0.98,0.021
R004,2025-02-18,ING004,Onion,5,7,5.56,6.41,0.37,0.113
R004,2025-02-18,ING005,Tomato,4,5,0.97,1.16,0.0,0.016
R004,2025-02-18,ING006,Oil,20,30,2.57,6.5,0.7,0.202
R004,2025-02-18,ING007,Flour,10,15,4.21,8.08,1.81,0.217
R004,2025-02-18,ING008,Bread,8,4,5.35,7.68,1.38,0.054
R004,2025-02-18,ING009,Lettuce,2,3,1.48,2.93,0.06,0.114
R004,2025-02-18,ING010,Cheese,4,5,3.48,6.08,0.91,0.151
R004,2025-02-19,ING001,Rice,12,3,2.99,3.73,0.52,0.281
R004,2025-02-19,ING002,Chicken,2,2,2.45,5.33,1.28,0.351
R004,2025-02-19,ING003,Paneer,3,4,1.92,2.12,0.44,0.323
R004,2025-02-19,ING004,Onion,5,7,4.91,5.07,0.68,0.291
R004,2025-02-19,ING005,Tomato,4,5,2.47,5.06,0.75,0.31
R004,2025-02-19,ING006,Oil,20,30,1.11,1.6,0.18,0.294
R004,2025-02-19,ING007,Flour,10,15,1.03,1.69,0.84,0.279
R004,2025-02-19,ING008,Bread,8,4,2.08,4.41,0.94,0.316
R004,2025-02-19,ING009,Lettuce,2,3,2.94,3.64,0.32,0.3
R004,2025-02-19,ING010,Cheese,4,5,2.3,3.52,0.37,0.185
R004,2025-02-20,ING001,Rice,12,3,3.87,4.55,0.7,0.189
R004,2025-02-20,ING002,Chicken,2,2,1.19,1.92,0.07,0.249
R004,2025-02-20,ING003,Paneer,3,4,0.03,2.66,0.21,0.338
R004,2025-02-20,ING004,Onion,5,7,1.99,3.38,0.87,0.252
R004,2025-02-20,ING005,Tomato,4,5,3.3,4.53,0.6,0.176
R004,2025-02-20,ING006,Oil,20,30,0.92,2.34,0.5,0.152
R004,2025-02-20,ING007,Flour,10,15,1.39,2.34,0.09,0.188
R004,2025-02-20,ING008,Bread,8,4,2.99,3.77,0.34,0.291
R004,2025-02-20,ING009,Lettuce,2,3,3.53,5.22,0.35,0.262
R004,2025-02-20,ING010,Cheese,4,5,1.09,3.58,0.29,0.209
R004,2025-02-21,ING001,Rice,12,3,5.07,5.86,1.26,0.241
R004,2025-02-21,ING002,Chicken,2,2,1.95,2.98,0.88,0.082
R004,2025-02-21,ING003,Paneer,3,4,1.99,5.39,0.46,0.074
R004,2025-02-21,ING004,Onion,5,7,1.76,1.88,0.47,0.245
R004,2025-02-21,ING005,Tomato,4,5,1.07,3.37,0.99,0.184
R004,2025-02-21,ING006,Oil,20,30,1.44,2.21,0.56,0.094
R004,2025-02-21,ING007,Flour,10,15,1.87,2.85,0.17,0.076
R004,2025-02-21,ING008,Bread,8,4,0.35,1.41,0.47,0.241
R004,2025-02-21,ING009,Lettuce,2,3,0.0,3.56,0.62,0.136
R004,2025-02-21,ING010,Cheese,4,5,1.16,2.55,0.65,0.173
R004,2025-02-22,ING001,Rice,12,3,4.76,6.42,0.76,0.399
R004,2025-02-22,ING002,Chicken,2,2,2.03,5.12,0.25,0.335
R004,2025-02-22,ING003,Paneer,3,4,5.25,7.36,0.91,0.258
R004,2025-02-22,ING004,Onion,5,7,5.93,8.76,1.46,0.243
R004,2025-02-22,ING005,Tomato,4,5,5.53,6.71,0.59,0.196
R004,2025-02-22,ING006,Oil,20,30,4.46,8.41,1.49,0.348
R004,2025-02-22,ING007,Flour,10,15,5.14,7.23,0.83,0.218
R004,2025-02-22,ING008,Bread,8,4,2.49,5.31,1.16,0.353
R004,2025-02-22,ING009,Lettuce,2,3,0.98,3.27,0.2,0.179
R004,2025-02-22,ING010,Cheese,4,5,4.41,4.83,0.59,0.277
R004,2025-02-23,ING001,Rice,12,3,3.07,4.82,0.23,0.275
R004,2025-02-23,ING002,Chicken,2,2,2.74,3.61,0.06,0.172
R004,2025-02-23,ING003,Paneer,3,4,1.88,2.72,0.61,0.239
R004,2025-02-23,ING004,Onion,5,7,0.0,2.21,0.17,0.382
R004,2025-02-23,ING005,Tomato,4,5,3.79,7.32,1.01,0.197
R004,2025-02-23,ING006,Oil,20,30,1.25,5.21,0.94,0.263
R004,2025-02-23,ING007,Flour,10,15,3.21,3.53,0.71,0.205
R004,2025-02-23,ING008,Bread,8,4,5.4,8.6,1.59,0.356
R004,2025-02-23,ING009,Lettuce,2,3,0.0,2.82,0.0,0.16
R004,2025-02-23,ING010,Cheese,4,5,3.75,5.54,1.04,0.244
R004,2025-02-24,ING001,Rice,12,3,4.23,6.97,1.18,0.161
R004,2025-02-24,ING002,Chicken,2,2,0.88,2.0,0.39,0.021
R004,2025-02-24,ING003,Paneer,3,4,1.56,1.59,0.51,0.077
R004,2025-02-24,ING004,Onion,5,7,1.75,2.92,0.77,0.073
R004,2025-02-24,ING005,Tomato,4,5,4.27,6.25,1.1,0.222
R004,2025-02-24,ING006,Oil,20,30,1.71,3.81,0.52,0.25
R004,2025-02-24,ING007,Flour,10,15,2.63,3.68,0.61,0.146
R004,2025-02-24,ING008,Bread,8,4,4.53,4.73,0.62,0.123
R004,2025-02-24,ING009,Lettuce,2,3,4.05,7.86,0.86,0.129
R004,2025-02-24,ING010,Cheese,4,5,1.86,4.65,0.47,0.186
R004,2025-02-25,ING001,Rice,12,3,1.72,3.43,0.35,0.36
R004,2025-02-25,ING002,Chicken,2,2,3.66,3.91,1.06,0.286
R004,2025-02-25,ING003,Paneer,3,4,3.18,7.0,1.36,0.267
R004,2025-02-25,ING004,Onion,5,7,3.49,6.02,0.99,0.185
R004,2025-02-25,ING005,Tomato,4,5,5.45,8.9,1.05,0.327
R004,2025-02-25,ING006,Oil,20,30,2.44,4.56,0.55,0.298
R004,2025-02-25,ING007,Flour,10,15,2.87,2.9,0.04,0.335
R004,2025-02-25,ING008,Bread,8,4,2.81,5.71,0.67,0.349
R004,2025-02-25,ING009,Lettuce,2,3,2.04,5.02,1.09,0.266
R004,2025-02-25,ING010,Cheese,4,5,1.79,5.69,1.47,0.318
R004,2025-02-26,ING001,Rice,12,3,2.21,4.1,0.46,0.167
R004,2025-02-26,ING002,Chicken,2,2,3.61,7.31,1.23,0.224
R004,2025-02-26,ING003,Paneer,3,4,0.42,1.8,0.0,0.222
R004,2025-02-26,ING004,Onion,5,7,2.57,3.32,0.2,0.254
R004,2025-02-26,ING005,Tomato,4,5,3.84,5.86,0.79,0.201
R004,2025-02-26,ING006,Oil,20,30,2.01,3.02,0.39,0.391
R004,2025-02-26,ING007,Flour,10,15,1.38,2.24,0.0,0.295
R004,2025-02-26,ING008,Bread,8,4,2.18,5.73,0.78,0.184
R004,2025-02-26,ING009,Lettuce,2,3,1.61,2.06,0.01,0.294
R004,2025-02-26,ING010,Cheese,4,5,3.66,4.83,0.61,0.15
R004,2025-02-27,ING001,Rice,12,3,3.07,6.24,1.18,0.067
R004,2025-02-27,ING002,Chicken,2,2,2.73,4.72,0.86,0.168
R004,2025-02-27,ING003,Paneer,3,4,1.6,3.58,0.85,0.126
R004,2025-02-27,ING004,Onion,5,7,0.03,0.71,0.16,0.055
R004,2025-02-27,ING005,Tomato,4,5,3.83,6.28,1.2,0.178
R004,2025-02-27,ING006,Oil,20,30,0.0,0.0,0.23,0.022
R004,2025-02-27,ING007,Flour,10,15,1.57,3.28,0.33,0.078
R004,2025-02-27,ING008,Bread,8,4,2.65,2.95,0.12,0.125
R004,2025-02-27,ING009,Lettuce,2,3,2.86,5.61,1.13,0.2
R004,2025-02-27,ING010,Cheese,4,5,4.36,5.96,1.45,0.158
R004,2025-02-28,ING001,Rice,12,3,2.06,2.26,0.85,0.351
R004,2025-02-28,ING002,Chicken,2,2,5.05,6.27,1.22,0.276
R004,2025-02-28,ING003,Paneer,3,4,1.16,2.87,0.83,0.154
R004,2025-02-28,ING004,Onion,5,7,1.96,4.7,0.77,0.234
R004,2025-02-28,ING005,Tomato,4,5,0.0,2.46,0.3,0.355
R004,2025-02-28,ING006,Oil,20,30,1.82,2.47,0.16,0.161
R004,2025-02-28,ING007,Flour,10,15,3.45,3.53,1.0,0.31
R004,2025-02-28,ING008,Bread,8,4,0.0,2.26,0.37,0.189
R004,2025-02-28,ING009,Lettuce,2,3,1.12,4.43,0.48,0.275
R004,2025-02-28,ING010,Cheese,4,5,0.0,1.56,0.22,0.169
R004,2025-03-01,ING001,Rice,12,3,2.01,3.41,0.29,0.241
R004,2025-03-01,ING002,Chicken,2,2,3.08,5.34,0.56,0.195
R004,2025-03-01,ING003,Paneer,3,4,6.67,10.5,1.31,0.185
R004,2025-03-01,ING004,Onion,5,7,2.84,2.87,0.33,0.083
R004,2025-03-01,ING005,Tomato,4,5,0.62,3.42,0.07,0.093
R004,2025-03-01,ING006,Oil,20,30,1.41,4.48,0.46,0.091
R004,2025-03-01,ING007,Flour,10,15,1.65,2.53,0.1,0.193
R004,2025-03-01,ING008,Bread,8,4,2.09,5.57,0.82,0.121
R004,2025-03-01,ING009,Lettuce,2,3,2.62,4.12,0.84,0.025
R004,2025-03-01,ING010,Cheese,4,5,2.56,2.61,0.16,0.209
R004,2025-03-02,ING001,Rice,12,3,2.14,4.41,0.26,0.21
R004,2025-03-02,ING002,Chicken,2,2,3.2,5.0,0.43,0.158
R004,2025-03-02,ING003,Paneer,3,4,1.2,3.73,1.43,0.229
R004,2025-03-02,ING004,Onion,5,7,1.11,2.21,0.22,0.216
R004,2025-03-02,ING005,Tomato,4,5,0.0,3.77,0.0,0.368
R004,2025-03-02,ING006,Oil,20,30,5.24,7.18,1.51,0.169
R004,2025-03-02,ING007,Flour,10,15,0.0,0.79,0.93,0.181
R004,2025-03-02,ING008,Bread,8,4,4.9,5.58,0.87,0.165
R004,2025-03-02,ING009,Lettuce,2,3,0.89,1.54,0.63,0.31
R004,2025-03-02,ING010,Cheese,4,5,3.35,6.05,1.56,0.203
R004,2025-03-03,ING001,Rice,12,3,3.85,6.84,1.08,0.257
R004,2025-03-03,ING002,Chicken,2,2,1.05,1.87,0.36,0.375
R004,2025-03-03,ING003,Paneer,3,4,3.12,5.36,0.48,0.335
R004,2025-03-03,ING004,Onion,5,7,2.26,5.5,0.48,0.212
R004,2025-03-03,ING005,Tomato,4,5,2.83,2.92,0.19,0.325
R004,2025-03-03,ING006,Oil,20,30,1.23,4.41,0.17,0.334
R004,2025-03-03,ING007,Flour,10,15,2.38,4.18,0.8,0.222
R004,2025-03-03,ING008,Bread,8,4,4.04,4.15,0.99,0.206
R004,2025-03-03,ING009,Lettuce,2,3,2.55,5.8,1.22,0.23
R004,2025-03-03,ING010,Cheese,4,5,0.25,2.23,0.38,0.3
R004,2025-03-04,ING001,Rice,12,3,0.0,1.29,0.0,0.148
R004,2025-03-04,ING002,Chicken,2,2,0.0,3.13,0.39,0.142
R004,2025-03-04,ING003,Paneer,3,4,3.35,5.36,1.14,0.145
R004,2025-03-04,ING004,Onion,5,7,3.62,5.87,0.29,0.134
R004,2025-03-04,ING005,Tomato,4,5,1.87,4.78,0.73,0.182
R004,2025-03-04,ING006,Oil,20,30,3.92,6.39,0.71,0.033
R004,2025-03-04,ING007,Flour,10,15,1.98,4.71,0.73,0.242
R004,2025-03-04,ING008,Bread,8,4,0.0,0.55,0.62,0.136
R004,2025-03-04,ING009,Lettuce,2,3,1.96,5.13,1.42,0.099
R004,2025-03-04,ING010,Cheese,4,5,0.0,3.66,0.23,0.147
R004,2025-03-05,ING001,Rice,12,3,1.62,4.78,1.03,0.211
R004,2025-03-05,ING002,Chicken,2,2,0.0,2.51,0.58,0.13
R004,2025-03-05,ING003,Paneer,3,4,0.42,0.91,0.71,0.075
R004,2025-03-05,ING004,Onion,5,7,1.15,4.67,0.66,0.051
R004,2025-03-05,ING005,Tomato,4,5,2.67,4.74,0.53,0.213
R004,2025-03-05,ING006,Oil,20,30,4.29,6.18,0.9,0.192
R004,2025-03-05,ING007,Flour,10,15,2.08,3.04,0.03,0.005
R004,2025-03-05,ING008,Bread,8,4,1.91,5.42,1.32,0.194
R004,2025-03-05,ING009,Lettuce,2,3,1.1,2.69,0.0,0.067
R004,2025-03-05,ING010,Cheese,4,5,1.15,2.71,0.35,0.131
R004,2025-03-06,ING001,Rice,12,3,0.73,2.03,0.55,0.181
R004,2025-03-06,ING002,Chicken,2,2,2.68,4.0,0.5,0.223
R004,2025-03-06,ING003,Paneer,3,4,3.44,7.27,0.71,0.301
R004,2025-03-06,ING004,Onion,5,7,1.76,4.92,1.1,0.315
R004,2025-03-06,ING005,Tomato,4,5,2.96,6.36,1.2,0.327
R004,2025-03-06,ING006,Oil,20,30,5.84,6.01,0.99,0.218
R004,2025-03-06,ING007,Flour,10,15,2.54,2.8,0.05,0.206
R004,2025-03-06,ING008,Bread,8,4,1.44,2.51,0.53,0.168
R004,2025-03-06,ING009,Lettuce,2,3,2.77,4.68,0.96,0.375
R004,2025-03-06,ING010,Cheese,4,5,2.07,2.14,0.32,0.25
R004,2025-03-07,ING001,Rice,12,3,0.37,1.99,0.23,0.245
R004,2025-03-07,ING002,Chicken,2,2,2.97,5.81,0.79,0.191
R004,2025-03-07,ING003,Paneer,3,4,1.33,3.52,0.52,0.399
R004,2025-03-07,ING004,Onion,5,7,4.71,8.24,1.07,0.289
R004,2025-03-07,ING005,Tomato,4,5,0.0,3.74,0.69,0.313
R004,2025-03-07,ING006,Oil,20,30,3.09,5.04,1.0,0.223
R004,2025-03-07,ING007,Flour,10,15,0.0,1.87,0.11,0.24
R004,2025-03-07,ING008,Bread,8,4,2.97,3.39,0.47,0.374
R004,2025-03-07,ING009,Lettuce,2,3,0.0,3.47,0.48,0.208
R004,2025-03-07,ING010,Cheese,4,5,0.23,3.29,0.88,0.214
R004,2025-03-08,ING001,Rice,12,3,2.06,2.94,0.43,0.216
R004,2025-03-08,ING002,Chicken,2,2,4.47,6.93,0.93,0.273
R004,2025-03-08,ING003,Paneer,3,4,2.53,6.27,0.57,0.193
R004,2025-03-08,ING004,Onion,5,7,3.53,6.95,0.79,0.239
R004,2025-03-08,ING005,Tomato,4,5,3.89,5.45,0.7,0.368
R004,2025-03-08,ING006,Oil,20,30,2.76,5.47,0.28,0.203
R004,2025-03-08,ING007,Flour,10,15,4.51,6.19,1.12,0.396
R004,2025-03-08,ING008,Bread,8,4,1.9,3.06,0.6,0.311
R004,2025-03-08,ING009,Lettuce,2,3,1.53,2.37,0.5,0.362
R004,2025-03-08,ING010,Cheese,4,5,3.64,4.82,1.1,0.153
R004,2025-03-09,ING001,Rice,12,3,3.04,4.1,0.45,0.067
R004,2025-03-09,ING002,Chicken,2,2,0.14,3.11,0.65,0.18
R004,2025-03-09,ING003,Paneer,3,4,3.86,4.51,1.12,0.219
R004,2025-03-09,ING004,Onion,5,7,2.16,5.6,1.41,0.038
R004,2025-03-09,ING005,Tomato,4,5,3.77,6.37,1.25,0.155
R004,2025-03-09,ING006,Oil,20,30,1.05,1.72,0.24,0.098
R004,2025-03-09,ING007,Flour,10,15,4.87,8.02,0.82,0.054
R004,2025-03-09,ING008,Bread,8,4,0.0,1.7,0.07,0.171
R004,2025-03-09,ING009,Lettuce,2,3,5.25,6.15,1.25,0.168
R004,2025-03-09,ING010,Cheese,4,5,2.72,5.81,0.64,0.019
R004,2025-03-10,ING001,Rice,12,3,0.0,0.64,0.26,0.194
R004,2025-03-10,ING002,Chicken,2,2,0.49,0.8,0.0,0.254
R004,2025-03-10,ING003,Paneer,3,4,2.56,2.74,0.69,0.359
R004,2025-03-10,ING004,Onion,5,7,4.32,4.55,0.62,0.374
R004,2025-03-10,ING005,Tomato,4,5,1.88,3.52,0.5,0.317
R004,2025-03-10,ING006,Oil,20,30,0.94,2.83,0.66,0.296
R004,2025-03-10,ING007,Flour,10,15,0.86,3.15,0.64,0.236
R004,2025-03-10,ING008,Bread,8,4,0.0,1.66,0.03,0.307
R004,2025-03-10,ING009,Lettuce,2,3,2.85,3.04,0.44,0.229
R004,2025-03-10,ING010,Cheese,4,5,3.08,4.67,0.69,0.261
R004,2025-03-11,ING001,Rice,12,3,2.59,6.31,1.34,0.397
R004,2025-03-11,ING002,Chicken,2,2,0.0,3.09,0.39,0.224
R004,2025-03-11,ING003,Paneer,3,4,0.21,0.85,0.25,0.288
R004,2025-03-11,ING004,Onion,5,7,3.65,6.15,0.94,0.185
R004,2025-03-11,ING005,Tomato,4,5,1.93,3.65,0.42,0.376
R004,2025-03-11,ING006,Oil,20,30,1.24,3.37,0.56,0.35
R004,2025-03-11,ING007,Flour,10,15,3.36,5.33,0.09,0.369
R004,2025-03-11,ING008,Bread,8,4,0.83,1.22,0.0,0.342
R004,2025-03-11,ING009,Lettuce,2,3,1.58,4.65,0.95,0.372
R004,2025-03-11,ING010,Cheese,4,5,1.18,2.18,0.18,0.328
R004,2025-03-12,ING001,Rice,12,3,1.43,4.66,0.77,0.335
R004,2025-03-12,ING002,Chicken,2,2,3.81,7.53,1.37,0.356
R004,2025-03-12,ING003,Paneer,3,4,2.54,4.77,1.13,0.261
R004,2025-03-12,ING004,Onion,5,7,5.48,7.22,0.89,0.272
R004,2025-03-12,ING005,Tomato,4,5,3.18,5.12,0.76,0.153
R004,2025-03-12,ING006,Oil,20,30,0.0,1.25,0.3,0.371
R004,2025-03-12,ING007,Flour,10,15,3.53,5.54,0.55,0.283
R004,2025-03-12,ING008,Bread,8,4,2.35,3.53,0.45,0.379
R004,2025-03-12,ING009,Lettuce,2,3,1.82,3.2,0.32,0.165
R004,2025-03-12,ING010,Cheese,4,5,1.52,3.34,0.74,0.374
R004,2025-03-13,ING001,Rice,12,3,3.03,3.7,0.32,0.067
R004,2025-03-13,ING002,Chicken,2,2,1.69,2.2,0.46,0.191
R004,2025-03-13,ING003,Paneer,3,4,2.87,6.27,1.31,0.116
R004,2025-03-13,ING004,Onion,5,7,0.0,2.31,0.24,0.028
R004,2025-03-13,ING005,Tomato,4,5,1.71,5.39,0.52,0.143
R004,2025-03-13,ING006,Oil,20,30,0.29,4.23,0.53,0.027
R004,2025-03-13,ING007,Flour,10,15,0.0,0.82,0.0,0.216
R004,2025-03-13,ING008,Bread,8,4,1.06,4.83,0.83,0.103
R004,2025-03-13,ING009,Lettuce,2,3,2.33,4.08,0.44,0.174
R004,2025-03-13,ING010,Cheese,4,5,2.21,5.54,0.81,0.059
R004,2025-03-14,ING001,Rice,12,3,0.81,1.85,0.18,0.246
R004,2025-03-14,ING002,Chicken,2,2,3.15,4.64,0.82,0.39
R004,2025-03-14,ING003,Paneer,3,4,4.81,6.29,0.39,0.31
R004,2025-03-14,ING004,Onion,5,7,1.08,1.53,0.0,0.326
R004,2025-03-14,ING005,Tomato,4,5,0.0,2.41,0.4,0.393
R004,2025-03-14,ING006,Oil,20,30,1.11,3.07,0.44,0.353
R004,2025-03-14,ING007,Flour,10,15,2.98,6.87,1.05,0.195
R004,2025-03-14,ING008,Bread,8,4,3.36,3.95,0.53,0.385
R004,2025-03-14,ING009,Lettuce,2,3,0.0,3.11,0.7,0.335
R004,2025-03-14,ING010,Cheese,4,5,0.5,2.28,0.69,0.263
R004,2025-03-15,ING001,Rice,12,3,2.5,6.29,1.0,0.248
R004,2025-03-15,ING002,Chicken,2,2,2.33,3.72,0.55,0.124
R004,2025-03-15,ING003,Paneer,3,4,2.8,3.32,0.56,0.229
R004,2025-03-15,ING004,Onion,5,7,1.45,3.55,0.22,0.129
R004,2025-03-15,ING005,Tomato,4,5,2.49,5.56,1.06,0.179
R004,2025-03-15,ING006,Oil,20,30,2.43,2.84,0.26,0.022
R004,2025-03-15,ING007,Flour,10,15,0.0,1.56,0.74,0.182
R004,2025-03-15,ING008,Bread,8,4,2.92,5.32,0.91,0.113
R004,2025-03-15,ING009,Lettuce,2,3,1.65,2.69,0.0,0.155
R004,2025-03-15,ING010,Cheese,4,5,1.33,3.52,0.98,0.072
R004,2025-03-16,ING001,Rice,12,3,3.79,4.52,0.66,0.187
R004,2025-03-16,ING002,Chicken,2,2,1.88,5.66,1.17,0.176
R004,2025-03-16,ING003,Paneer,3,4,1.42,2.72,0.33,0.099
R004,2025-03-16,ING004,Onion,5,7,2.93,4.53,0.61,0.014
R004,2025-03-16,ING005,Tomato,4,5,1.89,5.68,0.26,0.22
R004,2025-03-16,ING006,Oil,20,30,0.0,2.61,0.49,0.134
R004,2025-03-16,ING007,Flour,10,15,3.21,4.88,0.08,0.118
R004,2025-03-16,ING008,Bread,8,4,2.53,3.33,0.36,0.15
R004,2025-03-16,ING009,Lettuce,2,3,2.49,6.36,0.75,0.178
R004,2025-03-16,ING010,Cheese,4,5,2.37,3.55,0.86,0.015
R004,2025-03-17,ING001,Rice,12,3,2.48,2.63,0.68,0.103
R004,2025-03-17,ING002,Chicken,2,2,2.7,2.81,0.14,0.03
R004,2025-03-17,ING003,Paneer,3,4,4.17,5.79,1.39,0.207
R004,2025-03-17,ING004,Onion,5,7,3.67,6.01,0.71,0.027
R004,2025-03-17,ING005,Tomato,4,5,5.53,6.91,1.3,0.016
R004,2025-03-17,ING006,Oil,20,30,3.54,6.67,1.51,0.017
R004,2025-03-17,ING007,Flour,10,15,3.86,5.22,0.76,0.071
R004,2025-03-17,ING008,Bread,8,4,4.79,7.15,0.82,0.122
R004,2025-03-17,ING009,Lettuce,2,3,1.46,1.48,0.08,0.152
R004,2025-03-17,ING010,Cheese,4,5,2.74,3.52,0.62,0.057
R004,2025-03-18,ING001,Rice,12,3,2.21,4.02,0.34,0.027
R004,2025-03-18,ING002,Chicken,2,2,0.0,3.32,0.47,0.185
R004,2025-03-18,ING003,Paneer,3,4,2.54,4.58,1.03,0.246
R004,2025-03-18,ING004,Onion,5,7,0.0,0.44,0.25,0.225
R004,2025-03-18,ING005,Tomato,4,5,2.41,2.82,0.38,0.165
R004,2025-03-18,ING006,Oil,20,30,5.37,8.21,1.39,0.115
R004,2025-03-18,ING007,Flour,10,15,4.66,6.94,0.84,0.117
R004,2025-03-18,ING008,Bread,8,4,1.79,1.9,0.63,0.09
R004,2025-03-18,ING009,Lettuce,2,3,1.08,1.31,0.0,0.09
R004,2025-03-18,ING010,Cheese,4,5,0.9,2.56,0.24,0.188
R004,2025-03-19,ING001,Rice,12,3,3.35,4.43,0.1,0.227
R004,2025-03-19,ING002,Chicken,2,2,2.2,4.84,0.97,0.148
R004,2025-03-19,ING003,Paneer,3,4,1.02,3.98,0.35,0.186
R004,2025-03-19,ING004,Onion,5,7,4.07,6.08,0.72,0.021
R004,2025-03-19,ING005,Tomato,4,5,0.44,0.85,0.07,0.022
R004,2025-03-19,ING006,Oil,20,30,0.0,3.82,0.6,0.069
R004,2025-03-19,ING007,Flour,10,15,0.74,3.1,0.81,0.16
R004,2025-03-19,ING008,Bread,8,4,2.56,3.21,0.63,0.222
R004,2025-03-19,ING009,Lettuce,2,3,2.23,4.04,0.9,0.237
R004,2025-03-19,ING010,Cheese,4,5,0.83,4.46,0.19,0.075
R004,2025-03-20,ING001,Rice,12,3,3.64,6.82,1.19,0.171
R004,2025-03-20,ING002,Chicken,2,2,2.2,3.27,0.1,0.143
R004,2025-03-20,ING003,Paneer,3,4,3.23,6.93,0.74,0.167
R004,2025-03-20,ING004,Onion,5,7,2.64,5.57,1.49,0.201
R004,2025-03-20,ING005,Tomato,4,5,1.28,4.53,0.37,0.149
R004,2025-03-20,ING006,Oil,20,30,0.48,2.58,0.39,0.204
R004,2025-03-20,ING007,Flour,10,15,1.61,2.02,0.47,0.222
R004,2025-03-20,ING008,Bread,8,4,4.92,7.5,1.35,0.055
R004,2025-03-20,ING009,Lettuce,2,3,0.39,3.73,0.65,0.125
R004,2025-03-20,ING010,Cheese,4,5,1.61,2.35,0.55,0.067
R004,2025-03-21,ING001,Rice,12,3,1.73,4.39,1.17,0.255
R004,2025-03-21,ING002,Chicken,2,2,0.23,2.91,0.55,0.314
R004,2025-03-21,ING003,Paneer,3,4,1.62,2.66,0.0,0.163
R004,2025-03-21,ING004,Onion,5,7,2.12,4.43,0.76,0.154
R004,2025-03-21,ING005,Tomato,4,5,2.3,3.14,0.43,0.312
R004,2025-03-21,ING006,Oil,20,30,2.72,5.9,1.31,0.28
R004,2025-03-21,ING007,Flour,10,15,1.37,2.74,0.28,0.333
R004,2025-03-21,ING008,Bread,8,4,0.69,1.61,0.58,0.236
R004,2025-03-21,ING009,Lettuce,2,3,0.72,3.23,0.61,0.221
R004,2025-03-21,ING010,Cheese,4,5,5.05,6.91,0.77,0.317
R004,2025-03-22,ING001,Rice,12,3,3.68,3.92,0.88,0.218
R004,2025-03-22,ING002,Chicken,2,2,4.86,6.05,0.0,0.213
R004,2025-03-22,ING003,Paneer,3,4,1.61,5.18,0.96,0.327
R004,2025-03-22,ING004,Onion,5,7,1.17,3.46,0.12,0.239
R004,2025-03-22,ING005,Tomato,4,5,0.55,3.64,0.64,0.233
R004,2025-03-22,ING006,Oil,20,30,1.29,3.3,0.16,0.291
R004,2025-03-22,ING007,Flour,10,15,4.53,6.17,1.02,0.279
R004,2025-03-22,ING008,Bread,8,4,4.23,6.67,0.88,0.306
R004,2025-03-22,ING009,Lettuce,2,3,3.47,6.13,0.63,0.334
R004,2025-03-22,ING010,Cheese,4,5,1.28,4.88,0.6,0.238
R004,2025-03-23,ING001,Rice,12,3,5.51,7.38,1.45,0.339
R004,2025-03-23,ING002,Chicken,2,2,2.63,5.36,0.51,0.189
R004,2025-03-23,ING003,Paneer,3,4,2.59,5.75,0.91,0.366
R004,2025-03-23,ING004,Onion,5,7,4.55,4.6,0.95,0.203
R004,2025-03-23,ING005,Tomato,4,5,1.81,4.58,0.76,0.246
R004,2025-03-23,ING006,Oil,20,30,5.01,8.78,1.1,0.18
R004,2025-03-23,ING007,Flour,10,15,2.83,4.66,0.61,0.267
R004,2025-03-23,ING008,Bread,8,4,4.38,5.37,1.33,0.383
R004,2025-03-23,ING009,Lettuce,2,3,2.44,2.63,0.22,0.384
R004,2025-03-23,ING010,Cheese,4,5,1.17,4.44,0.7,0.184
R004,2025-03-24,ING001,Rice,12,3,0.0,0.11,0.43,0.229
R004,2025-03-24,ING002,Chicken,2,2,6.67,8.09,1.26,0.038
R004,2025-03-24,ING003,Paneer,3,4,2.58,6.11,0.6,0.042
R004,2025-03-24,ING004,Onion,5,7,3.18,6.17,1.2,0.095
R004,2025-03-24,ING005,Tomato,4,5,3.15,5.89,2.0,0.092
R004,2025-03-24,ING006,Oil,20,30,0.52,3.42,0.0,0.106
R004,2025-03-24,ING007,Flour,10,15,2.58,4.76,0.8,0.223
R004,2025-03-24,ING008,Bread,8,4,4.25,7.88,1.15,0.091
R004,2025-03-24,ING009,Lettuce,2,3,3.77,5.83,1.02,0.187
R004,2025-03-24,ING010,Cheese,4,5,0.24,1.13,0.0,0.003
R004,2025-03-25,ING001,Rice,12,3,1.1,1.36,0.19,0.342
R004,2025-03-25,ING002,Chicken,2,2,2.37,5.62,0.91,0.393
R004,2025-03-25,ING003,Paneer,3,4,4.53,4.86,0.7,0.343
R004,2025-03-25,ING004,Onion,5,7,2.04,3.83,0.12,0.154
R004,2025-03-25,ING005,Tomato,4,5,1.93,4.76,0.22,0.332
R004,2025-03-25,ING006,Oil,20,30,2.12,4.11,0.85,0.25
R004,2025-03-25,ING007,Flour,10,15,1.53,3.86,0.95,0.336
R004,2025-03-25,ING008,Bread,8,4,2.75,5.78,1.02,0.175
R004,2025-03-25,ING009,Lettuce,2,3,2.53,5.76,1.18,0.384
R004,2025-03-25,ING010,Cheese,4,5,2.52,6.5,1.02,0.2
R004,2025-03-26,ING001,Rice,12,3,2.39,2.48,0.62,0.19
R004,2025-03-26,ING002,Chicken,2,2,1.47,2.38,0.22,0.206
R004,2025-03-26,ING003,Paneer,3,4,3.7,3.76,0.82,0.208
R004,2025-03-26,ING004,Onion,5,7,0.19,3.62,0.6,0.238
R004,2025-03-26,ING005,Tomato,4,5,0.35,1.56,0.16,0.078
R004,2025-03-26,ING006,Oil,20,30,3.43,4.81,1.09,0.078
R004,2025-03-26,ING007,Flour,10,15,0.89,1.23,0.37,0.227
R004,2025-03-26,ING008,Bread,8,4,0.23,3.72,1.17,0.021
R004,2025-03-26,ING009,Lettuce,2,3,0.0,3.14,0.38,0.069
R004,2025-03-26,ING010,Cheese,4,5,2.5,6.44,0.73,0.091
R004,2025-03-27,ING001,Rice,12,3,3.09,3.35,0.64,0.31
R004,2025-03-27,ING002,Chicken,2,2,1.99,2.87,0.0,0.177
R004,2025-03-27,ING003,Paneer,3,4,1.99,4.39,0.5,0.311
R004,2025-03-27,ING004,Onion,5,7,4.43,6.4,1.21,0.169
R004,2025-03-27,ING005,Tomato,4,5,0.64,1.34,0.0,0.184
R004,2025-03-27,ING006,Oil,20,30,2.87,3.98,0.28,0.272
R004,2025-03-27,ING007,Flour,10,15,1.77,3.15,0.41,0.361
R004,2025-03-27,ING008,Bread,8,4,4.73,6.19,1.42,0.37
R004,2025-03-27,ING009,Lettuce,2,3,1.76,5.75,0.94,0.182
R004,2025-03-27,ING010,Cheese,4,5,2.5,4.84,0.83,0.219
R004,2025-03-28,ING001,Rice,12,3,2.38,4.29,1.34,0.024
R004,2025-03-28,ING002,Chicken,2,2,0.5,4.34,0.66,0.21
R004,2025-03-28,ING003,Paneer,3,4,1.22,2.02,0.06,0.184
R004,2025-03-28,ING004,Onion,5,7,1.17,2.85,0.2,0.035
R004,2025-03-28,ING005,Tomato,4,5,0.8,1.41,0.32,0.114
R004,2025-03-28,ING006,Oil,20,30,0.63,4.41,1.08,0.243
R004,2025-03-28,ING007,Flour,10,15,1.99,5.9,0.6,0.042
R004,2025-03-28,ING008,Bread,8,4,2.59,4.56,0.92,0.135
R004,2025-03-28,ING009,Lettuce,2,3,0.3,1.46,0.65,0.163
R004,2025-03-28,ING010,Cheese,4,5,2.36,5.5,0.9,0.048
R004,2025-03-29,ING001,Rice,12,3,1.43,2.17,0.81,0.326
R004,2025-03-29,ING002,Chicken,2,2,1.2,2.21,0.25,0.387
R004,2025-03-29,ING003,Paneer,3,4,1.41,3.11,0.68,0.195
R004,2025-03-29,ING004,Onion,5,7,1.17,3.59,0.51,0.227
R004,2025-03-29,ING005,Tomato,4,5,2.63,3.53,0.72,0.281
R004,2025-03-29,ING006,Oil,20,30,0.99,4.34,0.39,0.274
R004,2025-03-29,ING007,Flour,10,15,1.27,2.02,0.3,0.196
R004,2025-03-29,ING008,Bread,8,4,2.09,4.95,0.78,0.159
R004,2025-03-29,ING009,Lettuce,2,3,0.0,3.26,0.4,0.182
R004,2025-03-29,ING010,Cheese,4,5,0.0,0.17,0.12,0.296
R004,2025-03-30,ING001,Rice,12,3,2.58,5.7,0.41,0.231
R004,2025-03-30,ING002,Chicken,2,2,1.21,1.96,0.65,0.097
R004,2025-03-30,ING003,Paneer,3,4,1.63,3.26,0.59,0.247
R004,2025-03-30,ING004,Onion,5,7,4.16,7.11,1.31,0.139
R004,2025-03-30,ING005,Tomato,4,5,5.13,8.75,1.64,0.068
R004,2025-03-30,ING006,Oil,20,30,3.08,6.39,0.55,0.176
R004,2025-03-30,ING007,Flour,10,15,2.65,5.6,1.08,0.123
R004,2025-03-30,ING008,Bread,8,4,1.43,3.4,0.87,0.133
R004,2025-03-30,ING009,Lettuce,2,3,2.76,3.87,0.82,0.018
R004,2025-03-30,ING010,Cheese,4,5,3.84,6.24,1.19,0.054
R004,2025-03-31,ING001,Rice,12,3,3.61,4.84,0.87,0.179
R004,2025-03-31,ING002,Chicken,2,2,2.22,3.07,0.44,0.054
R004,2025-03-31,ING003,Paneer,3,4,4.61,8.44,1.64,0.207
R004,2025-03-31,ING004,Onion,5,7,2.49,5.9,0.76,0.044
R004,2025-03-31,ING005,Tomato,4,5,1.24,3.23,0.98,0.002
R004,2025-03-31,ING006,Oil,20,30,0.93,3.74,0.56,0.059
R004,2025-03-31,ING007,Flour,10,15,3.0,5.72,1.15,0.124
R004,2025-03-31,ING008,Bread,8,4,2.62,4.61,0.75,0.197
R004,2025-03-31,ING009,Lettuce,2,3,2.18,4.74,0.67,0.244
R004,2025-03-31,ING010,Cheese,4,5,0.53,4.34,0.9,0.178
R005,2025-01-01,ING001,Rice,12,3,1.92,2.41,0.44,0.308
R005,2025-01-01,ING002,Chicken,2,2,2.31,5.33,0.32,0.395
R005,2025-01-01,ING003,Paneer,3,4,3.62,5.02,0.96,0.161
R005,2025-01-01,ING004,Onion,5,7,2.07,5.49,0.76,0.271
R005,2025-01-01,ING005,Tomato,4,5,4.99,8.23,0.76,0.374
R005,2025-01-01,ING006,Oil,20,30,2.29,4.89,1.0,0.392
R005,2025-01-01,ING007,Flour,10,15,1.93,3.49,0.35,0.308
R005,2025-01-01,ING008,Bread,8,4,2.49,2.84,0.16,0.298
R005,2025-01-01,ING009,Lettuce,2,3,3.01,3.67,0.25,0.241
R005,2025-01-01,ING010,Cheese,4,5,3.79,6.4,1.12,0.158
R005,2025-01-02,ING001,Rice,12,3,0.0,2.7,0.0,0.158
R005,2025-01-02,ING002,Chicken,2,2,0.0,0.97,0.33,0.238
R005,2025-01-02,ING003,Paneer,3,4,2.09,2.66,0.44,0.182
R005,2025-01-02,ING004,Onion,5,7,1.24,1.95,0.58,0.136
R005,2025-01-02,ING005,Tomato,4,5,1.07,1.22,0.0,0.114
R005,2025-01-02,ING006,Oil,20,30,0.0,3.82,0.6,0.101
R005,2025-01-02,ING007,Flour,10,15,1.88,4.8,0.1,0.221
R005,2025-01-02,ING008,Bread,8,4,1.49,4.0,0.84,0.244
R005,2025-01-02,ING009,Lettuce,2,3,1.12,3.07,1.21,0.188
R005,2025-01-02,ING010,Cheese,4,5,1.57,3.46,0.4,0.144
R005,2025-01-03,ING001,Rice,12,3,1.59,2.48,0.59,0.227
R005,2025-01-03,ING002,Chicken,2,2,1.13,3.28,0.64,0.06
R005,2025-01-03,ING003,Paneer,3,4,3.77,7.69,1.06,0.118
R005,2025-01-03,ING004,Onion,5,7,2.04,5.88,0.94,0.107
R005,2025-01-03,ING005,Tomato,4,5,1.12,3.72,0.46,0.004
R005,2025-01-03,ING006,Oil,20,30,0.23,3.21,0.2,0.183
R005,2025-01-03,ING007,Flour,10,15,2.23,2.89,0.56,0.078
R005,2025-01-03,ING008,Bread,8,4,2.88,3.62,0.38,0.156
R005,2025-01-03,ING009,Lettuce,2,3,1.44,4.79,0.59,0.102
R005,2025-01-03,ING010,Cheese,4,5,2.35,5.4,0.53,0.031
R005,2025-01-04,ING001,Rice,12,3,2.97,3.74,0.36,0.177
R005,2025-01-04,ING002,Chicken,2,2,3.47,4.52,0.66,0.009
R005,2025-01-04,ING003,Paneer,3,4,2.81,4.47,0.61,0.205
R005,2025-01-04,ING004,Onion,5,7,5.46,7.86,1.26,0.033
R005,2025-01-04,ING005,Tomato,4,5,4.16,5.18,0.68,0.005
R005,2025-01-04,ING006,Oil,20,30,4.68,7.28,1.08,0.202
R005,2025-01-04,ING007,Flour,10,15,2.32,4.6,0.42,0.176
R005,2025-01-04,ING008,Bread,8,4,3.86,4.51,0.62,0.11
R005,2025-01-04,ING009,Lettuce,2,3,3.8,5.15,0.82,0.188
R005,2025-01-04,ING010,Cheese,4,5,3.95,7.25,0.8,0.202
R005,2025-01-05,ING001,Rice,12,3,3.73,4.93,1.26,0.292
R005,2025-01-05,ING002,Chicken,2,2,3.93,7.61,0.98,0.383
R005,2025-01-05,ING003,Paneer,3,4,2.59,3.08,0.44,0.198
R005,2025-01-05,ING004,Onion,5,7,3.16,5.76,1.13,0.397
R005,2025-01-05,ING005,Tomato,4,5,0.46,3.15,1.08,0.21
R005,2025-01-05,ING006,Oil,20,30,5.4,9.17,0.96,0.266
R005,2025-01-05,ING007,Flour,10,15,3.56,5.04,1.03,0.188
R005,2025-01-05,ING008,Bread,8,4,1.01,4.6,0.72,0.358
R005,2025-01-05,ING009,Lettuce,2,3,1.65,1.71,0.34,0.352
R005,2025-01-05,ING010,Cheese,4,5,2.32,3.54,0.57,0.183
R005,2025-01-06,ING001,Rice,12,3,4.37,4.82,0.23,0.284
R005,2025-01-06,ING002,Chicken,2,2,2.8,4.81,0.23,0.193
R005,2025-01-06,ING003,Paneer,3,4,2.31,3.85,0.34,0.363
R005,2025-01-06,ING004,Onion,5,7,0.0,0.96,0.0,0.341
R005,2025-01-06,ING005,Tomato,4,5,0.0,1.67,0.15,0.187
R005,2025-01-06,ING006,Oil,20,30,1.34,1.91,0.07,0.297
R005,2025-01-06,ING007,Flour,10,15,2.75,3.43,0.28,0.283
R005,2025-01-06,ING008,Bread,8,4,2.47,4.16,0.35,0.255
R005,2025-01-06,ING009,Lettuce,2,3,0.0,3.11,0.73,0.374
R005,2025-01-06,ING010,Cheese,4,5,0.19,2.05,0.13,0.389
R005,2025-01-07,ING001,Rice,12,3,1.38,5.22,1.37,0.379
R005,2025-01-07,ING002,Chicken,2,2,0.28,1.78,0.36,0.269
R005,2025-01-07,ING003,Paneer,3,4,0.0,2.51,0.06,0.387
R005,2025-01-07,ING004,Onion,5,7,0.3,2.03,0.22,0.378
R005,2025-01-07,ING005,Tomato,4,5,0.26,1.48,0.0,0.344
R005,2025-01-07,ING006,Oil,20,30,1.46,5.32,0.46,0.37
R005,2025-01-07,ING007,Flour,10,15,1.4,5.13,0.76,0.248
R005,2025-01-07,ING008,Bread,8,4,2.4,5.19,1.14,0.284
R005,2025-01-07,ING009,Lettuce,2,3,0.0,0.27,0.0,0.386
R005,2025-01-07,ING010,Cheese,4,5,3.58,3.58,0.89,0.227
R005,2025-01-08,ING001,Rice,12,3,1.07,1.64,0.47,0.193
R005,2025-01-08,ING002,Chicken,2,2,1.06,2.64,0.0,0.161
R005,2025-01-08,ING003,Paneer,3,4,2.36,2.57,0.4,0.264
R005,2025-01-08,ING004,Onion,5,7,3.19,3.75,0.93,0.207
R005,2025-01-08,ING005,Tomato,4,5,2.25,3.77,0.66,0.263
R005,2025-01-08,ING006,Oil,20,30,0.11,1.5,0.12,0.24
R005,2025-01-08,ING007,Flour,10,15,5.62,5.88,1.04,0.2
R005,2025-01-08,ING008,Bread,8,4,4.07,5.68,0.74,0.321
R005,2025-01-08,ING009,Lettuce,2,3,1.4,3.06,0.3,0.192
R005,2025-01-08,ING010,Cheese,4,5,3.53,4.19,0.57,0.248
R005,2025-01-09,ING001,Rice,12,3,3.4,6.23,0.93,0.13
R005,2025-01-09,ING002,Chicken,2,2,4.47,8.36,1.64,0.054
R005,2025-01-09,ING003,Paneer,3,4,1.59,3.2,0.17,0.044
R005,2025-01-09,ING004,Onion,5,7,2.19,2.34,0.06,0.058
R005,2025-01-09,ING005,Tomato,4,5,1.41,1.47,0.55,0.211
R005,2025-01-09,ING006,Oil,20,30,0.0,0.55,0.0,0.241
R005,2025-01-09,ING007,Flour,10,15,1.67,5.6,0.65,0.01
R005,2025-01-09,ING008,Bread,8,4,3.09,5.2,1.28,0.089
R005,2025-01-09,ING009,Lettuce,2,3,1.11,4.26,0.84,0.168
R005,2025-01-09,ING010,Cheese,4,5,0.0,0.81,0.22,0.214
R005,2025-01-10,ING001,Rice,12,3,0.3,0.65,0.0,0.296
R005,2025-01-10,ING002,Chicken,2,2,0.0,0.31,0.23,0.218
R005,2025-01-10,ING003,Paneer,3,4,2.01,3.58,0.32,0.299
R005,2025-01-10,ING004,Onion,5,7,0.29,3.07,0.51,0.194
R005,2025-01-10,ING005,Tomato,4,5,0.99,3.29,0.55,0.333
R005,2025-01-10,ING006,Oil,20,30,0.55,1.6,0.26,0.24
R005,2025-01-10,ING007,Flour,10,15,2.69,6.14,0.87,0.291
R005,2025-01-10,ING008,Bread,8,4,3.63,7.54,1.19,0.378
R005,2025-01-10,ING009,Lettuce,2,3,0.0,3.38,0.43,0.208
R005,2025-01-10,ING010,Cheese,4,5,2.24,3.17,0.57,0.225
R005,2025-01-11,ING001,Rice,12,3,0.78,4.73,0.35,0.226
R005,2025-01-11,ING002,Chicken,2,2,3.15,6.33,0.66,0.228
R005,2025-01-11,ING003,Paneer,3,4,3.13,6.72,1.12,0.333
R005,2025-01-11,ING004,Onion,5,7,5.05,7.14,0.69,0.208
R005,2025-01-11,ING005,Tomato,4,5,0.52,2.22,0.34,0.309
R005,2025-01-11,ING006,Oil,20,30,4.33,5.8,0.87,0.27
R005,2025-01-11,ING007,Flour,10,15,0.0,3.19,1.3,0.241
R005,2025-01-11,ING008,Bread,8,4,3.1,6.22,1.0,0.329
R005,2025-01-11,ING009,Lettuce,2,3,2.12,2.49,0.51,0.268
R005,2025-01-11,ING010,Cheese,4,5,4.27,7.4,1.15,0.218
R005,2025-01-12,ING001,Rice,12,3,2.52,5.79,0.79,0.078
R005,2025-01-12,ING002,Chicken,2,2,0.75,3.86,0.89,0.123
R005,2025-01-12,ING003,Paneer,3,4,4.39,6.55,0.31,0.018
R005,2025-01-12,ING004,Onion,5,7,2.4,5.4,1.18,0.038
R005,2025-01-12,ING005,Tomato,4,5,3.11,6.33,0.49,0.179
R005,2025-01-12,ING006,Oil,20,30,1.77,2.7,0.08,0.181
R005,2025-01-12,ING007,Flour,10,15,0.79,4.32,0.65,0.02
R005,2025-01-12,ING008,Bread,8,4,2.92,3.81,0.39,0.133
R005,2025-01-12,ING009,Lettuce,2,3,2.11,3.5,0.66,0.075
R005,2025-01-12,ING010,Cheese,4,5,0.0,1.65,0.0,0.039
R005,2025-01-13,ING001,Rice,12,3,3.4,4.0,1.23,0.066
R005,2025-01-13,ING002,Chicken,2,2,2.72,3.77,0.77,0.134
R005,2025-01-13,ING003,Paneer,3,4,1.23,3.55,0.0,0.168
R005,2025-01-13,ING004,Onion,5,7,1.47,4.17,0.92,0.099
R005,2025-01-13,ING005,Tomato,4,5,0.85,4.09,0.96,0.112
R005,2025-01-13,ING006,Oil,20,30,1.21,5.16,0.8,0.127
R005,2025-01-13,ING007,Flour,10,15,3.89,5.19,0.99,0.143
R005,2025-01-13,ING008,Bread,8,4,1.61,2.23,0.92,0.185
R005,2025-01-13,ING009,Lettuce,2,3,0.54,4.51,0.43,0.129
R005,2025-01-13,ING010,Cheese,4,5,0.14,0.93,0.21,0.036
R005,2025-01-14,ING001,Rice,12,3,4.56,7.18,1.26,0.076
R005,2025-01-14,ING002,Chicken,2,2,1.55,1.92,0.51,0.08
R005,2025-01-14,ING003,Paneer,3,4,0.18,3.9,0.52,0.052
R005,2025-01-14,ING004,Onion,5,7,1.33,4.65,1.35,0.076
R005,2025-01-14,ING005,Tomato,4,5,0.84,2.6,0.57,0.205
R005,2025-01-14,ING006,Oil,20,30,1.24,2.85,0.16,0.106
R005,2025-01-14,ING007,Flour,10,15,1.01,1.55,0.27,0.142
R005,2025-01-14,ING008,Bread,8,4,1.95,2.42,0.25,0.193
R005,2025-01-14,ING009,Lettuce,2,3,3.49,5.95,0.81,0.21
R005,2025-01-14,ING010,Cheese,4,5,3.35,4.66,0.69,0.157
R005,2025-01-15,ING001,Rice,12,3,1.16,2.36,0.0,0.175
R005,2025-01-15,ING002,Chicken,2,2,0.51,3.39,0.04,0.115
R005,2025-01-15,ING003,Paneer,3,4,0.52,0.53,0.4,0.142
R005,2025-01-15,ING004,Onion,5,7,0.69,1.41,0.0,0.055
R005,2025-01-15,ING005,Tomato,4,5,0.67,2.86,0.0,0.167
R005,2025-01-15,ING006,Oil,20,30,1.87,3.38,0.27,0.168
R005,2025-01-15,ING007,Flour,10,15,1.44,5.17,0.57,0.18
R005,2025-01-15,ING008,Bread,8,4,1.44,2.31,0.0,0.005
R005,2025-01-15,ING009,Lettuce,2,3,0.59,1.67,0.38,0.055
R005,2025-01-15,ING010,Cheese,4,5,2.69,2.78,0.34,0.036
R005,2025-01-16,ING001,Rice,12,3,0.97,2.65,0.01,0.126
R005,2025-01-16,ING002,Chicken,2,2,4.85,7.5,0.92,0.237
R005,2025-01-16,ING003,Paneer,3,4,1.69,2.52,0.31,0.037
R005,2025-01-16,ING004,Onion,5,7,2.0,5.82,0.48,0.054
R005,2025-01-16,ING005,Tomato,4,5,0.0,1.53,0.0,0.104
R005,2025-01-16,ING006,Oil,20,30,3.05,3.38,0.71,0.114
R005,2025-01-16,ING007,Flour,10,15,0.49,3.43,0.39,0.215
R005,2025-01-16,ING008,Bread,8,4,5.05,5.74,0.66,0.177
R005,2025-01-16,ING009,Lettuce,2,3,1.96,3.53,0.76,0.115
R005,2025-01-16,ING010,Cheese,4,5,0.0,3.38,0.42,0.101
R005,2025-01-17,ING001,Rice,12,3,0.43,2.78,0.59,0.013
R005,2025-01-17,ING002,Chicken,2,2,3.2,5.96,0.96,0.112
R005,2025-01-17,ING003,Paneer,3,4,2.27,4.7,0.74,0.106
R005,2025-01-17,ING004,Onion,5,7,0.0,0.07,0.0,0.19
R005,2025-01-17,ING005,Tomato,4,5,3.78,5.93,0.82,0.035
R005,2025-01-17,ING006,Oil,20,30,2.97,5.64,0.71,0.02
R005,2025-01-17,ING007,Flour,10,15,0.26,4.07,0.47,0.011
R005,2025-01-17,ING008,Bread,8,4,2.55,6.39,0.72,0.078
R005,2025-01-17,ING009,Lettuce,2,3,1.81,2.35,0.49,0.202
R005,2025-01-17,ING010,Cheese,4,5,1.54,4.69,0.74,0.145
R005,2025-01-18,ING001,Rice,12,3,0.98,2.06,0.62,0.198
R005,2025-01-18,ING002,Chicken,2,2,4.61,6.43,0.96,0.209
R005,2025-01-18,ING003,Paneer,3,4,2.87,5.63,1.19,0.316
R005,2025-01-18,ING004,Onion,5,7,2.19,2.53,0.0,0.16
R005,2025-01-18,ING005,Tomato,4,5,4.14,6.48,1.1,0.27
R005,2025-01-18,ING006,Oil,20,30,1.65,3.57,0.14,0.212
R005,2025-01-18,ING007,Flour,10,15,1.52,1.64,0.32,0.251
R005,2025-01-18,ING008,Bread,8,4,2.78,5.75,1.08,0.302
R005,2025-01-18,ING009,Lettuce,2,3,0.0,3.35,0.9,0.287
R005,2025-01-18,ING010,Cheese,4,5,3.26,4.39,0.64,0.221
R005,2025-01-19,ING001,Rice,12,3,1.18,2.15,0.97,0.209
R005,2025-01-19,ING002,Chicken,2,2,0.12,1.3,0.62,0.262
R005,2025-01-19,ING003,Paneer,3,4,2.63,4.38,1.19,0.187
R005,2025-01-19,ING004,Onion,5,7,2.45,5.63,0.58,0.15
R005,2025-01-19,ING005,Tomato,4,5,2.24,3.04,0.0,0.385
R005,2025-01-19,ING006,Oil,20,30,1.05,2.15,0.0,0.308
R005,2025-01-19,ING007,Flour,10,15,1.11,3.71,0.32,0.359
R005,2025-01-19,ING008,Bread,8,4,2.51,2.84,0.67,0.296
R005,2025-01-19,ING009,Lettuce,2,3,3.93,4.95,1.3,0.29
R005,2025-01-19,ING010,Cheese,4,5,0.66,3.37,0.55,0.3
R005,2025-01-20,ING001,Rice,12,3,0.64,2.9,0.15,0.022
R005,2025-01-20,ING002,Chicken,2,2,0.0,2.65,0.89,0.052
R005,2025-01-20,ING003,Paneer,3,4,1.86,3.15,0.71,0.181
R005,2025-01-20,ING004,Onion,5,7,2.7,5.69,0.39,0.043
R005,2025-01-20,ING005,Tomato,4,5,2.84,4.34,0.61,0.147
R005,2025-01-20,ING006,Oil,20,30,1.31,2.44,0.59,0.13
R005,2025-01-20,ING007,Flour,10,15,0.11,2.08,0.46,0.143
R005,2025-01-20,ING008,Bread,8,4,2.91,3.32,0.63,0.009
R005,2025-01-20,ING009,Lettuce,2,3,2.19,5.35,1.07,0.007
R005,2025-01-20,ING010,Cheese,4,5,2.18,3.93,0.73,0.236
R005,2025-01-21,ING001,Rice,12,3,0.0,3.46,0.73,0.227
R005,2025-01-21,ING002,Chicken,2,2,0.12,0.57,0.54,0.182
R005,2025-01-21,ING003,Paneer,3,4,0.0,3.64,0.56,0.149
R005,2025-01-21,ING004,Onion,5,7,2.57,4.2,0.68,0.243
R005,2025-01-21,ING005,Tomato,4,5,2.48,2.93,0.88,0.148
R005,2025-01-21,ING006,Oil,20,30,0.21,1.42,0.0,0.104
R005,2025-01-21,ING007,Flour,10,15,0.66,3.78,0.79,0.226
R005,2025-01-21,ING008,Bread,8,4,2.72,2.94,0.01,0.111
R005,2025-01-21,ING009,Lettuce,2,3,2.66,5.63,1.3,0.25
R005,2025-01-21,ING010,Cheese,4,5,0.0,0.63,0.39,0.031
R005,2025-01-22,ING001,Rice,12,3,1.04,4.99,0.48,0.245
R005,2025-01-22,ING002,Chicken,2,2,1.38,4.95,0.52,0.354
R005,2025-01-22,ING003,Paneer,3,4,1.18,4.7,0.92,0.294
R005,2025-01-22,ING004,Onion,5,7,4.35,8.25,0.93,0.305
R005,2025-01-22,ING005,Tomato,4,5,2.23,5.0,0.54,0.256
R005,2025-01-22,ING006,Oil,20,30,3.85,5.99,0.99,0.235
R005,2025-01-22,ING007,Flour,10,15,2.27,2.72,0.61,0.32
R005,2025-01-22,ING008,Bread,8,4,3.67,5.26,0.98,0.347
R005,2025-01-22,ING009,Lettuce,2,3,3.13,6.8,1.49,0.361
R005,2025-01-22,ING010,Cheese,4,5,2.83,4.71,0.45,0.231
R005,2025-01-23,ING001,Rice,12,3,2.02,3.04,0.45,0.223
R005,2025-01-23,ING002,Chicken,2,2,3.43,7.42,0.68,0.167
R005,2025-01-23,ING003,Paneer,3,4,2.4,4.74,0.81,0.294
R005,2025-01-23,ING004,Onion,5,7,3.95,5.75,1.49,0.318
R005,2025-01-23,ING005,Tomato,4,5,0.17,3.91,0.43,0.189
R005,2025-01-23,ING006,Oil,20,30,0.0,1.0,0.0,0.289
R005,2025-01-23,ING007,Flour,10,15,4.07,4.3,0.86,0.196
R005,2025-01-23,ING008,Bread,8,4,1.6,4.72,0.68,0.384
R005,2025-01-23,ING009,Lettuce,2,3,0.15,1.17,0.0,0.301
R005,2025-01-23,ING010,Cheese,4,5,1.93,2.1,0.13,0.382
R005,2025-01-24,ING001,Rice,12,3,2.18,3.99,0.51,0.224
R005,2025-01-24,ING002,Chicken,2,2,1.17,1.55,0.55,0.339
R005,2025-01-24,ING003,Paneer,3,4,1.74,4.01,0.58,0.37
R005,2025-01-24,ING004,Onion,5,7,0.0,0.76,0.67,0.392
R005,2025-01-24,ING005,Tomato,4,5,2.1,2.59,0.59,0.341
R005,2025-01-24,ING006,Oil,20,30,0.8,1.13,0.08,0.162
R005,2025-01-24,ING007,Flour,10,15,3.91,4.46,0.5,0.153
R005,2025-01-24,ING008,Bread,8,4,2.78,4.39,0.58,0.39
R005,2025-01-24,ING009,Lettuce,2,3,3.62,3.78,0.64,0.267
R005,2025-01-24,ING010,Cheese,4,5,0.95,2.8,0.04,0.287
R005,2025-01-25,ING001,Rice,12,3,0.27,3.81,1.14,0.082
R005,2025-01-25,ING002,Chicken,2,2,0.0,2.95,0.0,0.167
R005,2025-01-25,ING003,Paneer,3,4,0.63,1.73,0.33,0.033
R005,2025-01-25,ING004,Onion,5,7,2.8,6.59,0.81,0.018
R005,2025-01-25,ING005,Tomato,4,5,1.93,4.52,0.62,0.223
R005,2025-01-25,ING006,Oil,20,30,1.4,4.07,0.35,0.141
R005,2025-01-25,ING007,Flour,10,15,2.26,3.69,0.64,0.107
R005,2025-01-25,ING008,Bread,8,4,1.88,2.61,0.59,0.201
R005,2025-01-25,ING009,Lettuce,2,3,2.25,4.18,0.41,0.142
R005,2025-01-25,ING010,Cheese,4,5,4.01,7.75,1.3,0.206
R005,2025-01-26,ING001,Rice,12,3,1.33,2.53,0.59,0.042
R005,2025-01-26,ING002,Chicken,2,2,4.24,7.94,0.99,0.145
R005,2025-01-26,ING003,Paneer,3,4,1.07,2.58,0.07,0.011
R005,2025-01-26,ING004,Onion,5,7,3.27,4.54,0.49,0.233
R005,2025-01-26,ING005,Tomato,4,5,1.99,5.06,1.03,0.142
R005,2025-01-26,ING006,Oil,20,30,1.11,2.79,0.83,0.154
R005,2025-01-26,ING007,Flour,10,15,2.63,3.14,0.05,0.071
R005,2025-01-26,ING008,Bread,8,4,0.08,3.55,0.45,0.16
R005,2025-01-26,ING009,Lettuce,2,3,1.39,3.88,0.8,0.02
R005,2025-01-26,ING010,Cheese,4,5,3.72,6.53,1.38,0.065
R005,2025-01-27,ING001,Rice,12,3,0.15,2.67,0.53,0.094
R005,2025-01-27,ING002,Chicken,2,2,2.27,3.17,0.46,0.024
R005,2025-01-27,ING003,Paneer,3,4,2.07,3.14,0.26,0.136
R005,2025-01-27,ING004,Onion,5,7,0.0,3.92,0.36,0.054
R005,2025-01-27,ING005,Tomato,4,5,2.02,2.4,0.0,0.073
R005,2025-01-27,ING006,Oil,20,30,1.03,4.68,0.51,0.212
R005,2025-01-27,ING007,Flour,10,15,1.37,3.91,0.19,0.2
R005,2025-01-27,ING008,Bread,8,4,4.55,8.5,1.24,0.021
R005,2025-01-27,ING009,Lettuce,2,3,0.19,1.53,0.35,0.045
R005,2025-01-27,ING010,Cheese,4,5,4.11,4.96,0.8,0.041
R005,2025-01-28,ING001,Rice,12,3,3.79,5.47,0.92,0.186
R005,2025-01-28,ING002,Chicken,2,2,0.77,1.11,0.34,0.389
R005,2025-01-28,ING003,Paneer,3,4,2.02,4.88,0.86,0.342
R005,2025-01-28,ING004,Onion,5,7,0.43,4.37,0.21,0.308
R005,2025-01-28,ING005,Tomato,4,5,0.94,3.96,0.29,0.343
R005,2025-01-28,ING006,Oil,20,30,0.0,0.09,0.06,0.376
R005,2025-01-28,ING007,Flour,10,15,1.09,4.07,0.78,0.277
R005,2025-01-28,ING008,Bread,8,4,1.84,4.37,0.82,0.324
R005,2025-01-28,ING009,Lettuce,2,3,4.52,4.57,1.53,0.365
R005,2025-01-28,ING010,Cheese,4,5,0.44,2.52,0.49,0.171
R005,2025-01-29,ING001,Rice,12,3,4.45,6.19,1.0,0.219
R005,2025-01-29,ING002,Chicken,2,2,2.54,3.7,0.0,0.074
R005,2025-01-29,ING003,Paneer,3,4,2.24,3.11,0.32,0.073
R005,2025-01-29,ING004,Onion,5,7,0.0,3.81,0.74,0.031
R005,2025-01-29,ING005,Tomato,4,5,5.95,9.94,1.7,0.156
R005,2025-01-29,ING006,Oil,20,30,0.27,0.86,0.07,0.108
R005,2025-01-29,ING007,Flour,10,15,4.14,8.02,1.42,0.004
R005,2025-01-29,ING008,Bread,8,4,2.69,6.2,1.08,0.08
R005,2025-01-29,ING009,Lettuce,2,3,0.0,0.81,0.12,0.067
R005,2025-01-29,ING010,Cheese,4,5,1.13,3.26,0.95,0.166
R005,2025-01-30,ING001,Rice,12,3,1.01,2.55,0.41,0.258
R005,2025-01-30,ING002,Chicken,2,2,1.49,5.27,1.53,0.257
R005,2025-01-30,ING003,Paneer,3,4,3.43,5.31,0.72,0.321
R005,2025-01-30,ING004,Onion,5,7,0.0,3.03,0.8,0.341
R005,2025-01-30,ING005,Tomato,4,5,2.14,5.13,1.02,0.321
R005,2025-01-30,ING006,Oil,20,30,0.86,1.32,0.31,0.244
R005,2025-01-30,ING007,Flour,10,15,3.22,3.26,0.5,0.338
R005,2025-01-30,ING008,Bread,8,4,0.42,3.31,0.23,0.326
R005,2025-01-30,ING009,Lettuce,2,3,2.01,2.37,0.21,0.398
R005,2025-01-30,ING010,Cheese,4,5,1.97,1.99,0.3,0.22
R005,2025-01-31,ING001,Rice,12,3,2.01,5.03,0.45,0.193
R005,2025-01-31,ING002,Chicken,2,2,0.0,3.83,0.58,0.144
R005,2025-01-31,ING003,Paneer,3,4,0.79,4.18,0.64,0.204
R005,2025-01-31,ING004,Onion,5,7,2.37,2.88,0.73,0.218
R005,2025-01-31,ING005,Tomato,4,5,2.48,5.6,0.5,0.129
R005,2025-01-31,ING006,Oil,20,30,0.0,1.69,0.32,0.12
R005,2025-01-31,ING007,Flour,10,15,1.14,4.5,0.05,0.223
R005,2025-01-31,ING008,Bread,8,4,0.22,3.99,0.94,0.014
R005,2025-01-31,ING009,Lettuce,2,3,2.33,2.52,0.39,0.199
R005,2025-01-31,ING010,Cheese,4,5,0.01,2.74,0.67,0.018
R005,2025-02-01,ING001,Rice,12,3,4.33,4.88,1.08,0.214
R005,2025-02-01,ING002,Chicken,2,2,1.7,4.69,0.97,0.266
R005,2025-02-01,ING003,Paneer,3,4,1.51,2.13,0.0,0.215
R005,2025-02-01,ING004,Onion,5,7,2.11,4.89,0.3,0.183
R005,2025-02-01,ING005,Tomato,4,5,1.46,2.98,0.82,0.393
R005,2025-02-01,ING006,Oil,20,30,3.28,4.95,0.69,0.358
R005,2025-02-01,ING007,Flour,10,15,4.33,7.22,1.23,0.37
R005,2025-02-01,ING008,Bread,8,4,2.8,4.77,0.6,0.184
R005,2025-02-01,ING009,Lettuce,2,3,6.33,10.01,1.76,0.253
R005,2025-02-01,ING010,Cheese,4,5,1.57,1.82,0.0,0.39
R005,2025-02-02,ING001,Rice,12,3,4.0,7.48,1.49,0.238
R005,2025-02-02,ING002,Chicken,2,2,0.85,3.23,0.26,0.259
R005,2025-02-02,ING003,Paneer,3,4,0.0,0.76,0.0,0.365
R005,2025-02-02,ING004,Onion,5,7,3.57,6.79,0.62,0.289
R005,2025-02-02,ING005,Tomato,4,5,2.03,3.7,0.78,0.387
R005,2025-02-02,ING006,Oil,20,30,2.84,5.15,1.09,0.321
R005,2025-02-02,ING007,Flour,10,15,4.96,6.83,0.79,0.163
R005,2025-02-02,ING008,Bread,8,4,0.27,2.74,0.15,0.387
R005,2025-02-02,ING009,Lettuce,2,3,1.4,4.43,0.52,0.258
R005,2025-02-02,ING010,Cheese,4,5,1.04,4.64,0.7,0.351
R005,2025-02-03,ING001,Rice,12,3,2.19,4.11,0.63,0.08
R005,2025-02-03,ING002,Chicken,2,2,3.18,3.41,0.49,0.232
R005,2025-02-03,ING003,Paneer,3,4,0.0,3.45,0.35,0.059
R005,2025-02-03,ING004,Onion,5,7,2.23,4.64,0.85,0.18
R005,2025-02-03,ING005,Tomato,4,5,0.17,1.32,0.33,0.153
R005,2025-02-03,ING006,Oil,20,30,0.39,0.99,0.74,0.208
R005,2025-02-03,ING007,Flour,10,15,1.34,4.33,0.69,0.113
R005,2025-02-03,ING008,Bread,8,4,0.0,1.61,0.42,0.117
R005,2025-02-03,ING009,Lettuce,2,3,3.85,5.17,0.99,0.09
R005,2025-02-03,ING010,Cheese,4,5,0.72,3.46,0.83,0.108
R005,2025-02-04,ING001,Rice,12,3,2.7,4.03,0.88,0.219
R005,2025-02-04,ING002,Chicken,2,2,1.88,2.96,0.52,0.227
R005,2025-02-04,ING003,Paneer,3,4,1.55,4.77,0.21,0.291
R005,2025-02-04,ING004,Onion,5,7,1.55,4.16,0.0,0.36
R005,2025-02-04,ING005,Tomato,4,5,1.86,3.47,0.64,0.244
R005,2025-02-04,ING006,Oil,20,30,0.0,2.36,0.0,0.34
R005,2025-02-04,ING007,Flour,10,15,4.38,7.96,0.97,0.307
R005,2025-02-04,ING008,Bread,8,4,1.32,1.77,0.34,0.215
R005,2025-02-04,ING009,Lettuce,2,3,1.26,4.17,0.59,0.181
R005,2025-02-04,ING010,Cheese,4,5,1.83,4.75,0.46,0.211
R005,2025-02-05,ING001,Rice,12,3,5.11,8.68,1.38,0.09
R005,2025-02-05,ING002,Chicken,2,2,0.0,2.1,0.0,0.186
R005,2025-02-05,ING003,Paneer,3,4,4.46,8.4,1.12,0.117
R005,2025-02-05,ING004,Onion,5,7,0.0,3.41,0.89,0.105
R005,2025-02-05,ING005,Tomato,4,5,0.81,3.62,0.2,0.145
R005,2025-02-05,ING006,Oil,20,30,2.23,2.63,0.56,0.121
R005,2025-02-05,ING007,Flour,10,15,1.17,4.83,0.9,0.236
R005,2025-02-05,ING008,Bread,8,4,2.99,4.11,0.49,0.082
R005,2025-02-05,ING009,Lettuce,2,3,0.0,3.63,0.38,0.067
R005,2025-02-05,ING010,Cheese,4,5,1.4,3.91,0.59,0.229
R005,2025-02-06,ING001,Rice,12,3,3.8,4.42,0.42,0.22
R005,2025-02-06,ING002,Chicken,2,2,1.75,2.26,0.14,0.156
R005,2025-02-06,ING003,Paneer,3,4,3.9,6.15,1.14,0.249
R005,2025-02-06,ING004,Onion,5,7,2.41,6.27,1.34,0.13
R005,2025-02-06,ING005,Tomato,4,5,4.2,7.77,0.39,0.221
R005,2025-02-06,ING006,Oil,20,30,0.98,1.74,0.58,0.229
R005,2025-02-06,ING007,Flour,10,15,1.46,4.87,0.86,0.192
R005,2025-02-06,ING008,Bread,8,4,3.28,6.22,0.82,0.177
R005,2025-02-06,ING009,Lettuce,2,3,1.41,2.38,0.14,0.132
R005,2025-02-06,ING010,Cheese,4,5,1.0,3.59,0.52,0.248
R005,2025-02-07,ING001,Rice,12,3,4.88,7.03,1.14,0.233
R005,2025-02-07,ING002,Chicken,2,2,3.97,4.86,1.09,0.277
R005,2025-02-07,ING003,Paneer,3,4,0.0,3.1,0.42,0.195
R005,2025-02-07,ING004,Onion,5,7,1.6,1.61,0.23,0.179
R005,2025-02-07,ING005,Tomato,4,5,2.6,3.32,0.97,0.388
R005,2025-02-07,ING006,Oil,20,30,3.46,3.89,0.8,0.309
R005,2025-02-07,ING007,Flour,10,15,0.0,1.11,0.69,0.264
R005,2025-02-07,ING008,Bread,8,4,1.24,3.75,0.4,0.392
R005,2025-02-07,ING009,Lettuce,2,3,1.23,4.53,0.72,0.217
R005,2025-02-07,ING010,Cheese,4,5,0.76,2.55,0.04,0.387
R005,2025-02-08,ING001,Rice,12,3,1.77,5.0,0.38,0.018
R005,2025-02-08,ING002,Chicken,2,2,1.81,3.04,0.56,0.166
R005,2025-02-08,ING003,Paneer,3,4,0.0,1.82,0.17,0.065
R005,2025-02-08,ING004,Onion,5,7,4.34,6.72,1.17,0.175
R005,2025-02-08,ING005,Tomato,4,5,2.51,5.2,0.95,0.127
R005,2025-02-08,ING006,Oil,20,30,3.29,3.66,0.0,0.2
R005,2025-02-08,ING007,Flour,10,15,0.49,0.59,0.0,0.11
R005,2025-02-08,ING008,Bread,8,4,1.13,3.92,0.41,0.092
R005,2025-02-08,ING009,Lettuce,2,3,0.94,4.88,0.92,0.095
R005,2025-02-08,ING010,Cheese,4,5,0.53,4.33,1.2,0.178
R005,2025-02-09,ING001,Rice,12,3,1.21,4.28,0.5,0.21
R005,2025-02-09,ING002,Chicken,2,2,3.93,6.27,0.66,0.053
R005,2025-02-09,ING003,Paneer,3,4,0.0,2.96,0.72,0.018
R005,2025-02-09,ING004,Onion,5,7,0.49,1.72,0.0,0.011
R005,2025-02-09,ING005,Tomato,4,5,2.67,5.78,0.7,0.243
R005,2025-02-09,ING006,Oil,20,30,1.86,3.18,0.46,0.044
R005,2025-02-09,ING007,Flour,10,15,3.47,6.18,1.0,0.12
R005,2025-02-09,ING008,Bread,8,4,4.33,7.8,1.11,0.174
R005,2025-02-09,ING009,Lettuce,2,3,1.42,2.92,0.46,0.029
R005,2025-02-09,ING010,Cheese,4,5,1.07,1.79,0.42,0.242
R005,2025-02-10,ING001,Rice,12,3,3.1,5.63,0.79,0.04
R005,2025-02-10,ING002,Chicken,2,2,2.72,2.77,0.88,0.169
R005,2025-02-10,ING003,Paneer,3,4,2.3,6.2,0.56,0.133
R005,2025-02-10,ING004,Onion,5,7,2.42,4.76,0.76,0.235
R005,2025-02-10,ING005,Tomato,4,5,3.4,6.84,1.05,0.196
R005,2025-02-10,ING006,Oil,20,30,4.41,5.73,1.12,0.208
R005,2025-02-10,ING007,Flour,10,15,2.32,4.16,0.62,0.052
R005,2025-02-10,ING008,Bread,8,4,0.56,4.32,0.54,0.112
R005,2025-02-10,ING009,Lettuce,2,3,0.0,2.58,0.34,0.095
R005,2025-02-10,ING010,Cheese,4,5,0.0,2.01,0.34,0.249
R005,2025-02-11,ING001,Rice,12,3,1.51,1.7,0.06,0.061
R005,2025-02-11,ING002,Chicken,2,2,1.63,2.24,0.89,0.082
R005,2025-02-11,ING003,Paneer,3,4,0.0,1.61,0.05,0.243
R005,2025-02-11,ING004,Onion,5,7,1.61,5.58,0.93,0.094
R005,2025-02-11,ING005,Tomato,4,5,1.26,3.65,0.97,0.053
R005,2025-02-11,ING006,Oil,20,30,3.97,7.02,1.49,0.108
R005,2025-02-11,ING007,Flour,10,15,2.49,3.9,0.97,0.073
R005,2025-02-11,ING008,Bread,8,4,1.1,4.2,0.62,0.107
R005,2025-02-11,ING009,Lettuce,2,3,0.0,2.43,0.5,0.094
R005,2025-02-11,ING010,Cheese,4,5,2.99,3.34,0.54,0.009
R005,2025-02-12,ING001,Rice,12,3,1.78,3.68,0.63,0.379
R005,2025-02-12,ING002,Chicken,2,2,0.0,1.29,0.0,0.286
R005,2025-02-12,ING003,Paneer,3,4,0.99,1.62,0.68,0.284
R005,2025-02-12,ING004,Onion,5,7,0.02,2.57,0.67,0.365
R005,2025-02-12,ING005,Tomato,4,5,4.53,7.6,1.31,0.374
R005,2025-02-12,ING006,Oil,20,30,2.07,3.37,0.97,0.365
R005,2025-02-12,ING007,Flour,10,15,5.22,7.13,1.17,0.187
R005,2025-02-12,ING008,Bread,8,4,0.94,4.67,0.27,0.294
R005,2025-02-12,ING009,Lettuce,2,3,0.0,0.09,0.25,0.38
R005,2025-02-12,ING010,Cheese,4,5,4.06,6.38,0.95,0.176
R005,2025-02-13,ING001,Rice,12,3,0.61,2.52,0.29,0.177
R005,2025-02-13,ING002,Chicken,2,2,0.0,0.55,0.0,0.351
R005,2025-02-13,ING003,Paneer,3,4,3.06,6.46,0.7,0.186
R005,2025-02-13,ING004,Onion,5,7,1.71,5.15,0.47,0.271
R005,2025-02-13,ING005,Tomato,4,5,2.58,3.7,0.35,0.308
R005,2025-02-13,ING006,Oil,20,30,1.6,4.03,0.68,0.153
R005,2025-02-13,ING007,Flour,10,15,2.74,3.9,0.58,0.32
R005,2025-02-13,ING008,Bread,8,4,2.8,4.05,0.96,0.285
R005,2025-02-13,ING009,Lettuce,2,3,2.9,6.22,0.11,0.34
R005,2025-02-13,ING010,Cheese,4,5,1.68,3.74,0.67,0.394
R005,2025-02-14,ING001,Rice,12,3,3.39,3.91,0.67,0.249
R005,2025-02-14,ING002,Chicken,2,2,3.33,5.81,0.9,0.368
R005,2025-02-14,ING003,Paneer,3,4,3.21,4.38,0.69,0.29
R005,2025-02-14,ING004,Onion,5,7,1.63,5.06,0.91,0.302
R005,2025-02-14,ING005,Tomato,4,5,2.6,2.62,0.57,0.268
R005,2025-02-14,ING006,Oil,20,30,1.4,4.44,0.15,0.312
R005,2025-02-14,ING007,Flour,10,15,0.0,3.93,0.66,0.156
R005,2025-02-14,ING008,Bread,8,4,3.3,4.8,1.31,0.217
R005,2025-02-14,ING009,Lettuce,2,3,2.87,4.46,0.41,0.397
R005,2025-02-14,ING010,Cheese,4,5,4.03,4.18,0.67,0.378
R005,2025-02-15,ING001,Rice,12,3,2.49,5.36,0.43,0.323
R005,2025-02-15,ING002,Chicken,2,2,3.23,7.0,0.67,0.15
R005,2025-02-15,ING003,Paneer,3,4,2.36,4.77,0.91,0.215
R005,2025-02-15,ING004,Onion,5,7,3.71,4.28,0.55,0.259
R005,2025-02-15,ING005,Tomato,4,5,3.6,6.4,0.91,0.214
R005,2025-02-15,ING006,Oil,20,30,0.86,2.19,0.15,0.301
R005,2025-02-15,ING007,Flour,10,15,1.5,1.71,0.0,0.263
R005,2025-02-15,ING008,Bread,8,4,3.33,5.28,0.92,0.235
R005,2025-02-15,ING009,Lettuce,2,3,1.29,3.21,0.63,0.285
R005,2025-02-15,ING010,Cheese,4,5,0.26,1.95,0.45,0.219
R005,2025-02-16,ING001,Rice,12,3,2.12,4.4,0.35,0.226
R005,2025-02-16,ING002,Chicken,2,2,1.16,3.17,0.56,0.087
R005,2025-02-16,ING003,Paneer,3,4,2.97,6.93,1.09,0.081
R005,2025-02-16,ING004,Onion,5,7,1.64,2.73,0.21,0.02
R005,2025-02-16,ING005,Tomato,4,5,0.0,2.13,0.71,0.049
R005,2025-02-16,ING006,Oil,20,30,3.62,5.47,1.26,0.008
R005,2025-02-16,ING007,Flour,10,15,4.21,6.5,1.07,0.224
R005,2025-02-16,ING008,Bread,8,4,5.63,8.98,1.3,0.077
R005,2025-02-16,ING009,Lettuce,2,3,2.26,5.86,0.69,0.168
R005,2025-02-16,ING010,Cheese,4,5,0.1,0.74,0.0,0.021
R005,2025-02-17,ING001,Rice,12,3,5.23,5.9,0.69,0.343
R005,2025-02-17,ING002,Chicken,2,2,3.05,4.93,0.11,0.204
R005,2025-02-17,ING003,Paneer,3,4,2.5,4.35,0.79,0.231
R005,2025-02-17,ING004,Onion,5,7,1.09,1.27,0.31,0.394
R005,2025-02-17,ING005,Tomato,4,5,1.98,2.52,0.5,0.237
R005,2025-02-17,ING006,Oil,20,30,0.82,0.93,0.0,0.265
R005,2025-02-17,ING007,Flour,10,15,0.19,0.8,0.0,0.224
R005,2025-02-17,ING008,Bread,8,4,1.27,4.75,1.0,0.249
R005,2025-02-17,ING009,Lettuce,2,3,0.58,2.23,0.0,0.33
R005,2025-02-17,ING010,Cheese,4,5,0.23,2.13,0.35,0.215
R005,2025-02-18,ING001,Rice,12,3,2.89,3.33,0.58,0.35
R005,2025-02-18,ING002,Chicken,2,2,2.34,2.93,0.28,0.277
R005,2025-02-18,ING003,Paneer,3,4,1.99,5.56,0.34,0.388
R005,2025-02-18,ING004,Onion,5,7,4.18,4.38,0.14,0.351
R005,2025-02-18,ING005,Tomato,4,5,1.28,4.01,0.58,0.174
R005,2025-02-18,ING006,Oil,20,30,0.37,0.73,0.01,0.244
R005,2025-02-18,ING007,Flour,10,15,3.32,4.11,0.75,0.28
R005,2025-02-18,ING008,Bread,8,4,2.25,3.09,0.48,0.208
R005,2025-02-18,ING009,Lettuce,2,3,0.0,0.0,0.0,0.176
R005,2025-02-18,ING010,Cheese,4,5,1.42,2.63,0.27,0.229
R005,2025-02-19,ING001,Rice,12,3,2.4,4.94,0.82,0.188
R005,2025-02-19,ING002,Chicken,2,2,3.01,4.0,0.69,0.255
R005,2025-02-19,ING003,Paneer,3,4,4.2,7.96,0.91,0.167
R005,2025-02-19,ING004,Onion,5,7,0.17,2.41,0.81,0.368
R005,2025-02-19,ING005,Tomato,4,5,2.45,3.41,0.63,0.331
R005,2025-02-19,ING006,Oil,20,30,0.48,3.97,0.7,0.224
R005,2025-02-19,ING007,Flour,10,15,1.72,2.79,0.59,0.161
R005,2025-02-19,ING008,Bread,8,4,1.96,3.3,0.44,0.313
R005,2025-02-19,ING009,Lettuce,2,3,1.98,5.65,0.65,0.188
R005,2025-02-19,ING010,Cheese,4,5,1.31,2.65,0.71,0.28
R005,2025-02-20,ING001,Rice,12,3,1.11,1.77,0.21,0.25
R005,2025-02-20,ING002,Chicken,2,2,0.46,4.44,1.08,0.226
R005,2025-02-20,ING003,Paneer,3,4,4.31,6.97,0.8,0.229
R005,2025-02-20,ING004,Onion,5,7,4.48,5.94,0.78,0.198
R005,2025-02-20,ING005,Tomato,4,5,2.79,3.72,0.91,0.173
R005,2025-02-20,ING006,Oil,20,30,4.03,7.49,1.35,0.38
R005,2025-02-20,ING007,Flour,10,15,2.97,3.89,0.08,0.358
R005,2025-02-20,ING008,Bread,8,4,3.34,6.64,0.7,0.372
R005,2025-02-20,ING009,Lettuce,2,3,0.64,3.82,0.18,0.349
R005,2025-02-20,ING010,Cheese,4,5,3.03,5.69,0.73,0.384
R005,2025-02-21,ING001,Rice,12,3,2.13,2.13,0.63,0.184
R005,2025-02-21,ING002,Chicken,2,2,4.34,6.37,1.05,0.207
R005,2025-02-21,ING003,Paneer,3,4,0.81,1.63,0.0,0.03
R005,2025-02-21,ING004,Onion,5,7,3.35,7.24,0.97,0.21
R005,2025-02-21,ING005,Tomato,4,5,1.03,2.84,0.0,0.021
R005,2025-02-21,ING006,Oil,20,30,0.32,2.38,0.42,0.12
R005,2025-02-21,ING007,Flour,10,15,2.01,5.5,1.25,0.17
R005,2025-02-21,ING008,Bread,8,4,0.55,2.67,0.19,0.137
R005,2025-02-21,ING009,Lettuce,2,3,1.6,3.6,0.57,0.211
R005,2025-02-21,ING010,Cheese,4,5,1.61,2.1,0.07,0.122
R005,2025-02-22,ING001,Rice,12,3,3.23,5.09,0.46,0.215
R005,2025-02-22,ING002,Chicken,2,2,2.81,4.64,0.83,0.35
R005,2025-02-22,ING003,Paneer,3,4,0.74,1.38,0.06,0.388
R005,2025-02-22,ING004,Onion,5,7,2.0,3.45,0.36,0.312
R005,2025-02-22,ING005,Tomato,4,5,1.77,2.61,0.87,0.341
R005,2025-02-22,ING006,Oil,20,30,0.83,2.82,0.18,0.221
R005,2025-02-22,ING007,Flour,10,15,3.55,4.31,0.66,0.271
R005,2025-02-22,ING008,Bread,8,4,2.25,4.08,0.53,0.387
R005,2025-02-22,ING009,Lettuce,2,3,1.62,2.6,0.36,0.316
R005,2025-02-22,ING010,Cheese,4,5,2.26,3.41,0.75,0.258
R005,2025-02-23,ING001,Rice,12,3,0.6,1.31,0.0,0.133
R005,2025-02-23,ING002,Chicken,2,2,1.76,2.56,0.46,0.06
R005,2025-02-23,ING003,Paneer,3,4,0.96,4.66,0.94,0.039
R005,2025-02-23,ING004,Onion,5,7,2.75,3.45,0.53,0.045
R005,2025-02-23,ING005,Tomato,4,5,1.13,2.74,0.22,0.033
R005,2025-02-23,ING006,Oil,20,30,1.84,2.14,0.15,0.041
R005,2025-02-23,ING007,Flour,10,15,1.67,5.61,0.62,0.046
R005,2025-02-23,ING008,Bread,8,4,2.9,3.07,0.11,0.128
R005,2025-02-23,ING009,Lettuce,2,3,3.69,4.53,0.52,0.028
R005,2025-02-23,ING010,Cheese,4,5,2.96,5.6,0.84,0.053
R005,2025-02-24,ING001,Rice,12,3,2.84,3.16,0.17,0.317
R005,2025-02-24,ING002,Chicken,2,2,1.32,3.34,0.34,0.309
R005,2025-02-24,ING003,Paneer,3,4,2.2,5.38,0.85,0.253
R005,2025-02-24,ING004,Onion,5,7,1.03,2.84,0.0,0.322
R005,2025-02-24,ING005,Tomato,4,5,3.13,3.18,0.48,0.197
R005,2025-02-24,ING006,Oil,20,30,5.22,7.78,1.0,0.366
R005,2025-02-24,ING007,Flour,10,15,4.89,6.77,0.78,0.17
R005,2025-02-24,ING008,Bread,8,4,2.27,2.84,0.45,0.311
R005,2025-02-24,ING009,Lettuce,2,3,0.22,0.62,0.17,0.235
R005,2025-02-24,ING010,Cheese,4,5,1.31,4.96,1.1,0.325
R005,2025-02-25,ING001,Rice,12,3,4.06,5.36,0.56,0.165
R005,2025-02-25,ING002,Chicken,2,2,2.33,3.39,0.4,0.386
R005,2025-02-25,ING003,Paneer,3,4,1.4,5.12,0.77,0.285
R005,2025-02-25,ING004,Onion,5,7,4.53,6.12,1.13,0.316
R005,2025-02-25,ING005,Tomato,4,5,2.05,5.04,1.33,0.346
R005,2025-02-25,ING006,Oil,20,30,2.78,4.82,0.66,0.276
R005,2025-02-25,ING007,Flour,10,15,5.05,7.71,1.33,0.222
R005,2025-02-25,ING008,Bread,8,4,2.3,6.05,0.91,0.397
R005,2025-02-25,ING009,Lettuce,2,3,1.69,3.63,0.89,0.311
R005,2025-02-25,ING010,Cheese,4,5,3.57,5.23,1.31,0.183
R005,2025-02-26,ING001,Rice,12,3,1.99,2.12,0.62,0.169
R005,2025-02-26,ING002,Chicken,2,2,1.36,2.41,0.75,0.158
R005,2025-02-26,ING003,Paneer,3,4,0.67,1.81,0.17,0.043
R005,2025-02-26,ING004,Onion,5,7,0.0,2.53,0.31,0.05
R005,2025-02-26,ING005,Tomato,4,5,0.18,2.76,0.09,0.217
R005,2025-02-26,ING006,Oil,20,30,0.24,1.53,0.24,0.187
R005,2025-02-26,ING007,Flour,10,15,2.0,3.35,0.74,0.102
R005,2025-02-26,ING008,Bread,8,4,1.55,1.59,0.41,0.001
R005,2025-02-26,ING009,Lettuce,2,3,2.21,3.68,0.4,0.117
R005,2025-02-26,ING010,Cheese,4,5,3.58,6.74,0.81,0.171
R005,2025-02-27,ING001,Rice,12,3,3.13,5.0,0.73,0.022
R005,2025-02-27,ING002,Chicken,2,2,2.34,3.04,0.12,0.081
R005,2025-02-27,ING003,Paneer,3,4,0.0,3.55,0.48,0.221
R005,2025-02-27,ING004,Onion,5,7,0.66,1.92,0.29,0.02
R005,2025-02-27,ING005,Tomato,4,5,4.03,8.0,1.06,0.248
R005,2025-02-27,ING006,Oil,20,30,3.01,5.44,0.94,0.032
R005,2025-02-27,ING007,Flour,10,15,0.74,4.03,0.78,0.208
R005,2025-02-27,ING008,Bread,8,4,0.02,3.28,0.46,0.175
R005,2025-02-27,ING009,Lettuce,2,3,3.04,5.8,0.32,0.084
R005,2025-02-27,ING010,Cheese,4,5,3.54,3.57,0.41,0.134
R005,2025-02-28,ING001,Rice,12,3,2.16,2.25,0.22,0.268
R005,2025-02-28,ING002,Chicken,2,2,3.57,7.27,0.91,0.299
R005,2025-02-28,ING003,Paneer,3,4,2.43,2.74,0.14,0.314
R005,2025-02-28,ING004,Onion,5,7,2.61,5.75,0.06,0.309
R005,2025-02-28,ING005,Tomato,4,5,2.6,5.25,0.96,0.316
R005,2025-02-28,ING006,Oil,20,30,2.85,3.45,0.0,0.272
R005,2025-02-28,ING007,Flour,10,15,3.27,5.04,0.52,0.293
R005,2025-02-28,ING008,Bread,8,4,0.0,0.39,0.29,0.311
R005,2025-02-28,ING009,Lettuce,2,3,0.0,2.63,0.45,0.234
R005,2025-02-28,ING010,Cheese,4,5,0.07,1.97,0.55,0.195
R005,2025-03-01,ING001,Rice,12,3,1.21,2.05,0.0,0.237
R005,2025-03-01,ING002,Chicken,2,2,0.0,2.91,0.31,0.115
R005,2025-03-01,ING003,Paneer,3,4,2.32,3.11,0.34,0.216
R005,2025-03-01,ING004,Onion,5,7,1.01,3.37,0.66,0.027
R005,2025-03-01,ING005,Tomato,4,5,0.94,4.71,1.43,0.079
R005,2025-03-01,ING006,Oil,20,30,0.47,0.49,0.33,0.222
R005,2025-03-01,ING007,Flour,10,15,1.65,3.44,1.48,0.042
R005,2025-03-01,ING008,Bread,8,4,0.84,3.41,0.72,0.124
R005,2025-03-01,ING009,Lettuce,2,3,1.43,4.05,0.0,0.001
R005,2025-03-01,ING010,Cheese,4,5,1.58,1.86,0.12,0.082
R005,2025-03-02,ING001,Rice,12,3,0.75,4.14,0.51,0.332
R005,2025-03-02,ING002,Chicken,2,2,4.21,4.34,1.4,0.246
R005,2025-03-02,ING003,Paneer,3,4,1.47,2.26,0.38,0.221
R005,2025-03-02,ING004,Onion,5,7,1.51,1.94,0.0,0.336
R005,2025-03-02,ING005,Tomato,4,5,1.1,4.84,0.7,0.172
R005,2025-03-02,ING006,Oil,20,30,0.0,2.19,0.64,0.396
R005,2025-03-02,ING007,Flour,10,15,1.88,2.88,0.5,0.164
R005,2025-03-02,ING008,Bread,8,4,2.59,6.55,0.9,0.233
R005,2025-03-02,ING009,Lettuce,2,3,1.43,4.43,0.45,0.381
R005,2025-03-02,ING010,Cheese,4,5,3.76,4.07,0.21,0.388
R005,2025-03-03,ING001,Rice,12,3,4.52,6.93,1.09,0.161
R005,2025-03-03,ING002,Chicken,2,2,1.53,4.15,0.0,0.065
R005,2025-03-03,ING003,Paneer,3,4,1.04,3.15,0.41,0.163
R005,2025-03-03,ING004,Onion,5,7,2.04,3.5,1.12,0.051
R005,2025-03-03,ING005,Tomato,4,5,3.76,4.1,0.54,0.23
R005,2025-03-03,ING006,Oil,20,30,0.2,3.67,0.47,0.015
R005,2025-03-03,ING007,Flour,10,15,1.72,2.65,0.57,0.059
R005,2025-03-03,ING008,Bread,8,4,0.0,0.85,0.05,0.206
R005,2025-03-03,ING009,Lettuce,2,3,1.31,1.46,0.13,0.008
R005,2025-03-03,ING010,Cheese,4,5,4.54,7.58,1.1,0.08
R005,2025-03-04,ING001,Rice,12,3,1.41,3.62,0.59,0.303
R005,2025-03-04,ING002,Chicken,2,2,0.36,0.51,0.11,0.388
R005,2025-03-04,ING003,Paneer,3,4,0.77,2.47,0.12,0.179
R005,2025-03-04,ING004,Onion,5,7,3.89,5.16,0.95,0.208
R005,2025-03-04,ING005,Tomato,4,5,2.28,3.5,0.58,0.242
R005,2025-03-04,ING006,Oil,20,30,0.36,2.02,0.32,0.321
R005,2025-03-04,ING007,Flour,10,15,4.46,7.96,1.37,0.334
R005,2025-03-04,ING008,Bread,8,4,1.32,2.6,0.52,0.297
R005,2025-03-04,ING009,Lettuce,2,3,1.0,3.43,0.41,0.342
R005,2025-03-04,ING010,Cheese,4,5,3.12,4.54,0.73,0.332
R005,2025-03-05,ING001,Rice,12,3,3.98,5.73,0.88,0.03
R005,2025-03-05,ING002,Chicken,2,2,3.98,7.6,1.39,0.181
R005,2025-03-05,ING003,Paneer,3,4,1.35,3.76,0.54,0.2
R005,2025-03-05,ING004,Onion,5,7,1.19,3.71,0.32,0.1
R005,2025-03-05,ING005,Tomato,4,5,1.06,1.88,0.09,0.128
R005,2025-03-05,ING006,Oil,20,30,1.85,5.12,1.53,0.027
R005,2025-03-05,ING007,Flour,10,15,2.31,5.4,1.11,0.06
R005,2025-03-05,ING008,Bread,8,4,3.59,4.78,0.86,0.069
R005,2025-03-05,ING009,Lettuce,2,3,4.29,7.07,1.18,0.092
R005,2025-03-05,ING010,Cheese,4,5,1.48,4.55,0.86,0.215
R005,2025-03-06,ING001,Rice,12,3,2.48,2.75,0.07,0.109
R005,2025-03-06,ING002,Chicken,2,2,0.0,2.72,0.65,0.078
R005,2025-03-06,ING003,Paneer,3,4,0.71,1.86,0.42,0.232
R005,2025-03-06,ING004,Onion,5,7,2.26,2.44,0.47,0.115
R005,2025-03-06,ING005,Tomato,4,5,0.3,2.34,0.18,0.087
R005,2025-03-06,ING006,Oil,20,30,2.35,3.23,0.62,0.033
R005,2025-03-06,ING007,Flour,10,15,5.21,7.05,0.96,0.023
R005,2025-03-06,ING008,Bread,8,4,1.53,4.4,0.56,0.18
R005,2025-03-06,ING009,Lettuce,2,3,0.0,1.36,0.05,0.068
R005,2025-03-06,ING010,Cheese,4,5,1.3,1.67,0.48,0.18
R005,2025-03-07,ING001,Rice,12,3,1.09,4.73,0.43,0.198
R005,2025-03-07,ING002,Chicken,2,2,1.11,2.87,0.0,0.218
R005,2025-03-07,ING003,Paneer,3,4,1.37,1.44,0.13,0.024
R005,2025-03-07,ING004,Onion,5,7,1.36,3.28,0.11,0.031
R005,2025-03-07,ING005,Tomato,4,5,2.06,3.3,0.45,0.104
R005,2025-03-07,ING006,Oil,20,30,3.78,7.3,1.37,0.225
R005,2025-03-07,ING007,Flour,10,15,0.55,2.22,0.1,0.075
R005,2025-03-07,ING008,Bread,8,4,3.13,3.53,0.26,0.006
R005,2025-03-07,ING009,Lettuce,2,3,0.41,1.09,0.26,0.12
R005,2025-03-07,ING010,Cheese,4,5,0.87,1.13,0.27,0.221
R005,2025-03-08,ING001,Rice,12,3,3.31,6.47,0.98,0.235
R005,2025-03-08,ING002,Chicken,2,2,1.44,3.38,0.59,0.306
R005,2025-03-08,ING003,Paneer,3,4,2.38,5.94,1.44,0.188
R005,2025-03-08,ING004,Onion,5,7,3.92,7.67,0.71,0.219
R005,2025-03-08,ING005,Tomato,4,5,1.39,4.23,0.37,0.203
R005,2025-03-08,ING006,Oil,20,30,0.0,0.8,0.32,0.382
R005,2025-03-08,ING007,Flour,10,15,3.14,5.33,0.48,0.284
R005,2025-03-08,ING008,Bread,8,4,0.96,1.23,0.0,0.29
R005,2025-03-08,ING009,Lettuce,2,3,1.29,3.82,0.69,0.151
R005,2025-03-08,ING010,Cheese,4,5,5.46,5.75,0.43,0.299
R005,2025-03-09,ING001,Rice,12,3,1.23,3.73,0.45,0.093
R005,2025-03-09,ING002,Chicken,2,2,4.13,6.47,1.04,0.104
R005,2025-03-09,ING003,Paneer,3,4,3.65,7.26,1.23,0.156
R005,2025-03-09,ING004,Onion,5,7,0.0,3.84,1.29,0.025
R005,2025-03-09,ING005,Tomato,4,5,3.96,5.93,0.63,0.223
R005,2025-03-09,ING006,Oil,20,30,2.58,6.23,1.23,0.196
R005,2025-03-09,ING007,Flour,10,15,0.02,1.22,0.18,0.199
R005,2025-03-09,ING008,Bread,8,4,2.19,6.07,0.62,0.117
R005,2025-03-09,ING009,Lettuce,2,3,1.26,3.69,0.77,0.145
R005,2025-03-09,ING010,Cheese,4,5,4.12,7.42,1.0,0.189
R005,2025-03-10,ING001,Rice,12,3,2.16,6.04,0.93,0.062
R005,2025-03-10,ING002,Chicken,2,2,3.45,4.27,0.5,0.118
R005,2025-03-10,ING003,Paneer,3,4,0.0,3.54,0.25,0.065
R005,2025-03-10,ING004,Onion,5,7,0.53,2.41,0.21,0.206
R005,2025-03-10,ING005,Tomato,4,5,0.0,0.64,0.0,0.021
R005,2025-03-10,ING006,Oil,20,30,0.76,2.82,0.53,0.206
R005,2025-03-10,ING007,Flour,10,15,0.12,0.7,0.0,0.082
R005,2025-03-10,ING008,Bread,8,4,1.71,4.58,0.61,0.047
R005,2025-03-10,ING009,Lettuce,2,3,0.69,1.6,0.2,0.022
R005,2025-03-10,ING010,Cheese,4,5,2.27,3.49,0.81,0.245
R005,2025-03-11,ING001,Rice,12,3,3.11,4.39,1.11,0.062
R005,2025-03-11,ING002,Chicken,2,2,2.79,3.86,0.77,0.116
R005,2025-03-11,ING003,Paneer,3,4,1.29,4.44,0.88,0.248
R005,2025-03-11,ING004,Onion,5,7,1.48,3.72,0.19,0.13
R005,2025-03-11,ING005,Tomato,4,5,3.19,6.94,0.47,0.12
R005,2025-03-11,ING006,Oil,20,30,0.73,2.64,0.17,0.035
R005,2025-03-11,ING007,Flour,10,15,1.52,4.29,0.9,0.098
R005,2025-03-11,ING008,Bread,8,4,2.34,5.09,0.27,0.131
R005,2025-03-11,ING009,Lettuce,2,3,0.0,2.11,0.51,0.149
R005,2025-03-11,ING010,Cheese,4,5,4.9,7.18,0.9,0.193
R005,2025-03-12,ING001,Rice,12,3,3.77,7.69,0.98,0.265
R005,2025-03-12,ING002,Chicken,2,2,4.54,8.24,0.91,0.317
R005,2025-03-12,ING003,Paneer,3,4,0.37,3.09,0.56,0.279
R005,2025-03-12,ING004,Onion,5,7,1.11,4.16,1.43,0.184
R005,2025-03-12,ING005,Tomato,4,5,4.14,6.69,1.33,0.304
R005,2025-03-12,ING006,Oil,20,30,2.38,3.07,0.86,0.159
R005,2025-03-12,ING007,Flour,10,15,2.15,5.88,1.41,0.234
R005,2025-03-12,ING008,Bread,8,4,0.52,1.88,0.16,0.212
R005,2025-03-12,ING009,Lettuce,2,3,1.56,3.8,0.4,0.383
R005,2025-03-12,ING010,Cheese,4,5,3.98,4.38,0.35,0.198
R005,2025-03-13,ING001,Rice,12,3,0.6,1.17,0.37,0.241
R005,2025-03-13,ING002,Chicken,2,2,6.01,8.86,1.15,0.161
R005,2025-03-13,ING003,Paneer,3,4,3.0,6.56,1.06,0.054
R005,2025-03-13,ING004,Onion,5,7,2.74,5.44,0.51,0.061
R005,2025-03-13,ING005,Tomato,4,5,0.03,4.0,0.57,0.045
R005,2025-03-13,ING006,Oil,20,30,2.12,4.98,0.4,0.044
R005,2025-03-13,ING007,Flour,10,15,1.94,3.85,0.0,0.088
R005,2025-03-13,ING008,Bread,8,4,2.15,2.81,0.57,0.043
R005,2025-03-13,ING009,Lettuce,2,3,3.15,6.05,1.06,0.082
R005,2025-03-13,ING010,Cheese,4,5,1.49,4.74,0.01,0.146
R005,2025-03-14,ING001,Rice,12,3,1.86,5.81,1.1,0.216
R005,2025-03-14,ING002,Chicken,2,2,1.87,2.73,0.4,0.018
R005,2025-03-14,ING003,Paneer,3,4,3.36,3.52,0.72,0.206
R005,2025-03-14,ING004,Onion,5,7,1.4,1.74,0.0,0.242
R005,2025-03-14,ING005,Tomato,4,5,4.2,8.09,1.0,0.036
R005,2025-03-14,ING006,Oil,20,30,1.33,2.18,0.35,0.123
R005,2025-03-14,ING007,Flour,10,15,2.9,4.67,1.09,0.227
R005,2025-03-14,ING008,Bread,8,4,1.38,4.47,0.71,0.023
R005,2025-03-14,ING009,Lettuce,2,3,4.21,4.74,1.01,0.186
R005,2025-03-14,ING010,Cheese,4,5,2.65,5.38,0.88,0.14
R005,2025-03-15,ING001,Rice,12,3,2.94,4.94,0.81,0.163
R005,2025-03-15,ING002,Chicken,2,2,0.0,3.91,0.45,0.374
R005,2025-03-15,ING003,Paneer,3,4,5.87,8.87,0.95,0.165
R005,2025-03-15,ING004,Onion,5,7,3.8,5.29,0.33,0.295
R005,2025-03-15,ING005,Tomato,4,5,4.59,4.81,0.95,0.288
R005,2025-03-15,ING006,Oil,20,30,1.02,4.89,0.54,0.302
R005,2025-03-15,ING007,Flour,10,15,2.32,5.49,0.33,0.35
R005,2025-03-15,ING008,Bread,8,4,3.91,6.65,0.84,0.159
R005,2025-03-15,ING009,Lettuce,2,3,0.35,1.28,0.5,0.379
R005,2025-03-15,ING010,Cheese,4,5,0.0,2.2,0.35,0.356
R005,2025-03-16,ING001,Rice,12,3,0.0,2.07,0.04,0.204
R005,2025-03-16,ING002,Chicken,2,2,1.97,3.65,0.0,0.143
R005,2025-03-16,ING003,Paneer,3,4,1.33,2.43,0.51,0.122
R005,2025-03-16,ING004,Onion,5,7,0.0,3.6,0.26,0.221
R005,2025-03-16,ING005,Tomato,4,5,0.54,4.45,0.18,0.159
R005,2025-03-16,ING006,Oil,20,30,3.48,5.24,0.79,0.149
R005,2025-03-16,ING007,Flour,10,15,1.04,3.84,0.43,0.118
R005,2025-03-16,ING008,Bread,8,4,3.05,4.72,0.9,0.18
R005,2025-03-16,ING009,Lettuce,2,3,3.38,7.26,0.97,0.01
R005,2025-03-16,ING010,Cheese,4,5,3.48,6.08,0.69,0.045
R005,2025-03-17,ING001,Rice,12,3,3.71,5.35,0.5,0.37
R005,2025-03-17,ING002,Chicken,2,2,1.97,5.82,1.06,0.272
R005,2025-03-17,ING003,Paneer,3,4,0.94,1.26,0.03,0.267
R005,2025-03-17,ING004,Onion,5,7,3.71,3.82,0.6,0.223
R005,2025-03-17,ING005,Tomato,4,5,0.0,0.67,0.0,0.338
R005,2025-03-17,ING006,Oil,20,30,1.02,1.21,0.0,0.331
R005,2025-03-17,ING007,Flour,10,15,0.0,1.75,0.36,0.39
R005,2025-03-17,ING008,Bread,8,4,0.66,1.55,0.9,0.371
R005,2025-03-17,ING009,Lettuce,2,3,2.59,5.59,1.14,0.268
R005,2025-03-17,ING010,Cheese,4,5,0.0,0.66,0.22,0.397
R005,2025-03-18,ING001,Rice,12,3,0.82,4.15,0.67,0.133
R005,2025-03-18,ING002,Chicken,2,2,0.27,2.38,0.6,0.132
R005,2025-03-18,ING003,Paneer,3,4,1.59,3.33,0.56,0.243
R005,2025-03-18,ING004,Onion,5,7,2.47,5.66,0.79,0.091
R005,2025-03-18,ING005,Tomato,4,5,2.47,5.18,1.03,0.205
R005,2025-03-18,ING006,Oil,20,30,0.44,2.58,0.72,0.234
R005,2025-03-18,ING007,Flour,10,15,1.18,3.8,0.7,0.122
R005,2025-03-18,ING008,Bread,8,4,1.56,5.42,0.89,0.144
R005,2025-03-18,ING009,Lettuce,2,3,3.44,5.5,0.82,0.07
R005,2025-03-18,ING010,Cheese,4,5,2.45,6.16,1.32,0.087
R005,2025-03-19,ING001,Rice,12,3,4.11,7.64,0.71,0.017
R005,2025-03-19,ING002,Chicken,2,2,2.35,4.38,1.15,0.222
R005,2025-03-19,ING003,Paneer,3,4,2.58,4.09,0.86,0.123
R005,2025-03-19,ING004,Onion,5,7,3.42,6.67,1.16,0.023
R005,2025-03-19,ING005,Tomato,4,5,0.76,1.99,0.23,0.031
R005,2025-03-19,ING006,Oil,20,30,0.78,4.12,1.08,0.136
R005,2025-03-19,ING007,Flour,10,15,1.67,5.56,1.15,0.179
R005,2025-03-19,ING008,Bread,8,4,3.02,4.14,0.68,0.144
R005,2025-03-19,ING009,Lettuce,2,3,0.72,3.7,0.36,0.218
R005,2025-03-19,ING010,Cheese,4,5,1.19,4.32,0.3,0.174
R005,2025-03-20,ING001,Rice,12,3,0.0,0.51,0.13,0.172
R005,2025-03-20,ING002,Chicken,2,2,1.03,4.98,0.82,0.238
R005,2025-03-20,ING003,Paneer,3,4,0.0,2.38,0.5,0.389
R005,2025-03-20,ING004,Onion,5,7,2.7,4.62,0.09,0.25
R005,2025-03-20,ING005,Tomato,4,5,0.0,0.35,0.0,0.296
R005,2025-03-20,ING006,Oil,20,30,0.74,2.36,0.19,0.392
R005,2025-03-20,ING007,Flour,10,15,0.0,2.96,0.52,0.29
R005,2025-03-20,ING008,Bread,8,4,1.51,2.53,0.22,0.168
R005,2025-03-20,ING009,Lettuce,2,3,1.81,5.49,0.78,0.227
R005,2025-03-20,ING010,Cheese,4,5,3.64,4.46,0.23,0.213
R005,2025-03-21,ING001,Rice,12,3,0.59,3.05,0.5,0.296
R005,2025-03-21,ING002,Chicken,2,2,1.34,4.97,0.39,0.29
R005,2025-03-21,ING003,Paneer,3,4,2.4,3.46,0.23,0.245
R005,2025-03-21,ING004,Onion,5,7,1.77,4.28,0.32,0.169
R005,2025-03-21,ING005,Tomato,4,5,1.76,3.38,0.47,0.171
R005,2025-03-21,ING006,Oil,20,30,1.52,3.89,0.65,0.267
R005,2025-03-21,ING007,Flour,10,15,2.77,4.45,0.53,0.359
R005,2025-03-21,ING008,Bread,8,4,0.0,2.9,0.37,0.35
R005,2025-03-21,ING009,Lettuce,2,3,2.82,6.54,0.31,0.284
R005,2025-03-21,ING010,Cheese,4,5,0.0,3.46,0.47,0.315
R005,2025-03-22,ING001,Rice,12,3,0.43,0.63,0.0,0.244
R005,2025-03-22,ING002,Chicken,2,2,0.0,2.5,0.62,0.151
R005,2025-03-22,ING003,Paneer,3,4,0.51,4.24,1.47,0.105
R005,2025-03-22,ING004,Onion,5,7,1.25,2.85,0.53,0.011
R005,2025-03-22,ING005,Tomato,4,5,3.2,6.75,1.05,0.145
R005,2025-03-22,ING006,Oil,20,30,1.32,5.24,1.08,0.052
R005,2025-03-22,ING007,Flour,10,15,0.36,3.7,0.65,0.14
R005,2025-03-22,ING008,Bread,8,4,0.07,3.58,0.8,0.105
R005,2025-03-22,ING009,Lettuce,2,3,4.35,8.24,1.17,0.162
R005,2025-03-22,ING010,Cheese,4,5,2.0,3.05,0.82,0.178
R005,2025-03-23,ING001,Rice,12,3,1.77,3.7,0.78,0.234
R005,2025-03-23,ING002,Chicken,2,2,0.14,0.38,0.78,0.039
R005,2025-03-23,ING003,Paneer,3,4,2.23,3.22,0.43,0.154
R005,2025-03-23,ING004,Onion,5,7,2.24,4.91,0.98,0.125
R005,2025-03-23,ING005,Tomato,4,5,0.73,1.66,0.71,0.219
R005,2025-03-23,ING006,Oil,20,30,1.1,1.62,0.86,0.066
R005,2025-03-23,ING007,Flour,10,15,1.69,4.48,0.47,0.147
R005,2025-03-23,ING008,Bread,8,4,3.02,3.24,0.73,0.147
R005,2025-03-23,ING009,Lettuce,2,3,0.03,1.33,0.06,0.085
R005,2025-03-23,ING010,Cheese,4,5,1.98,4.54,0.62,0.217
R005,2025-03-24,ING001,Rice,12,3,1.67,4.3,0.79,0.367
R005,2025-03-24,ING002,Chicken,2,2,1.97,4.7,0.86,0.297
R005,2025-03-24,ING003,Paneer,3,4,3.39,5.43,0.47,0.227
R005,2025-03-24,ING004,Onion,5,7,3.08,6.51,1.23,0.284
R005,2025-03-24,ING005,Tomato,4,5,2.21,5.32,1.08,0.212
R005,2025-03-24,ING006,Oil,20,30,2.32,4.03,0.79,0.397
R005,2025-03-24,ING007,Flour,10,15,3.69,7.66,0.74,0.362
R005,2025-03-24,ING008,Bread,8,4,0.0,2.77,0.88,0.187
R005,2025-03-24,ING009,Lettuce,2,3,3.31,5.8,0.72,0.223
R005,2025-03-24,ING010,Cheese,4,5,2.89,6.59,1.09,0.307
R005,2025-03-25,ING001,Rice,12,3,0.83,2.38,0.36,0.206
R005,2025-03-25,ING002,Chicken,2,2,2.8,3.64,0.87,0.296
R005,2025-03-25,ING003,Paneer,3,4,3.72,4.6,0.99,0.258
R005,2025-03-25,ING004,Onion,5,7,1.85,4.95,0.87,0.239
R005,2025-03-25,ING005,Tomato,4,5,3.14,3.29,0.64,0.253
R005,2025-03-25,ING006,Oil,20,30,2.19,3.54,0.51,0.365
R005,2025-03-25,ING007,Flour,10,15,4.03,6.68,0.96,0.372
R005,2025-03-25,ING008,Bread,8,4,4.42,6.95,1.5,0.256
R005,2025-03-25,ING009,Lettuce,2,3,1.62,3.98,0.62,0.173
R005,2025-03-25,ING010,Cheese,4,5,1.31,2.94,0.9,0.326
R005,2025-03-26,ING001,Rice,12,3,1.72,4.9,0.75,0.155
R005,2025-03-26,ING002,Chicken,2,2,0.0,1.68,0.38,0.005
R005,2025-03-26,ING003,Paneer,3,4,1.76,4.32,0.93,0.109
R005,2025-03-26,ING004,Onion,5,7,1.57,5.47,0.58,0.111
R005,2025-03-26,ING005,Tomato,4,5,1.57,2.8,0.07,0.036
R005,2025-03-26,ING006,Oil,20,30,1.07,2.21,0.06,0.094
R005,2025-03-26,ING007,Flour,10,15,3.29,3.62,0.51,0.04
R005,2025-03-26,ING008,Bread,8,4,0.08,3.65,1.01,0.146
R005,2025-03-26,ING009,Lettuce,2,3,1.41,3.71,0.34,0.136
R005,2025-03-26,ING010,Cheese,4,5,0.89,2.51,0.59,0.189
R005,2025-03-27,ING001,Rice,12,3,3.67,3.85,0.53,0.135
R005,2025-03-27,ING002,Chicken,2,2,0.0,2.71,0.71,0.13
R005,2025-03-27,ING003,Paneer,3,4,1.04,3.84,0.58,0.154
R005,2025-03-27,ING004,Onion,5,7,0.0,1.28,0.0,0.009
R005,2025-03-27,ING005,Tomato,4,5,0.0,1.24,0.49,0.178
R005,2025-03-27,ING006,Oil,20,30,1.4,2.31,0.35,0.077
R005,2025-03-27,ING007,Flour,10,15,0.0,2.58,0.62,0.001
R005,2025-03-27,ING008,Bread,8,4,1.33,4.62,0.78,0.088
R005,2025-03-27,ING009,Lettuce,2,3,3.47,4.24,0.52,0.058
R005,2025-03-27,ING010,Cheese,4,5,2.25,4.96,0.2,0.21
R005,2025-03-28,ING001,Rice,12,3,3.79,5.7,0.67,0.397
R005,2025-03-28,ING002,Chicken,2,2,0.67,1.04,0.0,0.391
R005,2025-03-28,ING003,Paneer,3,4,2.72,3.89,0.42,0.298
R005,2025-03-28,ING004,Onion,5,7,3.52,6.01,0.11,0.186
R005,2025-03-28,ING005,Tomato,4,5,0.0,3.06,0.36,0.258
R005,2025-03-28,ING006,Oil,20,30,1.19,4.31,0.75,0.272
R005,2025-03-28,ING007,Flour,10,15,0.99,1.47,0.0,0.195
R005,2025-03-28,ING008,Bread,8,4,6.04,8.06,1.37,0.267
R005,2025-03-28,ING009,Lettuce,2,3,4.2,7.56,1.08,0.28
R005,2025-03-28,ING010,Cheese,4,5,2.82,4.06,0.52,0.173
R005,2025-03-29,ING001,Rice,12,3,0.0,1.97,0.15,0.324
R005,2025-03-29,ING002,Chicken,2,2,1.92,4.63,0.54,0.245
R005,2025-03-29,ING003,Paneer,3,4,0.0,3.74,0.85,0.394
R005,2025-03-29,ING004,Onion,5,7,2.84,6.08,0.78,0.282
R005,2025-03-29,ING005,Tomato,4,5,3.46,4.15,0.21,0.152
R005,2025-03-29,ING006,Oil,20,30,2.89,6.86,0.78,0.183
R005,2025-03-29,ING007,Flour,10,15,3.02,6.22,1.01,0.326
R005,2025-03-29,ING008,Bread,8,4,2.57,6.02,1.0,0.398
R005,2025-03-29,ING009,Lettuce,2,3,1.91,4.09,0.69,0.397
R005,2025-03-29,ING010,Cheese,4,5,0.39,3.46,0.47,0.29
R005,2025-03-30,ING001,Rice,12,3,0.0,2.44,0.44,0.177
R005,2025-03-30,ING002,Chicken,2,2,0.84,2.7,0.28,0.099
R005,2025-03-30,ING003,Paneer,3,4,0.0,1.5,0.43,0.211
R005,2025-03-30,ING004,Onion,5,7,4.84,7.45,1.09,0.214
R005,2025-03-30,ING005,Tomato,4,5,1.76,5.61,1.09,0.067
R005,2025-03-30,ING006,Oil,20,30,1.66,5.25,0.78,0.021
R005,2025-03-30,ING007,Flour,10,15,2.7,6.16,0.38,0.053
R005,2025-03-30,ING008,Bread,8,4,2.04,4.41,0.49,0.036
R005,2025-03-30,ING009,Lettuce,2,3,3.58,6.19,1.0,0.154
R005,2025-03-30,ING010,Cheese,4,5,0.8,3.4,0.66,0.109
R005,2025-03-31,ING001,Rice,12,3,2.38,3.82,0.78,0.185
R005,2025-03-31,ING002,Chicken,2,2,1.18,4.69,0.74,0.255
R005,2025-03-31,ING003,Paneer,3,4,2.19,3.0,0.0,0.222
R005,2025-03-31,ING004,Onion,5,7,2.25,4.17,0.6,0.341
R005,2025-03-31,ING005,Tomato,4,5,2.16,3.1,0.0,0.366
R005,2025-03-31,ING006,Oil,20,30,1.99,2.44,0.92,0.374
R005,2025-03-31,ING007,Flour,10,15,0.91,1.77,0.42,0.359
R005,2025-03-31,ING008,Bread,8,4,0.0,1.58,0.04,0.155
R005,2025-03-31,ING009,Lettuce,2,3,1.13,1.59,0.0,0.199
R005,2025-03-31,ING010,Cheese,4,5,1.17,4.28,0.62,0.277
R006,2025-01-01,ING001,Rice,12,3,1.82,5.43,1.11,0.112
R006,2025-01-01,ING002,Chicken,2,2,1.62,5.48,1.18,0.239
R006,2025-01-01,ING003,Paneer,3,4,1.21,3.72,1.06,0.009
R006,2025-01-01,ING004,Onion,5,7,0.15,2.05,0.14,0.002
R006,2025-01-01,ING005,Tomato,4,5,0.0,0.3,0.0,0.033
R006,2025-01-01,ING006,Oil,20,30,0.0,0.54,0.1,0.112
R006,2025-01-01,ING007,Flour,10,15,1.33,1.51,0.59,0.145
R006,2025-01-01,ING008,Bread,8,4,2.0,2.75,0.44,0.195
R006,2025-01-01,ING009,Lettuce,2,3,1.89,3.93,1.11,0.195
R006,2025-01-01,ING010,Cheese,4,5,2.0,3.72,0.31,0.239
R006,2025-01-02,ING001,Rice,12,3,4.25,6.8,1.17,0.155
R006,2025-01-02,ING002,Chicken,2,2,4.13,4.33,0.45,0.194
R006,2025-01-02,ING003,Paneer,3,4,3.42,3.91,0.56,0.38
R006,2025-01-02,ING004,Onion,5,7,2.9,5.23,1.28,0.17
R006,2025-01-02,ING005,Tomato,4,5,1.42,2.16,0.11,0.358
R006,2025-01-02,ING006,Oil,20,30,3.57,4.8,0.8,0.307
R006,2025-01-02,ING007,Flour,10,15,0.0,3.7,0.66,0.233
R006,2025-01-02,ING008,Bread,8,4,0.7,1.58,0.43,0.355
R006,2025-01-02,ING009,Lettuce,2,3,3.24,5.33,0.64,0.346
R006,2025-01-02,ING010,Cheese,4,5,1.71,1.93,0.13,0.341
R006,2025-01-03,ING001,Rice,12,3,0.92,3.13,0.52,0.201
R006,2025-01-03,ING002,Chicken,2,2,2.36,6.36,0.59,0.195
R006,2025-01-03,ING003,Paneer,3,4,2.58,4.56,0.96,0.111
R006,2025-01-03,ING004,Onion,5,7,1.26,2.48,0.0,0.063
R006,2025-01-03,ING005,Tomato,4,5,3.17,3.3,0.12,0.185
R006,2025-01-03,ING006,Oil,20,30,4.04,4.14,0.34,0.223
R006,2025-01-03,ING007,Flour,10,15,2.42,2.63,0.0,0.059
R006,2025-01-03,ING008,Bread,8,4,2.36,4.73,0.72,0.18
R006,2025-01-03,ING009,Lettuce,2,3,1.66,3.49,0.37,0.149
R006,2025-01-03,ING010,Cheese,4,5,1.72,2.08,0.17,0.187
R006,2025-01-04,ING001,Rice,12,3,1.82,2.25,0.79,0.177
R006,2025-01-04,ING002,Chicken,2,2,1.33,5.28,0.94,0.291
R006,2025-01-04,ING003,Paneer,3,4,2.43,2.86,0.34,0.333
R006,2025-01-04,ING004,Onion,5,7,3.98,4.74,0.46,0.232
R006,2025-01-04,ING005,Tomato,4,5,2.93,3.95,0.74,0.378
R006,2025-01-04,ING006,Oil,20,30,2.5,4.05,0.63,0.221
R006,2025-01-04,ING007,Flour,10,15,3.28,3.7,0.22,0.307
R006,2025-01-04,ING008,Bread,8,4,0.94,2.08,0.44,0.183
R006,2025-01-04,ING009,Lettuce,2,3,1.03,2.63,0.17,0.305
R006,2025-01-04,ING010,Cheese,4,5,3.76,3.96,0.98,0.161
R006,2025-01-05,ING001,Rice,12,3,2.62,6.25,0.69,0.045
R006,2025-01-05,ING002,Chicken,2,2,0.03,2.46,0.32,0.144
R006,2025-01-05,ING003,Paneer,3,4,0.21,0.33,0.11,0.028
R006,2025-01-05,ING004,Onion,5,7,2.71,3.96,0.33,0.031
R006,2025-01-05,ING005,Tomato,4,5,5.05,5.31,1.28,0.179
R006,2025-01-05,ING006,Oil,20,30,3.59,6.18,1.25,0.229
R006,2025-01-05,ING007,Flour,10,15,1.74,1.85,0.17,0.234
R006,2025-01-05,ING008,Bread,8,4,0.89,1.16,0.13,0.171
R006,2025-01-05,ING009,Lettuce,2,3,2.16,2.23,0.65,0.176
R006,2025-01-05,ING010,Cheese,4,5,1.39,1.66,0.2,0.117
R006,2025-01-06,ING001,Rice,12,3,1.79,4.21,0.6,0.225
R006,2025-01-06,ING002,Chicken,2,2,3.56,4.88,1.39,0.026
R006,2025-01-06,ING003,Paneer,3,4,2.69,4.7,0.78,0.17
R006,2025-01-06,ING004,Onion,5,7,0.83,1.1,0.76,0.009
R006,2025-01-06,ING005,Tomato,4,5,0.98,2.82,0.72,0.154
R006,2025-01-06,ING006,Oil,20,30,2.59,3.28,0.48,0.153
R006,2025-01-06,ING007,Flour,10,15,0.0,1.27,0.51,0.231
R006,2025-01-06,ING008,Bread,8,4,1.71,3.6,0.8,0.071
R006,2025-01-06,ING009,Lettuce,2,3,1.56,2.48,0.32,0.225
R006,2025-01-06,ING010,Cheese,4,5,0.96,1.1,0.17,0.176
R006,2025-01-07,ING001,Rice,12,3,0.0,0.36,0.3,0.236
R006,2025-01-07,ING002,Chicken,2,2,3.43,6.52,0.64,0.059
R006,2025-01-07,ING003,Paneer,3,4,3.83,4.99,0.86,0.001
R006,2025-01-07,ING004,Onion,5,7,2.23,4.13,0.92,0.02
R006,2025-01-07,ING005,Tomato,4,5,0.58,0.84,0.0,0.169
R006,2025-01-07,ING006,Oil,20,30,0.0,1.85,0.29,0.134
R006,2025-01-07,ING007,Flour,10,15,1.95,2.86,1.06,0.153
R006,2025-01-07,ING008,Bread,8,4,5.09,5.59,1.24,0.12
R006,2025-01-07,ING009,Lettuce,2,3,1.46,3.42,0.38,0.239
R006,2025-01-07,ING010,Cheese,4,5,3.78,5.58,0.51,0.095
R006,2025-01-08,ING001,Rice,12,3,2.26,3.94,0.85,0.124
R006,2025-01-08,ING002,Chicken,2,2,0.0,3.28,0.61,0.05
R006,2025-01-08,ING003,Paneer,3,4,2.98,6.71,0.7,0.179
R006,2025-01-08,ING004,Onion,5,7,1.73,2.52,0.22,0.021
R006,2025-01-08,ING005,Tomato,4,5,0.0,0.03,0.0,0.154
R006,2025-01-08,ING006,Oil,20,30,0.0,0.38,0.0,0.076
R006,2025-01-08,ING007,Flour,10,15,1.42,4.14,0.88,0.221
R006,2025-01-08,ING008,Bread,8,4,0.0,2.62,0.31,0.114
R006,2025-01-08,ING009,Lettuce,2,3,2.67,2.99,0.23,0.214
R006,2025-01-08,ING010,Cheese,4,5,0.0,2.25,0.71,0.062
R006,2025-01-09,ING001,Rice,12,3,1.27,1.57,0.37,0.142
R006,2025-01-09,ING002,Chicken,2,2,3.3,6.19,1.34,0.199
R006,2025-01-09,ING003,Paneer,3,4,3.85,6.77,1.29,0.237
R006,2025-01-09,ING004,Onion,5,7,0.27,1.48,0.0,0.16
R006,2025-01-09,ING005,Tomato,4,5,5.65,6.28,0.93,0.155
R006,2025-01-09,ING006,Oil,20,30,2.61,4.14,0.04,0.045
R006,2025-01-09,ING007,Flour,10,15,3.51,5.78,0.91,0.247
R006,2025-01-09,ING008,Bread,8,4,2.23,5.93,1.57,0.115
R006,2025-01-09,ING009,Lettuce,2,3,2.82,6.29,0.9,0.116
R006,2025-01-09,ING010,Cheese,4,5,2.25,5.49,0.68,0.005
R006,2025-01-10,ING001,Rice,12,3,3.72,4.49,0.92,0.26
R006,2025-01-10,ING002,Chicken,2,2,2.43,2.87,0.48,0.242
R006,2025-01-10,ING003,Paneer,3,4,0.44,2.83,0.51,0.332
R006,2025-01-10,ING004,Onion,5,7,1.97,3.86,0.29,0.344
R006,2025-01-10,ING005,Tomato,4,5,0.0,2.84,0.81,0.199
R006,2025-01-10,ING006,Oil,20,30,0.73,1.06,0.0,0.262
R006,2025-01-10,ING007,Flour,10,15,1.51,4.09,0.94,0.257
R006,2025-01-10,ING008,Bread,8,4,1.5,2.33,0.63,0.266
R006,2025-01-10,ING009,Lettuce,2,3,2.24,5.84,0.63,0.31
R006,2025-01-10,ING010,Cheese,4,5,2.1,2.77,0.2,0.331
R006,2025-01-11,ING001,Rice,12,3,2.53,5.9,1.15,0.248
R006,2025-01-11,ING002,Chicken,2,2,1.33,4.38,0.58,0.106
R006,2025-01-11,ING003,Paneer,3,4,0.94,4.04,0.74,0.128
R006,2025-01-11,ING004,Onion,5,7,0.41,0.81,0.36,0.151
R006,2025-01-11,ING005,Tomato,4,5,0.75,1.21,0.25,0.227
R006,2025-01-11,ING006,Oil,20,30,5.49,9.22,1.44,0.107
R006,2025-01-11,ING007,Flour,10,15,3.84,5.42,0.3,0.219
R006,2025-01-11,ING008,Bread,8,4,3.27,6.29,0.65,0.063
R006,2025-01-11,ING009,Lettuce,2,3,3.22,6.99,0.72,0.109
R006,2025-01-11,ING010,Cheese,4,5,1.83,5.02,0.58,0.098
R006,2025-01-12,ING001,Rice,12,3,2.48,5.29,0.71,0.085
R006,2025-01-12,ING002,Chicken,2,2,1.8,1.96,0.27,0.023
R006,2025-01-12,ING003,Paneer,3,4,0.17,4.1,1.15,0.12
R006,2025-01-12,ING004,Onion,5,7,5.09,7.76,1.19,0.053
R006,2025-01-12,ING005,Tomato,4,5,2.07,5.87,0.45,0.029
R006,2025-01-12,ING006,Oil,20,30,2.56,3.39,1.05,0.172
R006,2025-01-12,ING007,Flour,10,15,2.91,4.67,0.6,0.003
R006,2025-01-12,ING008,Bread,8,4,0.93,3.34,0.49,0.149
R006,2025-01-12,ING009,Lettuce,2,3,4.91,5.62,0.76,0.153
R006,2025-01-12,ING010,Cheese,4,5,3.99,4.62,0.64,0.184
R006,2025-01-13,ING001,Rice,12,3,0.16,0.29,0.05,0.011
R006,2025-01-13,ING002,Chicken,2,2,0.0,1.33,0.03,0.16
R006,2025-01-13,ING003,Paneer,3,4,0.46,3.34,0.71,0.193
R006,2025-01-13,ING004,Onion,5,7,2.38,4.34,1.0,0.122
R006,2025-01-13,ING005,Tomato,4,5,2.83,5.57,1.01,0.246
R006,2025-01-13,ING006,Oil,20,30,2.83,6.5,1.0,0.248
R006,2025-01-13,ING007,Flour,10,15,2.18,5.41,0.63,0.128
R006,2025-01-13,ING008,Bread,8,4,2.43,5.57,0.65,0.058
R006,2025-01-13,ING009,Lettuce,2,3,0.0,3.03,0.51,0.191
R006,2025-01-13,ING010,Cheese,4,5,1.97,4.78,0.57,0.1
R006,2025-01-14,ING001,Rice,12,3,3.59,5.15,0.53,0.322
R006,2025-01-14,ING002,Chicken,2,2,0.0,2.81,0.62,0.294
R006,2025-01-14,ING003,Paneer,3,4,1.34,3.76,0.73,0.283
R006,2025-01-14,ING004,Onion,5,7,1.43,3.54,0.81,0.258
R006,2025-01-14,ING005,Tomato,4,5,1.22,1.49,0.37,0.281
R006,2025-01-14,ING006,Oil,20,30,0.0,0.04,0.11,0.292
R006,2025-01-14,ING007,Flour,10,15,4.32,4.76,0.34,0.251
R006,2025-01-14,ING008,Bread,8,4,3.05,4.57,0.91,0.201
R006,2025-01-14,ING009,Lettuce,2,3,0.0,0.73,0.01,0.305
R006,2025-01-14,ING010,Cheese,4,5,3.01,4.33,0.85,0.308
R006,2025-01-15,ING001,Rice,12,3,2.99,6.34,1.38,0.233
R006,2025-01-15,ING002,Chicken,2,2,3.12,3.63,0.32,0.182
R006,2025-01-15,ING003,Paneer,3,4,1.24,3.37,0.55,0.019
R006,2025-01-15,ING004,Onion,5,7,1.54,4.17,0.23,0.175
R006,2025-01-15,ING005,Tomato,4,5,2.04,5.27,0.8,0.077
R006,2025-01-15,ING006,Oil,20,30,1.09,3.28,0.87,0.115
R006,2025-01-15,ING007,Flour,10,15,2.44,4.4,0.53,0.144
R006,2025-01-15,ING008,Bread,8,4,1.66,3.65,0.8,0.138
R006,2025-01-15,ING009,Lettuce,2,3,3.72,6.23,1.01,0.095
R006,2025-01-15,ING010,Cheese,4,5,0.8,1.85,0.25,0.166
R006,2025-01-16,ING001,Rice,12,3,1.72,4.0,0.86,0.04
R006,2025-01-16,ING002,Chicken,2,2,2.19,4.33,0.84,0.125
R006,2025-01-16,ING003,Paneer,3,4,2.41,3.24,0.44,0.247
R006,2025-01-16,ING004,Onion,5,7,5.24,7.3,0.84,0.131
R006,2025-01-16,ING005,Tomato,4,5,0.0,0.75,0.15,0.112
R006,2025-01-16,ING006,Oil,20,30,1.65,2.48,0.41,0.182
R006,2025-01-16,ING007,Flour,10,15,3.47,6.57,0.78,0.034
R006,2025-01-16,ING008,Bread,8,4,0.0,0.65,0.96,0.142
R006,2025-01-16,ING009,Lettuce,2,3,1.68,5.29,0.98,0.014
R006,2025-01-16,ING010,Cheese,4,5,1.76,3.74,0.47,0.008
R006,2025-01-17,ING001,Rice,12,3,2.14,2.57,0.35,0.225
R006,2025-01-17,ING002,Chicken,2,2,0.89,3.06,0.42,0.107
R006,2025-01-17,ING003,Paneer,3,4,0.5,0.64,0.0,0.007
R006,2025-01-17,ING004,Onion,5,7,0.0,0.39,0.28,0.024
R006,2025-01-17,ING005,Tomato,4,5,0.0,2.17,0.13,0.039
R006,2025-01-17,ING006,Oil,20,30,1.4,4.87,0.42,0.246
R006,2025-01-17,ING007,Flour,10,15,2.62,4.01,0.94,0.106
R006,2025-01-17,ING008,Bread,8,4,0.0,3.71,0.15,0.077
R006,2025-01-17,ING009,Lettuce,2,3,0.96,2.16,0.57,0.115
R006,2025-01-17,ING010,Cheese,4,5,2.86,4.8,0.29,0.031
R006,2025-01-18,ING001,Rice,12,3,1.31,1.8,0.5,0.15
R006,2025-01-18,ING002,Chicken,2,2,4.8,5.91,1.0,0.315
R006,2025-01-18,ING003,Paneer,3,4,3.23,5.41,1.33,0.241
R006,2025-01-18,ING004,Onion,5,7,0.67,1.78,0.05,0.206
R006,2025-01-18,ING005,Tomato,4,5,1.88,2.38,0.56,0.182
R006,2025-01-18,ING006,Oil,20,30,2.75,4.26,0.58,0.16
R006,2025-01-18,ING007,Flour,10,15,2.58,2.78,0.69,0.391
R006,2025-01-18,ING008,Bread,8,4,0.97,2.8,0.32,0.207
R006,2025-01-18,ING009,Lettuce,2,3,2.27,2.54,0.75,0.202
R006,2025-01-18,ING010,Cheese,4,5,1.2,1.45,0.36,0.188
R006,2025-01-19,ING001,Rice,12,3,1.5,3.78,0.05,0.327
R006,2025-01-19,ING002,Chicken,2,2,2.23,3.7,0.5,0.272
R006,2025-01-19,ING003,Paneer,3,4,0.0,0.31,0.01,0.269
R006,2025-01-19,ING004,Onion,5,7,1.89,2.65,0.29,0.372
R006,2025-01-19,ING005,Tomato,4,5,0.0,0.22,0.25,0.324
R006,2025-01-19,ING006,Oil,20,30,2.32,5.62,0.72,0.276
R006,2025-01-19,ING007,Flour,10,15,0.41,0.5,0.07,0.242
R006,2025-01-19,ING008,Bread,8,4,5.59,7.43,1.18,0.196
R006,2025-01-19,ING009,Lettuce,2,3,0.0,3.35,0.52,0.169
R006,2025-01-19,ING010,Cheese,4,5,0.46,2.92,0.58,0.336
R006,2025-01-20,ING001,Rice,12,3,0.23,2.18,0.0,0.315
R006,2025-01-20,ING002,Chicken,2,2,0.2,1.24,0.41,0.197
R006,2025-01-20,ING003,Paneer,3,4,0.0,3.49,0.64,0.23
R006,2025-01-20,ING004,Onion,5,7,1.14,4.51,1.01,0.262
R006,2025-01-20,ING005,Tomato,4,5,1.82,2.23,0.39,0.28
R006,2025-01-20,ING006,Oil,20,30,0.0,2.7,0.52,0.185
R006,2025-01-20,ING007,Flour,10,15,2.44,5.7,1.4,0.304
R006,2025-01-20,ING008,Bread,8,4,0.46,1.74,0.22,0.268
R006,2025-01-20,ING009,Lettuce,2,3,3.31,6.41,1.15,0.303
R006,2025-01-20,ING010,Cheese,4,5,2.15,4.77,0.43,0.274
R006,2025-01-21,ING001,Rice,12,3,1.76,5.05,0.07,0.25
R006,2025-01-21,ING002,Chicken,2,2,3.39,4.75,0.31,0.206
R006,2025-01-21,ING003,Paneer,3,4,0.0,2.52,0.66,0.141
R006,2025-01-21,ING004,Onion,5,7,1.41,3.08,0.68,0.053
R006,2025-01-21,ING005,Tomato,4,5,2.86,3.28,0.86,0.11
R006,2025-01-21,ING006,Oil,20,30,0.0,2.02,0.48,0.21
R006,2025-01-21,ING007,Flour,10,15,0.17,2.7,0.16,0.113
R006,2025-01-21,ING008,Bread,8,4,1.97,2.99,0.59,0.041
R006,2025-01-21,ING009,Lettuce,2,3,2.36,5.75,0.73,0.236
R006,2025-01-21,ING010,Cheese,4,5,1.79,3.68,0.66,0.064
R006,2025-01-22,ING001,Rice,12,3,0.0,0.88,0.07,0.335
R006,2025-01-22,ING002,Chicken,2,2,0.0,2.62,0.75,0.285
R006,2025-01-22,ING003,Paneer,3,4,1.07,4.83,0.82,0.306
R006,2025-01-22,ING004,Onion,5,7,1.42,4.43,0.86,0.216
R006,2025-01-22,ING005,Tomato,4,5,0.0,0.19,0.0,0.21
R006,2025-01-22,ING006,Oil,20,30,0.0,0.19,0.0,0.235
R006,2025-01-22,ING007,Flour,10,15,0.0,3.76,0.36,0.215
R006,2025-01-22,ING008,Bread,8,4,0.63,3.11,0.0,0.36
R006,2025-01-22,ING009,Lettuce,2,3,1.43,5.09,0.88,0.297
R006,2025-01-22,ING010,Cheese,4,5,0.0,0.32,0.07,0.222
R006,2025-01-23,ING001,Rice,12,3,1.69,3.8,0.42,0.25
R006,2025-01-23,ING002,Chicken,2,2,4.02,5.06,1.51,0.311
R006,2025-01-23,ING003,Paneer,3,4,4.18,5.15,0.75,0.343
R006,2025-01-23,ING004,Onion,5,7,3.24,5.45,1.32,0.324
R006,2025-01-23,ING005,Tomato,4,5,1.14,4.83,0.79,0.16
R006,2025-01-23,ING006,Oil,20,30,0.97,2.5,0.04,0.36
R006,2025-01-23,ING007,Flour,10,15,2.96,5.12,0.71,0.348
R006,2025-01-23,ING008,Bread,8,4,0.53,1.83,0.0,0.21
R006,2025-01-23,ING009,Lettuce,2,3,3.47,4.38,0.87,0.172
R006,2025-01-23,ING010,Cheese,4,5,3.07,4.59,0.53,0.312
R006,2025-01-24,ING001,Rice,12,3,1.66,5.41,1.09,0.205
R006,2025-01-24,ING002,Chicken,2,2,1.9,2.77,0.04,0.365
R006,2025-01-24,ING003,Paneer,3,4,2.03,5.91,0.73,0.333
R006,2025-01-24,ING004,Onion,5,7,0.0,0.18,0.0,0.246
R006,2025-01-24,ING005,Tomato,4,5,0.0,3.33,1.12,0.301
R006,2025-01-24,ING006,Oil,20,30,2.32,2.83,0.21,0.161
R006,2025-01-24,ING007,Flour,10,15,0.46,0.78,0.0,0.24
R006,2025-01-24,ING008,Bread,8,4,0.45,3.52,0.15,0.198
R006,2025-01-24,ING009,Lettuce,2,3,1.54,3.08,0.37,0.312
R006,2025-01-24,ING010,Cheese,4,5,2.85,4.1,0.33,0.195
R006,2025-01-25,ING001,Rice,12,3,3.62,7.55,1.05,0.241
R006,2025-01-25,ING002,Chicken,2,2,1.12,4.54,0.57,0.098
R006,2025-01-25,ING003,Paneer,3,4,0.0,2.61,0.37,0.1
R006,2025-01-25,ING004,Onion,5,7,0.0,0.29,0.33,0.01
R006,2025-01-25,ING005,Tomato,4,5,1.08,3.16,0.26,0.115
R006,2025-01-25,ING006,Oil,20,30,0.23,2.82,0.67,0.027
R006,2025-01-25,ING007,Flour,10,15,1.85,3.61,0.51,0.112
R006,2025-01-25,ING008,Bread,8,4,4.35,7.2,1.4,0.057
R006,2025-01-25,ING009,Lettuce,2,3,2.03,5.29,1.11,0.23
R006,2025-01-25,ING010,Cheese,4,5,3.22,5.42,1.23,0.042
R006,2025-01-26,ING001,Rice,12,3,2.8,6.45,0.89,0.161
R006,2025-01-26,ING002,Chicken,2,2,0.0,3.18,0.26,0.302
R006,2025-01-26,ING003,Paneer,3,4,2.01,3.73,0.57,0.387
R006,2025-01-26,ING004,Onion,5,7,2.56,3.2,0.33,0.324
R006,2025-01-26,ING005,Tomato,4,5,1.56,2.62,0.0,0.354
R006,2025-01-26,ING006,Oil,20,30,0.7,2.89,0.72,0.288
R006,2025-01-26,ING007,Flour,10,15,1.94,5.18,0.67,0.354
R006,2025-01-26,ING008,Bread,8,4,2.75,3.5,0.61,0.326
R006,2025-01-26,ING009,Lettuce,2,3,3.24,7.11,0.72,0.364
R006,2025-01-26,ING010,Cheese,4,5,2.21,4.72,0.75,0.203
R006,2025-01-27,ING001,Rice,12,3,1.97,3.54,0.66,0.248
R006,2025-01-27,ING002,Chicken,2,2,3.63,5.06,0.51,0.159
R006,2025-01-27,ING003,Paneer,3,4,0.0,0.73,0.0,0.168
R006,2025-01-27,ING004,Onion,5,7,0.92,4.2,0.38,0.192
R006,2025-01-27,ING005,Tomato,4,5,0.61,3.57,0.76,0.026
R006,2025-01-27,ING006,Oil,20,30,0.68,3.32,0.38,0.091
R006,2025-01-27,ING007,Flour,10,15,1.65,2.92,0.24,0.167
R006,2025-01-27,ING008,Bread,8,4,2.0,4.91,0.97,0.234
R006,2025-01-27,ING009,Lettuce,2,3,0.18,2.12,0.74,0.162
R006,2025-01-27,ING010,Cheese,4,5,0.0,0.28,0.0,0.142
R006,2025-01-28,ING001,Rice,12,3,0.91,4.12,0.15,0.139
R006,2025-01-28,ING002,Chicken,2,2,1.79,4.54,1.04,0.194
R006,2025-01-28,ING003,Paneer,3,4,3.02,6.6,0.96,0.099
R006,2025-01-28,ING004,Onion,5,7,1.61,4.24,0.84,0.185
R006,2025-01-28,ING005,Tomato,4,5,1.23,3.59,0.37,0.107
R006,2025-01-28,ING006,Oil,20,30,3.36,5.09,0.89,0.097
R006,2025-01-28,ING007,Flour,10,15,3.17,6.2,0.69,0.226
R006,2025-01-28,ING008,Bread,8,4,4.32,8.0,1.02,0.072
R006,2025-01-28,ING009,Lettuce,2,3,1.43,4.64,0.87,0.159
R006,2025-01-28,ING010,Cheese,4,5,0.95,1.07,0.24,0.087
R006,2025-01-29,ING001,Rice,12,3,0.7,3.06,0.17,0.177
R006,2025-01-29,ING002,Chicken,2,2,0.0,2.48,0.54,0.148
R006,2025-01-29,ING003,Paneer,3,4,1.07,4.85,0.0,0.098
R006,2025-01-29,ING004,Onion,5,7,3.94,7.03,1.05,0.155
R006,2025-01-29,ING005,Tomato,4,5,5.0,7.34,1.31,0.211
R006,2025-01-29,ING006,Oil,20,30,2.16,5.58,1.09,0.192
R006,2025-01-29,ING007,Flour,10,15,0.92,2.11,0.88,0.247
R006,2025-01-29,ING008,Bread,8,4,2.67,6.28,1.04,0.089
R006,2025-01-29,ING009,Lettuce,2,3,2.0,3.82,0.21,0.139
R006,2025-01-29,ING010,Cheese,4,5,2.58,5.08,0.83,0.056
R006,2025-01-30,ING001,Rice,12,3,2.27,5.87,0.69,0.357
R006,2025-01-30,ING002,Chicken,2,2,1.79,3.73,0.8,0.2
R006,2025-01-30,ING003,Paneer,3,4,0.64,0.85,0.0,0.325
R006,2025-01-30,ING004,Onion,5,7,0.0,3.07,1.03,0.277
R006,2025-01-30,ING005,Tomato,4,5,0.0,1.75,0.39,0.239
R006,2025-01-30,ING006,Oil,20,30,0.0,3.57,0.8,0.334
R006,2025-01-30,ING007,Flour,10,15,1.8,3.25,0.43,0.346
R006,2025-01-30,ING008,Bread,8,4,1.2,2.75,1.58,0.309
R006,2025-01-30,ING009,Lettuce,2,3,1.55,4.05,0.17,0.297
R006,2025-01-30,ING010,Cheese,4,5,2.11,6.09,1.43,0.349
R006,2025-01-31,ING001,Rice,12,3,2.3,3.46,0.46,0.277
R006,2025-01-31,ING002,Chicken,2,2,2.91,3.4,0.59,0.297
R006,2025-01-31,ING003,Paneer,3,4,1.15,2.44,0.39,0.341
R006,2025-01-31,ING004,Onion,5,7,2.86,4.9,0.55,0.162
R006,2025-01-31,ING005,Tomato,4,5,0.93,3.66,0.38,0.352
R006,2025-01-31,ING006,Oil,20,30,0.96,3.81,0.58,0.287
R006,2025-01-31,ING007,Flour,10,15,2.85,3.17,0.66,0.175
R006,2025-01-31,ING008,Bread,8,4,1.37,5.25,0.78,0.196
R006,2025-01-31,ING009,Lettuce,2,3,2.04,3.41,0.41,0.326
R006,2025-01-31,ING010,Cheese,4,5,0.36,3.48,0.66,0.16
R006,2025-02-01,ING001,Rice,12,3,1.61,5.17,1.24,0.131
R006,2025-02-01,ING002,Chicken,2,2,1.53,1.92,0.0,0.129
R006,2025-02-01,ING003,Paneer,3,4,1.71,4.18,0.85,0.032
R006,2025-02-01,ING004,Onion,5,7,2.49,3.09,0.78,0.15
R006,2025-02-01,ING005,Tomato,4,5,1.66,4.64,0.96,0.024
R006,2025-02-01,ING006,Oil,20,30,0.04,1.51,0.43,0.021
R006,2025-02-01,ING007,Flour,10,15,0.0,3.96,0.48,0.043
R006,2025-02-01,ING008,Bread,8,4,3.3,4.72,0.76,0.238
R006,2025-02-01,ING009,Lettuce,2,3,0.0,3.68,0.47,0.039
R006,2025-02-01,ING010,Cheese,4,5,2.7,3.41,0.54,0.194
R006,2025-02-02,ING001,Rice,12,3,4.49,4.85,0.51,0.01
R006,2025-02-02,ING002,Chicken,2,2,3.28,4.73,0.1,0.13
R006,2025-02-02,ING003,Paneer,3,4,2.79,5.46,0.99,0.036
R006,2025-02-02,ING004,Onion,5,7,0.0,3.34,0.68,0.241
R006,2025-02-02,ING005,Tomato,4,5,0.87,0.95,0.28,0.048
R006,2025-02-02,ING006,Oil,20,30,0.0,3.13,0.3,0.154
R006,2025-02-02,ING007,Flour,10,15,0.17,3.68,0.06,0.112
R006,2025-02-02,ING008,Bread,8,4,3.14,4.39,0.69,0.244
R006,2025-02-02,ING009,Lettuce,2,3,0.1,1.05,0.0,0.064
R006,2025-02-02,ING010,Cheese,4,5,0.93,1.99,0.26,0.222
R006,2025-02-03,ING001,Rice,12,3,0.23,1.46,0.56,0.036
R006,2025-02-03,ING002,Chicken,2,2,0.0,2.11,0.28,0.169
R006,2025-02-03,ING003,Paneer,3,4,1.0,4.72,0.44,0.186
R006,2025-02-03,ING004,Onion,5,7,0.0,3.76,0.7,0.222
R006,2025-02-03,ING005,Tomato,4,5,2.1,3.83,0.69,0.141
R006,2025-02-03,ING006,Oil,20,30,1.81,3.51,0.24,0.206
R006,2025-02-03,ING007,Flour,10,15,0.0,2.66,0.64,0.241
R006,2025-02-03,ING008,Bread,8,4,2.04,3.18,0.56,0.226
R006,2025-02-03,ING009,Lettuce,2,3,1.57,4.54,0.5,0.179
R006,2025-02-03,ING010,Cheese,4,5,2.53,5.42,1.49,0.24
R006,2025-02-04,ING001,Rice,12,3,2.27,3.45,0.15,0.059
R006,2025-02-04,ING002,Chicken,2,2,0.32,3.92,0.48,0.133
R006,2025-02-04,ING003,Paneer,3,4,1.65,3.3,0.62,0.036
R006,2025-02-04,ING004,Onion,5,7,0.0,3.67,0.89,0.157
R006,2025-02-04,ING005,Tomato,4,5,0.73,2.3,0.64,0.238
R006,2025-02-04,ING006,Oil,20,30,0.0,1.17,0.0,0.003
R006,2025-02-04,ING007,Flour,10,15,1.75,2.81,0.27,0.229
R006,2025-02-04,ING008,Bread,8,4,0.85,3.1,0.38,0.1
R006,2025-02-04,ING009,Lettuce,2,3,1.62,4.79,0.78,0.171
R006,2025-02-04,ING010,Cheese,4,5,2.04,5.67,1.24,0.208
R006,2025-02-05,ING001,Rice,12,3,3.42,5.21,0.36,0.072
R006,2025-02-05,ING002,Chicken,2,2,3.08,3.1,0.66,0.213
R006,2025-02-05,ING003,Paneer,3,4,0.0,0.77,0.21,0.079
R006,2025-02-05,ING004,Onion,5,7,0.0,2.09,0.29,0.179
R006,2025-02-05,ING005,Tomato,4,5,1.61,3.97,0.4,0.238
R006,2025-02-05,ING006,Oil,20,30,1.56,3.71,0.95,0.227
R006,2025-02-05,ING007,Flour,10,15,0.0,1.49,0.16,0.242
R006,2025-02-05,ING008,Bread,8,4,0.0,0.31,0.65,0.177
R006,2025-02-05,ING009,Lettuce,2,3,0.83,4.23,0.42,0.073
R006,2025-02-05,ING010,Cheese,4,5,5.09,7.87,1.33,0.122
R006,2025-02-06,ING001,Rice,12,3,3.39,4.37,0.61,0.236
R006,2025-02-06,ING002,Chicken,2,2,3.48,4.45,1.37,0.131
R006,2025-02-06,ING003,Paneer,3,4,0.51,1.67,0.24,0.145
R006,2025-02-06,ING004,Onion,5,7,0.21,3.87,0.37,0.046
R006,2025-02-06,ING005,Tomato,4,5,1.49,3.63,0.42,0.154
R006,2025-02-06,ING006,Oil,20,30,0.32,1.25,0.03,0.209
R006,2025-02-06,ING007,Flour,10,15,0.5,1.88,0.35,0.034
R006,2025-02-06,ING008,Bread,8,4,0.0,1.22,0.41,0.09
R006,2025-02-06,ING009,Lettuce,2,3,2.69,4.32,0.0,0.186
R006,2025-02-06,ING010,Cheese,4,5,2.56,3.85,0.44,0.04
R006,2025-02-07,ING001,Rice,12,3,1.91,2.09,0.52,0.283
R006,2025-02-07,ING002,Chicken,2,2,2.59,4.47,0.89,0.26
R006,2025-02-07,ING003,Paneer,3,4,1.09,1.36,0.26,0.203
R006,2025-02-07,ING004,Onion,5,7,1.98,3.39,0.51,0.347
R006,2025-02-07,ING005,Tomato,4,5,2.02,2.94,0.22,0.309
R006,2025-02-07,ING006,Oil,20,30,1.75,5.31,0.95,0.391
R006,2025-02-07,ING007,Flour,10,15,1.8,3.25,0.66,0.152
R006,2025-02-07,ING008,Bread,8,4,0.0,0.41,0.1,0.222
R006,2025-02-07,ING009,Lettuce,2,3,1.74,3.37,0.13,0.278
R006,2025-02-07,ING010,Cheese,4,5,0.0,2.09,0.58,0.345
R006,2025-02-08,ING001,Rice,12,3,0.0,0.67,0.13,0.122
R006,2025-02-08,ING002,Chicken,2,2,0.01,3.09,0.15,0.022
R006,2025-02-08,ING003,Paneer,3,4,0.85,3.07,0.52,0.032
R006,2025-02-08,ING004,Onion,5,7,2.03,4.99,0.92,0.186
R006,2025-02-08,ING005,Tomato,4,5,2.32,5.42,1.09,0.242
R006,2025-02-08,ING006,Oil,20,30,1.1,2.13,0.33,0.145
R006,2025-02-08,ING007,Flour,10,15,3.22,6.63,1.4,0.07
R006,2025-02-08,ING008,Bread,8,4,3.35,4.95,0.76,0.119
R006,2025-02-08,ING009,Lettuce,2,3,4.09,4.71,0.55,0.056
R006,2025-02-08,ING010,Cheese,4,5,1.93,3.36,0.64,0.042
R006,2025-02-09,ING001,Rice,12,3,4.47,5.38,0.29,0.166
R006,2025-02-09,ING002,Chicken,2,2,0.0,3.8,0.83,0.016
R006,2025-02-09,ING003,Paneer,3,4,1.82,3.84,0.33,0.148
R006,2025-02-09,ING004,Onion,5,7,1.52,3.76,0.74,0.159
R006,2025-02-09,ING005,Tomato,4,5,2.44,3.07,0.65,0.122
R006,2025-02-09,ING006,Oil,20,30,0.0,1.36,0.0,0.009
R006,2025-02-09,ING007,Flour,10,15,2.23,5.85,0.81,0.201
R006,2025-02-09,ING008,Bread,8,4,2.03,2.33,0.68,0.016
R006,2025-02-09,ING009,Lettuce,2,3,1.78,3.11,0.24,0.027
R006,2025-02-09,ING010,Cheese,4,5,1.48,1.54,0.36,0.024
R006,2025-02-10,ING001,Rice,12,3,1.73,2.0,0.22,0.135
R006,2025-02-10,ING002,Chicken,2,2,0.95,4.78,0.57,0.213
R006,2025-02-10,ING003,Paneer,3,4,1.78,4.05,0.21,0.11
R006,2025-02-10,ING004,Onion,5,7,5.34,6.31,0.61,0.141
R006,2025-02-10,ING005,Tomato,4,5,0.0,2.52,0.88,0.105
R006,2025-02-10,ING006,Oil,20,30,0.74,3.16,0.21,0.165
R006,2025-02-10,ING007,Flour,10,15,5.28,8.39,1.22,0.063
R006,2025-02-10,ING008,Bread,8,4,0.77,4.22,1.07,0.105
R006,2025-02-10,ING009,Lettuce,2,3,3.75,5.35,1.15,0.248
R006,2025-02-10,ING010,Cheese,4,5,2.16,5.79,1.26,0.105
R006,2025-02-11,ING001,Rice,12,3,0.0,2.22,0.14,0.11
R006,2025-02-11,ING002,Chicken,2,2,0.01,1.57,0.13,0.202
R006,2025-02-11,ING003,Paneer,3,4,1.91,2.09,0.54,0.054
R006,2025-02-11,ING004,Onion,5,7,0.0,1.1,0.24,0.204
R006,2025-02-11,ING005,Tomato,4,5,1.32,2.66,0.0,0.143
R006,2025-02-11,ING006,Oil,20,30,2.45,4.66,1.01,0.099
R006,2025-02-11,ING007,Flour,10,15,3.52,5.78,0.66,0.084
R006,2025-02-11,ING008,Bread,8,4,1.7,5.57,1.4,0.153
R006,2025-02-11,ING009,Lettuce,2,3,1.89,5.57,0.64,0.068
R006,2025-02-11,ING010,Cheese,4,5,3.75,5.24,0.7,0.102
R006,2025-02-12,ING001,Rice,12,3,3.19,4.41,0.86,0.246
R006,2025-02-12,ING002,Chicken,2,2,2.47,4.55,1.45,0.209
R006,2025-02-12,ING003,Paneer,3,4,1.09,3.34,0.82,0.045
R006,2025-02-12,ING004,Onion,5,7,0.0,0.06,0.0,0.032
R006,2025-02-12,ING005,Tomato,4,5,1.97,2.96,0.4,0.031
R006,2025-02-12,ING006,Oil,20,30,1.41,1.97,0.57,0.079
R006,2025-02-12,ING007,Flour,10,15,0.65,3.06,0.36,0.053
R006,2025-02-12,ING008,Bread,8,4,3.83,6.98,1.86,0.236
R006,2025-02-12,ING009,Lettuce,2,3,3.13,5.06,1.2,0.161
R006,2025-02-12,ING010,Cheese,4,5,1.71,2.11,0.68,0.089
R006,2025-02-13,ING001,Rice,12,3,2.19,2.55,0.25,0.307
R006,2025-02-13,ING002,Chicken,2,2,0.0,0.54,0.15,0.295
R006,2025-02-13,ING003,Paneer,3,4,0.0,1.1,0.54,0.368
R006,2025-02-13,ING004,Onion,5,7,1.75,2.6,0.26,0.23
R006,2025-02-13,ING005,Tomato,4,5,2.32,3.18,0.09,0.355
R006,2025-02-13,ING006,Oil,20,30,2.03,4.46,0.34,0.256
R006,2025-02-13,ING007,Flour,10,15,3.26,3.92,0.59,0.246
R006,2025-02-13,ING008,Bread,8,4,0.0,0.02,0.0,0.28
R006,2025-02-13,ING009,Lettuce,2,3,0.68,4.15,0.38,0.262
R006,2025-02-13,ING010,Cheese,4,5,2.67,3.78,0.6,0.19
R006,2025-02-14,ING001,Rice,12,3,2.08,3.06,0.81,0.072
R006,2025-02-14,ING002,Chicken,2,2,1.77,3.46,0.33,0.006
R006,2025-02-14,ING003,Paneer,3,4,0.06,1.5,0.15,0.123
R006,2025-02-14,ING004,Onion,5,7,0.83,3.61,0.71,0.199
R006,2025-02-14,ING005,Tomato,4,5,2.34,4.55,0.53,0.1
R006,2025-02-14,ING006,Oil,20,30,1.63,2.09,0.16,0.084
R006,2025-02-14,ING007,Flour,10,15,0.0,1.98,0.5,0.157
R006,2025-02-14,ING008,Bread,8,4,0.0,0.8,0.12,0.188
R006,2025-02-14,ING009,Lettuce,2,3,1.2,4.98,0.86,0.226
R006,2025-02-14,ING010,Cheese,4,5,0.67,4.32,0.02,0.193
R006,2025-02-15,ING001,Rice,12,3,2.96,5.37,0.77,0.037
R006,2025-02-15,ING002,Chicken,2,2,3.43,7.09,1.56,0.147
R006,2025-02-15,ING003,Paneer,3,4,1.09,4.24,0.79,0.229
R006,2025-02-15,ING004,Onion,5,7,0.31,1.33,0.0,0.184
R006,2025-02-15,ING005,Tomato,4,5,1.35,3.21,0.52,0.228
R006,2025-02-15,ING006,Oil,20,30,2.17,2.8,0.38,0.119
R006,2025-02-15,ING007,Flour,10,15,0.0,1.86,0.14,0.234
R006,2025-02-15,ING008,Bread,8,4,3.1,5.77,0.43,0.005
R006,2025-02-15,ING009,Lettuce,2,3,1.29,4.09,0.44,0.204
R006,2025-02-15,ING010,Cheese,4,5,0.94,4.6,0.96,0.122
R006,2025-02-16,ING001,Rice,12,3,1.83,4.59,0.88,0.026
R006,2025-02-16,ING002,Chicken,2,2,4.17,6.63,1.37,0.068
R006,2025-02-16,ING003,Paneer,3,4,3.39,3.53,0.6,0.196
R006,2025-02-16,ING004,Onion,5,7,2.34,3.72,0.0,0.002
R006,2025-02-16,ING005,Tomato,4,5,0.0,3.18,0.2,0.1
R006,2025-02-16,ING006,Oil,20,30,2.92,3.28,0.76,0.072
R006,2025-02-16,ING007,Flour,10,15,0.0,0.42,0.0,0.114
R006,2025-02-16,ING008,Bread,8,4,1.76,2.57,0.69,0.217
R006,2025-02-16,ING009,Lettuce,2,3,1.47,2.55,0.0,0.088
R006,2025-02-16,ING010,Cheese,4,5,2.72,3.45,0.43,0.036
R006,2025-02-17,ING001,Rice,12,3,1.55,3.68,0.8,0.037
R006,2025-02-17,ING002,Chicken,2,2,1.98,3.61,0.3,0.04
R006,2025-02-17,ING003,Paneer,3,4,0.55,1.37,0.0,0.059
R006,2025-02-17,ING004,Onion,5,7,0.94,1.78,0.5,0.131
R006,2025-02-17,ING005,Tomato,4,5,0.61,3.04,0.38,0.226
R006,2025-02-17,ING006,Oil,20,30,1.24,4.77,0.32,0.18
R006,2025-02-17,ING007,Flour,10,15,1.61,5.01,0.79,0.048
R006,2025-02-17,ING008,Bread,8,4,1.51,3.45,0.25,0.107
R006,2025-02-17,ING009,Lettuce,2,3,3.96,7.37,1.67,0.111
R006,2025-02-17,ING010,Cheese,4,5,0.86,4.3,0.1,0.151
R006,2025-02-18,ING001,Rice,12,3,2.27,5.26,0.89,0.374
R006,2025-02-18,ING002,Chicken,2,2,0.57,0.74,0.01,0.376
R006,2025-02-18,ING003,Paneer,3,4,3.69,6.8,0.94,0.162
R006,2025-02-18,ING004,Onion,5,7,0.49,4.24,0.23,0.33
R006,2025-02-18,ING005,Tomato,4,5,2.43,3.39,0.02,0.204
R006,2025-02-18,ING006,Oil,20,30,0.0,3.71,0.0,0.339
R006,2025-02-18,ING007,Flour,10,15,2.49,4.58,0.03,0.169
R006,2025-02-18,ING008,Bread,8,4,2.27,5.14,0.76,0.297
R006,2025-02-18,ING009,Lettuce,2,3,1.22,3.01,0.43,0.386
R006,2025-02-18,ING010,Cheese,4,5,2.84,3.63,0.95,0.257
R006,2025-02-19,ING001,Rice,12,3,1.25,2.99,0.29,0.168
R006,2025-02-19,ING002,Chicken,2,2,2.6,4.39,0.41,0.238
R006,2025-02-19,ING003,Paneer,3,4,2.08,3.09,0.31,0.086
R006,2025-02-19,ING004,Onion,5,7,3.09,6.0,1.11,0.102
R006,2025-02-19,ING005,Tomato,4,5,2.7,2.74,0.0,0.144
R006,2025-02-19,ING006,Oil,20,30,0.54,3.51,0.8,0.195
R006,2025-02-19,ING007,Flour,10,15,0.88,2.46,0.61,0.193
R006,2025-02-19,ING008,Bread,8,4,0.0,2.82,0.56,0.05
R006,2025-02-19,ING009,Lettuce,2,3,2.32,3.11,0.57,0.136
R006,2025-02-19,ING010,Cheese,4,5,4.1,7.86,0.88,0.101
R006,2025-02-20,ING001,Rice,12,3,1.94,5.8,1.15,0.216
R006,2025-02-20,ING002,Chicken,2,2,1.88,5.18,1.01,0.277
R006,2025-02-20,ING003,Paneer,3,4,0.0,0.71,0.29,0.152
R006,2025-02-20,ING004,Onion,5,7,2.51,2.71,0.75,0.199
R006,2025-02-20,ING005,Tomato,4,5,0.0,1.16,0.61,0.318
R006,2025-02-20,ING006,Oil,20,30,1.38,2.29,0.23,0.394
R006,2025-02-20,ING007,Flour,10,15,2.76,6.03,0.84,0.224
R006,2025-02-20,ING008,Bread,8,4,0.0,3.19,0.61,0.389
R006,2025-02-20,ING009,Lettuce,2,3,2.22,4.52,0.0,0.337
R006,2025-02-20,ING010,Cheese,4,5,5.17,6.18,1.6,0.309
R006,2025-02-21,ING001,Rice,12,3,1.61,5.04,0.7,0.02
R006,2025-02-21,ING002,Chicken,2,2,0.58,1.34,0.57,0.002
R006,2025-02-21,ING003,Paneer,3,4,1.26,5.07,0.62,0.137
R006,2025-02-21,ING004,Onion,5,7,0.0,0.48,0.0,0.247
R006,2025-02-21,ING005,Tomato,4,5,1.59,5.12,0.84,0.129
R006,2025-02-21,ING006,Oil,20,30,0.0,3.94,0.67,0.087
R006,2025-02-21,ING007,Flour,10,15,0.17,2.01,0.17,0.08
R006,2025-02-21,ING008,Bread,8,4,0.0,3.21,0.94,0.065
R006,2025-02-21,ING009,Lettuce,2,3,0.0,1.21,0.27,0.187
R006,2025-02-21,ING010,Cheese,4,5,1.41,5.3,0.91,0.196
R006,2025-02-22,ING001,Rice,12,3,0.84,4.27,0.35,0.186
R006,2025-02-22,ING002,Chicken,2,2,2.53,5.27,0.68,0.13
R006,2025-02-22,ING003,Paneer,3,4,0.0,1.59,0.96,0.165
R006,2025-02-22,ING004,Onion,5,7,3.6,4.78,0.4,0.166
R006,2025-02-22,ING005,Tomato,4,5,2.77,4.23,1.15,0.04
R006,2025-02-22,ING006,Oil,20,30,1.12,2.51,0.22,0.236
R006,2025-02-22,ING007,Flour,10,15,0.0,0.03,0.34,0.085
R006,2025-02-22,ING008,Bread,8,4,0.74,1.97,0.0,0.074
R006,2025-02-22,ING009,Lettuce,2,3,2.65,6.25,0.49,0.04
R006,2025-02-22,ING010,Cheese,4,5,2.28,3.79,0.22,0.039
R006,2025-02-23,ING001,Rice,12,3,3.48,3.55,0.38,0.084
R006,2025-02-23,ING002,Chicken,2,2,1.51,1.86,0.58,0.242
R006,2025-02-23,ING003,Paneer,3,4,2.04,5.53,0.8,0.13
R006,2025-02-23,ING004,Onion,5,7,0.22,4.04,0.46,0.169
R006,2025-02-23,ING005,Tomato,4,5,0.67,1.26,0.12,0.127
R006,2025-02-23,ING006,Oil,20,30,0.53,4.29,0.3,0.127
R006,2025-02-23,ING007,Flour,10,15,1.64,4.16,0.79,0.123
R006,2025-02-23,ING008,Bread,8,4,0.0,3.14,0.2,0.228
R006,2025-02-23,ING009,Lettuce,2,3,2.74,4.68,0.8,0.137
R006,2025-02-23,ING010,Cheese,4,5,2.32,2.87,0.63,0.192
R006,2025-02-24,ING001,Rice,12,3,1.77,5.68,0.57,0.249
R006,2025-02-24,ING002,Chicken,2,2,0.84,3.38,0.75,0.026
R006,2025-02-24,ING003,Paneer,3,4,0.73,1.39,0.28,0.11
R006,2025-02-24,ING004,Onion,5,7,3.37,5.36,0.9,0.231
R006,2025-02-24,ING005,Tomato,4,5,2.68,4.73,1.07,0.106
R006,2025-02-24,ING006,Oil,20,30,1.29,5.21,0.61,0.012
R006,2025-02-24,ING007,Flour,10,15,0.39,2.58,0.0,0.118
R006,2025-02-24,ING008,Bread,8,4,1.41,3.64,0.27,0.017
R006,2025-02-24,ING009,Lettuce,2,3,1.26,2.19,0.38,0.226
R006,2025-02-24,ING010,Cheese,4,5,2.84,4.07,0.43,0.12
R006,2025-02-25,ING001,Rice,12,3,0.35,4.28,1.0,0.309
R006,2025-02-25,ING002,Chicken,2,2,1.85,3.43,0.08,0.22
R006,2025-02-25,ING003,Paneer,3,4,1.42,4.03,0.26,0.188
R006,2025-02-25,ING004,Onion,5,7,2.29,3.06,0.76,0.348
R006,2025-02-25,ING005,Tomato,4,5,2.02,2.22,0.28,0.177
R006,2025-02-25,ING006,Oil,20,30,0.0,1.9,0.16,0.151
R006,2025-02-25,ING007,Flour,10,15,1.29,1.92,0.36,0.182
R006,2025-02-25,ING008,Bread,8,4,0.99,1.39,0.57,0.295
R006,2025-02-25,ING009,Lettuce,2,3,2.02,4.12,0.26,0.365
R006,2025-02-25,ING010,Cheese,4,5,3.2,3.44,0.64,0.269
R006,2025-02-26,ING001,Rice,12,3,0.07,0.66,0.0,0.199
R006,2025-02-26,ING002,Chicken,2,2,3.64,5.44,0.8,0.193
R006,2025-02-26,ING003,Paneer,3,4,5.98,9.09,1.2,0.233
R006,2025-02-26,ING004,Onion,5,7,0.0,2.57,0.58,0.073
R006,2025-02-26,ING005,Tomato,4,5,3.24,4.43,0.61,0.17
R006,2025-02-26,ING006,Oil,20,30,1.37,5.18,1.07,0.173
R006,2025-02-26,ING007,Flour,10,15,0.36,3.09,1.27,0.204
R006,2025-02-26,ING008,Bread,8,4,3.01,5.85,1.03,0.026
R006,2025-02-26,ING009,Lettuce,2,3,2.62,4.94,0.9,0.1
R006,2025-02-26,ING010,Cheese,4,5,2.29,4.63,0.47,0.174
R006,2025-02-27,ING001,Rice,12,3,0.82,2.38,0.2,0.168
R006,2025-02-27,ING002,Chicken,2,2,3.66,5.08,0.53,0.166
R006,2025-02-27,ING003,Paneer,3,4,1.5,4.1,0.72,0.007
R006,2025-02-27,ING004,Onion,5,7,2.6,4.7,0.59,0.182
R006,2025-02-27,ING005,Tomato,4,5,3.39,4.59,0.79,0.047
R006,2025-02-27,ING006,Oil,20,30,3.5,6.29,1.16,0.023
R006,2025-02-27,ING007,Flour,10,15,0.0,2.16,0.98,0.131
R006,2025-02-27,ING008,Bread,8,4,4.24,7.87,1.17,0.112
R006,2025-02-27,ING009,Lettuce,2,3,0.79,3.33,0.46,0.011
R006,2025-02-27,ING010,Cheese,4,5,0.82,2.58,0.65,0.031
R006,2025-02-28,ING001,Rice,12,3,4.35,6.54,0.44,0.027
R006,2025-02-28,ING002,Chicken,2,2,0.8,0.82,0.0,0.036
R006,2025-02-28,ING003,Paneer,3,4,0.0,1.51,0.29,0.154
R006,2025-02-28,ING004,Onion,5,7,1.96,4.6,1.09,0.081
R006,2025-02-28,ING005,Tomato,4,5,2.22,5.33,1.31,0.139
R006,2025-02-28,ING006,Oil,20,30,0.0,1.03,0.06,0.061
R006,2025-02-28,ING007,Flour,10,15,2.39,5.58,0.07,0.201
R006,2025-02-28,ING008,Bread,8,4,4.37,4.67,0.62,0.238
R006,2025-02-28,ING009,Lettuce,2,3,1.4,4.63,0.51,0.126
R006,2025-02-28,ING010,Cheese,4,5,3.17,5.53,0.59,0.103
R006,2025-03-01,ING001,Rice,12,3,3.5,5.6,0.61,0.153
R006,2025-03-01,ING002,Chicken,2,2,4.04,5.26,0.61,0.244
R006,2025-03-01,ING003,Paneer,3,4,0.44,2.91,0.91,0.361
R006,2025-03-01,ING004,Onion,5,7,3.25,5.01,1.17,0.226
R006,2025-03-01,ING005,Tomato,4,5,2.34,3.38,0.98,0.344
R006,2025-03-01,ING006,Oil,20,30,0.0,2.09,0.58,0.383
R006,2025-03-01,ING007,Flour,10,15,2.18,4.09,0.72,0.191
R006,2025-03-01,ING008,Bread,8,4,2.65,2.77,0.41,0.256
R006,2025-03-01,ING009,Lettuce,2,3,3.87,5.41,0.53,0.268
R006,2025-03-01,ING010,Cheese,4,5,1.23,3.68,0.19,0.288
R006,2025-03-02,ING001,Rice,12,3,0.0,0.49,0.0,0.102
R006,2025-03-02,ING002,Chicken,2,2,0.0,3.26,0.18,0.069
R006,2025-03-02,ING003,Paneer,3,4,1.79,2.17,0.75,0.124
R006,2025-03-02,ING004,Onion,5,7,2.95,6.84,0.81,0.076
R006,2025-03-02,ING005,Tomato,4,5,2.66,3.03,0.16,0.249
R006,2025-03-02,ING006,Oil,20,30,3.74,7.6,0.96,0.017
R006,2025-03-02,ING007,Flour,10,15,0.8,3.24,0.06,0.196
R006,2025-03-02,ING008,Bread,8,4,0.2,2.63,0.43,0.066
R006,2025-03-02,ING009,Lettuce,2,3,0.65,4.23,0.19,0.005
R006,2025-03-02,ING010,Cheese,4,5,0.64,4.4,1.28,0.209
R006,2025-03-03,ING001,Rice,12,3,0.55,0.89,0.3,0.083
R006,2025-03-03,ING002,Chicken,2,2,1.12,3.91,0.34,0.068
R006,2025-03-03,ING003,Paneer,3,4,1.56,2.89,0.12,0.033
R006,2025-03-03,ING004,Onion,5,7,0.6,2.9,0.69,0.199
R006,2025-03-03,ING005,Tomato,4,5,2.69,6.58,0.96,0.201
R006,2025-03-03,ING006,Oil,20,30,0.71,3.1,0.66,0.025
R006,2025-03-03,ING007,Flour,10,15,3.76,6.83,1.85,0.046
R006,2025-03-03,ING008,Bread,8,4,3.91,4.59,0.58,0.189
R006,2025-03-03,ING009,Lettuce,2,3,0.5,2.52,0.37,0.03
R006,2025-03-03,ING010,Cheese,4,5,3.75,5.31,0.68,0.018
R006,2025-03-04,ING001,Rice,12,3,0.0,1.07,0.0,0.2
R006,2025-03-04,ING002,Chicken,2,2,0.0,3.6,0.4,0.256
R006,2025-03-04,ING003,Paneer,3,4,1.86,4.24,0.89,0.219
R006,2025-03-04,ING004,Onion,5,7,0.8,2.05,0.23,0.166
R006,2025-03-04,ING005,Tomato,4,5,1.23,3.87,0.14,0.337
R006,2025-03-04,ING006,Oil,20,30,3.99,5.9,1.33,0.174
R006,2025-03-04,ING007,Flour,10,15,0.9,3.47,0.34,0.314
R006,2025-03-04,ING008,Bread,8,4,2.23,3.89,0.72,0.223
R006,2025-03-04,ING009,Lettuce,2,3,1.52,5.38,0.94,0.323
R006,2025-03-04,ING010,Cheese,4,5,0.31,3.37,0.69,0.216
R006,2025-03-05,ING001,Rice,12,3,2.99,5.16,0.7,0.328
R006,2025-03-05,ING002,Chicken,2,2,3.38,5.63,0.51,0.38
R006,2025-03-05,ING003,Paneer,3,4,2.85,5.62,1.26,0.183
R006,2025-03-05,ING004,Onion,5,7,0.6,1.97,0.63,0.388
R006,2025-03-05,ING005,Tomato,4,5,2.36,6.15,0.27,0.205
R006,2025-03-05,ING006,Oil,20,30,0.66,2.49,0.12,0.279
R006,2025-03-05,ING007,Flour,10,15,0.48,4.42,0.01,0.357
R006,2025-03-05,ING008,Bread,8,4,3.02,3.05,0.57,0.358
R006,2025-03-05,ING009,Lettuce,2,3,2.89,5.5,0.84,0.265
R006,2025-03-05,ING010,Cheese,4,5,0.0,3.92,0.72,0.184
R006,2025-03-06,ING001,Rice,12,3,1.42,4.83,0.74,0.049
R006,2025-03-06,ING002,Chicken,2,2,2.56,3.31,1.02,0.022
R006,2025-03-06,ING003,Paneer,3,4,1.48,1.81,0.2,0.045
R006,2025-03-06,ING004,Onion,5,7,1.54,2.26,0.35,0.001
R006,2025-03-06,ING005,Tomato,4,5,0.0,2.12,0.19,0.064
R006,2025-03-06,ING006,Oil,20,30,1.83,3.59,0.8,0.127
R006,2025-03-06,ING007,Flour,10,15,4.12,4.75,0.31,0.169
R006,2025-03-06,ING008,Bread,8,4,5.91,9.86,1.62,0.061
R006,2025-03-06,ING009,Lettuce,2,3,0.0,3.89,1.06,0.103
R006,2025-03-06,ING010,Cheese,4,5,0.0,3.68,0.53,0.167
R006,2025-03-07,ING001,Rice,12,3,0.69,2.18,0.43,0.152
R006,2025-03-07,ING002,Chicken,2,2,0.37,1.09,0.02,0.166
R006,2025-03-07,ING003,Paneer,3,4,0.0,0.4,0.0,0.202
R006,2025-03-07,ING004,Onion,5,7,0.36,3.36,0.38,0.104
R006,2025-03-07,ING005,Tomato,4,5,0.0,0.01,0.0,0.207
R006,2025-03-07,ING006,Oil,20,30,3.09,4.91,0.87,0.074
R006,2025-03-07,ING007,Flour,10,15,0.67,4.64,0.85,0.204
R006,2025-03-07,ING008,Bread,8,4,2.19,5.27,0.7,0.086
R006,2025-03-07,ING009,Lettuce,2,3,2.08,2.33,0.0,0.08
R006,2025-03-07,ING010,Cheese,4,5,3.55,4.41,0.74,0.042
R006,2025-03-08,ING001,Rice,12,3,2.49,3.42,0.93,0.206
R006,2025-03-08,ING002,Chicken,2,2,0.37,1.83,0.48,0.021
R006,2025-03-08,ING003,Paneer,3,4,1.98,5.52,0.57,0.148
R006,2025-03-08,ING004,Onion,5,7,1.98,5.25,1.05,0.232
R006,2025-03-08,ING005,Tomato,4,5,3.38,4.8,0.47,0.071
R006,2025-03-08,ING006,Oil,20,30,2.15,3.7,0.57,0.091
R006,2025-03-08,ING007,Flour,10,15,0.24,2.75,0.31,0.221
R006,2025-03-08,ING008,Bread,8,4,1.85,3.73,1.14,0.056
R006,2025-03-08,ING009,Lettuce,2,3,2.98,6.8,1.05,0.224
R006,2025-03-08,ING010,Cheese,4,5,3.08,6.52,0.88,0.036
R006,2025-03-09,ING001,Rice,12,3,4.7,5.13,0.79,0.156
R006,2025-03-09,ING002,Chicken,2,2,1.37,4.66,1.2,0.099
R006,2025-03-09,ING003,Paneer,3,4,0.0,3.27,0.26,0.241
R006,2025-03-09,ING004,Onion,5,7,3.04,5.33,0.72,0.144
R006,2025-03-09,ING005,Tomato,4,5,0.19,2.01,0.57,0.136
R006,2025-03-09,ING006,Oil,20,30,0.0,3.3,0.76,0.107
R006,2025-03-09,ING007,Flour,10,15,5.43,8.05,1.32,0.202
R006,2025-03-09,ING008,Bread,8,4,0.0,2.09,0.2,0.03
R006,2025-03-09,ING009,Lettuce,2,3,1.36,4.09,0.64,0.169
R006,2025-03-09,ING010,Cheese,4,5,3.52,4.45,1.06,0.066
R006,2025-03-10,ING001,Rice,12,3,0.68,3.14,0.2,0.15
R006,2025-03-10,ING002,Chicken,2,2,2.91,6.25,0.4,0.193
R006,2025-03-10,ING003,Paneer,3,4,2.61,4.13,0.59,0.198
R006,2025-03-10,ING004,Onion,5,7,0.57,0.6,0.45,0.051
R006,2025-03-10,ING005,Tomato,4,5,1.95,4.93,0.58,0.009
R006,2025-03-10,ING006,Oil,20,30,2.87,3.11,0.55,0.043
R006,2025-03-10,ING007,Flour,10,15,0.15,2.99,0.04,0.112
R006,2025-03-10,ING008,Bread,8,4,2.41,4.94,0.61,0.058
R006,2025-03-10,ING009,Lettuce,2,3,3.0,3.06,0.55,0.183
R006,2025-03-10,ING010,Cheese,4,5,0.0,0.93,0.16,0.128
R006,2025-03-11,ING001,Rice,12,3,1.84,2.38,0.77,0.154
R006,2025-03-11,ING002,Chicken,2,2,2.82,6.65,1.06,0.237
R006,2025-03-11,ING003,Paneer,3,4,2.18,4.48,0.77,0.297
R006,2025-03-11,ING004,Onion,5,7,1.79,3.27,0.06,0.209
R006,2025-03-11,ING005,Tomato,4,5,0.66,4.01,0.0,0.183
R006,2025-03-11,ING006,Oil,20,30,2.66,5.16,0.33,0.185
R006,2025-03-11,ING007,Flour,10,15,0.28,1.32,0.0,0.187
R006,2025-03-11,ING008,Bread,8,4,1.85,5.82,1.04,0.339
R006,2025-03-11,ING009,Lettuce,2,3,2.4,4.9,0.99,0.371
R006,2025-03-11,ING010,Cheese,4,5,3.42,6.61,1.11,0.18
R006,2025-03-12,ING001,Rice,12,3,0.52,4.39,0.98,0.201
R006,2025-03-12,ING002,Chicken,2,2,2.75,2.96,0.09,0.135
R006,2025-03-12,ING003,Paneer,3,4,3.93,5.62,0.48,0.099
R006,2025-03-12,ING004,Onion,5,7,3.23,6.98,1.41,0.222
R006,2025-03-12,ING005,Tomato,4,5,0.0,3.62,0.9,0.136
R006,2025-03-12,ING006,Oil,20,30,1.87,4.35,0.57,0.03
R006,2025-03-12,ING007,Flour,10,15,1.41,3.38,1.09,0.236
R006,2025-03-12,ING008,Bread,8,4,2.79,5.38,0.6,0.205
R006,2025-03-12,ING009,Lettuce,2,3,4.57,7.45,1.53,0.194
R006,2025-03-12,ING010,Cheese,4,5,2.61,4.01,0.73,0.033
R006,2025-03-13,ING001,Rice,12,3,1.04,1.31,0.18,0.267
R006,2025-03-13,ING002,Chicken,2,2,2.63,6.52,1.02,0.296
R006,2025-03-13,ING003,Paneer,3,4,3.54,7.11,0.91,0.213
R006,2025-03-13,ING004,Onion,5,7,3.02,3.31,0.62,0.332
R006,2025-03-13,ING005,Tomato,4,5,1.02,3.83,0.7,0.296
R006,2025-03-13,ING006,Oil,20,30,4.67,7.4,1.21,0.381
R006,2025-03-13,ING007,Flour,10,15,1.4,1.45,0.4,0.285
R006,2025-03-13,ING008,Bread,8,4,1.74,2.19,0.23,0.334
R006,2025-03-13,ING009,Lettuce,2,3,1.22,2.92,0.0,0.187
R006,2025-03-13,ING010,Cheese,4,5,4.4,7.16,1.4,0.263
R006,2025-03-14,ING001,Rice,12,3,2.46,2.62,0.85,0.056
R006,2025-03-14,ING002,Chicken,2,2,0.81,2.45,0.48,0.041
R006,2025-03-14,ING003,Paneer,3,4,5.7,8.12,1.24,0.04
R006,2025-03-14,ING004,Onion,5,7,1.51,2.78,0.33,0.209
R006,2025-03-14,ING005,Tomato,4,5,1.54,3.21,0.31,0.17
R006,2025-03-14,ING006,Oil,20,30,3.73,3.76,0.78,0.137
R006,2025-03-14,ING007,Flour,10,15,2.15,4.62,0.79,0.193
R006,2025-03-14,ING008,Bread,8,4,0.0,2.44,0.0,0.084
R006,2025-03-14,ING009,Lettuce,2,3,2.77,5.97,0.71,0.058
R006,2025-03-14,ING010,Cheese,4,5,3.88,6.13,0.66,0.156
R006,2025-03-15,ING001,Rice,12,3,2.69,4.33,0.45,0.391
R006,2025-03-15,ING002,Chicken,2,2,3.55,4.57,1.04,0.221
R006,2025-03-15,ING003,Paneer,3,4,2.2,3.23,0.26,0.326
R006,2025-03-15,ING004,Onion,5,7,0.76,4.52,0.62,0.255
R006,2025-03-15,ING005,Tomato,4,5,3.27,4.24,0.89,0.163
R006,2025-03-15,ING006,Oil,20,30,3.29,4.39,0.16,0.343
R006,2025-03-15,ING007,Flour,10,15,4.45,7.8,0.89,0.399
R006,2025-03-15,ING008,Bread,8,4,1.56,2.49,0.11,0.154
R006,2025-03-15,ING009,Lettuce,2,3,3.46,6.4,0.82,0.283
R006,2025-03-15,ING010,Cheese,4,5,2.05,5.53,1.07,0.269
R006,2025-03-16,ING001,Rice,12,3,1.32,3.89,0.71,0.225
R006,2025-03-16,ING002,Chicken,2,2,4.78,6.98,1.4,0.333
R006,2025-03-16,ING003,Paneer,3,4,0.46,0.72,0.11,0.217
R006,2025-03-16,ING004,Onion,5,7,2.32,4.12,0.59,0.316
R006,2025-03-16,ING005,Tomato,4,5,2.03,5.87,1.07,0.183
R006,2025-03-16,ING006,Oil,20,30,3.36,7.15,1.33,0.245
R006,2025-03-16,ING007,Flour,10,15,2.92,4.0,0.29,0.28
R006,2025-03-16,ING008,Bread,8,4,2.84,5.49,0.62,0.236
R006,2025-03-16,ING009,Lettuce,2,3,0.43,2.01,0.18,0.342
R006,2025-03-16,ING010,Cheese,4,5,0.04,0.41,0.0,0.345
R006,2025-03-17,ING001,Rice,12,3,2.74,6.29,0.94,0.218
R006,2025-03-17,ING002,Chicken,2,2,3.05,4.21,0.73,0.177
R006,2025-03-17,ING003,Paneer,3,4,2.64,6.56,1.02,0.236
R006,2025-03-17,ING004,Onion,5,7,2.87,2.93,0.5,0.251
R006,2025-03-17,ING005,Tomato,4,5,3.26,5.52,1.15,0.294
R006,2025-03-17,ING006,Oil,20,30,2.5,4.79,0.66,0.393
R006,2025-03-17,ING007,Flour,10,15,0.06,1.94,0.0,0.227
R006,2025-03-17,ING008,Bread,8,4,3.39,5.19,0.75,0.341
R006,2025-03-17,ING009,Lettuce,2,3,4.7,7.85,0.97,0.362
R006,2025-03-17,ING010,Cheese,4,5,1.05,3.9,0.85,0.275
R006,2025-03-18,ING001,Rice,12,3,1.24,1.58,0.23,0.075
R006,2025-03-18,ING002,Chicken,2,2,2.25,5.38,0.6,0.117
R006,2025-03-18,ING003,Paneer,3,4,2.93,5.01,0.79,0.099
R006,2025-03-18,ING004,Onion,5,7,0.0,0.53,0.0,0.136
R006,2025-03-18,ING005,Tomato,4,5,0.0,3.04,0.16,0.066
R006,2025-03-18,ING006,Oil,20,30,2.8,3.95,0.15,0.239
R006,2025-03-18,ING007,Flour,10,15,0.0,2.19,0.99,0.106
R006,2025-03-18,ING008,Bread,8,4,0.22,1.55,0.11,0.127
R006,2025-03-18,ING009,Lettuce,2,3,2.0,3.27,0.26,0.095
R006,2025-03-18,ING010,Cheese,4,5,1.14,4.6,0.42,0.191
R006,2025-03-19,ING001,Rice,12,3,2.38,2.54,1.29,0.112
R006,2025-03-19,ING002,Chicken,2,2,1.04,2.14,0.31,0.033
R006,2025-03-19,ING003,Paneer,3,4,2.3,4.88,1.17,0.109
R006,2025-03-19,ING004,Onion,5,7,1.29,2.99,0.3,0.234
R006,2025-03-19,ING005,Tomato,4,5,2.52,5.69,1.27,0.144
R006,2025-03-19,ING006,Oil,20,30,2.43,5.73,1.29,0.162
R006,2025-03-19,ING007,Flour,10,15,0.86,3.1,0.21,0.212
R006,2025-03-19,ING008,Bread,8,4,2.55,2.98,0.54,0.007
R006,2025-03-19,ING009,Lettuce,2,3,4.37,6.36,1.02,0.097
R006,2025-03-19,ING010,Cheese,4,5,3.21,5.7,0.67,0.012
R006,2025-03-20,ING001,Rice,12,3,0.0,3.6,0.3,0.364
R006,2025-03-20,ING002,Chicken,2,2,2.67,6.58,1.37,0.382
R006,2025-03-20,ING003,Paneer,3,4,2.45,4.4,0.95,0.194
R006,2025-03-20,ING004,Onion,5,7,3.6,4.81,1.0,0.195
R006,2025-03-20,ING005,Tomato,4,5,0.19,3.43,0.37,0.365
R006,2025-03-20,ING006,Oil,20,30,4.04,7.85,1.18,0.199
R006,2025-03-20,ING007,Flour,10,15,2.27,2.81,0.5,0.395
R006,2025-03-20,ING008,Bread,8,4,4.48,6.61,0.8,0.298
R006,2025-03-20,ING009,Lettuce,2,3,3.38,6.96,1.15,0.197
R006,2025-03-20,ING010,Cheese,4,5,2.42,5.42,0.69,0.331
R006,2025-03-21,ING001,Rice,12,3,0.0,3.72,0.46,0.311
R006,2025-03-21,ING002,Chicken,2,2,1.62,3.25,0.32,0.375
R006,2025-03-21,ING003,Paneer,3,4,1.47,1.49,0.0,0.352
R006,2025-03-21,ING004,Onion,5,7,2.2,4.93,0.79,0.295
R006,2025-03-21,ING005,Tomato,4,5,2.03,5.16,0.76,0.2
R006,2025-03-21,ING006,Oil,20,30,0.0,0.86,0.06,0.17
R006,2025-03-21,ING007,Flour,10,15,4.09,6.01,0.62,0.36
R006,2025-03-21,ING008,Bread,8,4,2.15,5.3,1.2,0.173
R006,2025-03-21,ING009,Lettuce,2,3,0.0,0.74,0.47,0.309
R006,2025-03-21,ING010,Cheese,4,5,2.55,5.24,0.57,0.223
R006,2025-03-22,ING001,Rice,12,3,3.37,3.76,0.48,0.061
R006,2025-03-22,ING002,Chicken,2,2,2.94,6.68,1.18,0.148
R006,2025-03-22,ING003,Paneer,3,4,0.95,2.37,0.33,0.125
R006,2025-03-22,ING004,Onion,5,7,0.98,2.33,0.0,0.123
R006,2025-03-22,ING005,Tomato,4,5,2.52,6.11,1.09,0.147
R006,2025-03-22,ING006,Oil,20,30,1.74,1.86,0.64,0.071
R006,2025-03-22,ING007,Flour,10,15,4.3,8.26,1.42,0.161
R006,2025-03-22,ING008,Bread,8,4,0.63,1.87,0.19,0.117
R006,2025-03-22,ING009,Lettuce,2,3,0.0,3.26,0.77,0.122
R006,2025-03-22,ING010,Cheese,4,5,3.28,5.13,0.83,0.156
R006,2025-03-23,ING001,Rice,12,3,3.32,6.27,1.02,0.193
R006,2025-03-23,ING002,Chicken,2,2,7.5,11.32,2.33,0.282
R006,2025-03-23,ING003,Paneer,3,4,1.07,1.48,0.49,0.305
R006,2025-03-23,ING004,Onion,5,7,1.27,3.93,0.49,0.278
R006,2025-03-23,ING005,Tomato,4,5,0.35,2.22,0.72,0.399
R006,2025-03-23,ING006,Oil,20,30,1.87,1.91,0.0,0.31
R006,2025-03-23,ING007,Flour,10,15,5.87,8.8,1.4,0.208
R006,2025-03-23,ING008,Bread,8,4,3.02,5.75,0.74,0.181
R006,2025-03-23,ING009,Lettuce,2,3,5.13,5.16,1.07,0.318
R006,2025-03-23,ING010,Cheese,4,5,2.84,6.02,0.78,0.324
R006,2025-03-24,ING001,Rice,12,3,0.57,0.89,0.16,0.301
R006,2025-03-24,ING002,Chicken,2,2,1.32,1.66,0.03,0.166
R006,2025-03-24,ING003,Paneer,3,4,3.34,4.83,0.87,0.322
R006,2025-03-24,ING004,Onion,5,7,2.14,5.51,0.77,0.295
R006,2025-03-24,ING005,Tomato,4,5,2.48,5.04,1.0,0.354
R006,2025-03-24,ING006,Oil,20,30,0.93,2.3,0.0,0.242
R006,2025-03-24,ING007,Flour,10,15,0.0,2.8,0.79,0.342
R006,2025-03-24,ING008,Bread,8,4,0.21,2.35,0.05,0.275
R006,2025-03-24,ING009,Lettuce,2,3,2.95,4.62,0.71,0.206
R006,2025-03-24,ING010,Cheese,4,5,4.31,4.38,0.54,0.31
R006,2025-03-25,ING001,Rice,12,3,2.0,5.7,0.87,0.377
R006,2025-03-25,ING002,Chicken,2,2,0.0,3.47,0.4,0.398
R006,2025-03-25,ING003,Paneer,3,4,1.14,3.29,0.5,0.398
R006,2025-03-25,ING004,Onion,5,7,0.64,4.42,1.04,0.312
R006,2025-03-25,ING005,Tomato,4,5,1.24,1.86,0.83,0.369
R006,2025-03-25,ING006,Oil,20,30,0.0,2.63,0.16,0.267
R006,2025-03-25,ING007,Flour,10,15,0.18,4.03,0.29,0.388
R006,2025-03-25,ING008,Bread,8,4,5.43,5.6,0.93,0.385
R006,2025-03-25,ING009,Lettuce,2,3,1.51,2.71,0.49,0.377
R006,2025-03-25,ING010,Cheese,4,5,0.0,0.89,0.0,0.204
R006,2025-03-26,ING001,Rice,12,3,0.96,2.77,0.0,0.08
R006,2025-03-26,ING002,Chicken,2,2,1.67,2.63,0.41,0.191
R006,2025-03-26,ING003,Paneer,3,4,0.21,1.36,0.0,0.165
R006,2025-03-26,ING004,Onion,5,7,0.4,3.42,0.3,0.162
R006,2025-03-26,ING005,Tomato,4,5,0.99,2.27,0.35,0.047
R006,2025-03-26,ING006,Oil,20,30,2.54,3.34,0.05,0.09
R006,2025-03-26,ING007,Flour,10,15,1.81,5.55,0.58,0.063
R006,2025-03-26,ING008,Bread,8,4,2.48,5.37,0.36,0.147
R006,2025-03-26,ING009,Lettuce,2,3,0.0,1.96,0.0,0.185
R006,2025-03-26,ING010,Cheese,4,5,0.0,3.69,1.2,0.136
R006,2025-03-27,ING001,Rice,12,3,2.26,3.6,0.58,0.025
R006,2025-03-27,ING002,Chicken,2,2,0.0,3.69,0.29,0.081
R006,2025-03-27,ING003,Paneer,3,4,0.64,3.71,1.03,0.247
R006,2025-03-27,ING004,Onion,5,7,2.97,4.66,0.78,0.074
R006,2025-03-27,ING005,Tomato,4,5,2.58,3.67,0.5,0.12
R006,2025-03-27,ING006,Oil,20,30,2.13,5.54,0.41,0.241
R006,2025-03-27,ING007,Flour,10,15,0.73,3.54,0.31,0.122
R006,2025-03-27,ING008,Bread,8,4,4.43,8.09,1.01,0.128
R006,2025-03-27,ING009,Lettuce,2,3,0.0,0.6,0.25,0.23
R006,2025-03-27,ING010,Cheese,4,5,2.27,3.26,0.67,0.064
R006,2025-03-28,ING001,Rice,12,3,2.77,6.32,0.82,0.329
R006,2025-03-28,ING002,Chicken,2,2,1.2,1.23,0.14,0.374
R006,2025-03-28,ING003,Paneer,3,4,4.47,5.77,0.99,0.187
R006,2025-03-28,ING004,Onion,5,7,1.51,5.29,0.83,0.262
R006,2025-03-28,ING005,Tomato,4,5,0.0,1.11,0.35,0.202
R006,2025-03-28,ING006,Oil,20,30,3.62,4.7,1.11,0.342
R006,2025-03-28,ING007,Flour,10,15,0.0,3.62,0.32,0.169
R006,2025-03-28,ING008,Bread,8,4,2.12,5.44,0.36,0.273
R006,2025-03-28,ING009,Lettuce,2,3,2.64,3.7,0.26,0.383
R006,2025-03-28,ING010,Cheese,4,5,3.01,3.08,0.59,0.299
R006,2025-03-29,ING001,Rice,12,3,0.5,3.48,0.81,0.315
R006,2025-03-29,ING002,Chicken,2,2,0.68,4.36,0.35,0.309
R006,2025-03-29,ING003,Paneer,3,4,2.09,4.42,0.81,0.358
R006,2025-03-29,ING004,Onion,5,7,1.7,3.72,0.22,0.23
R006,2025-03-29,ING005,Tomato,4,5,3.43,5.96,0.91,0.373
R006,2025-03-29,ING006,Oil,20,30,1.6,4.34,0.65,0.155
R006,2025-03-29,ING007,Flour,10,15,4.19,4.86,0.44,0.301
R006,2025-03-29,ING008,Bread,8,4,3.23,4.97,0.38,0.32
R006,2025-03-29,ING009,Lettuce,2,3,2.51,4.51,0.33,0.162
R006,2025-03-29,ING010,Cheese,4,5,3.69,4.18,0.77,0.234
R006,2025-03-30,ING001,Rice,12,3,0.79,3.34,0.39,0.112
R006,2025-03-30,ING002,Chicken,2,2,2.74,5.19,0.87,0.143
R006,2025-03-30,ING003,Paneer,3,4,3.38,6.44,1.12,0.206
R006,2025-03-30,ING004,Onion,5,7,1.32,2.08,0.67,0.123
R006,2025-03-30,ING005,Tomato,4,5,4.24,6.66,1.18,0.148
R006,2025-03-30,ING006,Oil,20,30,3.66,3.75,0.46,0.102
R006,2025-03-30,ING007,Flour,10,15,1.42,4.32,0.53,0.066
R006,2025-03-30,ING008,Bread,8,4,4.56,7.2,0.99,0.163
R006,2025-03-30,ING009,Lettuce,2,3,0.0,2.16,0.36,0.23
R006,2025-03-30,ING010,Cheese,4,5,1.53,2.97,0.03,0.152
R006,2025-03-31,ING001,Rice,12,3,0.48,2.1,0.0,0.177
R006,2025-03-31,ING002,Chicken,2,2,2.04,4.26,1.2,0.325
R006,2025-03-31,ING003,Paneer,3,4,2.94,6.23,0.93,0.387
R006,2025-03-31,ING004,Onion,5,7,2.83,5.92,1.03,0.269
R006,2025-03-31,ING005,Tomato,4,5,0.0,3.36,1.54,0.346
R006,2025-03-31,ING006,Oil,20,30,3.52,4.38,0.18,0.235
R006,2025-03-31,ING007,Flour,10,15,1.0,2.05,0.81,0.346
R006,2025-03-31,ING008,Bread,8,4,0.0,1.88,0.28,0.32
R006,2025-03-31,ING009,Lettuce,2,3,0.77,3.8,0.34,0.193
R006,2025-03-31,ING010,Cheese,4,5,3.56,4.09,0.38,0.297
R007,2025-01-01,ING001,Rice,12,3,2.08,2.4,0.11,0.045
R007,2025-01-01,ING002,Chicken,2,2,2.58,5.0,0.59,0.213
R007,2025-01-01,ING003,Paneer,3,4,2.69,5.78,1.08,0.08
R007,2025-01-01,ING004,Onion,5,7,3.69,4.3,0.86,0.006
R007,2025-01-01,ING005,Tomato,4,5,2.29,5.78,0.49,0.105
R007,2025-01-01,ING006,Oil,20,30,0.67,4.25,0.57,0.155
R007,2025-01-01,ING007,Flour,10,15,3.01,4.64,0.68,0.022
R007,2025-01-01,ING008,Bread,8,4,2.54,4.53,0.95,0.158
R007,2025-01-01,ING009,Lettuce,2,3,2.66,4.78,0.57,0.028
R007,2025-01-01,ING010,Cheese,4,5,4.58,6.12,1.08,0.152
R007,2025-01-02,ING001,Rice,12,3,0.0,1.37,0.0,0.247
R007,2025-01-02,ING002,Chicken,2,2,2.05,2.1,0.28,0.353
R007,2025-01-02,ING003,Paneer,3,4,0.54,2.74,1.0,0.187
R007,2025-01-02,ING004,Onion,5,7,2.19,6.19,1.13,0.246
R007,2025-01-02,ING005,Tomato,4,5,0.23,1.05,0.65,0.384
R007,2025-01-02,ING006,Oil,20,30,1.97,5.34,0.34,0.322
R007,2025-01-02,ING007,Flour,10,15,1.21,1.57,0.13,0.187
R007,2025-01-02,ING008,Bread,8,4,3.14,6.96,0.86,0.27
R007,2025-01-02,ING009,Lettuce,2,3,0.0,0.76,0.22,0.341
R007,2025-01-02,ING010,Cheese,4,5,1.9,2.97,0.64,0.303
R007,2025-01-03,ING001,Rice,12,3,0.81,2.12,0.41,0.329
R007,2025-01-03,ING002,Chicken,2,2,3.37,6.39,1.87,0.337
R007,2025-01-03,ING003,Paneer,3,4,2.7,3.63,0.24,0.219
R007,2025-01-03,ING004,Onion,5,7,0.89,1.1,0.29,0.368
R007,2025-01-03,ING005,Tomato,4,5,0.33,1.34,0.0,0.28
R007,2025-01-03,ING006,Oil,20,30,0.0,2.36,0.63,0.182
R007,2025-01-03,ING007,Flour,10,15,1.51,5.18,0.87,0.187
R007,2025-01-03,ING008,Bread,8,4,0.71,3.7,0.37,0.212
R007,2025-01-03,ING009,Lettuce,2,3,1.01,3.15,0.55,0.169
R007,2025-01-03,ING010,Cheese,4,5,2.27,4.08,1.05,0.355
R007,2025-01-04,ING001,Rice,12,3,2.96,5.33,0.92,0.218
R007,2025-01-04,ING002,Chicken,2,2,2.04,2.46,0.39,0.309
R007,2025-01-04,ING003,Paneer,3,4,1.98,3.33,0.39,0.358
R007,2025-01-04,ING004,Onion,5,7,1.07,2.38,0.31,0.356
R007,2025-01-04,ING005,Tomato,4,5,1.81,5.37,0.88,0.212
R007,2025-01-04,ING006,Oil,20,30,4.63,6.87,1.19,0.17
R007,2025-01-04,ING007,Flour,10,15,0.38,3.55,0.39,0.331
R007,2025-01-04,ING008,Bread,8,4,1.51,2.97,0.48,0.357
R007,2025-01-04,ING009,Lettuce,2,3,4.28,4.58,0.7,0.158
R007,2025-01-04,ING010,Cheese,4,5,3.48,5.16,1.27,0.349
R007,2025-01-05,ING001,Rice,12,3,1.57,4.57,0.83,0.154
R007,2025-01-05,ING002,Chicken,2,2,1.66,4.16,0.69,0.22
R007,2025-01-05,ING003,Paneer,3,4,4.4,5.85,1.22,0.18
R007,2025-01-05,ING004,Onion,5,7,1.51,2.7,0.5,0.172
R007,2025-01-05,ING005,Tomato,4,5,0.0,1.0,0.0,0.043
R007,2025-01-05,ING006,Oil,20,30,2.97,3.48,0.53,0.09
R007,2025-01-05,ING007,Flour,10,15,1.57,3.31,0.23,0.029
R007,2025-01-05,ING008,Bread,8,4,1.76,5.12,1.36,0.142
R007,2025-01-05,ING009,Lettuce,2,3,2.56,4.68,0.5,0.073
R007,2025-01-05,ING010,Cheese,4,5,0.56,0.65,0.0,0.246
R007,2025-01-06,ING001,Rice,12,3,2.02,3.49,0.28,0.082
R007,2025-01-06,ING002,Chicken,2,2,4.06,5.15,1.14,0.116
R007,2025-01-06,ING003,Paneer,3,4,0.06,1.5,0.0,0.013
R007,2025-01-06,ING004,Onion,5,7,0.0,1.04,0.13,0.183
R007,2025-01-06,ING005,Tomato,4,5,2.69,2.72,0.81,0.213
R007,2025-01-06,ING006,Oil,20,30,2.12,2.21,0.51,0.093
R007,2025-01-06,ING007,Flour,10,15,0.0,3.87,0.17,0.042
R007,2025-01-06,ING008,Bread,8,4,1.34,3.03,0.58,0.169
R007,2025-01-06,ING009,Lettuce,2,3,1.91,4.07,1.14,0.038
R007,2025-01-06,ING010,Cheese,4,5,0.0,2.23,0.07,0.092
R007,2025-01-07,ING001,Rice,12,3,1.23,1.38,0.0,0.225
R007,2025-01-07,ING002,Chicken,2,2,4.88,6.55,0.85,0.364
R007,2025-01-07,ING003,Paneer,3,4,0.7,3.87,0.55,0.37
R007,2025-01-07,ING004,Onion,5,7,1.28,1.39,0.19,0.294
R007,2025-01-07,ING005,Tomato,4,5,1.59,3.65,0.97,0.263
R007,2025-01-07,ING006,Oil,20,30,2.54,4.77,0.64,0.232
R007,2025-01-07,ING007,Flour,10,15,3.44,5.4,0.57,0.39
R007,2025-01-07,ING008,Bread,8,4,0.43,2.01,0.75,0.351
R007,2025-01-07,ING009,Lettuce,2,3,4.6,5.87,0.73,0.294
R007,2025-01-07,ING010,Cheese,4,5,1.73,3.76,0.22,0.241
R007,2025-01-08,ING001,Rice,12,3,5.26,7.01,1.03,0.232
R007,2025-01-08,ING002,Chicken,2,2,0.68,1.94,0.0,0.11
R007,2025-01-08,ING003,Paneer,3,4,1.19,2.93,0.56,0.194
R007,2025-01-08,ING004,Onion,5,7,1.27,1.46,0.14,0.131
R007,2025-01-08,ING005,Tomato,4,5,4.13,7.8,1.04,0.119
R007,2025-01-08,ING006,Oil,20,30,4.49,5.85,0.63,0.212
R007,2025-01-08,ING007,Flour,10,15,2.76,6.71,1.02,0.157
R007,2025-01-08,ING008,Bread,8,4,1.48,2.53,0.41,0.133
R007,2025-01-08,ING009,Lettuce,2,3,4.92,7.05,1.07,0.076
R007,2025-01-08,ING010,Cheese,4,5,3.86,4.68,0.75,0.02
R007,2025-01-09,ING001,Rice,12,3,0.82,4.55,0.89,0.161
R007,2025-01-09,ING002,Chicken,2,2,1.56,4.76,0.5,0.046
R007,2025-01-09,ING003,Paneer,3,4,2.3,3.85,1.15,0.246
R007,2025-01-09,ING004,Onion,5,7,4.61,6.15,0.5,0.066
R007,2025-01-09,ING005,Tomato,4,5,1.95,3.96,0.72,0.011
R007,2025-01-09,ING006,Oil,20,30,0.0,0.86,0.42,0.109
R007,2025-01-09,ING007,Flour,10,15,3.65,6.77,1.03,0.008
R007,2025-01-09,ING008,Bread,8,4,1.23,5.17,1.6,0.012
R007,2025-01-09,ING009,Lettuce,2,3,2.53,4.95,0.24,0.19
R007,2025-01-09,ING010,Cheese,4,5,1.4,4.56,0.69,0.133
R007,2025-01-10,ING001,Rice,12,3,1.32,3.59,0.28,0.302
R007,2025-01-10,ING002,Chicken,2,2,2.99,6.71,0.71,0.312
R007,2025-01-10,ING003,Paneer,3,4,1.85,4.93,0.59,0.232
R007,2025-01-10,ING004,Onion,5,7,3.52,3.99,0.34,0.374
R007,2025-01-10,ING005,Tomato,4,5,0.0,0.15,0.61,0.33
R007,2025-01-10,ING006,Oil,20,30,3.09,4.05,0.4,0.212
R007,2025-01-10,ING007,Flour,10,15,3.81,6.59,1.38,0.15
R007,2025-01-10,ING008,Bread,8,4,3.52,3.78,0.67,0.335
R007,2025-01-10,ING009,Lettuce,2,3,4.57,7.53,1.57,0.177
R007,2025-01-10,ING010,Cheese,4,5,0.05,2.85,0.92,0.22
R007,2025-01-11,ING001,Rice,12,3,3.83,5.57,0.81,0.088
R007,2025-01-11,ING002,Chicken,2,2,3.96,4.71,0.66,0.013
R007,2025-01-11,ING003,Paneer,3,4,0.67,2.68,0.0,0.007
R007,2025-01-11,ING004,Onion,5,7,0.67,2.99,0.62,0.204
R007,2025-01-11,ING005,Tomato,4,5,1.31,1.95,0.16,0.039
R007,2025-01-11,ING006,Oil,20,30,0.44,4.12,0.03,0.028
R007,2025-01-11,ING007,Flour,10,15,3.97,5.44,1.16,0.232
R007,2025-01-11,ING008,Bread,8,4,0.0,2.37,0.76,0.026
R007,2025-01-11,ING009,Lettuce,2,3,3.02,4.67,0.68,0.101
R007,2025-01-11,ING010,Cheese,4,5,2.88,5.16,1.07,0.052
R007,2025-01-12,ING001,Rice,12,3,0.06,0.61,0.31,0.159
R007,2025-01-12,ING002,Chicken,2,2,1.07,4.93,0.69,0.134
R007,2025-01-12,ING003,Paneer,3,4,2.55,3.35,0.33,0.081
R007,2025-01-12,ING004,Onion,5,7,2.28,5.86,0.91,0.042
R007,2025-01-12,ING005,Tomato,4,5,0.26,4.11,0.26,0.081
R007,2025-01-12,ING006,Oil,20,30,4.75,5.04,0.94,0.044
R007,2025-01-12,ING007,Flour,10,15,3.2,5.45,0.7,0.107
R007,2025-01-12,ING008,Bread,8,4,0.0,3.31,0.53,0.127
R007,2025-01-12,ING009,Lettuce,2,3,2.4,3.15,0.71,0.15
R007,2025-01-12,ING010,Cheese,4,5,2.41,4.64,1.01,0.122
R007,2025-01-13,ING001,Rice,12,3,5.25,9.17,1.69,0.271
R007,2025-01-13,ING002,Chicken,2,2,0.97,3.2,0.91,0.281
R007,2025-01-13,ING003,Paneer,3,4,0.23,3.3,0.85,0.323
R007,2025-01-13,ING004,Onion,5,7,0.84,4.66,0.51,0.345
R007,2025-01-13,ING005,Tomato,4,5,0.0,2.58,0.02,0.318
R007,2025-01-13,ING006,Oil,20,30,2.61,5.15,0.98,0.355
R007,2025-01-13,ING007,Flour,10,15,7.44,8.84,1.51,0.258
R007,2025-01-13,ING008,Bread,8,4,3.18,6.12,0.71,0.221
R007,2025-01-13,ING009,Lettuce,2,3,0.87,4.22,0.63,0.331
R007,2025-01-13,ING010,Cheese,4,5,1.69,2.43,0.45,0.194
R007,2025-01-14,ING001,Rice,12,3,2.94,6.11,1.26,0.242
R007,2025-01-14,ING002,Chicken,2,2,1.0,3.64,0.0,0.106
R007,2025-01-14,ING003,Paneer,3,4,1.78,2.61,0.55,0.11
R007,2025-01-14,ING004,Onion,5,7,2.96,3.53,0.04,0.226
R007,2025-01-14,ING005,Tomato,4,5,2.74,4.89,0.39,0.048
R007,2025-01-14,ING006,Oil,20,30,4.68,8.14,1.25,0.185
R007,2025-01-14,ING007,Flour,10,15,3.54,5.34,1.33,0.218
R007,2025-01-14,ING008,Bread,8,4,3.41,6.69,1.48,0.122
R007,2025-01-14,ING009,Lettuce,2,3,3.14,3.15,0.69,0.048
R007,2025-01-14,ING010,Cheese,4,5,2.26,5.73,1.42,0.235
R007,2025-01-15,ING001,Rice,12,3,4.8,6.24,0.0,0.164
R007,2025-01-15,ING002,Chicken,2,2,3.89,6.24,0.63,0.242
R007,2025-01-15,ING003,Paneer,3,4,1.23,1.38,0.0,0.15
R007,2025-01-15,ING004,Onion,5,7,3.01,4.78,1.25,0.026
R007,2025-01-15,ING005,Tomato,4,5,0.19,1.48,0.43,0.217
R007,2025-01-15,ING006,Oil,20,30,2.01,2.76,0.3,0.035
R007,2025-01-15,ING007,Flour,10,15,0.95,2.23,0.13,0.038
R007,2025-01-15,ING008,Bread,8,4,2.9,4.41,0.59,0.063
R007,2025-01-15,ING009,Lettuce,2,3,0.45,2.68,0.36,0.098
R007,2025-01-15,ING010,Cheese,4,5,0.12,3.55,0.79,0.144
R007,2025-01-16,ING001,Rice,12,3,2.24,4.27,0.55,0.127
R007,2025-01-16,ING002,Chicken,2,2,0.76,2.12,0.79,0.024
R007,2025-01-16,ING003,Paneer,3,4,1.99,3.95,0.53,0.11
R007,2025-01-16,ING004,Onion,5,7,1.95,5.06,0.47,0.124
R007,2025-01-16,ING005,Tomato,4,5,0.13,0.42,0.0,0.205
R007,2025-01-16,ING006,Oil,20,30,3.21,5.83,0.47,0.01
R007,2025-01-16,ING007,Flour,10,15,1.27,2.24,0.0,0.038
R007,2025-01-16,ING008,Bread,8,4,3.04,3.13,0.23,0.017
R007,2025-01-16,ING009,Lettuce,2,3,3.46,5.96,0.84,0.024
R007,2025-01-16,ING010,Cheese,4,5,1.13,2.97,0.82,0.201
R007,2025-01-17,ING001,Rice,12,3,4.49,4.7,0.58,0.204
R007,2025-01-17,ING002,Chicken,2,2,3.47,5.47,0.16,0.082
R007,2025-01-17,ING003,Paneer,3,4,2.26,2.35,0.34,0.232
R007,2025-01-17,ING004,Onion,5,7,2.12,2.43,0.59,0.183
R007,2025-01-17,ING005,Tomato,4,5,2.21,2.28,0.42,0.194
R007,2025-01-17,ING006,Oil,20,30,0.0,0.68,0.31,0.057
R007,2025-01-17,ING007,Flour,10,15,4.67,6.6,0.72,0.079
R007,2025-01-17,ING008,Bread,8,4,2.38,4.44,0.85,0.005
R007,2025-01-17,ING009,Lettuce,2,3,2.96,3.93,0.55,0.004
R007,2025-01-17,ING010,Cheese,4,5,1.72,1.89,0.61,0.182
R007,2025-01-18,ING001,Rice,12,3,0.66,2.57,0.48,0.237
R007,2025-01-18,ING002,Chicken,2,2,0.9,1.16,0.11,0.366
R007,2025-01-18,ING003,Paneer,3,4,0.23,0.83,0.0,0.216
R007,2025-01-18,ING004,Onion,5,7,1.1,2.61,0.84,0.361
R007,2025-01-18,ING005,Tomato,4,5,5.01,8.48,1.32,0.344
R007,2025-01-18,ING006,Oil,20,30,4.02,4.74,0.94,0.237
R007,2025-01-18,ING007,Flour,10,15,0.5,2.97,0.32,0.357
R007,2025-01-18,ING008,Bread,8,4,0.74,4.21,1.09,0.241
R007,2025-01-18,ING009,Lettuce,2,3,5.58,7.3,0.74,0.391
R007,2025-01-18,ING010,Cheese,4,5,0.0,3.37,0.36,0.34
R007,2025-01-19,ING001,Rice,12,3,2.89,2.99,0.57,0.178
R007,2025-01-19,ING002,Chicken,2,2,0.82,1.06,0.17,0.149
R007,2025-01-19,ING003,Paneer,3,4,1.6,3.31,0.35,0.089
R007,2025-01-19,ING004,Onion,5,7,2.27,2.36,0.55,0.219
R007,2025-01-19,ING005,Tomato,4,5,1.57,3.9,1.03,0.075
R007,2025-01-19,ING006,Oil,20,30,2.07,5.77,0.62,0.067
R007,2025-01-19,ING007,Flour,10,15,0.47,2.9,0.93,0.24
R007,2025-01-19,ING008,Bread,8,4,4.87,5.82,0.64,0.225
R007,2025-01-19,ING009,Lettuce,2,3,4.55,6.94,1.4,0.01
R007,2025-01-19,ING010,Cheese,4,5,0.83,1.33,0.24,0.223
R007,2025-01-20,ING001,Rice,12,3,0.69,4.02,0.65,0.054
R007,2025-01-20,ING002,Chicken,2,2,0.96,2.01,0.66,0.044
R007,2025-01-20,ING003,Paneer,3,4,1.94,4.58,0.95,0.216
R007,2025-01-20,ING004,Onion,5,7,0.04,2.58,1.16,0.167
R007,2025-01-20,ING005,Tomato,4,5,0.0,1.6,0.0,0.193
R007,2025-01-20,ING006,Oil,20,30,2.59,6.02,0.46,0.171
R007,2025-01-20,ING007,Flour,10,15,3.88,4.97,1.16,0.02
R007,2025-01-20,ING008,Bread,8,4,2.35,6.17,0.71,0.24
R007,2025-01-20,ING009,Lettuce,2,3,2.59,3.07,0.43,0.117
R007,2025-01-20,ING010,Cheese,4,5,0.0,1.93,0.26,0.188
R007,2025-01-21,ING001,Rice,12,3,2.48,4.48,0.79,0.111
R007,2025-01-21,ING002,Chicken,2,2,3.4,6.37,0.85,0.028
R007,2025-01-21,ING003,Paneer,3,4,3.31,4.37,0.0,0.129
R007,2025-01-21,ING004,Onion,5,7,0.0,4.0,0.61,0.122
R007,2025-01-21,ING005,Tomato,4,5,2.68,6.3,1.25,0.121
R007,2025-01-21,ING006,Oil,20,30,3.49,6.61,1.08,0.099
R007,2025-01-21,ING007,Flour,10,15,1.3,4.65,0.43,0.137
R007,2025-01-21,ING008,Bread,8,4,3.32,4.63,0.41,0.034
R007,2025-01-21,ING009,Lettuce,2,3,1.76,2.66,0.47,0.157
R007,2025-01-21,ING010,Cheese,4,5,3.04,4.18,0.47,0.137
R007,2025-01-22,ING001,Rice,12,3,0.83,2.8,0.32,0.195
R007,2025-01-22,ING002,Chicken,2,2,2.07,4.9,1.07,0.099
R007,2025-01-22,ING003,Paneer,3,4,4.06,6.07,1.06,0.031
R007,2025-01-22,ING004,Onion,5,7,0.0,1.02,0.0,0.051
R007,2025-01-22,ING005,Tomato,4,5,3.71,6.29,0.69,0.063
R007,2025-01-22,ING006,Oil,20,30,3.15,3.94,0.32,0.057
R007,2025-01-22,ING007,Flour,10,15,2.89,4.89,0.91,0.188
R007,2025-01-22,ING008,Bread,8,4,2.08,4.15,0.53,0.029
R007,2025-01-22,ING009,Lettuce,2,3,1.97,2.73,0.63,0.039
R007,2025-01-22,ING010,Cheese,4,5,2.45,6.21,0.54,0.22
R007,2025-01-23,ING001,Rice,12,3,1.35,2.68,0.55,0.018
R007,2025-01-23,ING002,Chicken,2,2,2.34,3.78,0.26,0.103
R007,2025-01-23,ING003,Paneer,3,4,3.98,6.92,1.0,0.185
R007,2025-01-23,ING004,Onion,5,7,1.91,3.68,0.57,0.246
R007,2025-01-23,ING005,Tomato,4,5,2.47,3.39,0.82,0.134
R007,2025-01-23,ING006,Oil,20,30,2.63,5.09,1.01,0.243
R007,2025-01-23,ING007,Flour,10,15,1.41,3.7,0.22,0.22
R007,2025-01-23,ING008,Bread,8,4,1.15,1.55,0.16,0.065
R007,2025-01-23,ING009,Lettuce,2,3,0.93,2.6,0.44,0.142
R007,2025-01-23,ING010,Cheese,4,5,3.3,4.0,0.72,0.076
R007,2025-01-24,ING001,Rice,12,3,4.23,7.74,0.81,0.235
R007,2025-01-24,ING002,Chicken,2,2,0.48,3.95,0.27,0.244
R007,2025-01-24,ING003,Paneer,3,4,5.21,5.53,0.41,0.216
R007,2025-01-24,ING004,Onion,5,7,4.72,7.55,0.9,0.242
R007,2025-01-24,ING005,Tomato,4,5,5.79,8.92,1.48,0.116
R007,2025-01-24,ING006,Oil,20,30,2.01,3.93,0.29,0.248
R007,2025-01-24,ING007,Flour,10,15,3.73,6.88,1.55,0.182
R007,2025-01-24,ING008,Bread,8,4,2.3,5.09,0.76,0.164
R007,2025-01-24,ING009,Lettuce,2,3,3.52,3.71,0.62,0.161
R007,2025-01-24,ING010,Cheese,4,5,2.48,4.28,0.77,0.195
R007,2025-01-25,ING001,Rice,12,3,1.83,5.35,0.79,0.235
R007,2025-01-25,ING002,Chicken,2,2,3.38,3.58,0.37,0.23
R007,2025-01-25,ING003,Paneer,3,4,3.71,6.43,1.19,0.164
R007,2025-01-25,ING004,Onion,5,7,1.83,2.35,0.32,0.191
R007,2025-01-25,ING005,Tomato,4,5,3.89,5.52,0.75,0.212
R007,2025-01-25,ING006,Oil,20,30,2.37,3.48,0.0,0.237
R007,2025-01-25,ING007,Flour,10,15,1.97,3.62,0.95,0.133
R007,2025-01-25,ING008,Bread,8,4,2.8,3.3,0.6,0.167
R007,2025-01-25,ING009,Lettuce,2,3,3.52,3.84,0.3,0.148
R007,2025-01-25,ING010,Cheese,4,5,2.34,3.02,0.59,0.177
R007,2025-01-26,ING001,Rice,12,3,1.46,3.69,0.32,0.303
R007,2025-01-26,ING002,Chicken,2,2,2.17,4.71,1.16,0.276
R007,2025-01-26,ING003,Paneer,3,4,2.0,3.26,0.55,0.233
R007,2025-01-26,ING004,Onion,5,7,1.72,5.19,0.93,0.216
R007,2025-01-26,ING005,Tomato,4,5,3.73,4.1,0.63,0.154
R007,2025-01-26,ING006,Oil,20,30,1.77,4.13,0.6,0.392
R007,2025-01-26,ING007,Flour,10,15,2.58,5.03,0.55,0.308
R007,2025-01-26,ING008,Bread,8,4,2.29,6.05,1.13,0.153
R007,2025-01-26,ING009,Lettuce,2,3,1.35,3.01,0.59,0.351
R007,2025-01-26,ING010,Cheese,4,5,0.0,2.31,0.19,0.221
R007,2025-01-27,ING001,Rice,12,3,2.76,3.81,0.39,0.284
R007,2025-01-27,ING002,Chicken,2,2,4.94,6.86,0.72,0.295
R007,2025-01-27,ING003,Paneer,3,4,2.34,3.29,1.15,0.295
R007,2025-01-27,ING004,Onion,5,7,1.57,4.03,0.93,0.269
R007,2025-01-27,ING005,Tomato,4,5,2.74,2.86,0.13,0.203
R007,2025-01-27,ING006,Oil,20,30,0.58,2.89,0.72,0.284
R007,2025-01-27,ING007,Flour,10,15,5.47,8.0,1.67,0.191
R007,2025-01-27,ING008,Bread,8,4,4.43,8.35,0.98,0.365
R007,2025-01-27,ING009,Lettuce,2,3,3.04,3.21,0.43,0.242
R007,2025-01-27,ING010,Cheese,4,5,1.02,4.58,0.45,0.296
R007,2025-01-28,ING001,Rice,12,3,2.4,3.65,0.41,0.298
R007,2025-01-28,ING002,Chicken,2,2,1.42,3.38,0.76,0.227
R007,2025-01-28,ING003,Paneer,3,4,2.48,4.24,0.9,0.209
R007,2025-01-28,ING004,Onion,5,7,1.24,3.06,0.68,0.153
R007,2025-01-28,ING005,Tomato,4,5,0.0,3.12,0.4,0.233
R007,2025-01-28,ING006,Oil,20,30,2.41,4.97,0.69,0.243
R007,2025-01-28,ING007,Flour,10,15,0.74,3.57,1.07,0.199
R007,2025-01-28,ING008,Bread,8,4,2.94,4.39,0.47,0.2
R007,2025-01-28,ING009,Lettuce,2,3,2.75,5.34,0.53,0.303
R007,2025-01-28,ING010,Cheese,4,5,5.29,5.56,0.64,0.352
R007,2025-01-29,ING001,Rice,12,3,0.81,3.01,0.28,0.282
R007,2025-01-29,ING002,Chicken,2,2,0.61,3.29,0.67,0.398
R007,2025-01-29,ING003,Paneer,3,4,0.66,1.21,0.52,0.189
R007,2025-01-29,ING004,Onion,5,7,2.27,2.4,0.48,0.202
R007,2025-01-29,ING005,Tomato,4,5,3.48,6.64,1.14,0.216
R007,2025-01-29,ING006,Oil,20,30,0.0,1.17,0.0,0.221
R007,2025-01-29,ING007,Flour,10,15,0.21,3.75,0.57,0.393
R007,2025-01-29,ING008,Bread,8,4,0.8,4.29,0.92,0.192
R007,2025-01-29,ING009,Lettuce,2,3,3.17,4.18,0.65,0.273
R007,2025-01-29,ING010,Cheese,4,5,2.49,4.57,0.56,0.151
R007,2025-01-30,ING001,Rice,12,3,1.68,1.88,0.26,0.382
R007,2025-01-30,ING002,Chicken,2,2,2.63,5.11,0.87,0.31
R007,2025-01-30,ING003,Paneer,3,4,2.98,4.74,0.59,0.369
R007,2025-01-30,ING004,Onion,5,7,4.65,6.2,1.26,0.209
R007,2025-01-30,ING005,Tomato,4,5,3.16,4.57,0.0,0.324
R007,2025-01-30,ING006,Oil,20,30,1.07,2.86,0.16,0.373
R007,2025-01-30,ING007,Flour,10,15,0.0,2.97,1.25,0.344
R007,2025-01-30,ING008,Bread,8,4,3.43,6.2,0.81,0.398
R007,2025-01-30,ING009,Lettuce,2,3,0.18,3.7,0.74,0.244
R007,2025-01-30,ING010,Cheese,4,5,1.28,1.69,0.48,0.356
R007,2025-01-31,ING001,Rice,12,3,0.22,3.51,0.84,0.183
R007,2025-01-31,ING002,Chicken,2,2,1.65,3.81,0.75,0.073
R007,2025-01-31,ING003,Paneer,3,4,2.58,4.7,0.59,0.093
R007,2025-01-31,ING004,Onion,5,7,4.48,7.16,1.16,0.032
R007,2025-01-31,ING005,Tomato,4,5,1.26,2.82,0.13,0.153
R007,2025-01-31,ING006,Oil,20,30,0.84,3.26,1.38,0.222
R007,2025-01-31,ING007,Flour,10,15,0.86,3.11,0.07,0.171
R007,2025-01-31,ING008,Bread,8,4,3.36,6.79,1.33,0.15
R007,2025-01-31,ING009,Lettuce,2,3,4.25,4.47,0.23,0.011
R007,2025-01-31,ING010,Cheese,4,5,4.22,5.16,0.73,0.19
R007,2025-02-01,ING001,Rice,12,3,2.67,3.55,0.68,0.213
R007,2025-02-01,ING002,Chicken,2,2,0.0,3.35,1.08,0.088
R007,2025-02-01,ING003,Paneer,3,4,1.9,5.69,0.21,0.21
R007,2025-02-01,ING004,Onion,5,7,4.96,5.96,1.36,0.2
R007,2025-02-01,ING005,Tomato,4,5,0.07,1.16,0.0,0.008
R007,2025-02-01,ING006,Oil,20,30,3.87,6.53,0.57,0.054
R007,2025-02-01,ING007,Flour,10,15,1.71,2.89,0.19,0.139
R007,2025-02-01,ING008,Bread,8,4,3.78,3.93,1.01,0.193
R007,2025-02-01,ING009,Lettuce,2,3,4.18,4.64,0.82,0.152
R007,2025-02-01,ING010,Cheese,4,5,3.23,6.3,1.5,0.156
R007,2025-02-02,ING001,Rice,12,3,3.14,6.9,0.89,0.074
R007,2025-02-02,ING002,Chicken,2,2,0.72,2.09,0.34,0.12
R007,2025-02-02,ING003,Paneer,3,4,0.71,3.3,0.14,0.083
R007,2025-02-02,ING004,Onion,5,7,6.81,7.53,0.79,0.218
R007,2025-02-02,ING005,Tomato,4,5,2.57,6.12,1.07,0.176
R007,2025-02-02,ING006,Oil,20,30,2.75,3.34,0.25,0.01
R007,2025-02-02,ING007,Flour,10,15,0.0,2.6,0.46,0.036
R007,2025-02-02,ING008,Bread,8,4,3.94,4.31,0.71,0.219
R007,2025-02-02,ING009,Lettuce,2,3,3.52,6.74,0.87,0.009
R007,2025-02-02,ING010,Cheese,4,5,4.41,6.61,0.42,0.21
R007,2025-02-03,ING001,Rice,12,3,5.94,8.06,1.05,0.168
R007,2025-02-03,ING002,Chicken,2,2,6.06,7.33,0.74,0.209
R007,2025-02-03,ING003,Paneer,3,4,3.71,4.55,0.59,0.082
R007,2025-02-03,ING004,Onion,5,7,1.93,2.66,0.68,0.056
R007,2025-02-03,ING005,Tomato,4,5,2.34,4.78,1.0,0.2
R007,2025-02-03,ING006,Oil,20,30,4.18,4.92,1.32,0.234
R007,2025-02-03,ING007,Flour,10,15,5.14,9.1,1.23,0.122
R007,2025-02-03,ING008,Bread,8,4,2.02,3.07,0.45,0.242
R007,2025-02-03,ING009,Lettuce,2,3,6.2,9.95,1.87,0.212
R007,2025-02-03,ING010,Cheese,4,5,3.04,6.5,0.87,0.148
R007,2025-02-04,ING001,Rice,12,3,1.34,1.55,0.27,0.319
R007,2025-02-04,ING002,Chicken,2,2,3.37,4.3,0.33,0.194
R007,2025-02-04,ING003,Paneer,3,4,0.94,1.62,0.25,0.218
R007,2025-02-04,ING004,Onion,5,7,1.49,4.08,0.38,0.172
R007,2025-02-04,ING005,Tomato,4,5,0.24,2.49,0.0,0.363
R007,2025-02-04,ING006,Oil,20,30,0.75,3.44,0.21,0.209
R007,2025-02-04,ING007,Flour,10,15,0.31,2.37,0.47,0.21
R007,2025-02-04,ING008,Bread,8,4,2.17,4.18,0.44,0.279
R007,2025-02-04,ING009,Lettuce,2,3,1.73,3.86,0.64,0.339
R007,2025-02-04,ING010,Cheese,4,5,4.57,5.54,0.44,0.3
R007,2025-02-05,ING001,Rice,12,3,0.0,0.48,0.0,0.239
R007,2025-02-05,ING002,Chicken,2,2,1.41,3.82,0.55,0.209
R007,2025-02-05,ING003,Paneer,3,4,1.81,4.67,0.6,0.136
R007,2025-02-05,ING004,Onion,5,7,2.37,5.24,0.87,0.12
R007,2025-02-05,ING005,Tomato,4,5,1.85,1.88,0.03,0.028
R007,2025-02-05,ING006,Oil,20,30,3.88,6.91,1.24,0.167
R007,2025-02-05,ING007,Flour,10,15,2.16,5.06,0.22,0.011
R007,2025-02-05,ING008,Bread,8,4,1.83,3.84,0.49,0.172
R007,2025-02-05,ING009,Lettuce,2,3,4.45,5.45,1.27,0.13
R007,2025-02-05,ING010,Cheese,4,5,2.69,3.71,0.64,0.116
R007,2025-02-06,ING001,Rice,12,3,3.12,3.26,0.46,0.302
R007,2025-02-06,ING002,Chicken,2,2,1.74,4.35,1.2,0.276
R007,2025-02-06,ING003,Paneer,3,4,1.89,2.18,0.16,0.182
R007,2025-02-06,ING004,Onion,5,7,4.88,5.98,0.96,0.217
R007,2025-02-06,ING005,Tomato,4,5,0.07,1.13,0.0,0.178
R007,2025-02-06,ING006,Oil,20,30,1.09,4.91,0.22,0.175
R007,2025-02-06,ING007,Flour,10,15,0.0,0.66,0.17,0.391
R007,2025-02-06,ING008,Bread,8,4,3.69,6.73,0.96,0.344
R007,2025-02-06,ING009,Lettuce,2,3,4.1,7.49,0.69,0.355
R007,2025-02-06,ING010,Cheese,4,5,4.72,8.39,1.55,0.195
R007,2025-02-07,ING001,Rice,12,3,1.85,4.83,0.73,0.378
R007,2025-02-07,ING002,Chicken,2,2,3.67,5.71,0.38,0.266
R007,2025-02-07,ING003,Paneer,3,4,3.55,4.78,0.61,0.355
R007,2025-02-07,ING004,Onion,5,7,2.94,4.22,0.02,0.279
R007,2025-02-07,ING005,Tomato,4,5,3.48,6.75,0.63,0.2
R007,2025-02-07,ING006,Oil,20,30,1.57,3.89,0.93,0.197
R007,2025-02-07,ING007,Flour,10,15,2.46,5.17,0.71,0.232
R007,2025-02-07,ING008,Bread,8,4,2.92,5.48,0.71,0.363
R007,2025-02-07,ING009,Lettuce,2,3,3.28,4.48,0.69,0.283
R007,2025-02-07,ING010,Cheese,4,5,0.0,2.15,0.22,0.337
R007,2025-02-08,ING001,Rice,12,3,0.97,2.49,0.57,0.382
R007,2025-02-08,ING002,Chicken,2,2,3.15,6.55,0.7,0.382
R007,2025-02-08,ING003,Paneer,3,4,5.21,6.25,0.69,0.305
R007,2025-02-08,ING004,Onion,5,7,2.63,6.17,0.55,0.308
R007,2025-02-08,ING005,Tomato,4,5,0.44,3.43,0.77,0.398
R007,2025-02-08,ING006,Oil,20,30,4.26,6.48,1.42,0.33
R007,2025-02-08,ING007,Flour,10,15,3.85,4.02,0.42,0.31
R007,2025-02-08,ING008,Bread,8,4,3.65,3.97,0.29,0.38
R007,2025-02-08,ING009,Lettuce,2,3,2.22,3.74,0.76,0.175
R007,2025-02-08,ING010,Cheese,4,5,2.2,3.58,0.76,0.375
R007,2025-02-09,ING001,Rice,12,3,1.65,2.21,0.22,0.168
R007,2025-02-09,ING002,Chicken,2,2,1.95,4.85,0.75,0.0
R007,2025-02-09,ING003,Paneer,3,4,2.22,5.55,0.54,0.132
R007,2025-02-09,ING004,Onion,5,7,3.18,3.76,0.93,0.234
R007,2025-02-09,ING005,Tomato,4,5,3.18,5.56,0.67,0.197
R007,2025-02-09,ING006,Oil,20,30,3.01,5.83,0.8,0.069
R007,2025-02-09,ING007,Flour,10,15,5.25,8.8,1.46,0.191
R007,2025-02-09,ING008,Bread,8,4,3.92,6.01,0.96,0.164
R007,2025-02-09,ING009,Lettuce,2,3,1.3,5.22,0.79,0.119
R007,2025-02-09,ING010,Cheese,4,5,1.49,4.97,0.63,0.117
R007,2025-02-10,ING001,Rice,12,3,2.55,4.06,0.71,0.123
R007,2025-02-10,ING002,Chicken,2,2,1.7,4.46,0.53,0.105
R007,2025-02-10,ING003,Paneer,3,4,0.72,1.7,0.23,0.148
R007,2025-02-10,ING004,Onion,5,7,0.0,2.76,0.22,0.195
R007,2025-02-10,ING005,Tomato,4,5,4.04,6.23,0.64,0.17
R007,2025-02-10,ING006,Oil,20,30,0.0,2.3,0.51,0.068
R007,2025-02-10,ING007,Flour,10,15,2.75,4.0,0.52,0.223
R007,2025-02-10,ING008,Bread,8,4,1.24,3.71,0.0,0.035
R007,2025-02-10,ING009,Lettuce,2,3,1.58,3.36,0.75,0.235
R007,2025-02-10,ING010,Cheese,4,5,2.21,2.76,0.38,0.136
R007,2025-02-11,ING001,Rice,12,3,2.4,3.57,0.43,0.204
R007,2025-02-11,ING002,Chicken,2,2,2.59,4.09,0.37,0.394
R007,2025-02-11,ING003,Paneer,3,4,3.31,4.05,1.33,0.16
R007,2025-02-11,ING004,Onion,5,7,1.31,2.76,0.71,0.311
R007,2025-02-11,ING005,Tomato,4,5,1.86,5.65,0.91,0.282
R007,2025-02-11,ING006,Oil,20,30,1.72,3.61,0.45,0.217
R007,2025-02-11,ING007,Flour,10,15,1.94,2.96,0.22,0.36
R007,2025-02-11,ING008,Bread,8,4,1.45,5.23,1.28,0.218
R007,2025-02-11,ING009,Lettuce,2,3,2.61,5.57,0.61,0.277
R007,2025-02-11,ING010,Cheese,4,5,1.42,3.3,0.35,0.287
R007,2025-02-12,ING001,Rice,12,3,1.04,1.19,0.76,0.167
R007,2025-02-12,ING002,Chicken,2,2,1.46,4.1,0.38,0.137
R007,2025-02-12,ING003,Paneer,3,4,0.47,3.55,0.45,0.05
R007,2025-02-12,ING004,Onion,5,7,3.84,7.31,1.23,0.138
R007,2025-02-12,ING005,Tomato,4,5,2.79,5.75,0.75,0.02
R007,2025-02-12,ING006,Oil,20,30,3.81,7.6,0.91,0.206
R007,2025-02-12,ING007,Flour,10,15,0.78,1.73,0.33,0.045
R007,2025-02-12,ING008,Bread,8,4,3.17,5.28,0.53,0.026
R007,2025-02-12,ING009,Lettuce,2,3,4.58,4.65,0.0,0.101
R007,2025-02-12,ING010,Cheese,4,5,0.0,0.19,0.39,0.069
R007,2025-02-13,ING001,Rice,12,3,2.42,4.59,0.57,0.139
R007,2025-02-13,ING002,Chicken,2,2,2.0,2.61,0.24,0.025
R007,2025-02-13,ING003,Paneer,3,4,1.98,2.88,0.47,0.002
R007,2025-02-13,ING004,Onion,5,7,2.79,5.07,0.51,0.105
R007,2025-02-13,ING005,Tomato,4,5,1.42,1.75,0.08,0.027
R007,2025-02-13,ING006,Oil,20,30,1.48,1.82,0.27,0.075
R007,2025-02-13,ING007,Flour,10,15,3.26,3.36,0.61,0.205
R007,2025-02-13,ING008,Bread,8,4,1.32,3.45,0.28,0.191
R007,2025-02-13,ING009,Lettuce,2,3,0.45,1.61,0.13,0.133
R007,2025-02-13,ING010,Cheese,4,5,1.99,3.71,0.79,0.09
R007,2025-02-14,ING001,Rice,12,3,0.0,1.71,0.16,0.189
R007,2025-02-14,ING002,Chicken,2,2,0.0,2.06,0.0,0.181
R007,2025-02-14,ING003,Paneer,3,4,0.47,4.46,0.55,0.266
R007,2025-02-14,ING004,Onion,5,7,0.93,1.17,0.3,0.24
R007,2025-02-14,ING005,Tomato,4,5,1.15,3.25,0.11,0.24
R007,2025-02-14,ING006,Oil,20,30,2.12,2.13,0.0,0.194
R007,2025-02-14,ING007,Flour,10,15,1.39,3.18,0.71,0.183
R007,2025-02-14,ING008,Bread,8,4,0.49,4.09,0.6,0.304
R007,2025-02-14,ING009,Lettuce,2,3,2.38,3.34,0.27,0.286
R007,2025-02-14,ING010,Cheese,4,5,2.64,4.5,0.79,0.185
R007,2025-02-15,ING001,Rice,12,3,1.88,3.15,0.19,0.216
R007,2025-02-15,ING002,Chicken,2,2,1.82,4.67,1.1,0.223
R007,2025-02-15,ING003,Paneer,3,4,3.33,3.51,0.7,0.205
R007,2025-02-15,ING004,Onion,5,7,2.0,4.16,0.74,0.228
R007,2025-02-15,ING005,Tomato,4,5,0.04,3.96,1.08,0.035
R007,2025-02-15,ING006,Oil,20,30,3.12,6.12,0.73,0.048
R007,2025-02-15,ING007,Flour,10,15,0.62,3.18,0.28,0.019
R007,2025-02-15,ING008,Bread,8,4,2.06,4.56,0.76,0.189
R007,2025-02-15,ING009,Lettuce,2,3,0.0,2.07,0.0,0.067
R007,2025-02-15,ING010,Cheese,4,5,1.83,3.37,0.5,0.201
R007,2025-02-16,ING001,Rice,12,3,1.48,4.53,0.47,0.017
R007,2025-02-16,ING002,Chicken,2,2,0.0,0.54,0.66,0.196
R007,2025-02-16,ING003,Paneer,3,4,3.93,7.02,1.12,0.11
R007,2025-02-16,ING004,Onion,5,7,1.16,2.85,0.15,0.212
R007,2025-02-16,ING005,Tomato,4,5,2.49,5.67,1.14,0.088
R007,2025-02-16,ING006,Oil,20,30,3.09,4.07,1.32,0.06
R007,2025-02-16,ING007,Flour,10,15,0.0,2.44,0.28,0.053
R007,2025-02-16,ING008,Bread,8,4,0.0,1.78,0.05,0.101
R007,2025-02-16,ING009,Lettuce,2,3,2.46,3.4,0.5,0.2
R007,2025-02-16,ING010,Cheese,4,5,1.3,2.24,0.79,0.135
R007,2025-02-17,ING001,Rice,12,3,3.9,6.27,1.08,0.204
R007,2025-02-17,ING002,Chicken,2,2,1.2,3.62,0.69,0.219
R007,2025-02-17,ING003,Paneer,3,4,3.82,4.91,0.71,0.099
R007,2025-02-17,ING004,Onion,5,7,2.8,3.26,1.05,0.142
R007,2025-02-17,ING005,Tomato,4,5,2.32,4.34,0.63,0.016
R007,2025-02-17,ING006,Oil,20,30,3.76,6.93,1.78,0.013
R007,2025-02-17,ING007,Flour,10,15,0.97,4.75,0.87,0.215
R007,2025-02-17,ING008,Bread,8,4,3.44,5.49,1.11,0.026
R007,2025-02-17,ING009,Lettuce,2,3,3.04,5.68,0.45,0.189
R007,2025-02-17,ING010,Cheese,4,5,1.33,3.57,0.81,0.176
R007,2025-02-18,ING001,Rice,12,3,0.91,3.67,0.75,0.248
R007,2025-02-18,ING002,Chicken,2,2,0.0,3.84,0.73,0.274
R007,2025-02-18,ING003,Paneer,3,4,3.06,5.31,1.34,0.325
R007,2025-02-18,ING004,Onion,5,7,2.44,6.26,0.83,0.377
R007,2025-02-18,ING005,Tomato,4,5,2.5,3.73,0.43,0.298
R007,2025-02-18,ING006,Oil,20,30,0.73,0.79,0.0,0.288
R007,2025-02-18,ING007,Flour,10,15,0.62,3.84,0.31,0.155
R007,2025-02-18,ING008,Bread,8,4,1.07,3.15,0.0,0.175
R007,2025-02-18,ING009,Lettuce,2,3,3.0,6.98,1.1,0.164
R007,2025-02-18,ING010,Cheese,4,5,1.93,2.17,0.0,0.315
R007,2025-02-19,ING001,Rice,12,3,0.0,2.26,0.26,0.322
R007,2025-02-19,ING002,Chicken,2,2,0.42,2.5,0.29,0.314
R007,2025-02-19,ING003,Paneer,3,4,5.0,6.66,0.82,0.317
R007,2025-02-19,ING004,Onion,5,7,0.72,1.3,0.0,0.231
R007,2025-02-19,ING005,Tomato,4,5,2.99,6.54,0.54,0.352
R007,2025-02-19,ING006,Oil,20,30,1.62,2.08,0.0,0.374
R007,2025-02-19,ING007,Flour,10,15,2.7,5.83,1.09,0.237
R007,2025-02-19,ING008,Bread,8,4,1.35,3.26,0.0,0.221
R007,2025-02-19,ING009,Lettuce,2,3,2.2,5.36,0.5,0.197
R007,2025-02-19,ING010,Cheese,4,5,2.68,4.21,0.62,0.282
R007,2025-02-20,ING001,Rice,12,3,0.59,1.85,0.17,0.082
R007,2025-02-20,ING002,Chicken,2,2,1.64,2.64,0.0,0.064
R007,2025-02-20,ING003,Paneer,3,4,3.11,6.77,0.41,0.207
R007,2025-02-20,ING004,Onion,5,7,3.71,5.95,1.17,0.1
R007,2025-02-20,ING005,Tomato,4,5,2.67,6.48,1.21,0.216
R007,2025-02-20,ING006,Oil,20,30,1.44,4.3,1.08,0.104
R007,2025-02-20,ING007,Flour,10,15,3.48,6.49,1.17,0.176
R007,2025-02-20,ING008,Bread,8,4,0.0,0.25,0.07,0.104
R007,2025-02-20,ING009,Lettuce,2,3,3.02,5.16,0.78,0.003
R007,2025-02-20,ING010,Cheese,4,5,2.26,6.22,1.13,0.211
R007,2025-02-21,ING001,Rice,12,3,3.3,3.99,0.34,0.11
R007,2025-02-21,ING002,Chicken,2,2,3.54,5.57,0.94,0.058
R007,2025-02-21,ING003,Paneer,3,4,0.0,0.73,0.0,0.061
R007,2025-02-21,ING004,Onion,5,7,0.74,3.57,1.14,0.021
R007,2025-02-21,ING005,Tomato,4,5,2.78,5.71,1.3,0.022
R007,2025-02-21,ING006,Oil,20,30,0.0,0.4,0.0,0.037
R007,2025-02-21,ING007,Flour,10,15,3.82,5.18,1.32,0.093
R007,2025-02-21,ING008,Bread,8,4,2.98,4.53,1.06,0.05
R007,2025-02-21,ING009,Lettuce,2,3,1.58,2.28,0.11,0.16
R007,2025-02-21,ING010,Cheese,4,5,0.0,3.91,0.94,0.078
R007,2025-02-22,ING001,Rice,12,3,4.27,6.71,1.03,0.093
R007,2025-02-22,ING002,Chicken,2,2,0.0,1.46,0.09,0.129
R007,2025-02-22,ING003,Paneer,3,4,2.82,3.06,0.21,0.155
R007,2025-02-22,ING004,Onion,5,7,4.41,6.18,0.89,0.234
R007,2025-02-22,ING005,Tomato,4,5,4.18,5.96,0.71,0.022
R007,2025-02-22,ING006,Oil,20,30,0.37,2.94,0.29,0.025
R007,2025-02-22,ING007,Flour,10,15,3.07,3.18,0.61,0.151
R007,2025-02-22,ING008,Bread,8,4,3.51,5.76,1.21,0.097
R007,2025-02-22,ING009,Lettuce,2,3,1.64,5.47,1.21,0.001
R007,2025-02-22,ING010,Cheese,4,5,0.0,3.65,0.95,0.048
R007,2025-02-23,ING001,Rice,12,3,2.75,3.43,0.67,0.385
R007,2025-02-23,ING002,Chicken,2,2,2.47,2.64,0.0,0.341
R007,2025-02-23,ING003,Paneer,3,4,1.17,1.89,0.39,0.366
R007,2025-02-23,ING004,Onion,5,7,2.59,3.83,0.12,0.195
R007,2025-02-23,ING005,Tomato,4,5,0.99,1.43,0.03,0.272
R007,2025-02-23,ING006,Oil,20,30,4.27,6.45,1.51,0.284
R007,2025-02-23,ING007,Flour,10,15,3.66,4.42,1.06,0.333
R007,2025-02-23,ING008,Bread,8,4,4.0,4.83,0.37,0.339
R007,2025-02-23,ING009,Lettuce,2,3,2.83,5.17,0.42,0.304
R007,2025-02-23,ING010,Cheese,4,5,1.7,4.84,0.61,0.187
R007,2025-02-24,ING001,Rice,12,3,0.0,3.7,0.12,0.06
R007,2025-02-24,ING002,Chicken,2,2,3.4,6.48,0.82,0.248
R007,2025-02-24,ING003,Paneer,3,4,0.0,1.73,0.07,0.028
R007,2025-02-24,ING004,Onion,5,7,2.87,3.99,0.72,0.116
R007,2025-02-24,ING005,Tomato,4,5,1.47,4.55,0.67,0.143
R007,2025-02-24,ING006,Oil,20,30,0.16,3.52,0.2,0.152
R007,2025-02-24,ING007,Flour,10,15,0.0,0.46,0.14,0.092
R007,2025-02-24,ING008,Bread,8,4,1.64,1.88,0.38,0.214
R007,2025-02-24,ING009,Lettuce,2,3,0.83,2.06,0.62,0.036
R007,2025-02-24,ING010,Cheese,4,5,1.71,5.68,0.89,0.214
R007,2025-02-25,ING001,Rice,12,3,1.55,4.78,0.4,0.052
R007,2025-02-25,ING002,Chicken,2,2,1.27,4.84,0.45,0.162
R007,2025-02-25,ING003,Paneer,3,4,2.46,4.77,0.87,0.216
R007,2025-02-25,ING004,Onion,5,7,2.7,3.41,0.41,0.05
R007,2025-02-25,ING005,Tomato,4,5,0.0,1.27,0.1,0.116
R007,2025-02-25,ING006,Oil,20,30,1.66,4.66,1.2,0.166
R007,2025-02-25,ING007,Flour,10,15,4.08,4.52,0.47,0.233
R007,2025-02-25,ING008,Bread,8,4,1.41,3.83,0.19,0.107
R007,2025-02-25,ING009,Lettuce,2,3,0.0,3.37,0.81,0.201
R007,2025-02-25,ING010,Cheese,4,5,0.0,0.36,0.34,0.174
R007,2025-02-26,ING001,Rice,12,3,2.5,5.78,0.93,0.326
R007,2025-02-26,ING002,Chicken,2,2,0.43,3.18,0.42,0.326
R007,2025-02-26,ING003,Paneer,3,4,2.96,4.58,0.9,0.18
R007,2025-02-26,ING004,Onion,5,7,2.44,3.19,0.0,0.306
R007,2025-02-26,ING005,Tomato,4,5,2.21,5.51,0.76,0.153
R007,2025-02-26,ING006,Oil,20,30,4.61,6.83,1.24,0.307
R007,2025-02-26,ING007,Flour,10,15,0.0,1.64,0.0,0.203
R007,2025-02-26,ING008,Bread,8,4,2.39,5.96,1.05,0.345
R007,2025-02-26,ING009,Lettuce,2,3,0.29,0.93,0.28,0.201
R007,2025-02-26,ING010,Cheese,4,5,2.54,2.91,0.61,0.296
R007,2025-02-27,ING001,Rice,12,3,1.54,3.86,0.56,0.286
R007,2025-02-27,ING002,Chicken,2,2,2.46,2.48,0.39,0.278
R007,2025-02-27,ING003,Paneer,3,4,1.48,4.27,0.65,0.342
R007,2025-02-27,ING004,Onion,5,7,2.42,2.87,0.71,0.367
R007,2025-02-27,ING005,Tomato,4,5,0.34,1.25,0.06,0.239
R007,2025-02-27,ING006,Oil,20,30,1.1,2.7,0.7,0.164
R007,2025-02-27,ING007,Flour,10,15,0.0,1.45,0.54,0.222
R007,2025-02-27,ING008,Bread,8,4,0.78,2.39,0.7,0.319
R007,2025-02-27,ING009,Lettuce,2,3,1.16,2.03,0.46,0.221
R007,2025-02-27,ING010,Cheese,4,5,1.06,4.93,0.81,0.194
R007,2025-02-28,ING001,Rice,12,3,0.77,3.87,0.64,0.201
R007,2025-02-28,ING002,Chicken,2,2,2.19,6.07,0.81,0.314
R007,2025-02-28,ING003,Paneer,3,4,2.85,4.94,1.07,0.234
R007,2025-02-28,ING004,Onion,5,7,4.1,6.33,1.17,0.19
R007,2025-02-28,ING005,Tomato,4,5,1.94,4.58,0.84,0.293
R007,2025-02-28,ING006,Oil,20,30,0.5,1.5,0.3,0.288
R007,2025-02-28,ING007,Flour,10,15,1.76,4.63,0.75,0.185
R007,2025-02-28,ING008,Bread,8,4,2.17,5.78,0.86,0.388
R007,2025-02-28,ING009,Lettuce,2,3,0.0,0.48,0.78,0.287
R007,2025-02-28,ING010,Cheese,4,5,3.0,6.13,1.24,0.371
R007,2025-03-01,ING001,Rice,12,3,2.09,3.29,0.65,0.394
R007,2025-03-01,ING002,Chicken,2,2,0.4,3.35,0.59,0.166
R007,2025-03-01,ING003,Paneer,3,4,4.9,8.14,0.96,0.25
R007,2025-03-01,ING004,Onion,5,7,1.18,3.26,0.54,0.182
R007,2025-03-01,ING005,Tomato,4,5,0.0,1.42,0.18,0.328
R007,2025-03-01,ING006,Oil,20,30,0.95,2.37,0.55,0.358
R007,2025-03-01,ING007,Flour,10,15,3.37,5.66,1.26,0.305
R007,2025-03-01,ING008,Bread,8,4,1.53,2.24,0.24,0.234
R007,2025-03-01,ING009,Lettuce,2,3,1.48,4.51,0.37,0.292
R007,2025-03-01,ING010,Cheese,4,5,2.45,4.74,0.4,0.337
R007,2025-03-02,ING001,Rice,12,3,2.84,3.28,0.38,0.349
R007,2025-03-02,ING002,Chicken,2,2,0.3,2.04,0.0,0.334
R007,2025-03-02,ING003,Paneer,3,4,1.27,4.53,0.62,0.362
R007,2025-03-02,ING004,Onion,5,7,1.91,2.14,0.17,0.391
R007,2025-03-02,ING005,Tomato,4,5,2.21,5.77,1.16,0.325
R007,2025-03-02,ING006,Oil,20,30,1.55,3.5,0.71,0.306
R007,2025-03-02,ING007,Flour,10,15,2.14,2.87,1.02,0.209
R007,2025-03-02,ING008,Bread,8,4,2.98,6.46,0.61,0.186
R007,2025-03-02,ING009,Lettuce,2,3,1.74,4.33,0.69,0.198
R007,2025-03-02,ING010,Cheese,4,5,3.28,6.16,0.98,0.328
R007,2025-03-03,ING001,Rice,12,3,3.28,6.59,1.48,0.152
R007,2025-03-03,ING002,Chicken,2,2,0.85,3.34,0.37,0.392
R007,2025-03-03,ING003,Paneer,3,4,1.92,4.73,0.67,0.249
R007,2025-03-03,ING004,Onion,5,7,2.4,6.36,1.81,0.307
R007,2025-03-03,ING005,Tomato,4,5,3.85,4.78,0.39,0.265
R007,2025-03-03,ING006,Oil,20,30,4.79,7.92,1.07,0.384
R007,2025-03-03,ING007,Flour,10,15,0.0,2.07,0.29,0.169
R007,2025-03-03,ING008,Bread,8,4,1.71,4.34,0.81,0.224
R007,2025-03-03,ING009,Lettuce,2,3,0.63,2.62,1.06,0.242
R007,2025-03-03,ING010,Cheese,4,5,1.37,3.62,0.53,0.327
R007,2025-03-04,ING001,Rice,12,3,3.28,5.4,0.76,0.231
R007,2025-03-04,ING002,Chicken,2,2,0.81,3.85,0.32,0.234
R007,2025-03-04,ING003,Paneer,3,4,4.68,6.05,0.8,0.054
R007,2025-03-04,ING004,Onion,5,7,2.2,2.87,0.54,0.084
R007,2025-03-04,ING005,Tomato,4,5,1.97,5.43,0.91,0.162
R007,2025-03-04,ING006,Oil,20,30,2.14,4.73,0.74,0.211
R007,2025-03-04,ING007,Flour,10,15,2.99,6.13,0.38,0.241
R007,2025-03-04,ING008,Bread,8,4,1.56,5.27,0.9,0.074
R007,2025-03-04,ING009,Lettuce,2,3,1.96,2.54,0.91,0.094
R007,2025-03-04,ING010,Cheese,4,5,0.0,0.17,0.38,0.154
R007,2025-03-05,ING001,Rice,12,3,1.26,2.0,0.32,0.103
R007,2025-03-05,ING002,Chicken,2,2,0.0,0.74,0.29,0.113
R007,2025-03-05,ING003,Paneer,3,4,0.76,4.57,0.5,0.062
R007,2025-03-05,ING004,Onion,5,7,3.81,6.24,1.39,0.157
R007,2025-03-05,ING005,Tomato,4,5,2.62,2.75,0.45,0.046
R007,2025-03-05,ING006,Oil,20,30,0.36,2.35,0.48,0.142
R007,2025-03-05,ING007,Flour,10,15,0.25,1.96,0.74,0.16
R007,2025-03-05,ING008,Bread,8,4,0.2,2.14,0.27,0.065
R007,2025-03-05,ING009,Lettuce,2,3,0.0,3.53,0.04,0.232
R007,2025-03-05,ING010,Cheese,4,5,3.56,7.05,1.02,0.237
R007,2025-03-06,ING001,Rice,12,3,2.08,5.05,0.9,0.157
R007,2025-03-06,ING002,Chicken,2,2,2.95,5.26,0.59,0.003
R007,2025-03-06,ING003,Paneer,3,4,2.34,6.03,0.61,0.079
R007,2025-03-06,ING004,Onion,5,7,1.37,2.86,0.0,0.13
R007,2025-03-06,ING005,Tomato,4,5,2.76,3.0,0.22,0.006
R007,2025-03-06,ING006,Oil,20,30,3.06,3.68,0.36,0.031
R007,2025-03-06,ING007,Flour,10,15,0.55,3.72,0.72,0.226
R007,2025-03-06,ING008,Bread,8,4,1.18,2.61,0.37,0.08
R007,2025-03-06,ING009,Lettuce,2,3,0.99,3.27,0.18,0.05
R007,2025-03-06,ING010,Cheese,4,5,1.76,2.95,0.37,0.129
R007,2025-03-07,ING001,Rice,12,3,3.37,6.65,1.38,0.342
R007,2025-03-07,ING002,Chicken,2,2,3.41,4.7,0.27,0.19
R007,2025-03-07,ING003,Paneer,3,4,1.65,3.12,0.19,0.269
R007,2025-03-07,ING004,Onion,5,7,0.0,1.46,0.39,0.383
R007,2025-03-07,ING005,Tomato,4,5,3.92,6.29,1.06,0.221
R007,2025-03-07,ING006,Oil,20,30,0.0,2.39,0.0,0.323
R007,2025-03-07,ING007,Flour,10,15,3.53,5.9,1.25,0.341
R007,2025-03-07,ING008,Bread,8,4,0.85,3.02,0.42,0.243
R007,2025-03-07,ING009,Lettuce,2,3,1.18,2.98,0.0,0.325
R007,2025-03-07,ING010,Cheese,4,5,1.58,2.08,0.25,0.37
R007,2025-03-08,ING001,Rice,12,3,4.54,7.75,1.01,0.046
R007,2025-03-08,ING002,Chicken,2,2,1.41,3.76,0.52,0.098
R007,2025-03-08,ING003,Paneer,3,4,0.0,1.19,0.35,0.171
R007,2025-03-08,ING004,Onion,5,7,2.58,6.32,1.03,0.164
R007,2025-03-08,ING005,Tomato,4,5,4.75,5.03,0.68,0.171
R007,2025-03-08,ING006,Oil,20,30,2.41,2.75,0.63,0.234
R007,2025-03-08,ING007,Flour,10,15,0.96,3.1,0.0,0.123
R007,2025-03-08,ING008,Bread,8,4,0.73,3.69,0.24,0.082
R007,2025-03-08,ING009,Lettuce,2,3,4.42,8.36,1.22,0.124
R007,2025-03-08,ING010,Cheese,4,5,2.79,5.69,0.93,0.237
R007,2025-03-09,ING001,Rice,12,3,1.56,3.13,0.61,0.122
R007,2025-03-09,ING002,Chicken,2,2,2.0,2.97,0.47,0.058
R007,2025-03-09,ING003,Paneer,3,4,3.67,4.18,1.06,0.17
R007,2025-03-09,ING004,Onion,5,7,3.4,7.32,0.81,0.094
R007,2025-03-09,ING005,Tomato,4,5,0.0,0.26,0.0,0.218
R007,2025-03-09,ING006,Oil,20,30,1.84,3.85,0.42,0.236
R007,2025-03-09,ING007,Flour,10,15,0.75,3.82,0.5,0.126
R007,2025-03-09,ING008,Bread,8,4,0.66,4.33,0.88,0.183
R007,2025-03-09,ING009,Lettuce,2,3,1.31,2.29,0.59,0.21
R007,2025-03-09,ING010,Cheese,4,5,3.35,4.42,0.71,0.087
R007,2025-03-10,ING001,Rice,12,3,0.0,0.37,0.0,0.348
R007,2025-03-10,ING002,Chicken,2,2,0.02,3.63,0.16,0.285
R007,2025-03-10,ING003,Paneer,3,4,1.05,4.82,0.0,0.218
R007,2025-03-10,ING004,Onion,5,7,2.57,4.52,0.77,0.169
R007,2025-03-10,ING005,Tomato,4,5,1.89,3.99,0.82,0.256
R007,2025-03-10,ING006,Oil,20,30,1.96,2.15,0.03,0.262
R007,2025-03-10,ING007,Flour,10,15,0.46,3.26,1.1,0.324
R007,2025-03-10,ING008,Bread,8,4,0.29,3.91,0.68,0.37
R007,2025-03-10,ING009,Lettuce,2,3,2.38,4.73,0.48,0.383
R007,2025-03-10,ING010,Cheese,4,5,0.0,3.41,0.23,0.171
R007,2025-03-11,ING001,Rice,12,3,2.82,6.62,0.88,0.193
R007,2025-03-11,ING002,Chicken,2,2,2.97,5.7,1.02,0.39
R007,2025-03-11,ING003,Paneer,3,4,1.36,1.48,0.57,0.371
R007,2025-03-11,ING004,Onion,5,7,3.01,3.99,0.44,0.161
R007,2025-03-11,ING005,Tomato,4,5,0.0,0.97,0.26,0.184
R007,2025-03-11,ING006,Oil,20,30,0.0,3.92,1.18,0.193
R007,2025-03-11,ING007,Flour,10,15,1.27,2.35,0.58,0.254
R007,2025-03-11,ING008,Bread,8,4,2.86,2.94,0.77,0.239
R007,2025-03-11,ING009,Lettuce,2,3,3.77,7.19,0.96,0.36
R007,2025-03-11,ING010,Cheese,4,5,3.5,3.5,0.42,0.365
R007,2025-03-12,ING001,Rice,12,3,3.33,3.89,0.35,0.075
R007,2025-03-12,ING002,Chicken,2,2,4.65,6.52,1.32,0.057
R007,2025-03-12,ING003,Paneer,3,4,2.79,6.09,0.95,0.174
R007,2025-03-12,ING004,Onion,5,7,2.23,5.31,0.96,0.075
R007,2025-03-12,ING005,Tomato,4,5,3.82,5.54,0.43,0.213
R007,2025-03-12,ING006,Oil,20,30,2.89,5.46,0.26,0.079
R007,2025-03-12,ING007,Flour,10,15,3.14,5.72,0.97,0.145
R007,2025-03-12,ING008,Bread,8,4,0.5,2.32,0.07,0.027
R007,2025-03-12,ING009,Lettuce,2,3,2.0,4.27,0.41,0.128
R007,2025-03-12,ING010,Cheese,4,5,0.18,0.89,0.0,0.203
R007,2025-03-13,ING001,Rice,12,3,2.22,4.5,1.04,0.083
R007,2025-03-13,ING002,Chicken,2,2,2.84,4.11,0.74,0.076
R007,2025-03-13,ING003,Paneer,3,4,3.28,4.03,0.56,0.171
R007,2025-03-13,ING004,Onion,5,7,1.68,3.71,0.82,0.24
R007,2025-03-13,ING005,Tomato,4,5,2.94,5.86,0.77,0.087
R007,2025-03-13,ING006,Oil,20,30,0.83,4.3,0.7,0.004
R007,2025-03-13,ING007,Flour,10,15,2.18,3.79,0.25,0.086
R007,2025-03-13,ING008,Bread,8,4,2.39,4.33,1.14,0.098
R007,2025-03-13,ING009,Lettuce,2,3,0.0,2.39,0.0,0.195
R007,2025-03-13,ING010,Cheese,4,5,0.4,2.37,0.26,0.061
R007,2025-03-14,ING001,Rice,12,3,2.8,6.74,1.12,0.23
R007,2025-03-14,ING002,Chicken,2,2,3.37,5.29,0.71,0.128
R007,2025-03-14,ING003,Paneer,3,4,3.0,3.89,0.93,0.213
R007,2025-03-14,ING004,Onion,5,7,2.48,4.53,0.72,0.09
R007,2025-03-14,ING005,Tomato,4,5,0.94,2.73,0.65,0.232
R007,2025-03-14,ING006,Oil,20,30,2.14,4.69,0.63,0.151
R007,2025-03-14,ING007,Flour,10,15,2.41,4.22,0.42,0.123
R007,2025-03-14,ING008,Bread,8,4,3.59,5.63,1.04,0.149
R007,2025-03-14,ING009,Lettuce,2,3,2.53,5.46,0.72,0.099
R007,2025-03-14,ING010,Cheese,4,5,2.64,5.8,0.96,0.12
R007,2025-03-15,ING001,Rice,12,3,3.25,5.37,0.97,0.153
R007,2025-03-15,ING002,Chicken,2,2,3.05,5.7,0.74,0.215
R007,2025-03-15,ING003,Paneer,3,4,1.05,3.96,0.08,0.38
R007,2025-03-15,ING004,Onion,5,7,2.33,3.98,0.48,0.291
R007,2025-03-15,ING005,Tomato,4,5,3.08,5.94,1.29,0.34
R007,2025-03-15,ING006,Oil,20,30,2.53,4.02,0.16,0.26
R007,2025-03-15,ING007,Flour,10,15,3.06,4.99,0.18,0.152
R007,2025-03-15,ING008,Bread,8,4,0.2,3.68,0.28,0.18
R007,2025-03-15,ING009,Lettuce,2,3,1.59,5.4,0.73,0.355
R007,2025-03-15,ING010,Cheese,4,5,3.82,7.1,0.92,0.38
R007,2025-03-16,ING001,Rice,12,3,2.42,2.83,0.49,0.254
R007,2025-03-16,ING002,Chicken,2,2,1.22,5.08,0.62,0.304
R007,2025-03-16,ING003,Paneer,3,4,0.86,2.26,0.0,0.347
R007,2025-03-16,ING004,Onion,5,7,0.56,3.76,0.9,0.228
R007,2025-03-16,ING005,Tomato,4,5,3.68,7.34,1.2,0.183
R007,2025-03-16,ING006,Oil,20,30,1.43,4.16,0.29,0.284
R007,2025-03-16,ING007,Flour,10,15,2.28,3.36,0.81,0.213
R007,2025-03-16,ING008,Bread,8,4,3.77,5.2,1.32,0.247
R007,2025-03-16,ING009,Lettuce,2,3,0.7,3.23,0.96,0.225
R007,2025-03-16,ING010,Cheese,4,5,1.91,3.65,0.67,0.398
R007,2025-03-17,ING001,Rice,12,3,2.62,4.31,0.58,0.015
R007,2025-03-17,ING002,Chicken,2,2,2.24,4.83,0.51,0.027
R007,2025-03-17,ING003,Paneer,3,4,3.06,4.97,0.89,0.189
R007,2025-03-17,ING004,Onion,5,7,0.7,1.06,0.16,0.241
R007,2025-03-17,ING005,Tomato,4,5,0.65,4.47,0.62,0.157
R007,2025-03-17,ING006,Oil,20,30,0.32,2.12,0.68,0.04
R007,2025-03-17,ING007,Flour,10,15,3.66,4.91,1.01,0.007
R007,2025-03-17,ING008,Bread,8,4,0.8,3.29,0.39,0.139
R007,2025-03-17,ING009,Lettuce,2,3,0.0,0.5,0.0,0.238
R007,2025-03-17,ING010,Cheese,4,5,4.13,5.12,1.26,0.039
R007,2025-03-18,ING001,Rice,12,3,0.78,4.5,0.81,0.282
R007,2025-03-18,ING002,Chicken,2,2,2.86,6.63,0.97,0.3
R007,2025-03-18,ING003,Paneer,3,4,2.41,4.05,0.83,0.156
R007,2025-03-18,ING004,Onion,5,7,2.64,3.57,0.57,0.308
R007,2025-03-18,ING005,Tomato,4,5,3.13,5.2,1.32,0.304
R007,2025-03-18,ING006,Oil,20,30,0.56,1.3,0.18,0.166
R007,2025-03-18,ING007,Flour,10,15,0.56,1.68,0.0,0.196
R007,2025-03-18,ING008,Bread,8,4,2.78,3.7,0.82,0.166
R007,2025-03-18,ING009,Lettuce,2,3,1.51,4.58,0.71,0.392
R007,2025-03-18,ING010,Cheese,4,5,2.99,3.51,1.1,0.389
R007,2025-03-19,ING001,Rice,12,3,0.0,1.28,0.31,0.248
R007,2025-03-19,ING002,Chicken,2,2,1.98,4.51,0.78,0.017
R007,2025-03-19,ING003,Paneer,3,4,1.15,1.66,0.48,0.215
R007,2025-03-19,ING004,Onion,5,7,0.79,0.9,0.16,0.231
R007,2025-03-19,ING005,Tomato,4,5,3.68,5.09,0.87,0.025
R007,2025-03-19,ING006,Oil,20,30,0.02,0.61,0.37,0.192
R007,2025-03-19,ING007,Flour,10,15,2.55,6.42,1.16,0.067
R007,2025-03-19,ING008,Bread,8,4,0.14,3.89,0.75,0.048
R007,2025-03-19,ING009,Lettuce,2,3,0.28,2.79,0.59,0.023
R007,2025-03-19,ING010,Cheese,4,5,2.36,3.71,0.36,0.149
R007,2025-03-20,ING001,Rice,12,3,0.0,2.2,0.72,0.195
R007,2025-03-20,ING002,Chicken,2,2,2.7,2.86,0.53,0.02
R007,2025-03-20,ING003,Paneer,3,4,0.73,0.96,0.18,0.142
R007,2025-03-20,ING004,Onion,5,7,2.71,3.56,0.43,0.056
R007,2025-03-20,ING005,Tomato,4,5,3.31,6.76,1.1,0.052
R007,2025-03-20,ING006,Oil,20,30,2.3,5.43,0.9,0.025
R007,2025-03-20,ING007,Flour,10,15,2.7,4.73,0.98,0.214
R007,2025-03-20,ING008,Bread,8,4,0.84,0.93,0.53,0.194
R007,2025-03-20,ING009,Lettuce,2,3,2.21,5.6,0.85,0.082
R007,2025-03-20,ING010,Cheese,4,5,0.57,1.86,0.02,0.14
R007,2025-03-21,ING001,Rice,12,3,1.32,4.31,0.56,0.073
R007,2025-03-21,ING002,Chicken,2,2,4.4,7.91,1.19,0.108
R007,2025-03-21,ING003,Paneer,3,4,2.24,3.52,0.7,0.007
R007,2025-03-21,ING004,Onion,5,7,4.36,7.0,1.21,0.03
R007,2025-03-21,ING005,Tomato,4,5,2.75,3.2,0.51,0.222
R007,2025-03-21,ING006,Oil,20,30,1.97,3.36,0.02,0.246
R007,2025-03-21,ING007,Flour,10,15,2.84,5.04,0.92,0.131
R007,2025-03-21,ING008,Bread,8,4,0.76,2.19,0.39,0.058
R007,2025-03-21,ING009,Lettuce,2,3,4.55,6.81,1.14,0.21
R007,2025-03-21,ING010,Cheese,4,5,2.29,3.64,0.79,0.226
R007,2025-03-22,ING001,Rice,12,3,2.55,5.52,0.8,0.158
R007,2025-03-22,ING002,Chicken,2,2,5.18,8.36,1.37,0.163
R007,2025-03-22,ING003,Paneer,3,4,3.25,5.1,0.81,0.078
R007,2025-03-22,ING004,Onion,5,7,2.7,4.68,1.12,0.058
R007,2025-03-22,ING005,Tomato,4,5,2.81,4.61,0.39,0.195
R007,2025-03-22,ING006,Oil,20,30,3.12,5.65,0.69,0.156
R007,2025-03-22,ING007,Flour,10,15,0.65,1.8,0.21,0.2
R007,2025-03-22,ING008,Bread,8,4,4.18,7.11,0.59,0.209
R007,2025-03-22,ING009,Lettuce,2,3,2.87,4.07,0.42,0.171
R007,2025-03-22,ING010,Cheese,4,5,1.61,4.02,0.27,0.077
R007,2025-03-23,ING001,Rice,12,3,1.11,3.39,0.56,0.159
R007,2025-03-23,ING002,Chicken,2,2,1.81,5.64,1.09,0.299
R007,2025-03-23,ING003,Paneer,3,4,2.8,4.3,0.76,0.167
R007,2025-03-23,ING004,Onion,5,7,1.0,3.29,0.72,0.294
R007,2025-03-23,ING005,Tomato,4,5,3.62,5.2,0.92,0.288
R007,2025-03-23,ING006,Oil,20,30,2.98,3.83,0.24,0.351
R007,2025-03-23,ING007,Flour,10,15,2.47,3.79,0.65,0.155
R007,2025-03-23,ING008,Bread,8,4,2.27,4.39,0.73,0.369
R007,2025-03-23,ING009,Lettuce,2,3,3.27,3.41,0.0,0.357
R007,2025-03-23,ING010,Cheese,4,5,1.55,3.68,0.55,0.332
R007,2025-03-24,ING001,Rice,12,3,2.1,2.69,0.35,0.147
R007,2025-03-24,ING002,Chicken,2,2,4.68,6.21,0.86,0.215
R007,2025-03-24,ING003,Paneer,3,4,1.23,1.78,0.26,0.08
R007,2025-03-24,ING004,Onion,5,7,1.91,3.02,0.67,0.086
R007,2025-03-24,ING005,Tomato,4,5,2.03,5.73,0.7,0.211
R007,2025-03-24,ING006,Oil,20,30,6.4,9.97,1.55,0.007
R007,2025-03-24,ING007,Flour,10,15,0.17,4.16,0.57,0.103
R007,2025-03-24,ING008,Bread,8,4,0.75,3.83,0.69,0.011
R007,2025-03-24,ING009,Lettuce,2,3,0.95,1.41,0.0,0.13
R007,2025-03-24,ING010,Cheese,4,5,1.83,2.73,0.56,0.106
R007,2025-03-25,ING001,Rice,12,3,4.43,6.8,1.03,0.004
R007,2025-03-25,ING002,Chicken,2,2,1.3,4.27,0.43,0.009
R007,2025-03-25,ING003,Paneer,3,4,2.13,4.37,0.83,0.163
R007,2025-03-25,ING004,Onion,5,7,0.96,2.72,0.0,0.073
R007,2025-03-25,ING005,Tomato,4,5,0.6,4.16,0.53,0.069
R007,2025-03-25,ING006,Oil,20,30,2.42,2.95,0.84,0.21
R007,2025-03-25,ING007,Flour,10,15,1.2,1.26,0.27,0.188
R007,2025-03-25,ING008,Bread,8,4,5.19,8.41,1.67,0.229
R007,2025-03-25,ING009,Lettuce,2,3,2.57,6.51,0.98,0.244
R007,2025-03-25,ING010,Cheese,4,5,1.99,4.92,0.33,0.077
R007,2025-03-26,ING001,Rice,12,3,3.49,7.08,0.93,0.17
R007,2025-03-26,ING002,Chicken,2,2,2.24,5.46,1.26,0.208
R007,2025-03-26,ING003,Paneer,3,4,2.52,2.83,0.36,0.334
R007,2025-03-26,ING004,Onion,5,7,3.59,5.19,0.78,0.241
R007,2025-03-26,ING005,Tomato,4,5,1.05,2.64,0.47,0.289
R007,2025-03-26,ING006,Oil,20,30,1.37,4.74,0.97,0.302
R007,2025-03-26,ING007,Flour,10,15,0.8,4.46,0.92,0.307
R007,2025-03-26,ING008,Bread,8,4,2.38,3.16,0.0,0.36
R007,2025-03-26,ING009,Lettuce,2,3,0.0,3.19,0.59,0.24
R007,2025-03-26,ING010,Cheese,4,5,1.53,4.44,0.26,0.173
R007,2025-03-27,ING001,Rice,12,3,2.16,4.21,0.96,0.145
R007,2025-03-27,ING002,Chicken,2,2,3.03,6.7,1.33,0.171
R007,2025-03-27,ING003,Paneer,3,4,3.23,4.69,0.78,0.22
R007,2025-03-27,ING004,Onion,5,7,0.68,1.43,0.47,0.056
R007,2025-03-27,ING005,Tomato,4,5,1.08,3.8,0.84,0.101
R007,2025-03-27,ING006,Oil,20,30,4.92,8.02,1.34,0.155
R007,2025-03-27,ING007,Flour,10,15,1.63,1.81,0.0,0.194
R007,2025-03-27,ING008,Bread,8,4,3.29,6.03,0.92,0.183
R007,2025-03-27,ING009,Lettuce,2,3,0.11,1.67,0.3,0.121
R007,2025-03-27,ING010,Cheese,4,5,5.76,6.23,0.69,0.016
R007,2025-03-28,ING001,Rice,12,3,2.32,5.39,0.77,0.381
R007,2025-03-28,ING002,Chicken,2,2,2.78,6.62,0.94,0.242
R007,2025-03-28,ING003,Paneer,3,4,1.48,5.04,0.55,0.259
R007,2025-03-28,ING004,Onion,5,7,1.42,3.91,0.65,0.278
R007,2025-03-28,ING005,Tomato,4,5,0.1,0.89,0.0,0.193
R007,2025-03-28,ING006,Oil,20,30,0.0,1.55,0.42,0.238
R007,2025-03-28,ING007,Flour,10,15,1.6,3.06,0.27,0.276
R007,2025-03-28,ING008,Bread,8,4,1.54,1.63,0.48,0.316
R007,2025-03-28,ING009,Lettuce,2,3,0.0,1.41,0.45,0.366
R007,2025-03-28,ING010,Cheese,4,5,0.59,1.79,0.55,0.212
R007,2025-03-29,ING001,Rice,12,3,4.24,7.36,1.49,0.232
R007,2025-03-29,ING002,Chicken,2,2,0.53,2.96,0.28,0.136
R007,2025-03-29,ING003,Paneer,3,4,2.68,4.95,1.0,0.134
R007,2025-03-29,ING004,Onion,5,7,0.4,2.17,0.0,0.238
R007,2025-03-29,ING005,Tomato,4,5,3.8,6.25,1.04,0.011
R007,2025-03-29,ING006,Oil,20,30,3.94,6.46,0.61,0.01
R007,2025-03-29,ING007,Flour,10,15,1.74,2.37,0.45,0.076
R007,2025-03-29,ING008,Bread,8,4,2.12,3.44,0.44,0.065
R007,2025-03-29,ING009,Lettuce,2,3,0.0,0.09,0.0,0.021
R007,2025-03-29,ING010,Cheese,4,5,0.57,1.53,0.81,0.158
R007,2025-03-30,ING001,Rice,12,3,2.52,6.24,0.45,0.101
R007,2025-03-30,ING002,Chicken,2,2,3.06,4.65,0.18,0.126
R007,2025-03-30,ING003,Paneer,3,4,2.71,4.9,0.47,0.068
R007,2025-03-30,ING004,Onion,5,7,2.93,4.07,1.24,0.119
R007,2025-03-30,ING005,Tomato,4,5,1.68,5.01,0.69,0.161
R007,2025-03-30,ING006,Oil,20,30,1.41,5.21,0.7,0.073
R007,2025-03-30,ING007,Flour,10,15,3.66,6.39,0.69,0.225
R007,2025-03-30,ING008,Bread,8,4,4.65,6.48,1.44,0.002
R007,2025-03-30,ING009,Lettuce,2,3,4.16,7.5,1.74,0.009
R007,2025-03-30,ING010,Cheese,4,5,2.25,3.74,0.63,0.241
R007,2025-03-31,ING001,Rice,12,3,2.3,5.48,0.58,0.16
R007,2025-03-31,ING002,Chicken,2,2,3.52,3.71,0.76,0.355
R007,2025-03-31,ING003,Paneer,3,4,1.65,3.78,0.31,0.221
R007,2025-03-31,ING004,Onion,5,7,0.19,1.9,0.28,0.211
R007,2025-03-31,ING005,Tomato,4,5,2.23,4.75,1.14,0.238
R007,2025-03-31,ING006,Oil,20,30,3.64,4.75,0.8,0.23
R007,2025-03-31,ING007,Flour,10,15,2.35,3.48,0.78,0.2
R007,2025-03-31,ING008,Bread,8,4,1.02,3.54,0.69,0.166
R007,2025-03-31,ING009,Lettuce,2,3,0.31,2.12,0.24,0.391
R007,2025-03-31,ING010,Cheese,4,5,6.46,9.03,1.86,0.245
R008,2025-01-01,ING001,Rice,12,3,3.38,3.66,0.36,0.099
R008,2025-01-01,ING002,Chicken,2,2,0.0,2.32,0.6,0.24
R008,2025-01-01,ING003,Paneer,3,4,0.0,1.98,0.55,0.21
R008,2025-01-01,ING004,Onion,5,7,0.08,1.54,0.0,0.009
R008,2025-01-01,ING005,Tomato,4,5,0.0,0.83,0.19,0.073
R008,2025-01-01,ING006,Oil,20,30,2.22,5.16,0.79,0.195
R008,2025-01-01,ING007,Flour,10,15,0.76,0.95,0.0,0.223
R008,2025-01-01,ING008,Bread,8,4,0.54,3.8,0.57,0.063
R008,2025-01-01,ING009,Lettuce,2,3,0.83,0.93,0.02,0.168
R008,2025-01-01,ING010,Cheese,4,5,0.54,0.56,0.41,0.104
R008,2025-01-02,ING001,Rice,12,3,0.74,1.87,0.24,0.06
R008,2025-01-02,ING002,Chicken,2,2,2.94,4.73,0.1,0.155
R008,2025-01-02,ING003,Paneer,3,4,2.86,6.48,0.94,0.016
R008,2025-01-02,ING004,Onion,5,7,2.43,6.09,0.89,0.061
R008,2025-01-02,ING005,Tomato,4,5,2.59,6.32,1.6,0.243
R008,2025-01-02,ING006,Oil,20,30,2.53,3.92,0.47,0.154
R008,2025-01-02,ING007,Flour,10,15,2.58,4.36,0.59,0.198
R008,2025-01-02,ING008,Bread,8,4,1.39,4.33,0.47,0.158
R008,2025-01-02,ING009,Lettuce,2,3,0.0,1.75,0.69,0.154
R008,2025-01-02,ING010,Cheese,4,5,3.67,4.9,0.85,0.22
R008,2025-01-03,ING001,Rice,12,3,1.78,4.35,0.65,0.095
R008,2025-01-03,ING002,Chicken,2,2,2.2,5.07,0.35,0.161
R008,2025-01-03,ING003,Paneer,3,4,1.27,4.09,0.0,0.224
R008,2025-01-03,ING004,Onion,5,7,0.99,3.84,0.65,0.215
R008,2025-01-03,ING005,Tomato,4,5,0.07,3.08,1.09,0.135
R008,2025-01-03,ING006,Oil,20,30,3.91,4.1,0.35,0.06
R008,2025-01-03,ING007,Flour,10,15,3.76,5.66,0.8,0.024
R008,2025-01-03,ING008,Bread,8,4,2.64,4.97,0.54,0.199
R008,2025-01-03,ING009,Lettuce,2,3,3.9,5.69,0.76,0.08
R008,2025-01-03,ING010,Cheese,4,5,2.68,4.22,0.69,0.21
R008,2025-01-04,ING001,Rice,12,3,0.67,1.24,0.0,0.009
R008,2025-01-04,ING002,Chicken,2,2,3.86,4.23,0.15,0.064
R008,2025-01-04,ING003,Paneer,3,4,2.56,6.56,1.13,0.212
R008,2025-01-04,ING004,Onion,5,7,1.3,4.45,1.04,0.207
R008,2025-01-04,ING005,Tomato,4,5,3.18,3.23,0.3,0.021
R008,2025-01-04,ING006,Oil,20,30,0.0,1.53,0.62,0.181
R008,2025-01-04,ING007,Flour,10,15,6.37,7.93,0.89,0.167
R008,2025-01-04,ING008,Bread,8,4,1.65,2.03,0.34,0.117
R008,2025-01-04,ING009,Lettuce,2,3,4.4,4.57,0.44,0.196
R008,2025-01-04,ING010,Cheese,4,5,3.25,6.0,0.38,0.02
R008,2025-01-05,ING001,Rice,12,3,1.21,3.29,0.71,0.156
R008,2025-01-05,ING002,Chicken,2,2,4.05,5.34,1.12,0.222
R008,2025-01-05,ING003,Paneer,3,4,2.85,3.73,0.29,0.367
R008,2025-01-05,ING004,Onion,5,7,1.3,4.98,0.85,0.287
R008,2025-01-05,ING005,Tomato,4,5,3.23,4.66,1.03,0.336
R008,2025-01-05,ING006,Oil,20,30,0.0,0.14,0.0,0.152
R008,2025-01-05,ING007,Flour,10,15,1.61,3.59,0.23,0.156
R008,2025-01-05,ING008,Bread,8,4,0.0,0.87,0.17,0.155
R008,2025-01-05,ING009,Lettuce,2,3,3.21,5.47,1.03,0.261
R008,2025-01-05,ING010,Cheese,4,5,2.13,4.24,0.77,0.235
R008,2025-01-06,ING001,Rice,12,3,0.0,0.77,0.0,0.06
R008,2025-01-06,ING002,Chicken,2,2,0.0,0.33,0.3,0.104
R008,2025-01-06,ING003,Paneer,3,4,4.08,7.59,1.2,0.161
R008,2025-01-06,ING004,Onion,5,7,2.41,3.3,0.18,0.223
R008,2025-01-06,ING005,Tomato,4,5,3.65,7.63,1.19,0.017
R008,2025-01-06,ING006,Oil,20,30,2.79,3.27,0.33,0.041
R008,2025-01-06,ING007,Flour,10,15,0.7,4.11,0.69,0.006
R008,2025-01-06,ING008,Bread,8,4,1.55,3.83,0.83,0.096
R008,2025-01-06,ING009,Lettuce,2,3,4.51,7.53,1.21,0.043
R008,2025-01-06,ING010,Cheese,4,5,0.87,3.92,0.95,0.236
R008,2025-01-07,ING001,Rice,12,3,3.29,4.93,0.79,0.089
R008,2025-01-07,ING002,Chicken,2,2,3.4,5.64,1.01,0.14
R008,2025-01-07,ING003,Paneer,3,4,0.0,2.75,0.03,0.187
R008,2025-01-07,ING004,Onion,5,7,3.69,6.66,1.11,0.136
R008,2025-01-07,ING005,Tomato,4,5,1.07,4.22,0.49,0.015
R008,2025-01-07,ING006,Oil,20,30,3.37,5.2,0.98,0.175
R008,2025-01-07,ING007,Flour,10,15,1.61,1.7,0.01,0.009
R008,2025-01-07,ING008,Bread,8,4,3.6,5.33,0.26,0.128
R008,2025-01-07,ING009,Lettuce,2,3,5.66,8.18,0.85,0.082
R008,2025-01-07,ING010,Cheese,4,5,2.49,2.82,1.08,0.183
R008,2025-01-08,ING001,Rice,12,3,0.71,2.98,0.41,0.18
R008,2025-01-08,ING002,Chicken,2,2,3.18,3.97,0.94,0.22
R008,2025-01-08,ING003,Paneer,3,4,0.25,3.18,0.23,0.064
R008,2025-01-08,ING004,Onion,5,7,0.7,4.45,0.75,0.052
R008,2025-01-08,ING005,Tomato,4,5,0.0,2.07,0.12,0.133
R008,2025-01-08,ING006,Oil,20,30,1.0,3.12,0.32,0.205
R008,2025-01-08,ING007,Flour,10,15,1.97,3.65,0.64,0.089
R008,2025-01-08,ING008,Bread,8,4,1.12,1.88,0.2,0.15
R008,2025-01-08,ING009,Lettuce,2,3,0.0,3.68,0.29,0.103
R008,2025-01-08,ING010,Cheese,4,5,0.0,2.71,0.59,0.002
R008,2025-01-09,ING001,Rice,12,3,1.93,4.73,0.55,0.24
R008,2025-01-09,ING002,Chicken,2,2,0.0,1.94,0.43,0.21
R008,2025-01-09,ING003,Paneer,3,4,2.79,5.8,0.75,0.012
R008,2025-01-09,ING004,Onion,5,7,1.09,1.6,0.16,0.069
R008,2025-01-09,ING005,Tomato,4,5,0.0,3.48,0.32,0.029
R008,2025-01-09,ING006,Oil,20,30,0.0,2.36,0.1,0.178
R008,2025-01-09,ING007,Flour,10,15,0.38,2.91,0.23,0.02
R008,2025-01-09,ING008,Bread,8,4,0.45,1.19,0.34,0.194
R008,2025-01-09,ING009,Lettuce,2,3,1.34,4.15,0.35,0.162
R008,2025-01-09,ING010,Cheese,4,5,0.0,1.14,0.0,0.224
R008,2025-01-10,ING001,Rice,12,3,3.1,3.88,0.28,0.116
R008,2025-01-10,ING002,Chicken,2,2,0.89,1.75,0.51,0.079
R008,2025-01-10,ING003,Paneer,3,4,4.3,5.95,1.24,0.038
R008,2025-01-10,ING004,Onion,5,7,1.94,3.46,0.77,0.037
R008,2025-01-10,ING005,Tomato,4,5,0.0,0.25,0.03,0.245
R008,2025-01-10,ING006,Oil,20,30,0.0,2.1,0.0,0.003
R008,2025-01-10,ING007,Flour,10,15,2.07,4.02,0.75,0.089
R008,2025-01-10,ING008,Bread,8,4,2.05,5.74,0.33,0.138
R008,2025-01-10,ING009,Lettuce,2,3,0.85,1.45,0.22,0.153
R008,2025-01-10,ING010,Cheese,4,5,0.0,3.82,0.45,0.188
R008,2025-01-11,ING001,Rice,12,3,0.0,0.53,0.02,0.123
R008,2025-01-11,ING002,Chicken,2,2,2.98,6.22,0.57,0.002
R008,2025-01-11,ING003,Paneer,3,4,5.23,5.41,1.01,0.03
R008,2025-01-11,ING004,Onion,5,7,3.7,6.72,1.01,0.07
R008,2025-01-11,ING005,Tomato,4,5,2.62,5.23,0.64,0.207
R008,2025-01-11,ING006,Oil,20,30,1.77,4.45,0.5,0.232
R008,2025-01-11,ING007,Flour,10,15,0.71,1.99,0.17,0.169
R008,2025-01-11,ING008,Bread,8,4,0.12,0.55,0.72,0.02
R008,2025-01-11,ING009,Lettuce,2,3,1.52,1.79,0.06,0.039
R008,2025-01-11,ING010,Cheese,4,5,1.99,5.42,0.92,0.243
R008,2025-01-12,ING001,Rice,12,3,0.0,1.24,0.01,0.08
R008,2025-01-12,ING002,Chicken,2,2,2.15,4.54,0.98,0.157
R008,2025-01-12,ING003,Paneer,3,4,6.04,6.15,0.5,0.083
R008,2025-01-12,ING004,Onion,5,7,2.57,4.51,0.73,0.192
R008,2025-01-12,ING005,Tomato,4,5,4.38,4.73,1.01,0.224
R008,2025-01-12,ING006,Oil,20,30,0.86,4.72,0.55,0.176
R008,2025-01-12,ING007,Flour,10,15,0.82,2.15,0.0,0.045
R008,2025-01-12,ING008,Bread,8,4,0.0,2.17,0.06,0.098
R008,2025-01-12,ING009,Lettuce,2,3,0.0,3.14,0.0,0.202
R008,2025-01-12,ING010,Cheese,4,5,1.2,4.41,0.68,0.232
R008,2025-01-13,ING001,Rice,12,3,2.94,6.88,0.98,0.123
R008,2025-01-13,ING002,Chicken,2,2,1.37,5.28,1.14,0.089
R008,2025-01-13,ING003,Paneer,3,4,1.81,3.88,0.93,0.015
R008,2025-01-13,ING004,Onion,5,7,3.86,7.63,1.13,0.175
R008,2025-01-13,ING005,Tomato,4,5,3.96,7.14,1.17,0.062
R008,2025-01-13,ING006,Oil,20,30,1.9,2.72,0.34,0.239
R008,2025-01-13,ING007,Flour,10,15,0.62,3.03,0.37,0.143
R008,2025-01-13,ING008,Bread,8,4,5.19,7.68,0.93,0.079
R008,2025-01-13,ING009,Lettuce,2,3,0.36,3.43,0.71,0.196
R008,2025-01-13,ING010,Cheese,4,5,1.89,4.94,1.01,0.182
R008,2025-01-14,ING001,Rice,12,3,2.63,5.17,0.92,0.217
R008,2025-01-14,ING002,Chicken,2,2,4.36,6.83,1.08,0.175
R008,2025-01-14,ING003,Paneer,3,4,1.73,2.17,0.71,0.209
R008,2025-01-14,ING004,Onion,5,7,2.76,4.09,0.53,0.356
R008,2025-01-14,ING005,Tomato,4,5,3.93,5.42,0.69,0.392
R008,2025-01-14,ING006,Oil,20,30,2.01,4.71,1.16,0.346
R008,2025-01-14,ING007,Flour,10,15,0.82,3.05,0.1,0.221
R008,2025-01-14,ING008,Bread,8,4,2.0,2.03,0.52,0.175
R008,2025-01-14,ING009,Lettuce,2,3,7.01,7.63,0.92,0.366
R008,2025-01-14,ING010,Cheese,4,5,2.04,2.26,0.29,0.298
R008,2025-01-15,ING001,Rice,12,3,0.0,1.09,0.0,0.26
R008,2025-01-15,ING002,Chicken,2,2,0.36,0.56,0.6,0.159
R008,2025-01-15,ING003,Paneer,3,4,2.18,2.42,0.61,0.189
R008,2025-01-15,ING004,Onion,5,7,0.0,0.88,0.1,0.309
R008,2025-01-15,ING005,Tomato,4,5,2.63,5.89,0.57,0.328
R008,2025-01-15,ING006,Oil,20,30,1.66,3.74,0.37,0.187
R008,2025-01-15,ING007,Flour,10,15,0.0,3.69,0.05,0.26
R008,2025-01-15,ING008,Bread,8,4,1.85,2.45,0.23,0.278
R008,2025-01-15,ING009,Lettuce,2,3,1.31,3.42,0.05,0.247
R008,2025-01-15,ING010,Cheese,4,5,2.28,4.36,1.26,0.158
R008,2025-01-16,ING001,Rice,12,3,0.48,4.48,1.16,0.314
R008,2025-01-16,ING002,Chicken,2,2,0.75,3.71,0.44,0.168
R008,2025-01-16,ING003,Paneer,3,4,1.47,4.07,1.17,0.28
R008,2025-01-16,ING004,Onion,5,7,2.79,2.8,0.48,0.188
R008,2025-01-16,ING005,Tomato,4,5,1.36,2.78,0.29,0.186
R008,2025-01-16,ING006,Oil,20,30,2.02,3.64,0.36,0.399
R008,2025-01-16,ING007,Flour,10,15,1.3,3.89,0.96,0.334
R008,2025-01-16,ING008,Bread,8,4,1.17,1.64,0.38,0.353
R008,2025-01-16,ING009,Lettuce,2,3,0.88,4.56,0.36,0.399
R008,2025-01-16,ING010,Cheese,4,5,0.77,1.12,0.52,0.193
R008,2025-01-17,ING001,Rice,12,3,2.54,3.03,0.38,0.21
R008,2025-01-17,ING002,Chicken,2,2,0.0,0.48,0.0,0.031
R008,2025-01-17,ING003,Paneer,3,4,0.3,3.84,0.56,0.112
R008,2025-01-17,ING004,Onion,5,7,0.0,1.18,0.26,0.159
R008,2025-01-17,ING005,Tomato,4,5,1.5,3.0,1.01,0.144
R008,2025-01-17,ING006,Oil,20,30,0.0,1.13,0.0,0.081
R008,2025-01-17,ING007,Flour,10,15,0.0,2.06,0.25,0.038
R008,2025-01-17,ING008,Bread,8,4,1.21,1.82,0.59,0.134
R008,2025-01-17,ING009,Lettuce,2,3,1.0,2.25,0.0,0.115
R008,2025-01-17,ING010,Cheese,4,5,1.17,3.55,0.54,0.108
R008,2025-01-18,ING001,Rice,12,3,0.33,3.52,0.59,0.061
R008,2025-01-18,ING002,Chicken,2,2,2.96,4.34,0.94,0.133
R008,2025-01-18,ING003,Paneer,3,4,3.45,3.98,0.87,0.133
R008,2025-01-18,ING004,Onion,5,7,1.65,4.72,0.0,0.201
R008,2025-01-18,ING005,Tomato,4,5,3.52,5.91,0.68,0.06
R008,2025-01-18,ING006,Oil,20,30,0.0,0.72,0.19,0.184
R008,2025-01-18,ING007,Flour,10,15,0.0,3.25,0.16,0.045
R008,2025-01-18,ING008,Bread,8,4,0.28,3.73,0.3,0.165
R008,2025-01-18,ING009,Lettuce,2,3,2.5,4.4,1.07,0.202
R008,2025-01-18,ING010,Cheese,4,5,2.91,3.74,0.26,0.175
R008,2025-01-19,ING001,Rice,12,3,1.32,2.98,0.82,0.39
R008,2025-01-19,ING002,Chicken,2,2,0.3,1.84,0.54,0.205
R008,2025-01-19,ING003,Paneer,3,4,0.0,2.05,0.01,0.27
R008,2025-01-19,ING004,Onion,5,7,1.76,2.11,0.0,0.275
R008,2025-01-19,ING005,Tomato,4,5,1.43,4.44,1.5,0.354
R008,2025-01-19,ING006,Oil,20,30,3.06,3.4,0.82,0.205
R008,2025-01-19,ING007,Flour,10,15,2.09,3.53,0.72,0.285
R008,2025-01-19,ING008,Bread,8,4,5.19,8.87,1.38,0.237
R008,2025-01-19,ING009,Lettuce,2,3,2.29,4.81,0.61,0.293
R008,2025-01-19,ING010,Cheese,4,5,1.11,3.2,0.61,0.195
R008,2025-01-20,ING001,Rice,12,3,2.92,4.43,0.55,0.26
R008,2025-01-20,ING002,Chicken,2,2,3.18,3.39,0.33,0.297
R008,2025-01-20,ING003,Paneer,3,4,3.28,6.62,0.99,0.167
R008,2025-01-20,ING004,Onion,5,7,0.71,3.07,0.73,0.391
R008,2025-01-20,ING005,Tomato,4,5,3.2,4.17,0.97,0.203
R008,2025-01-20,ING006,Oil,20,30,2.52,3.11,0.51,0.324
R008,2025-01-20,ING007,Flour,10,15,0.9,0.93,0.0,0.209
R008,2025-01-20,ING008,Bread,8,4,4.4,6.37,0.47,0.245
R008,2025-01-20,ING009,Lettuce,2,3,2.4,5.92,0.53,0.296
R008,2025-01-20,ING010,Cheese,4,5,2.43,3.87,0.87,0.288
R008,2025-01-21,ING001,Rice,12,3,0.53,4.12,0.35,0.111
R008,2025-01-21,ING002,Chicken,2,2,4.48,8.05,0.86,0.112
R008,2025-01-21,ING003,Paneer,3,4,1.5,5.38,0.82,0.174
R008,2025-01-21,ING004,Onion,5,7,0.04,2.04,0.0,0.225
R008,2025-01-21,ING005,Tomato,4,5,2.91,5.88,0.72,0.098
R008,2025-01-21,ING006,Oil,20,30,2.44,5.78,0.99,0.17
R008,2025-01-21,ING007,Flour,10,15,3.65,6.59,0.89,0.125
R008,2025-01-21,ING008,Bread,8,4,2.44,2.56,0.22,0.222
R008,2025-01-21,ING009,Lettuce,2,3,6.45,6.66,0.53,0.057
R008,2025-01-21,ING010,Cheese,4,5,4.64,4.97,1.13,0.061
R008,2025-01-22,ING001,Rice,12,3,1.19,3.56,0.46,0.133
R008,2025-01-22,ING002,Chicken,2,2,3.24,5.13,0.31,0.105
R008,2025-01-22,ING003,Paneer,3,4,0.28,4.04,0.46,0.174
R008,2025-01-22,ING004,Onion,5,7,1.1,4.87,0.23,0.055
R008,2025-01-22,ING005,Tomato,4,5,0.44,3.45,0.04,0.232
R008,2025-01-22,ING006,Oil,20,30,0.4,4.33,0.57,0.14
R008,2025-01-22,ING007,Flour,10,15,2.57,2.73,0.0,0.085
R008,2025-01-22,ING008,Bread,8,4,0.46,2.59,0.12,0.141
R008,2025-01-22,ING009,Lettuce,2,3,0.0,3.27,0.3,0.226
R008,2025-01-22,ING010,Cheese,4,5,2.74,3.4,0.5,0.024
R008,2025-01-23,ING001,Rice,12,3,1.78,3.82,0.42,0.336
R008,2025-01-23,ING002,Chicken,2,2,1.92,4.64,0.36,0.35
R008,2025-01-23,ING003,Paneer,3,4,1.42,4.33,0.56,0.345
R008,2025-01-23,ING004,Onion,5,7,3.23,4.74,0.39,0.29
R008,2025-01-23,ING005,Tomato,4,5,1.25,4.39,0.79,0.367
R008,2025-01-23,ING006,Oil,20,30,1.59,2.19,0.0,0.34
R008,2025-01-23,ING007,Flour,10,15,2.25,4.05,0.64,0.28
R008,2025-01-23,ING008,Bread,8,4,4.48,7.07,0.56,0.357
R008,2025-01-23,ING009,Lettuce,2,3,3.77,6.34,0.69,0.291
R008,2025-01-23,ING010,Cheese,4,5,4.42,6.48,1.17,0.203
R008,2025-01-24,ING001,Rice,12,3,2.49,6.07,0.61,0.289
R008,2025-01-24,ING002,Chicken,2,2,3.71,4.95,1.69,0.2
R008,2025-01-24,ING003,Paneer,3,4,3.79,5.11,0.73,0.395
R008,2025-01-24,ING004,Onion,5,7,2.55,5.6,1.29,0.288
R008,2025-01-24,ING005,Tomato,4,5,2.54,2.6,0.38,0.206
R008,2025-01-24,ING006,Oil,20,30,2.57,3.31,0.66,0.224
R008,2025-01-24,ING007,Flour,10,15,0.72,3.79,0.26,0.312
R008,2025-01-24,ING008,Bread,8,4,2.51,4.36,0.89,0.314
R008,2025-01-24,ING009,Lettuce,2,3,1.63,3.13,0.52,0.398
R008,2025-01-24,ING010,Cheese,4,5,1.69,3.03,0.38,0.287
R008,2025-01-25,ING001,Rice,12,3,3.22,3.67,0.06,0.361
R008,2025-01-25,ING002,Chicken,2,2,4.24,6.52,1.56,0.27
R008,2025-01-25,ING003,Paneer,3,4,1.03,1.54,0.0,0.196
R008,2025-01-25,ING004,Onion,5,7,2.52,4.79,0.82,0.177
R008,2025-01-25,ING005,Tomato,4,5,3.2,4.15,0.46,0.185
R008,2025-01-25,ING006,Oil,20,30,1.88,4.66,0.81,0.369
R008,2025-01-25,ING007,Flour,10,15,0.0,3.36,0.5,0.188
R008,2025-01-25,ING008,Bread,8,4,0.81,1.27,0.46,0.278
R008,2025-01-25,ING009,Lettuce,2,3,3.41,7.41,0.72,0.196
R008,2025-01-25,ING010,Cheese,4,5,1.41,3.22,0.35,0.218
R008,2025-01-26,ING001,Rice,12,3,3.02,5.28,0.81,0.302
R008,2025-01-26,ING002,Chicken,2,2,0.0,2.29,0.36,0.373
R008,2025-01-26,ING003,Paneer,3,4,1.18,4.61,1.25,0.239
R008,2025-01-26,ING004,Onion,5,7,3.2,6.26,1.43,0.345
R008,2025-01-26,ING005,Tomato,4,5,0.28,0.45,0.55,0.274
R008,2025-01-26,ING006,Oil,20,30,3.75,6.92,0.78,0.305
R008,2025-01-26,ING007,Flour,10,15,0.59,3.95,1.29,0.16
R008,2025-01-26,ING008,Bread,8,4,1.01,2.72,0.0,0.387
R008,2025-01-26,ING009,Lettuce,2,3,4.27,7.14,1.43,0.28
R008,2025-01-26,ING010,Cheese,4,5,0.03,1.9,0.29,0.35
R008,2025-01-27,ING001,Rice,12,3,0.15,1.54,0.01,0.26
R008,2025-01-27,ING002,Chicken,2,2,1.83,2.35,0.37,0.254
R008,2025-01-27,ING003,Paneer,3,4,2.0,3.79,0.17,0.378
R008,2025-01-27,ING004,Onion,5,7,2.05,3.74,0.42,0.378
R008,2025-01-27,ING005,Tomato,4,5,3.18,5.93,1.21,0.304
R008,2025-01-27,ING006,Oil,20,30,3.59,3.94,0.47,0.195
R008,2025-01-27,ING007,Flour,10,15,1.47,2.27,0.44,0.355
R008,2025-01-27,ING008,Bread,8,4,0.57,3.0,0.5,0.17
R008,2025-01-27,ING009,Lettuce,2,3,1.99,2.99,0.77,0.293
R008,2025-01-27,ING010,Cheese,4,5,1.79,2.76,0.45,0.23
R008,2025-01-28,ING001,Rice,12,3,3.25,3.74,0.74,0.153
R008,2025-01-28,ING002,Chicken,2,2,3.65,6.58,0.83,0.074
R008,2025-01-28,ING003,Paneer,3,4,1.71,5.05,1.09,0.023
R008,2025-01-28,ING004,Onion,5,7,2.07,4.98,0.98,0.232
R008,2025-01-28,ING005,Tomato,4,5,1.93,3.51,0.51,0.002
R008,2025-01-28,ING006,Oil,20,30,1.98,4.01,0.39,0.244
R008,2025-01-28,ING007,Flour,10,15,1.47,4.76,0.83,0.094
R008,2025-01-28,ING008,Bread,8,4,0.0,0.1,0.52,0.008
R008,2025-01-28,ING009,Lettuce,2,3,2.19,4.29,1.36,0.243
R008,2025-01-28,ING010,Cheese,4,5,4.52,6.97,0.78,0.028
R008,2025-01-29,ING001,Rice,12,3,3.56,6.43,1.02,0.373
R008,2025-01-29,ING002,Chicken,2,2,2.46,4.22,0.58,0.279
R008,2025-01-29,ING003,Paneer,3,4,2.1,5.41,0.62,0.321
R008,2025-01-29,ING004,Onion,5,7,4.85,5.42,0.77,0.256
R008,2025-01-29,ING005,Tomato,4,5,0.0,0.99,0.0,0.275
R008,2025-01-29,ING006,Oil,20,30,2.59,6.18,0.93,0.177
R008,2025-01-29,ING007,Flour,10,15,2.65,6.53,1.19,0.335
R008,2025-01-29,ING008,Bread,8,4,5.69,7.01,1.23,0.299
R008,2025-01-29,ING009,Lettuce,2,3,2.45,4.03,0.75,0.366
R008,2025-01-29,ING010,Cheese,4,5,3.78,7.28,1.16,0.268
R008,2025-01-30,ING001,Rice,12,3,0.06,3.37,1.05,0.172
R008,2025-01-30,ING002,Chicken,2,2,2.34,4.69,0.83,0.204
R008,2025-01-30,ING003,Paneer,3,4,3.8,4.64,0.81,0.327
R008,2025-01-30,ING004,Onion,5,7,0.0,1.6,0.0,0.259
R008,2025-01-30,ING005,Tomato,4,5,5.43,5.46,0.93,0.357
R008,2025-01-30,ING006,Oil,20,30,1.56,2.58,0.31,0.298
R008,2025-01-30,ING007,Flour,10,15,0.75,4.31,0.79,0.367
R008,2025-01-30,ING008,Bread,8,4,1.89,2.61,0.35,0.296
R008,2025-01-30,ING009,Lettuce,2,3,0.36,2.61,0.43,0.207
R008,2025-01-30,ING010,Cheese,4,5,1.55,5.17,0.95,0.174
R008,2025-01-31,ING001,Rice,12,3,0.0,0.17,0.05,0.021
R008,2025-01-31,ING002,Chicken,2,2,1.4,2.88,0.25,0.06
R008,2025-01-31,ING003,Paneer,3,4,3.18,6.74,0.99,0.012
R008,2025-01-31,ING004,Onion,5,7,1.78,4.94,0.38,0.028
R008,2025-01-31,ING005,Tomato,4,5,2.24,3.06,0.37,0.18
R008,2025-01-31,ING006,Oil,20,30,0.35,0.69,0.23,0.049
R008,2025-01-31,ING007,Flour,10,15,3.11,4.28,0.43,0.118
R008,2025-01-31,ING008,Bread,8,4,2.09,4.64,0.55,0.148
R008,2025-01-31,ING009,Lettuce,2,3,1.84,1.95,0.0,0.21
R008,2025-01-31,ING010,Cheese,4,5,0.0,0.74,0.17,0.142
R008,2025-02-01,ING001,Rice,12,3,0.0,1.82,0.39,0.045
R008,2025-02-01,ING002,Chicken,2,2,1.5,2.52,0.57,0.084
R008,2025-02-01,ING003,Paneer,3,4,0.0,2.4,0.47,0.078
R008,2025-02-01,ING004,Onion,5,7,0.65,2.24,0.65,0.038
R008,2025-02-01,ING005,Tomato,4,5,1.12,1.89,0.68,0.065
R008,2025-02-01,ING006,Oil,20,30,0.2,4.19,0.53,0.075
R008,2025-02-01,ING007,Flour,10,15,0.96,4.59,0.5,0.187
R008,2025-02-01,ING008,Bread,8,4,2.57,4.13,0.64,0.14
R008,2025-02-01,ING009,Lettuce,2,3,1.28,3.88,0.61,0.071
R008,2025-02-01,ING010,Cheese,4,5,4.18,5.81,1.01,0.205
R008,2025-02-02,ING001,Rice,12,3,1.5,4.5,0.78,0.103
R008,2025-02-02,ING002,Chicken,2,2,1.71,4.24,0.19,0.225
R008,2025-02-02,ING003,Paneer,3,4,2.67,5.83,0.65,0.236
R008,2025-02-02,ING004,Onion,5,7,0.0,3.66,0.0,0.1
R008,2025-02-02,ING005,Tomato,4,5,2.92,3.16,0.0,0.077
R008,2025-02-02,ING006,Oil,20,30,2.55,4.72,0.43,0.108
R008,2025-02-02,ING007,Flour,10,15,2.89,3.69,0.1,0.08
R008,2025-02-02,ING008,Bread,8,4,0.66,2.47,0.36,0.047
R008,2025-02-02,ING009,Lettuce,2,3,2.29,4.83,0.37,0.029
R008,2025-02-02,ING010,Cheese,4,5,2.91,6.03,0.76,0.135
R008,2025-02-03,ING001,Rice,12,3,1.88,5.14,0.63,0.188
R008,2025-02-03,ING002,Chicken,2,2,2.6,2.71,0.12,0.295
R008,2025-02-03,ING003,Paneer,3,4,0.49,2.74,0.56,0.323
R008,2025-02-03,ING004,Onion,5,7,0.38,3.5,0.86,0.363
R008,2025-02-03,ING005,Tomato,4,5,3.57,4.89,0.96,0.338
R008,2025-02-03,ING006,Oil,20,30,0.0,3.93,1.29,0.369
R008,2025-02-03,ING007,Flour,10,15,1.64,1.88,0.27,0.209
R008,2025-02-03,ING008,Bread,8,4,2.8,3.78,0.1,0.325
R008,2025-02-03,ING009,Lettuce,2,3,2.43,2.5,0.5,0.289
R008,2025-02-03,ING010,Cheese,4,5,5.62,7.14,0.77,0.188
R008,2025-02-04,ING001,Rice,12,3,0.04,2.51,0.54,0.196
R008,2025-02-04,ING002,Chicken,2,2,2.47,4.25,0.45,0.271
R008,2025-02-04,ING003,Paneer,3,4,1.16,2.13,0.4,0.196
R008,2025-02-04,ING004,Onion,5,7,2.36,4.54,0.91,0.284
R008,2025-02-04,ING005,Tomato,4,5,3.14,4.52,1.0,0.239
R008,2025-02-04,ING006,Oil,20,30,3.48,6.95,1.55,0.389
R008,2025-02-04,ING007,Flour,10,15,3.17,6.89,0.59,0.208
R008,2025-02-04,ING008,Bread,8,4,0.87,2.71,0.0,0.369
R008,2025-02-04,ING009,Lettuce,2,3,1.6,2.85,0.52,0.245
R008,2025-02-04,ING010,Cheese,4,5,3.65,6.64,0.71,0.156
R008,2025-02-05,ING001,Rice,12,3,3.04,5.47,0.87,0.171
R008,2025-02-05,ING002,Chicken,2,2,0.96,2.18,0.6,0.15
R008,2025-02-05,ING003,Paneer,3,4,0.0,2.22,0.15,0.025
R008,2025-02-05,ING004,Onion,5,7,1.62,2.39,0.0,0.212
R008,2025-02-05,ING005,Tomato,4,5,0.73,1.25,0.65,0.027
R008,2025-02-05,ING006,Oil,20,30,0.16,1.65,0.08,0.009
R008,2025-02-05,ING007,Flour,10,15,0.27,0.83,0.28,0.134
R008,2025-02-05,ING008,Bread,8,4,0.0,2.49,0.65,0.031
R008,2025-02-05,ING009,Lettuce,2,3,2.1,6.01,0.61,0.078
R008,2025-02-05,ING010,Cheese,4,5,0.3,2.88,0.0,0.06
R008,2025-02-06,ING001,Rice,12,3,0.39,2.7,0.0,0.097
R008,2025-02-06,ING002,Chicken,2,2,0.0,1.78,0.33,0.067
R008,2025-02-06,ING003,Paneer,3,4,0.0,2.39,0.2,0.211
R008,2025-02-06,ING004,Onion,5,7,3.17,4.49,0.02,0.096
R008,2025-02-06,ING005,Tomato,4,5,1.08,4.73,0.73,0.058
R008,2025-02-06,ING006,Oil,20,30,0.64,1.85,0.09,0.249
R008,2025-02-06,ING007,Flour,10,15,1.56,2.26,0.1,0.141
R008,2025-02-06,ING008,Bread,8,4,0.14,3.96,0.91,0.058
R008,2025-02-06,ING009,Lettuce,2,3,1.79,4.21,0.58,0.176
R008,2025-02-06,ING010,Cheese,4,5,0.87,1.01,0.21,0.222
R008,2025-02-07,ING001,Rice,12,3,0.0,3.72,0.41,0.157
R008,2025-02-07,ING002,Chicken,2,2,0.21,1.52,0.0,0.114
R008,2025-02-07,ING003,Paneer,3,4,1.74,4.31,0.69,0.161
R008,2025-02-07,ING004,Onion,5,7,1.36,4.88,0.58,0.132
R008,2025-02-07,ING005,Tomato,4,5,3.77,4.63,0.99,0.247
R008,2025-02-07,ING006,Oil,20,30,0.0,1.57,0.03,0.085
R008,2025-02-07,ING007,Flour,10,15,3.38,6.78,0.77,0.148
R008,2025-02-07,ING008,Bread,8,4,1.63,4.11,0.25,0.008
R008,2025-02-07,ING009,Lettuce,2,3,3.04,6.84,1.03,0.232
R008,2025-02-07,ING010,Cheese,4,5,1.36,4.08,0.43,0.047
R008,2025-02-08,ING001,Rice,12,3,1.05,4.54,0.67,0.242
R008,2025-02-08,ING002,Chicken,2,2,2.43,3.41,1.24,0.168
R008,2025-02-08,ING003,Paneer,3,4,4.63,7.81,1.59,0.314
R008,2025-02-08,ING004,Onion,5,7,4.05,7.99,0.86,0.347
R008,2025-02-08,ING005,Tomato,4,5,3.24,5.02,0.47,0.18
R008,2025-02-08,ING006,Oil,20,30,1.72,4.3,0.52,0.341
R008,2025-02-08,ING007,Flour,10,15,1.57,2.46,0.64,0.225
R008,2025-02-08,ING008,Bread,8,4,1.34,3.55,0.61,0.16
R008,2025-02-08,ING009,Lettuce,2,3,2.67,5.68,0.91,0.387
R008,2025-02-08,ING010,Cheese,4,5,0.98,3.89,0.9,0.187
R008,2025-02-09,ING001,Rice,12,3,1.35,1.85,0.27,0.008
R008,2025-02-09,ING002,Chicken,2,2,0.07,0.28,0.08,0.14
R008,2025-02-09,ING003,Paneer,3,4,2.92,4.32,0.65,0.088
R008,2025-02-09,ING004,Onion,5,7,1.81,2.11,0.0,0.075
R008,2025-02-09,ING005,Tomato,4,5,2.27,2.63,0.79,0.036
R008,2025-02-09,ING006,Oil,20,30,3.78,4.65,0.99,0.024
R008,2025-02-09,ING007,Flour,10,15,0.34,4.2,0.67,0.161
R008,2025-02-09,ING008,Bread,8,4,0.36,1.17,0.33,0.018
R008,2025-02-09,ING009,Lettuce,2,3,1.08,4.41,0.69,0.067
R008,2025-02-09,ING010,Cheese,4,5,3.39,4.41,0.43,0.156
R008,2025-02-10,ING001,Rice,12,3,3.39,7.24,0.67,0.098
R008,2025-02-10,ING002,Chicken,2,2,4.13,7.86,1.0,0.227
R008,2025-02-10,ING003,Paneer,3,4,3.56,3.92,0.36,0.243
R008,2025-02-10,ING004,Onion,5,7,1.42,3.48,0.8,0.041
R008,2025-02-10,ING005,Tomato,4,5,1.61,2.23,0.52,0.175
R008,2025-02-10,ING006,Oil,20,30,1.83,5.77,1.21,0.149
R008,2025-02-10,ING007,Flour,10,15,0.57,3.66,0.79,0.212
R008,2025-02-10,ING008,Bread,8,4,1.25,5.01,0.89,0.018
R008,2025-02-10,ING009,Lettuce,2,3,1.57,5.38,1.11,0.228
R008,2025-02-10,ING010,Cheese,4,5,1.4,4.12,1.14,0.111
R008,2025-02-11,ING001,Rice,12,3,1.17,4.35,0.64,0.121
R008,2025-02-11,ING002,Chicken,2,2,0.32,2.73,0.41,0.027
R008,2025-02-11,ING003,Paneer,3,4,0.38,2.77,0.4,0.206
R008,2025-02-11,ING004,Onion,5,7,1.18,1.24,0.27,0.247
R008,2025-02-11,ING005,Tomato,4,5,0.78,4.17,0.98,0.249
R008,2025-02-11,ING006,Oil,20,30,1.68,3.59,0.45,0.175
R008,2025-02-11,ING007,Flour,10,15,1.77,3.59,0.35,0.226
R008,2025-02-11,ING008,Bread,8,4,1.68,3.5,0.55,0.147
R008,2025-02-11,ING009,Lettuce,2,3,0.29,2.8,0.0,0.23
R008,2025-02-11,ING010,Cheese,4,5,0.0,3.53,0.75,0.022
R008,2025-02-12,ING001,Rice,12,3,0.0,0.37,0.44,0.318
R008,2025-02-12,ING002,Chicken,2,2,3.96,7.06,1.46,0.369
R008,2025-02-12,ING003,Paneer,3,4,0.0,2.27,0.12,0.32
R008,2025-02-12,ING004,Onion,5,7,0.0,3.76,0.75,0.273
R008,2025-02-12,ING005,Tomato,4,5,1.43,4.51,0.0,0.395
R008,2025-02-12,ING006,Oil,20,30,2.72,4.84,0.82,0.393
R008,2025-02-12,ING007,Flour,10,15,0.0,3.11,0.72,0.311
R008,2025-02-12,ING008,Bread,8,4,0.79,2.54,0.28,0.324
R008,2025-02-12,ING009,Lettuce,2,3,0.0,1.63,0.48,0.194
R008,2025-02-12,ING010,Cheese,4,5,0.11,3.78,0.72,0.21
R008,2025-02-13,ING001,Rice,12,3,2.58,3.37,1.08,0.212
R008,2025-02-13,ING002,Chicken,2,2,3.98,7.29,1.14,0.351
R008,2025-02-13,ING003,Paneer,3,4,3.07,6.98,1.43,0.28
R008,2025-02-13,ING004,Onion,5,7,3.22,3.65,0.19,0.162
R008,2025-02-13,ING005,Tomato,4,5,1.85,2.54,0.58,0.38
R008,2025-02-13,ING006,Oil,20,30,0.3,0.93,0.0,0.395
R008,2025-02-13,ING007,Flour,10,15,0.04,1.43,0.32,0.225
R008,2025-02-13,ING008,Bread,8,4,1.95,3.68,0.93,0.384
R008,2025-02-13,ING009,Lettuce,2,3,0.0,3.9,0.06,0.353
R008,2025-02-13,ING010,Cheese,4,5,3.8,4.74,0.58,0.393
R008,2025-02-14,ING001,Rice,12,3,3.99,6.66,1.17,0.388
R008,2025-02-14,ING002,Chicken,2,2,3.02,6.43,1.04,0.362
R008,2025-02-14,ING003,Paneer,3,4,3.2,6.6,0.78,0.191
R008,2025-02-14,ING004,Onion,5,7,3.15,4.37,0.34,0.21
R008,2025-02-14,ING005,Tomato,4,5,1.01,4.34,0.72,0.383
R008,2025-02-14,ING006,Oil,20,30,2.55,3.41,0.84,0.293
R008,2025-02-14,ING007,Flour,10,15,1.17,3.94,0.73,0.189
R008,2025-02-14,ING008,Bread,8,4,1.12,5.01,0.66,0.328
R008,2025-02-14,ING009,Lettuce,2,3,1.37,4.22,1.0,0.267
R008,2025-02-14,ING010,Cheese,4,5,2.82,5.15,0.8,0.213
R008,2025-02-15,ING001,Rice,12,3,0.47,0.89,0.0,0.363
R008,2025-02-15,ING002,Chicken,2,2,4.14,6.54,0.64,0.202
R008,2025-02-15,ING003,Paneer,3,4,2.42,3.89,0.58,0.381
R008,2025-02-15,ING004,Onion,5,7,0.36,1.47,0.14,0.345
R008,2025-02-15,ING005,Tomato,4,5,0.14,1.04,0.09,0.228
R008,2025-02-15,ING006,Oil,20,30,2.48,3.8,0.49,0.223
R008,2025-02-15,ING007,Flour,10,15,0.94,1.63,0.0,0.33
R008,2025-02-15,ING008,Bread,8,4,0.54,4.01,1.03,0.27
R008,2025-02-15,ING009,Lettuce,2,3,1.46,2.69,0.69,0.17
R008,2025-02-15,ING010,Cheese,4,5,4.07,5.98,1.08,0.161
R008,2025-02-16,ING001,Rice,12,3,0.65,2.69,0.48,0.207
R008,2025-02-16,ING002,Chicken,2,2,1.46,3.1,0.44,0.176
R008,2025-02-16,ING003,Paneer,3,4,2.35,5.3,0.95,0.242
R008,2025-02-16,ING004,Onion,5,7,0.86,0.87,0.0,0.306
R008,2025-02-16,ING005,Tomato,4,5,4.6,6.12,1.1,0.347
R008,2025-02-16,ING006,Oil,20,30,2.0,3.36,0.46,0.211
R008,2025-02-16,ING007,Flour,10,15,2.31,3.48,0.09,0.374
R008,2025-02-16,ING008,Bread,8,4,3.71,7.19,1.03,0.33
R008,2025-02-16,ING009,Lettuce,2,3,2.04,3.42,0.89,0.297
R008,2025-02-16,ING010,Cheese,4,5,1.83,2.2,0.39,0.344
R008,2025-02-17,ING001,Rice,12,3,2.44,4.61,0.24,0.291
R008,2025-02-17,ING002,Chicken,2,2,2.34,3.79,1.08,0.155
R008,2025-02-17,ING003,Paneer,3,4,2.97,5.79,1.12,0.386
R008,2025-02-17,ING004,Onion,5,7,0.16,2.87,0.36,0.275
R008,2025-02-17,ING005,Tomato,4,5,1.53,3.64,0.47,0.306
R008,2025-02-17,ING006,Oil,20,30,2.64,6.4,0.87,0.331
R008,2025-02-17,ING007,Flour,10,15,2.98,6.98,0.87,0.173
R008,2025-02-17,ING008,Bread,8,4,0.0,2.03,0.16,0.287
R008,2025-02-17,ING009,Lettuce,2,3,3.69,7.01,1.34,0.175
R008,2025-02-17,ING010,Cheese,4,5,2.93,6.66,0.66,0.166
R008,2025-02-18,ING001,Rice,12,3,1.93,4.81,0.66,0.234
R008,2025-02-18,ING002,Chicken,2,2,1.87,3.32,0.29,0.157
R008,2025-02-18,ING003,Paneer,3,4,0.84,2.73,0.29,0.184
R008,2025-02-18,ING004,Onion,5,7,1.73,3.83,0.6,0.168
R008,2025-02-18,ING005,Tomato,4,5,2.46,2.62,0.63,0.269
R008,2025-02-18,ING006,Oil,20,30,1.84,3.25,0.85,0.263
R008,2025-02-18,ING007,Flour,10,15,3.46,6.15,1.43,0.211
R008,2025-02-18,ING008,Bread,8,4,2.06,4.63,0.73,0.163
R008,2025-02-18,ING009,Lettuce,2,3,3.79,7.37,0.61,0.347
R008,2025-02-18,ING010,Cheese,4,5,6.43,7.23,1.13,0.397
R008,2025-02-19,ING001,Rice,12,3,0.0,3.65,1.02,0.162
R008,2025-02-19,ING002,Chicken,2,2,2.61,6.51,0.57,0.028
R008,2025-02-19,ING003,Paneer,3,4,0.85,4.02,0.23,0.145
R008,2025-02-19,ING004,Onion,5,7,2.3,2.47,0.78,0.057
R008,2025-02-19,ING005,Tomato,4,5,2.81,5.04,0.77,0.099
R008,2025-02-19,ING006,Oil,20,30,1.26,2.68,0.0,0.113
R008,2025-02-19,ING007,Flour,10,15,1.35,1.69,0.07,0.125
R008,2025-02-19,ING008,Bread,8,4,0.0,3.51,0.12,0.23
R008,2025-02-19,ING009,Lettuce,2,3,0.0,3.35,1.08,0.076
R008,2025-02-19,ING010,Cheese,4,5,1.05,3.23,0.21,0.196
R008,2025-02-20,ING001,Rice,12,3,1.32,2.12,0.0,0.272
R008,2025-02-20,ING002,Chicken,2,2,5.75,9.47,1.08,0.343
R008,2025-02-20,ING003,Paneer,3,4,4.8,8.74,1.11,0.371
R008,2025-02-20,ING004,Onion,5,7,2.75,5.44,0.97,0.266
R008,2025-02-20,ING005,Tomato,4,5,1.67,5.53,1.12,0.34
R008,2025-02-20,ING006,Oil,20,30,2.53,3.7,0.75,0.192
R008,2025-02-20,ING007,Flour,10,15,0.0,1.8,0.0,0.191
R008,2025-02-20,ING008,Bread,8,4,3.41,4.63,0.74,0.308
R008,2025-02-20,ING009,Lettuce,2,3,0.0,2.98,0.88,0.165
R008,2025-02-20,ING010,Cheese,4,5,1.58,5.18,1.18,0.156
R008,2025-02-21,ING001,Rice,12,3,0.0,1.95,0.64,0.341
R008,2025-02-21,ING002,Chicken,2,2,3.71,6.92,1.3,0.18
R008,2025-02-21,ING003,Paneer,3,4,0.0,2.52,0.0,0.258
R008,2025-02-21,ING004,Onion,5,7,3.78,4.14,0.61,0.209
R008,2025-02-21,ING005,Tomato,4,5,5.02,7.24,0.81,0.381
R008,2025-02-21,ING006,Oil,20,30,1.15,4.64,1.29,0.271
R008,2025-02-21,ING007,Flour,10,15,2.68,4.87,1.04,0.19
R008,2025-02-21,ING008,Bread,8,4,0.0,1.36,0.5,0.224
R008,2025-02-21,ING009,Lettuce,2,3,3.29,6.48,0.62,0.29
R008,2025-02-21,ING010,Cheese,4,5,0.0,1.89,0.63,0.328
R008,2025-02-22,ING001,Rice,12,3,5.16,6.24,0.98,0.355
R008,2025-02-22,ING002,Chicken,2,2,0.73,1.57,0.42,0.38
R008,2025-02-22,ING003,Paneer,3,4,0.0,0.73,0.32,0.157
R008,2025-02-22,ING004,Onion,5,7,3.1,4.78,0.83,0.238
R008,2025-02-22,ING005,Tomato,4,5,3.69,4.15,1.0,0.329
R008,2025-02-22,ING006,Oil,20,30,2.13,5.28,0.23,0.239
R008,2025-02-22,ING007,Flour,10,15,0.02,3.17,0.36,0.212
R008,2025-02-22,ING008,Bread,8,4,3.24,6.98,1.01,0.32
R008,2025-02-22,ING009,Lettuce,2,3,3.18,4.9,0.82,0.195
R008,2025-02-22,ING010,Cheese,4,5,5.92,8.66,1.67,0.161
R008,2025-02-23,ING001,Rice,12,3,3.32,4.66,0.92,0.218
R008,2025-02-23,ING002,Chicken,2,2,1.06,4.76,0.39,0.071
R008,2025-02-23,ING003,Paneer,3,4,2.25,3.87,0.31,0.085
R008,2025-02-23,ING004,Onion,5,7,2.12,3.49,0.39,0.118
R008,2025-02-23,ING005,Tomato,4,5,0.0,3.26,0.87,0.062
R008,2025-02-23,ING006,Oil,20,30,1.58,4.31,0.59,0.102
R008,2025-02-23,ING007,Flour,10,15,1.5,3.78,0.78,0.188
R008,2025-02-23,ING008,Bread,8,4,0.0,2.37,0.45,0.172
R008,2025-02-23,ING009,Lettuce,2,3,0.0,1.17,0.94,0.06
R008,2025-02-23,ING010,Cheese,4,5,4.67,6.62,0.74,0.088
R008,2025-02-24,ING001,Rice,12,3,2.32,5.23,0.7,0.173
R008,2025-02-24,ING002,Chicken,2,2,0.0,1.42,0.13,0.154
R008,2025-02-24,ING003,Paneer,3,4,0.13,0.99,0.0,0.066
R008,2025-02-24,ING004,Onion,5,7,1.39,2.31,0.2,0.193
R008,2025-02-24,ING005,Tomato,4,5,0.04,3.52,0.19,0.244
R008,2025-02-24,ING006,Oil,20,30,0.0,2.62,0.55,0.071
R008,2025-02-24,ING007,Flour,10,15,0.0,0.33,0.19,0.041
R008,2025-02-24,ING008,Bread,8,4,1.09,1.85,0.46,0.025
R008,2025-02-24,ING009,Lettuce,2,3,0.0,2.62,0.61,0.235
R008,2025-02-24,ING010,Cheese,4,5,2.8,3.75,0.67,0.065
R008,2025-02-25,ING001,Rice,12,3,2.71,4.3,0.42,0.208
R008,2025-02-25,ING002,Chicken,2,2,0.0,3.2,0.0,0.285
R008,2025-02-25,ING003,Paneer,3,4,0.0,0.67,0.0,0.258
R008,2025-02-25,ING004,Onion,5,7,0.0,0.25,0.04,0.293
R008,2025-02-25,ING005,Tomato,4,5,1.9,3.68,0.14,0.19
R008,2025-02-25,ING006,Oil,20,30,2.22,4.58,0.75,0.268
R008,2025-02-25,ING007,Flour,10,15,1.38,4.06,0.2,0.264
R008,2025-02-25,ING008,Bread,8,4,0.51,2.2,0.51,0.218
R008,2025-02-25,ING009,Lettuce,2,3,0.0,1.73,0.61,0.335
R008,2025-02-25,ING010,Cheese,4,5,1.14,2.97,0.64,0.316
R008,2025-02-26,ING001,Rice,12,3,0.0,2.75,0.71,0.053
R008,2025-02-26,ING002,Chicken,2,2,0.0,2.35,0.16,0.242
R008,2025-02-26,ING003,Paneer,3,4,1.95,3.49,0.52,0.169
R008,2025-02-26,ING004,Onion,5,7,0.37,3.36,0.3,0.152
R008,2025-02-26,ING005,Tomato,4,5,0.87,3.59,0.03,0.128
R008,2025-02-26,ING006,Oil,20,30,0.13,0.48,0.34,0.046
R008,2025-02-26,ING007,Flour,10,15,2.47,4.93,0.97,0.106
R008,2025-02-26,ING008,Bread,8,4,4.72,6.11,1.01,0.084
R008,2025-02-26,ING009,Lettuce,2,3,0.0,0.89,0.13,0.2
R008,2025-02-26,ING010,Cheese,4,5,2.52,3.16,0.46,0.056
R008,2025-02-27,ING001,Rice,12,3,2.4,6.38,1.16,0.036
R008,2025-02-27,ING002,Chicken,2,2,0.0,1.24,0.35,0.033
R008,2025-02-27,ING003,Paneer,3,4,1.75,4.81,0.6,0.101
R008,2025-02-27,ING004,Onion,5,7,1.39,4.16,0.12,0.139
R008,2025-02-27,ING005,Tomato,4,5,1.67,2.15,0.0,0.006
R008,2025-02-27,ING006,Oil,20,30,1.76,3.8,0.59,0.024
R008,2025-02-27,ING007,Flour,10,15,0.27,2.38,0.42,0.127
R008,2025-02-27,ING008,Bread,8,4,4.44,5.33,0.95,0.245
R008,2025-02-27,ING009,Lettuce,2,3,2.41,6.03,0.57,0.081
R008,2025-02-27,ING010,Cheese,4,5,1.42,3.75,0.81,0.216
R008,2025-02-28,ING001,Rice,12,3,0.0,1.2,0.73,0.398
R008,2025-02-28,ING002,Chicken,2,2,1.16,3.34,0.17,0.192
R008,2025-02-28,ING003,Paneer,3,4,2.39,5.72,1.21,0.232
R008,2025-02-28,ING004,Onion,5,7,0.0,3.06,0.76,0.174
R008,2025-02-28,ING005,Tomato,4,5,1.46,5.27,0.42,0.363
R008,2025-02-28,ING006,Oil,20,30,0.18,2.55,0.32,0.174
R008,2025-02-28,ING007,Flour,10,15,3.88,4.49,0.7,0.331
R008,2025-02-28,ING008,Bread,8,4,3.84,4.47,0.46,0.368
R008,2025-02-28,ING009,Lettuce,2,3,1.88,5.32,1.08,0.204
R008,2025-02-28,ING010,Cheese,4,5,2.23,2.76,0.6,0.245
R008,2025-03-01,ING001,Rice,12,3,1.68,2.33,0.33,0.189
R008,2025-03-01,ING002,Chicken,2,2,4.37,6.64,1.15,0.386
R008,2025-03-01,ING003,Paneer,3,4,1.09,3.31,0.31,0.337
R008,2025-03-01,ING004,Onion,5,7,2.09,3.73,0.48,0.381
R008,2025-03-01,ING005,Tomato,4,5,5.41,6.96,1.22,0.34
R008,2025-03-01,ING006,Oil,20,30,1.33,4.91,0.41,0.386
R008,2025-03-01,ING007,Flour,10,15,3.95,7.5,1.66,0.156
R008,2025-03-01,ING008,Bread,8,4,3.87,5.43,0.95,0.273
R008,2025-03-01,ING009,Lettuce,2,3,1.82,2.41,0.62,0.372
R008,2025-03-01,ING010,Cheese,4,5,4.61,5.76,0.59,0.366
R008,2025-03-02,ING001,Rice,12,3,0.78,2.55,0.56,0.296
R008,2025-03-02,ING002,Chicken,2,2,2.65,6.4,0.87,0.166
R008,2025-03-02,ING003,Paneer,3,4,2.19,5.2,0.68,0.264
R008,2025-03-02,ING004,Onion,5,7,1.35,4.84,0.54,0.178
R008,2025-03-02,ING005,Tomato,4,5,1.48,3.61,0.49,0.318
R008,2025-03-02,ING006,Oil,20,30,1.43,3.61,0.67,0.391
R008,2025-03-02,ING007,Flour,10,15,5.4,9.2,1.38,0.288
R008,2025-03-02,ING008,Bread,8,4,1.29,1.9,0.16,0.312
R008,2025-03-02,ING009,Lettuce,2,3,2.81,2.96,0.54,0.25
R008,2025-03-02,ING010,Cheese,4,5,0.0,3.47,0.63,0.341
R008,2025-03-03,ING001,Rice,12,3,1.03,2.4,0.28,0.004
R008,2025-03-03,ING002,Chicken,2,2,2.8,4.72,0.29,0.029
R008,2025-03-03,ING003,Paneer,3,4,1.48,3.38,0.3,0.045
R008,2025-03-03,ING004,Onion,5,7,2.18,2.85,0.28,0.001
R008,2025-03-03,ING005,Tomato,4,5,2.77,4.45,0.62,0.136
R008,2025-03-03,ING006,Oil,20,30,1.6,3.85,1.02,0.058
R008,2025-03-03,ING007,Flour,10,15,4.69,7.97,0.89,0.098
R008,2025-03-03,ING008,Bread,8,4,1.37,2.4,0.88,0.142
R008,2025-03-03,ING009,Lettuce,2,3,3.19,6.12,1.17,0.015
R008,2025-03-03,ING010,Cheese,4,5,2.75,6.33,1.56,0.148
R008,2025-03-04,ING001,Rice,12,3,2.31,2.91,0.29,0.186
R008,2025-03-04,ING002,Chicken,2,2,0.37,4.23,0.84,0.042
R008,2025-03-04,ING003,Paneer,3,4,5.1,5.9,0.69,0.008
R008,2025-03-04,ING004,Onion,5,7,0.47,2.53,0.17,0.213
R008,2025-03-04,ING005,Tomato,4,5,0.9,4.18,1.04,0.204
R008,2025-03-04,ING006,Oil,20,30,1.44,3.79,1.16,0.205
R008,2025-03-04,ING007,Flour,10,15,1.69,4.09,0.43,0.029
R008,2025-03-04,ING008,Bread,8,4,0.0,0.06,0.0,0.109
R008,2025-03-04,ING009,Lettuce,2,3,0.45,1.08,0.0,0.168
R008,2025-03-04,ING010,Cheese,4,5,0.63,1.91,0.4,0.119
R008,2025-03-05,ING001,Rice,12,3,2.54,4.36,0.4,0.156
R008,2025-03-05,ING002,Chicken,2,2,0.0,1.94,1.14,0.252
R008,2025-03-05,ING003,Paneer,3,4,0.87,3.9,0.66,0.375
R008,2025-03-05,ING004,Onion,5,7,1.86,4.67,0.68,0.192
R008,2025-03-05,ING005,Tomato,4,5,0.0,2.3,0.18,0.308
R008,2025-03-05,ING006,Oil,20,30,2.37,6.16,0.66,0.334
R008,2025-03-05,ING007,Flour,10,15,3.8,4.65,0.56,0.164
R008,2025-03-05,ING008,Bread,8,4,1.86,2.46,0.91,0.329
R008,2025-03-05,ING009,Lettuce,2,3,0.0,1.55,0.06,0.248
R008,2025-03-05,ING010,Cheese,4,5,1.0,4.68,0.64,0.328
R008,2025-03-06,ING001,Rice,12,3,2.69,3.52,0.39,0.081
R008,2025-03-06,ING002,Chicken,2,2,2.22,4.42,1.62,0.087
R008,2025-03-06,ING003,Paneer,3,4,2.13,5.79,0.96,0.198
R008,2025-03-06,ING004,Onion,5,7,1.04,4.14,0.4,0.111
R008,2025-03-06,ING005,Tomato,4,5,2.36,4.43,0.7,0.036
R008,2025-03-06,ING006,Oil,20,30,3.99,5.06,0.82,0.048
R008,2025-03-06,ING007,Flour,10,15,0.0,2.91,0.39,0.025
R008,2025-03-06,ING008,Bread,8,4,3.1,5.62,0.51,0.209
R008,2025-03-06,ING009,Lettuce,2,3,2.0,4.23,0.66,0.055
R008,2025-03-06,ING010,Cheese,4,5,1.72,2.86,0.82,0.075
R008,2025-03-07,ING001,Rice,12,3,0.0,2.2,0.22,0.257
R008,2025-03-07,ING002,Chicken,2,2,3.66,5.79,1.04,0.396
R008,2025-03-07,ING003,Paneer,3,4,0.32,3.72,0.82,0.221
R008,2025-03-07,ING004,Onion,5,7,0.06,0.65,0.0,0.283
R008,2025-03-07,ING005,Tomato,4,5,2.6,5.32,1.11,0.358
R008,2025-03-07,ING006,Oil,20,30,0.0,3.38,0.82,0.372
R008,2025-03-07,ING007,Flour,10,15,3.4,3.79,1.05,0.197
R008,2025-03-07,ING008,Bread,8,4,1.87,2.52,0.22,0.206
R008,2025-03-07,ING009,Lettuce,2,3,2.22,4.92,0.66,0.153
R008,2025-03-07,ING010,Cheese,4,5,0.45,0.49,0.0,0.15
R008,2025-03-08,ING001,Rice,12,3,0.0,2.97,0.08,0.275
R008,2025-03-08,ING002,Chicken,2,2,2.71,4.9,0.91,0.186
R008,2025-03-08,ING003,Paneer,3,4,0.86,2.08,0.68,0.259
R008,2025-03-08,ING004,Onion,5,7,4.82,5.05,0.68,0.361
R008,2025-03-08,ING005,Tomato,4,5,0.0,1.44,0.42,0.17
R008,2025-03-08,ING006,Oil,20,30,3.07,4.79,1.11,0.161
R008,2025-03-08,ING007,Flour,10,15,4.4,5.9,0.56,0.391
R008,2025-03-08,ING008,Bread,8,4,2.76,4.15,0.69,0.18
R008,2025-03-08,ING009,Lettuce,2,3,1.94,3.09,0.13,0.202
R008,2025-03-08,ING010,Cheese,4,5,0.0,2.52,0.42,0.228
R008,2025-03-09,ING001,Rice,12,3,4.07,4.93,0.48,0.018
R008,2025-03-09,ING002,Chicken,2,2,2.87,6.74,1.02,0.132
R008,2025-03-09,ING003,Paneer,3,4,1.84,5.38,0.95,0.041
R008,2025-03-09,ING004,Onion,5,7,0.32,3.45,0.47,0.122
R008,2025-03-09,ING005,Tomato,4,5,0.11,3.31,0.68,0.092
R008,2025-03-09,ING006,Oil,20,30,1.75,2.47,0.53,0.072
R008,2025-03-09,ING007,Flour,10,15,1.29,4.83,0.8,0.11
R008,2025-03-09,ING008,Bread,8,4,2.69,6.1,0.8,0.002
R008,2025-03-09,ING009,Lettuce,2,3,4.42,6.7,1.05,0.14
R008,2025-03-09,ING010,Cheese,4,5,4.46,6.28,0.95,0.052
R008,2025-03-10,ING001,Rice,12,3,0.93,2.69,0.19,0.364
R008,2025-03-10,ING002,Chicken,2,2,0.0,3.12,0.27,0.25
R008,2025-03-10,ING003,Paneer,3,4,2.42,2.66,0.24,0.2
R008,2025-03-10,ING004,Onion,5,7,3.03,6.13,0.73,0.204
R008,2025-03-10,ING005,Tomato,4,5,2.33,5.44,1.1,0.179
R008,2025-03-10,ING006,Oil,20,30,0.61,0.62,0.08,0.268
R008,2025-03-10,ING007,Flour,10,15,0.73,4.1,0.64,0.235
R008,2025-03-10,ING008,Bread,8,4,0.28,1.46,0.0,0.255
R008,2025-03-10,ING009,Lettuce,2,3,1.64,3.82,0.84,0.293
R008,2025-03-10,ING010,Cheese,4,5,0.11,3.69,0.05,0.245
R008,2025-03-11,ING001,Rice,12,3,1.08,2.24,0.03,0.199
R008,2025-03-11,ING002,Chicken,2,2,2.85,3.68,1.01,0.204
R008,2025-03-11,ING003,Paneer,3,4,2.82,4.74,0.6,0.263
R008,2025-03-11,ING004,Onion,5,7,4.23,4.58,0.0,0.369
R008,2025-03-11,ING005,Tomato,4,5,2.15,5.29,0.8,0.246
R008,2025-03-11,ING006,Oil,20,30,3.62,4.45,0.77,0.223
R008,2025-03-11,ING007,Flour,10,15,1.65,4.15,0.93,0.362
R008,2025-03-11,ING008,Bread,8,4,2.18,5.6,1.13,0.348
R008,2025-03-11,ING009,Lettuce,2,3,0.0,3.33,0.0,0.375
R008,2025-03-11,ING010,Cheese,4,5,0.0,2.87,0.31,0.383
R008,2025-03-12,ING001,Rice,12,3,2.36,5.03,0.69,0.206
R008,2025-03-12,ING002,Chicken,2,2,2.22,2.97,0.48,0.184
R008,2025-03-12,ING003,Paneer,3,4,2.38,3.07,0.32,0.111
R008,2025-03-12,ING004,Onion,5,7,1.11,2.16,0.13,0.207
R008,2025-03-12,ING005,Tomato,4,5,1.72,1.83,0.2,0.184
R008,2025-03-12,ING006,Oil,20,30,0.18,3.71,0.77,0.032
R008,2025-03-12,ING007,Flour,10,15,1.15,3.52,0.39,0.07
R008,2025-03-12,ING008,Bread,8,4,1.73,4.24,1.33,0.225
R008,2025-03-12,ING009,Lettuce,2,3,2.81,6.25,1.13,0.031
R008,2025-03-12,ING010,Cheese,4,5,5.4,7.17,1.22,0.208
R008,2025-03-13,ING001,Rice,12,3,1.99,4.95,0.79,0.346
R008,2025-03-13,ING002,Chicken,2,2,0.0,2.59,0.01,0.351
R008,2025-03-13,ING003,Paneer,3,4,1.97,2.41,0.46,0.333
R008,2025-03-13,ING004,Onion,5,7,0.0,3.73,0.11,0.224
R008,2025-03-13,ING005,Tomato,4,5,0.85,2.78,0.02,0.223
R008,2025-03-13,ING006,Oil,20,30,0.35,3.87,0.48,0.269
R008,2025-03-13,ING007,Flour,10,15,2.03,3.89,0.56,0.24
R008,2025-03-13,ING008,Bread,8,4,2.52,5.56,0.75,0.352
R008,2025-03-13,ING009,Lettuce,2,3,0.46,4.45,0.98,0.379
R008,2025-03-13,ING010,Cheese,4,5,1.98,2.5,0.22,0.251
R008,2025-03-14,ING001,Rice,12,3,0.0,2.05,0.46,0.229
R008,2025-03-14,ING002,Chicken,2,2,5.84,7.86,0.89,0.087
R008,2025-03-14,ING003,Paneer,3,4,3.75,4.25,0.77,0.181
R008,2025-03-14,ING004,Onion,5,7,2.35,6.2,0.96,0.215
R008,2025-03-14,ING005,Tomato,4,5,0.0,1.41,0.27,0.248
R008,2025-03-14,ING006,Oil,20,30,1.21,5.14,0.52,0.084
R008,2025-03-14,ING007,Flour,10,15,4.42,6.1,1.06,0.051
R008,2025-03-14,ING008,Bread,8,4,0.43,1.39,0.31,0.001
R008,2025-03-14,ING009,Lettuce,2,3,1.5,4.54,0.44,0.009
R008,2025-03-14,ING010,Cheese,4,5,0.99,2.34,0.49,0.147
R008,2025-03-15,ING001,Rice,12,3,4.23,5.83,1.85,0.025
R008,2025-03-15,ING002,Chicken,2,2,3.39,5.69,0.98,0.108
R008,2025-03-15,ING003,Paneer,3,4,3.41,5.42,1.11,0.112
R008,2025-03-15,ING004,Onion,5,7,2.38,4.14,0.8,0.217
R008,2025-03-15,ING005,Tomato,4,5,2.3,3.61,0.6,0.114
R008,2025-03-15,ING006,Oil,20,30,4.3,4.41,0.81,0.107
R008,2025-03-15,ING007,Flour,10,15,0.0,3.96,0.79,0.213
R008,2025-03-15,ING008,Bread,8,4,2.62,5.45,0.92,0.052
R008,2025-03-15,ING009,Lettuce,2,3,5.69,7.89,1.44,0.228
R008,2025-03-15,ING010,Cheese,4,5,3.67,5.21,0.88,0.116
R008,2025-03-16,ING001,Rice,12,3,1.23,3.88,0.42,0.146
R008,2025-03-16,ING002,Chicken,2,2,3.21,5.42,0.51,0.147
R008,2025-03-16,ING003,Paneer,3,4,2.92,3.19,0.75,0.072
R008,2025-03-16,ING004,Onion,5,7,2.32,2.95,0.0,0.134
R008,2025-03-16,ING005,Tomato,4,5,1.99,3.76,0.39,0.153
R008,2025-03-16,ING006,Oil,20,30,1.11,3.7,0.12,0.009
R008,2025-03-16,ING007,Flour,10,15,0.0,0.23,0.0,0.001
R008,2025-03-16,ING008,Bread,8,4,1.95,4.37,0.7,0.06
R008,2025-03-16,ING009,Lettuce,2,3,0.93,4.49,0.24,0.204
R008,2025-03-16,ING010,Cheese,4,5,0.0,0.43,0.72,0.076
R008,2025-03-17,ING001,Rice,12,3,2.3,3.56,0.5,0.032
R008,2025-03-17,ING002,Chicken,2,2,0.0,0.8,0.18,0.016
R008,2025-03-17,ING003,Paneer,3,4,0.94,3.36,0.26,0.02
R008,2025-03-17,ING004,Onion,5,7,0.0,2.4,0.63,0.021
R008,2025-03-17,ING005,Tomato,4,5,1.21,3.81,0.59,0.078
R008,2025-03-17,ING006,Oil,20,30,0.0,3.47,0.37,0.114
R008,2025-03-17,ING007,Flour,10,15,1.3,2.07,0.0,0.132
R008,2025-03-17,ING008,Bread,8,4,2.62,5.56,1.34,0.002
R008,2025-03-17,ING009,Lettuce,2,3,2.01,4.31,0.86,0.208
R008,2025-03-17,ING010,Cheese,4,5,1.15,1.46,0.52,0.154
R008,2025-03-18,ING001,Rice,12,3,2.97,5.02,0.43,0.094
R008,2025-03-18,ING002,Chicken,2,2,3.83,5.64,0.63,0.224
R008,2025-03-18,ING003,Paneer,3,4,2.85,6.1,0.73,0.203
R008,2025-03-18,ING004,Onion,5,7,4.04,5.37,0.84,0.01
R008,2025-03-18,ING005,Tomato,4,5,2.57,4.43,0.61,0.054
R008,2025-03-18,ING006,Oil,20,30,2.86,5.96,1.16,0.155
R008,2025-03-18,ING007,Flour,10,15,3.84,6.23,0.52,0.188
R008,2025-03-18,ING008,Bread,8,4,0.0,3.05,0.0,0.002
R008,2025-03-18,ING009,Lettuce,2,3,2.57,2.8,0.31,0.022
R008,2025-03-18,ING010,Cheese,4,5,2.13,4.88,0.46,0.212
R008,2025-03-19,ING001,Rice,12,3,0.7,3.15,0.52,0.274
R008,2025-03-19,ING002,Chicken,2,2,0.0,3.41,0.15,0.383
R008,2025-03-19,ING003,Paneer,3,4,1.41,2.95,0.25,0.265
R008,2025-03-19,ING004,Onion,5,7,2.58,4.79,1.19,0.357
R008,2025-03-19,ING005,Tomato,4,5,0.57,2.59,0.21,0.322
R008,2025-03-19,ING006,Oil,20,30,1.28,4.41,0.38,0.304
R008,2025-03-19,ING007,Flour,10,15,0.97,2.47,0.41,0.336
R008,2025-03-19,ING008,Bread,8,4,4.42,6.47,0.89,0.237
R008,2025-03-19,ING009,Lettuce,2,3,0.0,2.96,0.1,0.205
R008,2025-03-19,ING010,Cheese,4,5,1.04,2.55,0.43,0.273
R008,2025-03-20,ING001,Rice,12,3,3.76,4.12,0.66,0.394
R008,2025-03-20,ING002,Chicken,2,2,0.42,1.3,0.19,0.366
R008,2025-03-20,ING003,Paneer,3,4,2.28,5.34,0.94,0.269
R008,2025-03-20,ING004,Onion,5,7,0.0,3.68,0.54,0.241
R008,2025-03-20,ING005,Tomato,4,5,1.82,3.67,0.89,0.264
R008,2025-03-20,ING006,Oil,20,30,0.0,2.3,0.35,0.329
R008,2025-03-20,ING007,Flour,10,15,0.5,3.54,0.33,0.249
R008,2025-03-20,ING008,Bread,8,4,1.02,1.52,0.57,0.34
R008,2025-03-20,ING009,Lettuce,2,3,1.58,2.46,0.33,0.372
R008,2025-03-20,ING010,Cheese,4,5,3.35,5.93,0.85,0.22
R008,2025-03-21,ING001,Rice,12,3,0.0,0.15,1.05,0.242
R008,2025-03-21,ING002,Chicken,2,2,0.0,3.05,0.52,0.188
R008,2025-03-21,ING003,Paneer,3,4,3.1,6.94,0.88,0.352
R008,2025-03-21,ING004,Onion,5,7,0.53,0.56,0.57,0.164
R008,2025-03-21,ING005,Tomato,4,5,2.85,6.66,0.82,0.303
R008,2025-03-21,ING006,Oil,20,30,0.3,2.14,0.0,0.201
R008,2025-03-21,ING007,Flour,10,15,0.36,0.64,0.08,0.274
R008,2025-03-21,ING008,Bread,8,4,2.33,2.52,0.16,0.383
R008,2025-03-21,ING009,Lettuce,2,3,2.49,2.81,0.74,0.189
R008,2025-03-21,ING010,Cheese,4,5,1.1,3.21,0.09,0.222
R008,2025-03-22,ING001,Rice,12,3,1.73,3.03,0.27,0.205
R008,2025-03-22,ING002,Chicken,2,2,2.81,5.18,0.27,0.249
R008,2025-03-22,ING003,Paneer,3,4,2.75,6.49,0.43,0.35
R008,2025-03-22,ING004,Onion,5,7,3.15,6.59,0.41,0.156
R008,2025-03-22,ING005,Tomato,4,5,1.12,4.82,0.76,0.312
R008,2025-03-22,ING006,Oil,20,30,1.35,3.67,0.0,0.218
R008,2025-03-22,ING007,Flour,10,15,0.0,1.51,0.35,0.169
R008,2025-03-22,ING008,Bread,8,4,1.35,1.37,0.0,0.388
R008,2025-03-22,ING009,Lettuce,2,3,2.68,5.21,0.82,0.168
R008,2025-03-22,ING010,Cheese,4,5,1.11,4.29,0.37,0.311
R008,2025-03-23,ING001,Rice,12,3,1.17,4.1,0.06,0.155
R008,2025-03-23,ING002,Chicken,2,2,0.0,1.06,0.3,0.328
R008,2025-03-23,ING003,Paneer,3,4,1.75,5.49,0.96,0.151
R008,2025-03-23,ING004,Onion,5,7,0.85,2.69,0.98,0.299
R008,2025-03-23,ING005,Tomato,4,5,0.53,4.44,0.62,0.261
R008,2025-03-23,ING006,Oil,20,30,1.89,5.43,0.95,0.152
R008,2025-03-23,ING007,Flour,10,15,0.38,3.45,0.0,0.166
R008,2025-03-23,ING008,Bread,8,4,0.78,4.17,0.81,0.276
R008,2025-03-23,ING009,Lettuce,2,3,3.6,4.55,0.57,0.366
R008,2025-03-23,ING010,Cheese,4,5,3.07,3.6,1.02,0.177
R008,2025-03-24,ING001,Rice,12,3,0.34,3.54,0.56,0.134
R008,2025-03-24,ING002,Chicken,2,2,0.0,3.53,0.35,0.141
R008,2025-03-24,ING003,Paneer,3,4,4.14,7.78,1.06,0.097
R008,2025-03-24,ING004,Onion,5,7,2.49,6.09,0.2,0.138
R008,2025-03-24,ING005,Tomato,4,5,1.16,2.6,0.0,0.109
R008,2025-03-24,ING006,Oil,20,30,1.94,4.06,0.71,0.172
R008,2025-03-24,ING007,Flour,10,15,2.53,4.48,0.75,0.168
R008,2025-03-24,ING008,Bread,8,4,1.41,5.38,1.31,0.128
R008,2025-03-24,ING009,Lettuce,2,3,0.0,2.06,0.28,0.025
R008,2025-03-24,ING010,Cheese,4,5,1.23,2.25,0.52,0.074
R008,2025-03-25,ING001,Rice,12,3,2.93,4.57,0.75,0.181
R008,2025-03-25,ING002,Chicken,2,2,0.0,0.1,0.32,0.046
R008,2025-03-25,ING003,Paneer,3,4,2.64,4.3,0.75,0.174
R008,2025-03-25,ING004,Onion,5,7,1.76,4.09,0.92,0.246
R008,2025-03-25,ING005,Tomato,4,5,1.58,4.37,0.79,0.014
R008,2025-03-25,ING006,Oil,20,30,2.63,4.48,0.72,0.015
R008,2025-03-25,ING007,Flour,10,15,0.14,0.94,0.24,0.131
R008,2025-03-25,ING008,Bread,8,4,1.33,1.64,0.66,0.096
R008,2025-03-25,ING009,Lettuce,2,3,3.46,5.37,1.09,0.182
R008,2025-03-25,ING010,Cheese,4,5,1.58,4.64,1.29,0.185
R008,2025-03-26,ING001,Rice,12,3,0.0,3.71,0.27,0.062
R008,2025-03-26,ING002,Chicken,2,2,1.26,1.86,0.26,0.072
R008,2025-03-26,ING003,Paneer,3,4,1.78,4.6,0.9,0.0
R008,2025-03-26,ING004,Onion,5,7,2.31,4.33,0.17,0.145
R008,2025-03-26,ING005,Tomato,4,5,3.83,7.5,1.07,0.138
R008,2025-03-26,ING006,Oil,20,30,3.31,4.13,0.86,0.182
R008,2025-03-26,ING007,Flour,10,15,1.87,5.65,0.55,0.049
R008,2025-03-26,ING008,Bread,8,4,2.08,3.45,0.9,0.203
R008,2025-03-26,ING009,Lettuce,2,3,3.96,6.27,1.03,0.056
R008,2025-03-26,ING010,Cheese,4,5,0.87,2.75,0.42,0.075
R008,2025-03-27,ING001,Rice,12,3,0.49,3.7,0.2,0.163
R008,2025-03-27,ING002,Chicken,2,2,3.1,4.72,0.56,0.222
R008,2025-03-27,ING003,Paneer,3,4,0.0,1.74,0.14,0.077
R008,2025-03-27,ING004,Onion,5,7,2.08,5.6,1.21,0.244
R008,2025-03-27,ING005,Tomato,4,5,1.6,4.79,1.09,0.114
R008,2025-03-27,ING006,Oil,20,30,0.8,1.51,0.23,0.152
R008,2025-03-27,ING007,Flour,10,15,0.7,4.38,0.91,0.029
R008,2025-03-27,ING008,Bread,8,4,1.06,1.79,0.19,0.182
R008,2025-03-27,ING009,Lettuce,2,3,0.65,2.72,0.32,0.156
R008,2025-03-27,ING010,Cheese,4,5,1.26,1.73,0.37,0.239
R008,2025-03-28,ING001,Rice,12,3,0.0,2.82,0.15,0.205
R008,2025-03-28,ING002,Chicken,2,2,1.63,4.52,0.22,0.072
R008,2025-03-28,ING003,Paneer,3,4,3.33,4.07,1.08,0.145
R008,2025-03-28,ING004,Onion,5,7,3.91,6.4,0.9,0.174
R008,2025-03-28,ING005,Tomato,4,5,0.0,1.23,0.0,0.233
R008,2025-03-28,ING006,Oil,20,30,0.94,2.73,0.06,0.043
R008,2025-03-28,ING007,Flour,10,15,2.74,4.93,0.16,0.035
R008,2025-03-28,ING008,Bread,8,4,0.66,2.07,0.1,0.014
R008,2025-03-28,ING009,Lettuce,2,3,3.95,4.62,0.5,0.219
R008,2025-03-28,ING010,Cheese,4,5,1.67,4.53,0.69,0.247
R008,2025-03-29,ING001,Rice,12,3,0.53,1.89,0.52,0.129
R008,2025-03-29,ING002,Chicken,2,2,1.34,5.01,0.87,0.089
R008,2025-03-29,ING003,Paneer,3,4,2.06,3.01,0.07,0.196
R008,2025-03-29,ING004,Onion,5,7,3.78,5.75,1.67,0.147
R008,2025-03-29,ING005,Tomato,4,5,2.21,3.32,0.44,0.163
R008,2025-03-29,ING006,Oil,20,30,2.67,4.15,0.77,0.114
R008,2025-03-29,ING007,Flour,10,15,1.39,3.15,0.51,0.014
R008,2025-03-29,ING008,Bread,8,4,2.63,3.46,0.51,0.072
R008,2025-03-29,ING009,Lettuce,2,3,3.42,5.0,1.07,0.122
R008,2025-03-29,ING010,Cheese,4,5,2.46,3.17,0.77,0.107
R008,2025-03-30,ING001,Rice,12,3,1.3,2.61,0.32,0.025
R008,2025-03-30,ING002,Chicken,2,2,0.0,2.76,0.12,0.098
R008,2025-03-30,ING003,Paneer,3,4,0.0,0.03,0.0,0.018
R008,2025-03-30,ING004,Onion,5,7,1.12,1.43,0.19,0.131
R008,2025-03-30,ING005,Tomato,4,5,0.33,2.65,0.81,0.19
R008,2025-03-30,ING006,Oil,20,30,0.94,1.5,0.08,0.038
R008,2025-03-30,ING007,Flour,10,15,1.6,2.04,0.29,0.202
R008,2025-03-30,ING008,Bread,8,4,1.58,4.71,1.14,0.231
R008,2025-03-30,ING009,Lettuce,2,3,1.75,2.56,0.24,0.208
R008,2025-03-30,ING010,Cheese,4,5,0.9,2.57,0.9,0.195
R008,2025-03-31,ING001,Rice,12,3,0.49,3.51,0.77,0.374
R008,2025-03-31,ING002,Chicken,2,2,1.25,5.01,0.77,0.332
R008,2025-03-31,ING003,Paneer,3,4,1.61,4.93,0.66,0.272
R008,2025-03-31,ING004,Onion,5,7,0.0,3.79,0.31,0.154
R008,2025-03-31,ING005,Tomato,4,5,2.62,5.02,0.78,0.223
R008,2025-03-31,ING006,Oil,20,30,0.53,2.67,0.6,0.328
R008,2025-03-31,ING007,Flour,10,15,0.04,2.08,0.26,0.279
R008,2025-03-31,ING008,Bread,8,4,0.0,3.78,0.49,0.218
R008,2025-03-31,ING009,Lettuce,2,3,3.03,5.55,0.5,0.254
R008,2025-03-31,ING010,Cheese,4,5,0.0,1.53,0.37,0.184
R009,2025-01-01,ING001,Rice,12,3,0.84,1.11,0.0,0.157
R009,2025-01-01,ING002,Chicken,2,2,0.05,2.22,0.24,0.3
R009,2025-01-01,ING003,Paneer,3,4,0.34,1.3,0.76,0.394
R009,2025-01-01,ING004,Onion,5,7,4.11,5.68,0.99,0.254
R009,2025-01-01,ING005,Tomato,4,5,3.58,5.22,0.33,0.201
R009,2025-01-01,ING006,Oil,20,30,1.03,3.03,0.45,0.287
R009,2025-01-01,ING007,Flour,10,15,1.19,1.88,0.0,0.19
R009,2025-01-01,ING008,Bread,8,4,2.15,2.28,0.04,0.179
R009,2025-01-01,ING009,Lettuce,2,3,0.0,1.2,0.14,0.343
R009,2025-01-01,ING010,Cheese,4,5,0.3,0.98,0.84,0.205
R009,2025-01-02,ING001,Rice,12,3,1.18,1.9,0.91,0.26
R009,2025-01-02,ING002,Chicken,2,2,0.91,1.33,0.0,0.361
R009,2025-01-02,ING003,Paneer,3,4,2.76,2.86,0.59,0.24
R009,2025-01-02,ING004,Onion,5,7,2.19,2.62,0.41,0.27
R009,2025-01-02,ING005,Tomato,4,5,1.44,5.24,0.88,0.283
R009,2025-01-02,ING006,Oil,20,30,2.55,3.56,0.83,0.359
R009,2025-01-02,ING007,Flour,10,15,4.01,7.3,1.1,0.239
R009,2025-01-02,ING008,Bread,8,4,2.72,6.64,1.13,0.159
R009,2025-01-02,ING009,Lettuce,2,3,1.31,5.08,0.6,0.237
R009,2025-01-02,ING010,Cheese,4,5,0.92,1.38,0.0,0.271
R009,2025-01-03,ING001,Rice,12,3,0.81,3.34,0.26,0.2
R009,2025-01-03,ING002,Chicken,2,2,0.76,1.13,0.07,0.211
R009,2025-01-03,ING003,Paneer,3,4,0.9,1.92,0.32,0.087
R009,2025-01-03,ING004,Onion,5,7,2.43,2.78,0.0,0.231
R009,2025-01-03,ING005,Tomato,4,5,1.94,3.27,0.89,0.011
R009,2025-01-03,ING006,Oil,20,30,3.78,6.48,0.72,0.024
R009,2025-01-03,ING007,Flour,10,15,2.51,4.46,0.8,0.241
R009,2025-01-03,ING008,Bread,8,4,1.88,4.46,0.02,0.157
R009,2025-01-03,ING009,Lettuce,2,3,3.09,4.04,0.85,0.244
R009,2025-01-03,ING010,Cheese,4,5,0.45,4.28,0.3,0.071
R009,2025-01-04,ING001,Rice,12,3,0.92,1.85,0.0,0.036
R009,2025-01-04,ING002,Chicken,2,2,4.43,7.33,0.65,0.064
R009,2025-01-04,ING003,Paneer,3,4,4.78,6.88,0.62,0.131
R009,2025-01-04,ING004,Onion,5,7,4.79,5.3,1.0,0.047
R009,2025-01-04,ING005,Tomato,4,5,1.17,3.32,0.29,0.096
R009,2025-01-04,ING006,Oil,20,30,3.16,3.53,0.3,0.24
R009,2025-01-04,ING007,Flour,10,15,5.41,8.76,1.83,0.034
R009,2025-01-04,ING008,Bread,8,4,1.05,1.34,0.26,0.075
R009,2025-01-04,ING009,Lettuce,2,3,2.18,2.32,0.31,0.147
R009,2025-01-04,ING010,Cheese,4,5,1.5,3.7,0.12,0.246
R009,2025-01-05,ING001,Rice,12,3,3.84,7.19,1.03,0.329
R009,2025-01-05,ING002,Chicken,2,2,5.37,5.79,0.58,0.19
R009,2025-01-05,ING003,Paneer,3,4,0.0,2.29,0.56,0.305
R009,2025-01-05,ING004,Onion,5,7,1.08,1.09,0.28,0.175
R009,2025-01-05,ING005,Tomato,4,5,2.4,5.97,0.76,0.278
R009,2025-01-05,ING006,Oil,20,30,5.96,6.31,1.16,0.243
R009,2025-01-05,ING007,Flour,10,15,4.54,7.06,1.14,0.279
R009,2025-01-05,ING008,Bread,8,4,2.29,4.91,0.57,0.284
R009,2025-01-05,ING009,Lettuce,2,3,3.2,6.8,0.58,0.317
R009,2025-01-05,ING010,Cheese,4,5,2.45,3.43,1.18,0.385
R009,2025-01-06,ING001,Rice,12,3,0.7,4.52,0.44,0.14
R009,2025-01-06,ING002,Chicken,2,2,1.34,2.53,0.43,0.004
R009,2025-01-06,ING003,Paneer,3,4,1.74,4.26,0.8,0.051
R009,2025-01-06,ING004,Onion,5,7,0.21,0.48,0.1,0.198
R009,2025-01-06,ING005,Tomato,4,5,0.0,0.55,0.58,0.071
R009,2025-01-06,ING006,Oil,20,30,2.53,6.06,1.0,0.074
R009,2025-01-06,ING007,Flour,10,15,0.49,3.81,0.74,0.126
R009,2025-01-06,ING008,Bread,8,4,4.49,7.8,1.45,0.187
R009,2025-01-06,ING009,Lettuce,2,3,1.99,5.82,0.87,0.097
R009,2025-01-06,ING010,Cheese,4,5,1.48,2.51,0.01,0.173
R009,2025-01-07,ING001,Rice,12,3,5.07,5.11,0.42,0.067
R009,2025-01-07,ING002,Chicken,2,2,1.54,3.64,0.84,0.044
R009,2025-01-07,ING003,Paneer,3,4,3.16,6.3,1.09,0.237
R009,2025-01-07,ING004,Onion,5,7,2.78,6.76,1.11,0.203
R009,2025-01-07,ING005,Tomato,4,5,3.53,4.21,0.72,0.206
R009,2025-01-07,ING006,Oil,20,30,1.53,3.35,0.54,0.026
R009,2025-01-07,ING007,Flour,10,15,3.67,4.32,0.56,0.127
R009,2025-01-07,ING008,Bread,8,4,2.76,3.57,0.63,0.096
R009,2025-01-07,ING009,Lettuce,2,3,4.19,4.66,0.55,0.047
R009,2025-01-07,ING010,Cheese,4,5,3.47,5.64,0.96,0.109
R009,2025-01-08,ING001,Rice,12,3,2.65,3.75,0.21,0.387
R009,2025-01-08,ING002,Chicken,2,2,1.76,4.56,0.58,0.388
R009,2025-01-08,ING003,Paneer,3,4,2.04,4.57,0.27,0.381
R009,2025-01-08,ING004,Onion,5,7,0.97,1.76,0.0,0.317
R009,2025-01-08,ING005,Tomato,4,5,3.32,4.49,0.02,0.371
R009,2025-01-08,ING006,Oil,20,30,1.21,1.7,0.43,0.363
R009,2025-01-08,ING007,Flour,10,15,3.1,4.33,0.91,0.287
R009,2025-01-08,ING008,Bread,8,4,4.52,5.48,0.37,0.259
R009,2025-01-08,ING009,Lettuce,2,3,0.0,2.28,0.21,0.176
R009,2025-01-08,ING010,Cheese,4,5,2.25,3.6,0.57,0.294
R009,2025-01-09,ING001,Rice,12,3,2.55,4.75,0.62,0.167
R009,2025-01-09,ING002,Chicken,2,2,4.6,7.81,1.06,0.091
R009,2025-01-09,ING003,Paneer,3,4,0.87,1.35,0.6,0.059
R009,2025-01-09,ING004,Onion,5,7,2.08,3.73,0.9,0.03
R009,2025-01-09,ING005,Tomato,4,5,1.13,3.41,0.35,0.162
R009,2025-01-09,ING006,Oil,20,30,1.91,3.03,0.12,0.183
R009,2025-01-09,ING007,Flour,10,15,1.65,2.53,0.33,0.138
R009,2025-01-09,ING008,Bread,8,4,1.36,2.9,0.29,0.044
R009,2025-01-09,ING009,Lettuce,2,3,3.69,5.01,0.4,0.232
R009,2025-01-09,ING010,Cheese,4,5,3.86,4.71,0.43,0.198
R009,2025-01-10,ING001,Rice,12,3,3.87,3.95,0.43,0.376
R009,2025-01-10,ING002,Chicken,2,2,1.79,2.75,1.18,0.217
R009,2025-01-10,ING003,Paneer,3,4,2.74,3.46,0.99,0.355
R009,2025-01-10,ING004,Onion,5,7,0.0,2.11,0.32,0.312
R009,2025-01-10,ING005,Tomato,4,5,1.99,2.03,0.0,0.339
R009,2025-01-10,ING006,Oil,20,30,3.82,5.44,0.61,0.367
R009,2025-01-10,ING007,Flour,10,15,4.31,5.1,0.65,0.277
R009,2025-01-10,ING008,Bread,8,4,3.04,5.52,0.75,0.167
R009,2025-01-10,ING009,Lettuce,2,3,3.01,5.23,0.97,0.355
R009,2025-01-10,ING010,Cheese,4,5,5.29,5.57,1.05,0.284
R009,2025-01-11,ING001,Rice,12,3,3.56,6.12,1.26,0.004
R009,2025-01-11,ING002,Chicken,2,2,0.36,2.68,0.34,0.086
R009,2025-01-11,ING003,Paneer,3,4,3.66,7.62,1.29,0.119
R009,2025-01-11,ING004,Onion,5,7,3.4,3.42,0.28,0.027
R009,2025-01-11,ING005,Tomato,4,5,3.0,4.69,0.66,0.227
R009,2025-01-11,ING006,Oil,20,30,5.38,5.71,0.66,0.11
R009,2025-01-11,ING007,Flour,10,15,3.1,4.5,0.27,0.238
R009,2025-01-11,ING008,Bread,8,4,1.39,4.17,0.76,0.05
R009,2025-01-11,ING009,Lettuce,2,3,0.94,1.97,0.66,0.01
R009,2025-01-11,ING010,Cheese,4,5,2.4,4.04,1.06,0.12
R009,2025-01-12,ING001,Rice,12,3,4.43,6.13,0.66,0.046
R009,2025-01-12,ING002,Chicken,2,2,3.67,5.16,0.86,0.162
R009,2025-01-12,ING003,Paneer,3,4,2.76,5.22,0.41,0.188
R009,2025-01-12,ING004,Onion,5,7,3.17,6.34,1.14,0.098
R009,2025-01-12,ING005,Tomato,4,5,3.14,5.29,0.73,0.18
R009,2025-01-12,ING006,Oil,20,30,1.36,1.94,0.28,0.142
R009,2025-01-12,ING007,Flour,10,15,3.49,5.68,1.18,0.107
R009,2025-01-12,ING008,Bread,8,4,0.17,2.87,0.46,0.082
R009,2025-01-12,ING009,Lettuce,2,3,1.44,1.64,0.35,0.023
R009,2025-01-12,ING010,Cheese,4,5,2.21,5.37,0.8,0.225
R009,2025-01-13,ING001,Rice,12,3,3.3,4.64,0.06,0.28
R009,2025-01-13,ING002,Chicken,2,2,3.04,3.72,0.26,0.347
R009,2025-01-13,ING003,Paneer,3,4,2.68,5.48,1.39,0.194
R009,2025-01-13,ING004,Onion,5,7,3.43,4.59,0.68,0.356
R009,2025-01-13,ING005,Tomato,4,5,1.24,4.86,0.64,0.287
R009,2025-01-13,ING006,Oil,20,30,2.91,3.65,0.47,0.316
R009,2025-01-13,ING007,Flour,10,15,2.02,4.23,1.01,0.205
R009,2025-01-13,ING008,Bread,8,4,2.72,6.51,0.99,0.253
R009,2025-01-13,ING009,Lettuce,2,3,4.46,7.26,0.95,0.222
R009,2025-01-13,ING010,Cheese,4,5,3.29,7.21,1.21,0.324
R009,2025-01-14,ING001,Rice,12,3,2.49,5.13,1.02,0.034
R009,2025-01-14,ING002,Chicken,2,2,2.89,4.72,0.65,0.216
R009,2025-01-14,ING003,Paneer,3,4,1.37,3.21,0.08,0.101
R009,2025-01-14,ING004,Onion,5,7,3.23,4.44,0.0,0.167
R009,2025-01-14,ING005,Tomato,4,5,4.11,5.81,0.88,0.165
R009,2025-01-14,ING006,Oil,20,30,2.59,4.46,0.56,0.048
R009,2025-01-14,ING007,Flour,10,15,4.3,4.9,0.9,0.102
R009,2025-01-14,ING008,Bread,8,4,2.34,5.74,1.44,0.035
R009,2025-01-14,ING009,Lettuce,2,3,6.45,7.64,1.46,0.249
R009,2025-01-14,ING010,Cheese,4,5,4.76,5.53,0.99,0.065
R009,2025-01-15,ING001,Rice,12,3,1.91,3.25,0.3,0.143
R009,2025-01-15,ING002,Chicken,2,2,2.4,2.81,0.53,0.12
R009,2025-01-15,ING003,Paneer,3,4,0.0,2.88,0.1,0.115
R009,2025-01-15,ING004,Onion,5,7,1.71,5.71,1.2,0.108
R009,2025-01-15,ING005,Tomato,4,5,1.72,3.31,0.26,0.224
R009,2025-01-15,ING006,Oil,20,30,0.0,3.37,0.25,0.178
R009,2025-01-15,ING007,Flour,10,15,0.73,3.58,0.92,0.206
R009,2025-01-15,ING008,Bread,8,4,1.21,1.93,0.1,0.211
R009,2025-01-15,ING009,Lettuce,2,3,3.31,5.16,0.77,0.214
R009,2025-01-15,ING010,Cheese,4,5,0.0,1.83,0.57,0.075
R009,2025-01-16,ING001,Rice,12,3,0.38,4.07,0.69,0.124
R009,2025-01-16,ING002,Chicken,2,2,1.64,3.25,0.43,0.108
R009,2025-01-16,ING003,Paneer,3,4,3.58,4.1,0.38,0.083
R009,2025-01-16,ING004,Onion,5,7,3.81,5.89,0.87,0.104
R009,2025-01-16,ING005,Tomato,4,5,0.31,4.04,0.66,0.144
R009,2025-01-16,ING006,Oil,20,30,2.46,5.52,0.78,0.229
R009,2025-01-16,ING007,Flour,10,15,3.67,5.48,1.07,0.12
R009,2025-01-16,ING008,Bread,8,4,1.14,3.3,0.46,0.125
R009,2025-01-16,ING009,Lettuce,2,3,1.06,2.7,0.32,0.046
R009,2025-01-16,ING010,Cheese,4,5,0.0,1.03,0.62,0.13
R009,2025-01-17,ING001,Rice,12,3,2.29,5.14,0.51,0.041
R009,2025-01-17,ING002,Chicken,2,2,3.84,5.32,0.5,0.054
R009,2025-01-17,ING003,Paneer,3,4,1.39,3.5,0.45,0.16
R009,2025-01-17,ING004,Onion,5,7,3.62,6.38,0.71,0.023
R009,2025-01-17,ING005,Tomato,4,5,1.92,3.42,0.18,0.017
R009,2025-01-17,ING006,Oil,20,30,2.87,3.33,0.0,0.239
R009,2025-01-17,ING007,Flour,10,15,0.0,1.55,0.37,0.232
R009,2025-01-17,ING008,Bread,8,4,3.59,4.43,0.6,0.199
R009,2025-01-17,ING009,Lettuce,2,3,1.08,1.55,0.47,0.069
R009,2025-01-17,ING010,Cheese,4,5,2.56,4.89,0.52,0.193
R009,2025-01-18,ING001,Rice,12,3,3.71,4.21,0.65,0.166
R009,2025-01-18,ING002,Chicken,2,2,3.54,7.29,1.64,0.371
R009,2025-01-18,ING003,Paneer,3,4,1.13,4.8,0.98,0.164
R009,2025-01-18,ING004,Onion,5,7,1.76,1.89,0.01,0.171
R009,2025-01-18,ING005,Tomato,4,5,3.15,6.7,1.39,0.21
R009,2025-01-18,ING006,Oil,20,30,1.72,1.75,0.59,0.24
R009,2025-01-18,ING007,Flour,10,15,1.43,2.93,0.71,0.205
R009,2025-01-18,ING008,Bread,8,4,2.67,5.42,0.67,0.205
R009,2025-01-18,ING009,Lettuce,2,3,6.16,6.73,0.91,0.394
R009,2025-01-18,ING010,Cheese,4,5,4.25,6.51,1.01,0.325
R009,2025-01-19,ING001,Rice,12,3,0.38,1.17,0.0,0.27
R009,2025-01-19,ING002,Chicken,2,2,3.77,7.26,1.4,0.315
R009,2025-01-19,ING003,Paneer,3,4,4.27,7.08,1.46,0.348
R009,2025-01-19,ING004,Onion,5,7,0.98,2.27,0.89,0.354
R009,2025-01-19,ING005,Tomato,4,5,4.05,5.33,0.47,0.166
R009,2025-01-19,ING006,Oil,20,30,4.07,4.41,0.13,0.186
R009,2025-01-19,ING007,Flour,10,15,0.84,0.92,0.82,0.215
R009,2025-01-19,ING008,Bread,8,4,1.25,2.68,0.65,0.193
R009,2025-01-19,ING009,Lettuce,2,3,0.55,0.76,0.01,0.371
R009,2025-01-19,ING010,Cheese,4,5,0.3,2.78,0.66,0.196
R009,2025-01-20,ING001,Rice,12,3,4.02,7.02,0.89,0.238
R009,2025-01-20,ING002,Chicken,2,2,2.75,4.94,1.04,0.147
R009,2025-01-20,ING003,Paneer,3,4,1.73,2.51,0.03,0.064
R009,2025-01-20,ING004,Onion,5,7,0.51,3.41,0.44,0.084
R009,2025-01-20,ING005,Tomato,4,5,2.64,6.5,0.61,0.125
R009,2025-01-20,ING006,Oil,20,30,1.71,2.4,0.17,0.197
R009,2025-01-20,ING007,Flour,10,15,2.58,4.45,0.98,0.082
R009,2025-01-20,ING008,Bread,8,4,2.99,3.57,0.45,0.11
R009,2025-01-20,ING009,Lettuce,2,3,1.28,3.52,0.42,0.172
R009,2025-01-20,ING010,Cheese,4,5,2.6,4.67,0.27,0.202
R009,2025-01-21,ING001,Rice,12,3,1.83,1.89,0.78,0.182
R009,2025-01-21,ING002,Chicken,2,2,0.15,3.19,0.36,0.191
R009,2025-01-21,ING003,Paneer,3,4,3.34,5.68,0.38,0.111
R009,2025-01-21,ING004,Onion,5,7,1.08,4.44,0.87,0.148
R009,2025-01-21,ING005,Tomato,4,5,0.92,3.65,0.81,0.064
R009,2025-01-21,ING006,Oil,20,30,1.08,3.43,1.06,0.062
R009,2025-01-21,ING007,Flour,10,15,4.62,5.88,0.6,0.159
R009,2025-01-21,ING008,Bread,8,4,0.28,4.27,0.28,0.131
R009,2025-01-21,ING009,Lettuce,2,3,3.15,5.12,0.53,0.222
R009,2025-01-21,ING010,Cheese,4,5,0.78,4.12,0.55,0.127
R009,2025-01-22,ING001,Rice,12,3,2.0,2.01,0.44,0.332
R009,2025-01-22,ING002,Chicken,2,2,2.68,3.09,0.33,0.293
R009,2025-01-22,ING003,Paneer,3,4,2.13,3.0,0.31,0.359
R009,2025-01-22,ING004,Onion,5,7,4.02,4.89,0.75,0.327
R009,2025-01-22,ING005,Tomato,4,5,1.87,2.15,0.23,0.321
R009,2025-01-22,ING006,Oil,20,30,3.29,4.62,0.95,0.157
R009,2025-01-22,ING007,Flour,10,15,4.85,7.05,1.39,0.371
R009,2025-01-22,ING008,Bread,8,4,0.51,2.43,0.59,0.327
R009,2025-01-22,ING009,Lettuce,2,3,1.77,3.35,0.52,0.353
R009,2025-01-22,ING010,Cheese,4,5,0.02,1.6,0.0,0.201
R009,2025-01-23,ING001,Rice,12,3,3.0,5.28,1.07,0.082
R009,2025-01-23,ING002,Chicken,2,2,3.13,4.32,0.94,0.227
R009,2025-01-23,ING003,Paneer,3,4,4.4,6.47,0.54,0.192
R009,2025-01-23,ING004,Onion,5,7,0.91,4.56,0.69,0.234
R009,2025-01-23,ING005,Tomato,4,5,1.59,5.58,0.89,0.128
R009,2025-01-23,ING006,Oil,20,30,3.65,6.79,0.62,0.178
R009,2025-01-23,ING007,Flour,10,15,4.74,6.28,0.96,0.047
R009,2025-01-23,ING008,Bread,8,4,2.13,2.26,0.37,0.228
R009,2025-01-23,ING009,Lettuce,2,3,2.01,2.56,0.54,0.101
R009,2025-01-23,ING010,Cheese,4,5,2.07,3.17,1.22,0.041
R009,2025-01-24,ING001,Rice,12,3,0.0,1.45,0.55,0.359
R009,2025-01-24,ING002,Chicken,2,2,4.57,7.71,1.13,0.228
R009,2025-01-24,ING003,Paneer,3,4,0.0,3.6,0.67,0.193
R009,2025-01-24,ING004,Onion,5,7,3.88,4.95,0.38,0.283
R009,2025-01-24,ING005,Tomato,4,5,0.89,3.25,0.73,0.293
R009,2025-01-24,ING006,Oil,20,30,3.36,6.2,1.63,0.347
R009,2025-01-24,ING007,Flour,10,15,2.27,2.27,0.43,0.378
R009,2025-01-24,ING008,Bread,8,4,4.57,5.56,0.91,0.303
R009,2025-01-24,ING009,Lettuce,2,3,0.02,1.96,0.87,0.305
R009,2025-01-24,ING010,Cheese,4,5,3.52,3.78,0.54,0.241
R009,2025-01-25,ING001,Rice,12,3,0.44,2.77,0.75,0.217
R009,2025-01-25,ING002,Chicken,2,2,2.3,2.65,0.48,0.244
R009,2025-01-25,ING003,Paneer,3,4,0.46,1.12,0.57,0.335
R009,2025-01-25,ING004,Onion,5,7,2.52,3.42,0.78,0.389
R009,2025-01-25,ING005,Tomato,4,5,1.47,1.53,0.69,0.224
R009,2025-01-25,ING006,Oil,20,30,3.27,6.67,1.07,0.392
R009,2025-01-25,ING007,Flour,10,15,1.73,2.29,0.78,0.348
R009,2025-01-25,ING008,Bread,8,4,2.99,6.19,0.91,0.232
R009,2025-01-25,ING009,Lettuce,2,3,0.0,3.33,0.86,0.373
R009,2025-01-25,ING010,Cheese,4,5,3.47,5.25,1.42,0.29
R009,2025-01-26,ING001,Rice,12,3,2.12,2.3,0.0,0.336
R009,2025-01-26,ING002,Chicken,2,2,0.0,0.72,0.33,0.197
R009,2025-01-26,ING003,Paneer,3,4,1.04,1.95,0.19,0.269
R009,2025-01-26,ING004,Onion,5,7,0.88,1.75,0.26,0.249
R009,2025-01-26,ING005,Tomato,4,5,2.48,3.74,0.69,0.253
R009,2025-01-26,ING006,Oil,20,30,3.84,4.53,0.36,0.395
R009,2025-01-26,ING007,Flour,10,15,2.13,4.64,0.64,0.282
R009,2025-01-26,ING008,Bread,8,4,2.73,3.53,0.45,0.206
R009,2025-01-26,ING009,Lettuce,2,3,0.0,3.58,0.23,0.32
R009,2025-01-26,ING010,Cheese,4,5,1.46,1.58,0.24,0.18
R009,2025-01-27,ING001,Rice,12,3,1.85,3.18,0.14,0.234
R009,2025-01-27,ING002,Chicken,2,2,2.25,4.32,1.31,0.064
R009,2025-01-27,ING003,Paneer,3,4,5.65,5.8,0.8,0.06
R009,2025-01-27,ING004,Onion,5,7,4.86,7.56,1.37,0.124
R009,2025-01-27,ING005,Tomato,4,5,2.0,3.55,0.47,0.163
R009,2025-01-27,ING006,Oil,20,30,3.32,6.51,0.54,0.179
R009,2025-01-27,ING007,Flour,10,15,4.64,7.46,1.12,0.162
R009,2025-01-27,ING008,Bread,8,4,3.98,5.01,1.12,0.03
R009,2025-01-27,ING009,Lettuce,2,3,1.27,1.88,0.25,0.027
R009,2025-01-27,ING010,Cheese,4,5,3.63,7.26,1.34,0.248
R009,2025-01-28,ING001,Rice,12,3,1.61,5.53,0.93,0.182
R009,2025-01-28,ING002,Chicken,2,2,0.0,3.62,0.54,0.004
R009,2025-01-28,ING003,Paneer,3,4,1.59,2.12,0.35,0.191
R009,2025-01-28,ING004,Onion,5,7,3.31,3.41,0.59,0.124
R009,2025-01-28,ING005,Tomato,4,5,2.8,3.46,0.54,0.094
R009,2025-01-28,ING006,Oil,20,30,2.06,5.67,0.77,0.098
R009,2025-01-28,ING007,Flour,10,15,0.0,0.96,0.06,0.132
R009,2025-01-28,ING008,Bread,8,4,0.29,3.34,0.44,0.114
R009,2025-01-28,ING009,Lettuce,2,3,5.19,9.19,1.5,0.214
R009,2025-01-28,ING010,Cheese,4,5,3.51,4.12,0.09,0.148
R009,2025-01-29,ING001,Rice,12,3,0.0,3.44,0.57,0.075
R009,2025-01-29,ING002,Chicken,2,2,2.1,3.85,0.92,0.249
R009,2025-01-29,ING003,Paneer,3,4,1.41,4.72,0.76,0.03
R009,2025-01-29,ING004,Onion,5,7,1.93,3.59,0.6,0.022
R009,2025-01-29,ING005,Tomato,4,5,3.42,5.43,0.71,0.014
R009,2025-01-29,ING006,Oil,20,30,1.33,1.52,0.24,0.161
R009,2025-01-29,ING007,Flour,10,15,2.85,5.74,0.66,0.069
R009,2025-01-29,ING008,Bread,8,4,0.55,4.27,1.03,0.154
R009,2025-01-29,ING009,Lettuce,2,3,2.25,3.71,0.38,0.096
R009,2025-01-29,ING010,Cheese,4,5,2.67,6.04,0.54,0.198
R009,2025-01-30,ING001,Rice,12,3,3.33,6.17,0.76,0.36
R009,2025-01-30,ING002,Chicken,2,2,0.95,1.24,0.0,0.398
R009,2025-01-30,ING003,Paneer,3,4,5.7,6.68,1.31,0.154
R009,2025-01-30,ING004,Onion,5,7,3.29,5.61,0.98,0.214
R009,2025-01-30,ING005,Tomato,4,5,4.95,5.79,1.25,0.155
R009,2025-01-30,ING006,Oil,20,30,2.6,5.69,0.96,0.289
R009,2025-01-30,ING007,Flour,10,15,1.28,3.82,0.79,0.183
R009,2025-01-30,ING008,Bread,8,4,3.44,5.64,1.04,0.346
R009,2025-01-30,ING009,Lettuce,2,3,3.65,3.69,0.0,0.394
R009,2025-01-30,ING010,Cheese,4,5,2.31,2.65,0.25,0.387
R009,2025-01-31,ING001,Rice,12,3,2.12,4.15,0.2,0.155
R009,2025-01-31,ING002,Chicken,2,2,1.59,4.15,0.1,0.228
R009,2025-01-31,ING003,Paneer,3,4,3.1,3.95,0.31,0.134
R009,2025-01-31,ING004,Onion,5,7,2.16,4.89,1.12,0.158
R009,2025-01-31,ING005,Tomato,4,5,0.0,3.07,0.77,0.044
R009,2025-01-31,ING006,Oil,20,30,2.92,6.35,1.24,0.213
R009,2025-01-31,ING007,Flour,10,15,3.97,4.06,0.5,0.124
R009,2025-01-31,ING008,Bread,8,4,3.77,7.42,0.79,0.086
R009,2025-01-31,ING009,Lettuce,2,3,1.73,3.88,0.37,0.2
R009,2025-01-31,ING010,Cheese,4,5,1.51,5.31,0.81,0.133
R009,2025-02-01,ING001,Rice,12,3,1.89,5.07,1.2,0.262
R009,2025-02-01,ING002,Chicken,2,2,0.0,2.54,0.19,0.352
R009,2025-02-01,ING003,Paneer,3,4,2.72,3.16,0.0,0.164
R009,2025-02-01,ING004,Onion,5,7,1.76,3.31,0.72,0.166
R009,2025-02-01,ING005,Tomato,4,5,3.36,5.66,0.86,0.295
R009,2025-02-01,ING006,Oil,20,30,2.28,4.09,0.45,0.297
R009,2025-02-01,ING007,Flour,10,15,0.99,2.86,0.25,0.253
R009,2025-02-01,ING008,Bread,8,4,2.17,3.37,0.41,0.373
R009,2025-02-01,ING009,Lettuce,2,3,4.59,8.35,0.9,0.246
R009,2025-02-01,ING010,Cheese,4,5,3.85,6.19,0.59,0.185
R009,2025-02-02,ING001,Rice,12,3,1.41,3.96,0.51,0.146
R009,2025-02-02,ING002,Chicken,2,2,3.71,6.92,1.81,0.209
R009,2025-02-02,ING003,Paneer,3,4,2.23,2.76,0.17,0.113
R009,2025-02-02,ING004,Onion,5,7,1.91,4.74,0.97,0.017
R009,2025-02-02,ING005,Tomato,4,5,2.87,3.05,0.35,0.032
R009,2025-02-02,ING006,Oil,20,30,3.38,3.89,0.41,0.005
R009,2025-02-02,ING007,Flour,10,15,1.12,3.6,1.4,0.001
R009,2025-02-02,ING008,Bread,8,4,3.27,4.57,0.66,0.17
R009,2025-02-02,ING009,Lettuce,2,3,3.09,4.94,0.59,0.006
R009,2025-02-02,ING010,Cheese,4,5,2.05,3.88,0.93,0.173
R009,2025-02-03,ING001,Rice,12,3,1.23,2.24,0.13,0.215
R009,2025-02-03,ING002,Chicken,2,2,2.79,6.01,0.98,0.171
R009,2025-02-03,ING003,Paneer,3,4,2.22,4.39,0.63,0.028
R009,2025-02-03,ING004,Onion,5,7,0.84,1.06,0.24,0.05
R009,2025-02-03,ING005,Tomato,4,5,6.36,10.35,1.55,0.122
R009,2025-02-03,ING006,Oil,20,30,2.45,3.49,0.06,0.037
R009,2025-02-03,ING007,Flour,10,15,2.12,5.62,1.12,0.202
R009,2025-02-03,ING008,Bread,8,4,3.87,5.81,1.05,0.093
R009,2025-02-03,ING009,Lettuce,2,3,0.33,0.57,0.03,0.236
R009,2025-02-03,ING010,Cheese,4,5,0.4,2.97,0.49,0.007
R009,2025-02-04,ING001,Rice,12,3,3.0,4.87,0.58,0.214
R009,2025-02-04,ING002,Chicken,2,2,0.9,2.21,0.15,0.109
R009,2025-02-04,ING003,Paneer,3,4,0.45,1.83,0.3,0.165
R009,2025-02-04,ING004,Onion,5,7,1.74,5.24,0.7,0.087
R009,2025-02-04,ING005,Tomato,4,5,1.64,3.36,0.64,0.022
R009,2025-02-04,ING006,Oil,20,30,1.65,3.49,0.62,0.136
R009,2025-02-04,ING007,Flour,10,15,0.0,1.43,0.61,0.249
R009,2025-02-04,ING008,Bread,8,4,2.95,6.75,0.92,0.051
R009,2025-02-04,ING009,Lettuce,2,3,1.36,3.46,0.66,0.112
R009,2025-02-04,ING010,Cheese,4,5,2.32,5.26,1.22,0.216
R009,2025-02-05,ING001,Rice,12,3,0.57,2.79,0.0,0.138
R009,2025-02-05,ING002,Chicken,2,2,3.1,3.34,0.19,0.115
R009,2025-02-05,ING003,Paneer,3,4,1.49,1.71,0.0,0.232
R009,2025-02-05,ING004,Onion,5,7,0.38,4.36,0.64,0.018
R009,2025-02-05,ING005,Tomato,4,5,0.57,1.65,0.57,0.08
R009,2025-02-05,ING006,Oil,20,30,3.15,6.72,1.57,0.015
R009,2025-02-05,ING007,Flour,10,15,4.85,7.61,0.87,0.07
R009,2025-02-05,ING008,Bread,8,4,1.01,1.17,0.35,0.021
R009,2025-02-05,ING009,Lettuce,2,3,4.89,4.9,0.75,0.184
R009,2025-02-05,ING010,Cheese,4,5,3.27,6.08,1.13,0.115
R009,2025-02-06,ING001,Rice,12,3,2.26,4.59,0.95,0.18
R009,2025-02-06,ING002,Chicken,2,2,2.13,3.19,0.56,0.339
R009,2025-02-06,ING003,Paneer,3,4,4.71,5.98,1.17,0.284
R009,2025-02-06,ING004,Onion,5,7,4.18,4.46,1.39,0.38
R009,2025-02-06,ING005,Tomato,4,5,3.26,4.47,1.39,0.23
R009,2025-02-06,ING006,Oil,20,30,1.76,2.7,0.0,0.242
R009,2025-02-06,ING007,Flour,10,15,1.88,5.09,1.0,0.355
R009,2025-02-06,ING008,Bread,8,4,4.92,8.17,0.79,0.194
R009,2025-02-06,ING009,Lettuce,2,3,3.37,5.28,0.68,0.224
R009,2025-02-06,ING010,Cheese,4,5,0.0,1.56,0.04,0.376
R009,2025-02-07,ING001,Rice,12,3,1.7,3.77,0.78,0.209
R009,2025-02-07,ING002,Chicken,2,2,1.95,2.57,0.62,0.107
R009,2025-02-07,ING003,Paneer,3,4,1.07,3.36,0.68,0.162
R009,2025-02-07,ING004,Onion,5,7,0.0,2.05,0.6,0.222
R009,2025-02-07,ING005,Tomato,4,5,3.95,5.35,1.0,0.217
R009,2025-02-07,ING006,Oil,20,30,2.84,3.58,0.82,0.128
R009,2025-02-07,ING007,Flour,10,15,2.65,6.33,0.79,0.088
R009,2025-02-07,ING008,Bread,8,4,2.03,5.82,1.56,0.082
R009,2025-02-07,ING009,Lettuce,2,3,1.33,2.52,0.17,0.154
R009,2025-02-07,ING010,Cheese,4,5,0.6,3.13,0.27,0.028
R009,2025-02-08,ING001,Rice,12,3,0.86,1.75,0.19,0.146
R009,2025-02-08,ING002,Chicken,2,2,3.55,4.9,0.51,0.097
R009,2025-02-08,ING003,Paneer,3,4,3.13,4.4,0.66,0.056
R009,2025-02-08,ING004,Onion,5,7,2.76,6.4,0.92,0.078
R009,2025-02-08,ING005,Tomato,4,5,0.82,2.71,0.62,0.096
R009,2025-02-08,ING006,Oil,20,30,1.26,2.55,0.21,0.045
R009,2025-02-08,ING007,Flour,10,15,4.16,5.61,0.77,0.184
R009,2025-02-08,ING008,Bread,8,4,3.03,6.65,1.32,0.202
R009,2025-02-08,ING009,Lettuce,2,3,2.8,4.31,0.62,0.009
R009,2025-02-08,ING010,Cheese,4,5,3.75,5.67,0.55,0.23
R009,2025-02-09,ING001,Rice,12,3,1.96,5.15,0.99,0.192
R009,2025-02-09,ING002,Chicken,2,2,3.21,7.09,1.4,0.269
R009,2025-02-09,ING003,Paneer,3,4,1.15,3.99,0.68,0.375
R009,2025-02-09,ING004,Onion,5,7,4.99,6.54,0.99,0.305
R009,2025-02-09,ING005,Tomato,4,5,5.04,8.58,0.98,0.232
R009,2025-02-09,ING006,Oil,20,30,5.11,8.8,1.26,0.191
R009,2025-02-09,ING007,Flour,10,15,3.78,6.19,0.97,0.282
R009,2025-02-09,ING008,Bread,8,4,0.92,3.02,0.01,0.165
R009,2025-02-09,ING009,Lettuce,2,3,0.0,0.43,0.0,0.214
R009,2025-02-09,ING010,Cheese,4,5,2.76,6.4,1.32,0.267
R009,2025-02-10,ING001,Rice,12,3,4.0,7.73,1.27,0.371
R009,2025-02-10,ING002,Chicken,2,2,3.54,4.82,0.74,0.383
R009,2025-02-10,ING003,Paneer,3,4,0.0,2.95,0.75,0.186
R009,2025-02-10,ING004,Onion,5,7,3.3,5.92,0.37,0.202
R009,2025-02-10,ING005,Tomato,4,5,3.72,4.67,0.08,0.386
R009,2025-02-10,ING006,Oil,20,30,4.08,5.78,0.89,0.189
R009,2025-02-10,ING007,Flour,10,15,3.49,6.19,1.14,0.313
R009,2025-02-10,ING008,Bread,8,4,2.26,3.41,0.5,0.338
R009,2025-02-10,ING009,Lettuce,2,3,4.53,4.62,0.0,0.361
R009,2025-02-10,ING010,Cheese,4,5,1.77,2.69,0.73,0.383
R009,2025-02-11,ING001,Rice,12,3,3.03,3.44,0.6,0.232
R009,2025-02-11,ING002,Chicken,2,2,1.24,4.39,0.55,0.246
R009,2025-02-11,ING003,Paneer,3,4,2.83,6.76,1.24,0.322
R009,2025-02-11,ING004,Onion,5,7,3.64,6.35,1.11,0.164
R009,2025-02-11,ING005,Tomato,4,5,0.0,0.95,0.64,0.229
R009,2025-02-11,ING006,Oil,20,30,0.83,2.3,0.0,0.301
R009,2025-02-11,ING007,Flour,10,15,0.69,1.35,0.3,0.295
R009,2025-02-11,ING008,Bread,8,4,0.0,2.17,0.22,0.282
R009,2025-02-11,ING009,Lettuce,2,3,0.0,3.33,0.49,0.187
R009,2025-02-11,ING010,Cheese,4,5,2.85,5.33,0.61,0.174
R009,2025-02-12,ING001,Rice,12,3,0.78,3.22,0.62,0.228
R009,2025-02-12,ING002,Chicken,2,2,1.35,2.62,0.0,0.372
R009,2025-02-12,ING003,Paneer,3,4,2.44,2.67,0.47,0.276
R009,2025-02-12,ING004,Onion,5,7,0.6,3.49,0.42,0.154
R009,2025-02-12,ING005,Tomato,4,5,1.15,2.79,0.78,0.223
R009,2025-02-12,ING006,Oil,20,30,4.65,5.07,1.38,0.201
R009,2025-02-12,ING007,Flour,10,15,2.29,3.94,0.73,0.393
R009,2025-02-12,ING008,Bread,8,4,3.79,6.86,0.87,0.345
R009,2025-02-12,ING009,Lettuce,2,3,4.27,6.45,0.96,0.315
R009,2025-02-12,ING010,Cheese,4,5,2.53,4.24,0.8,0.234
R009,2025-02-13,ING001,Rice,12,3,2.77,3.0,0.0,0.109
R009,2025-02-13,ING002,Chicken,2,2,4.51,4.59,0.24,0.071
R009,2025-02-13,ING003,Paneer,3,4,3.14,4.79,0.9,0.053
R009,2025-02-13,ING004,Onion,5,7,1.71,3.04,0.29,0.223
R009,2025-02-13,ING005,Tomato,4,5,2.78,6.66,0.93,0.143
R009,2025-02-13,ING006,Oil,20,30,1.52,2.37,0.0,0.173
R009,2025-02-13,ING007,Flour,10,15,2.2,6.17,1.06,0.168
R009,2025-02-13,ING008,Bread,8,4,4.34,7.68,1.19,0.186
R009,2025-02-13,ING009,Lettuce,2,3,2.52,4.85,0.78,0.18
R009,2025-02-13,ING010,Cheese,4,5,1.99,3.04,0.15,0.222
R009,2025-02-14,ING001,Rice,12,3,1.26,5.06,1.12,0.378
R009,2025-02-14,ING002,Chicken,2,2,3.11,6.86,0.64,0.199
R009,2025-02-14,ING003,Paneer,3,4,4.36,4.94,1.26,0.191
R009,2025-02-14,ING004,Onion,5,7,0.34,1.87,0.0,0.329
R009,2025-02-14,ING005,Tomato,4,5,4.49,8.43,1.5,0.313
R009,2025-02-14,ING006,Oil,20,30,1.78,3.87,0.62,0.341
R009,2025-02-14,ING007,Flour,10,15,2.31,3.57,0.17,0.288
R009,2025-02-14,ING008,Bread,8,4,1.99,3.6,0.01,0.214
R009,2025-02-14,ING009,Lettuce,2,3,5.01,7.01,1.13,0.347
R009,2025-02-14,ING010,Cheese,4,5,2.29,3.29,0.47,0.206
R009,2025-02-15,ING001,Rice,12,3,4.43,7.76,0.76,0.089
R009,2025-02-15,ING002,Chicken,2,2,3.74,5.02,1.04,0.063
R009,2025-02-15,ING003,Paneer,3,4,6.88,7.48,1.11,0.078
R009,2025-02-15,ING004,Onion,5,7,2.11,2.13,0.14,0.01
R009,2025-02-15,ING005,Tomato,4,5,3.29,6.86,0.93,0.102
R009,2025-02-15,ING006,Oil,20,30,5.66,7.33,1.11,0.154
R009,2025-02-15,ING007,Flour,10,15,4.2,5.07,0.17,0.206
R009,2025-02-15,ING008,Bread,8,4,3.48,5.08,0.7,0.099
R009,2025-02-15,ING009,Lettuce,2,3,3.43,6.63,1.38,0.199
R009,2025-02-15,ING010,Cheese,4,5,3.39,5.51,0.45,0.226
R009,2025-02-16,ING001,Rice,12,3,2.6,3.18,0.61,0.045
R009,2025-02-16,ING002,Chicken,2,2,1.65,1.69,0.66,0.025
R009,2025-02-16,ING003,Paneer,3,4,4.18,4.6,0.95,0.098
R009,2025-02-16,ING004,Onion,5,7,2.02,2.85,0.67,0.213
R009,2025-02-16,ING005,Tomato,4,5,0.48,1.89,0.48,0.173
R009,2025-02-16,ING006,Oil,20,30,3.61,3.65,0.67,0.014
R009,2025-02-16,ING007,Flour,10,15,1.71,3.53,0.56,0.214
R009,2025-02-16,ING008,Bread,8,4,2.12,4.69,0.16,0.091
R009,2025-02-16,ING009,Lettuce,2,3,0.79,3.03,0.46,0.213
R009,2025-02-16,ING010,Cheese,4,5,1.7,3.82,0.28,0.148
R009,2025-02-17,ING001,Rice,12,3,1.55,2.31,0.27,0.001
R009,2025-02-17,ING002,Chicken,2,2,2.18,4.81,0.73,0.088
R009,2025-02-17,ING003,Paneer,3,4,3.24,7.18,0.83,0.219
R009,2025-02-17,ING004,Onion,5,7,1.84,4.52,0.93,0.013
R009,2025-02-17,ING005,Tomato,4,5,0.48,1.5,0.69,0.107
R009,2025-02-17,ING006,Oil,20,30,2.7,5.11,0.65,0.072
R009,2025-02-17,ING007,Flour,10,15,3.4,6.11,1.38,0.208
R009,2025-02-17,ING008,Bread,8,4,2.94,3.77,0.61,0.177
R009,2025-02-17,ING009,Lettuce,2,3,2.99,5.95,1.5,0.014
R009,2025-02-17,ING010,Cheese,4,5,1.99,2.14,0.37,0.116
R009,2025-02-18,ING001,Rice,12,3,3.36,5.48,0.82,0.312
R009,2025-02-18,ING002,Chicken,2,2,1.84,4.95,0.7,0.27
R009,2025-02-18,ING003,Paneer,3,4,2.86,4.87,0.34,0.171
R009,2025-02-18,ING004,Onion,5,7,2.12,5.15,0.55,0.376
R009,2025-02-18,ING005,Tomato,4,5,6.02,7.11,0.99,0.267
R009,2025-02-18,ING006,Oil,20,30,2.25,5.42,0.93,0.202
R009,2025-02-18,ING007,Flour,10,15,3.91,7.52,0.7,0.325
R009,2025-02-18,ING008,Bread,8,4,2.22,4.08,0.6,0.314
R009,2025-02-18,ING009,Lettuce,2,3,2.01,4.67,0.42,0.274
R009,2025-02-18,ING010,Cheese,4,5,0.39,1.52,0.54,0.196
R009,2025-02-19,ING001,Rice,12,3,2.8,4.96,0.83,0.277
R009,2025-02-19,ING002,Chicken,2,2,3.51,6.95,0.52,0.336
R009,2025-02-19,ING003,Paneer,3,4,3.09,4.77,1.0,0.388
R009,2025-02-19,ING004,Onion,5,7,1.19,1.61,0.0,0.327
R009,2025-02-19,ING005,Tomato,4,5,3.03,3.24,0.46,0.313
R009,2025-02-19,ING006,Oil,20,30,2.43,4.78,1.13,0.223
R009,2025-02-19,ING007,Flour,10,15,2.57,5.78,0.25,0.186
R009,2025-02-19,ING008,Bread,8,4,1.51,4.03,1.17,0.27
R009,2025-02-19,ING009,Lettuce,2,3,2.78,4.92,1.09,0.237
R009,2025-02-19,ING010,Cheese,4,5,1.9,2.59,0.47,0.16
R009,2025-02-20,ING001,Rice,12,3,0.69,1.93,0.36,0.32
R009,2025-02-20,ING002,Chicken,2,2,2.8,6.16,1.51,0.254
R009,2025-02-20,ING003,Paneer,3,4,4.26,5.61,1.24,0.267
R009,2025-02-20,ING004,Onion,5,7,5.24,9.02,1.2,0.293
R009,2025-02-20,ING005,Tomato,4,5,3.24,3.77,0.81,0.193
R009,2025-02-20,ING006,Oil,20,30,2.8,3.13,0.62,0.306
R009,2025-02-20,ING007,Flour,10,15,0.58,2.2,0.42,0.263
R009,2025-02-20,ING008,Bread,8,4,0.76,4.08,0.59,0.216
R009,2025-02-20,ING009,Lettuce,2,3,0.74,2.71,0.76,0.243
R009,2025-02-20,ING010,Cheese,4,5,3.54,5.25,0.93,0.18
R009,2025-02-21,ING001,Rice,12,3,4.46,6.18,0.56,0.044
R009,2025-02-21,ING002,Chicken,2,2,3.5,7.36,1.55,0.069
R009,2025-02-21,ING003,Paneer,3,4,1.48,4.76,0.63,0.028
R009,2025-02-21,ING004,Onion,5,7,1.17,4.67,0.46,0.171
R009,2025-02-21,ING005,Tomato,4,5,0.0,2.45,0.07,0.245
R009,2025-02-21,ING006,Oil,20,30,1.42,2.42,0.78,0.069
R009,2025-02-21,ING007,Flour,10,15,1.52,4.14,0.92,0.12
R009,2025-02-21,ING008,Bread,8,4,1.47,4.62,0.6,0.195
R009,2025-02-21,ING009,Lettuce,2,3,2.91,6.65,1.16,0.1
R009,2025-02-21,ING010,Cheese,4,5,0.32,3.05,0.2,0.075
R009,2025-02-22,ING001,Rice,12,3,1.66,2.95,0.41,0.151
R009,2025-02-22,ING002,Chicken,2,2,1.49,2.65,0.0,0.276
R009,2025-02-22,ING003,Paneer,3,4,3.42,6.46,0.54,0.179
R009,2025-02-22,ING004,Onion,5,7,1.29,3.02,0.14,0.264
R009,2025-02-22,ING005,Tomato,4,5,1.21,3.49,1.21,0.223
R009,2025-02-22,ING006,Oil,20,30,0.0,2.32,0.38,0.352
R009,2025-02-22,ING007,Flour,10,15,2.19,3.59,0.59,0.206
R009,2025-02-22,ING008,Bread,8,4,3.7,5.3,0.85,0.194
R009,2025-02-22,ING009,Lettuce,2,3,3.06,6.48,1.7,0.347
R009,2025-02-22,ING010,Cheese,4,5,1.83,4.54,0.36,0.19
R009,2025-02-23,ING001,Rice,12,3,1.28,1.94,0.19,0.345
R009,2025-02-23,ING002,Chicken,2,2,0.78,1.09,0.32,0.393
R009,2025-02-23,ING003,Paneer,3,4,4.0,6.21,0.94,0.286
R009,2025-02-23,ING004,Onion,5,7,0.27,2.51,0.0,0.297
R009,2025-02-23,ING005,Tomato,4,5,0.71,3.46,0.23,0.151
R009,2025-02-23,ING006,Oil,20,30,2.21,4.3,0.82,0.326
R009,2025-02-23,ING007,Flour,10,15,0.0,1.17,0.5,0.376
R009,2025-02-23,ING008,Bread,8,4,1.13,4.62,0.38,0.3
R009,2025-02-23,ING009,Lettuce,2,3,0.55,0.91,0.4,0.2
R009,2025-02-23,ING010,Cheese,4,5,0.83,2.83,0.38,0.217
R009,2025-02-24,ING001,Rice,12,3,4.78,5.73,0.72,0.02
R009,2025-02-24,ING002,Chicken,2,2,2.88,5.47,0.88,0.113
R009,2025-02-24,ING003,Paneer,3,4,3.33,6.4,0.58,0.123
R009,2025-02-24,ING004,Onion,5,7,2.69,6.13,1.16,0.17
R009,2025-02-24,ING005,Tomato,4,5,5.67,9.51,1.04,0.121
R009,2025-02-24,ING006,Oil,20,30,1.82,3.5,0.16,0.177
R009,2025-02-24,ING007,Flour,10,15,3.5,6.74,0.82,0.227
R009,2025-02-24,ING008,Bread,8,4,1.8,3.97,0.54,0.208
R009,2025-02-24,ING009,Lettuce,2,3,4.71,5.81,0.53,0.093
R009,2025-02-24,ING010,Cheese,4,5,3.01,5.21,0.55,0.107
R009,2025-02-25,ING001,Rice,12,3,2.54,3.03,0.5,0.048
R009,2025-02-25,ING002,Chicken,2,2,3.21,6.72,0.7,0.236
R009,2025-02-25,ING003,Paneer,3,4,2.93,5.59,1.16,0.176
R009,2025-02-25,ING004,Onion,5,7,3.2,3.54,0.5,0.14
R009,2025-02-25,ING005,Tomato,4,5,2.66,5.21,0.54,0.02
R009,2025-02-25,ING006,Oil,20,30,3.56,4.63,1.46,0.02
R009,2025-02-25,ING007,Flour,10,15,0.92,2.35,0.63,0.022
R009,2025-02-25,ING008,Bread,8,4,4.97,6.79,0.78,0.195
R009,2025-02-25,ING009,Lettuce,2,3,3.87,6.73,0.8,0.246
R009,2025-02-25,ING010,Cheese,4,5,1.06,1.72,0.28,0.074
R009,2025-02-26,ING001,Rice,12,3,4.43,5.16,0.83,0.361
R009,2025-02-26,ING002,Chicken,2,2,0.0,3.76,0.59,0.228
R009,2025-02-26,ING003,Paneer,3,4,0.27,1.61,0.16,0.259
R009,2025-02-26,ING004,Onion,5,7,3.93,7.12,1.05,0.239
R009,2025-02-26,ING005,Tomato,4,5,0.0,2.71,1.09,0.251
R009,2025-02-26,ING006,Oil,20,30,0.0,3.8,0.92,0.174
R009,2025-02-26,ING007,Flour,10,15,1.67,3.34,0.23,0.223
R009,2025-02-26,ING008,Bread,8,4,0.4,1.02,0.0,0.365
R009,2025-02-26,ING009,Lettuce,2,3,1.15,2.72,0.54,0.267
R009,2025-02-26,ING010,Cheese,4,5,2.91,4.45,0.68,0.269
R009,2025-02-27,ING001,Rice,12,3,2.42,5.98,0.83,0.316
R009,2025-02-27,ING002,Chicken,2,2,1.51,5.16,1.1,0.343
R009,2025-02-27,ING003,Paneer,3,4,0.83,2.88,0.06,0.236
R009,2025-02-27,ING004,Onion,5,7,3.87,5.28,0.84,0.291
R009,2025-02-27,ING005,Tomato,4,5,6.04,9.37,1.29,0.256
R009,2025-02-27,ING006,Oil,20,30,3.54,7.39,1.77,0.336
R009,2025-02-27,ING007,Flour,10,15,2.95,6.07,1.07,0.31
R009,2025-02-27,ING008,Bread,8,4,0.29,3.88,0.11,0.218
R009,2025-02-27,ING009,Lettuce,2,3,3.26,5.47,0.69,0.196
R009,2025-02-27,ING010,Cheese,4,5,6.8,10.37,1.19,0.212
R009,2025-02-28,ING001,Rice,12,3,4.73,5.6,0.96,0.14
R009,2025-02-28,ING002,Chicken,2,2,1.35,2.21,0.12,0.066
R009,2025-02-28,ING003,Paneer,3,4,3.96,7.61,1.4,0.163
R009,2025-02-28,ING004,Onion,5,7,0.0,2.2,1.08,0.056
R009,2025-02-28,ING005,Tomato,4,5,2.42,3.77,0.65,0.174
R009,2025-02-28,ING006,Oil,20,30,0.06,2.51,0.0,0.212
R009,2025-02-28,ING007,Flour,10,15,1.37,4.51,0.65,0.057
R009,2025-02-28,ING008,Bread,8,4,2.16,4.54,0.51,0.125
R009,2025-02-28,ING009,Lettuce,2,3,0.97,3.41,0.36,0.189
R009,2025-02-28,ING010,Cheese,4,5,4.23,4.92,1.02,0.131
R009,2025-03-01,ING001,Rice,12,3,0.38,0.58,0.53,0.386
R009,2025-03-01,ING002,Chicken,2,2,0.0,1.11,0.43,0.211
R009,2025-03-01,ING003,Paneer,3,4,1.09,3.2,0.21,0.229
R009,2025-03-01,ING004,Onion,5,7,1.78,2.39,0.0,0.328
R009,2025-03-01,ING005,Tomato,4,5,2.98,4.59,0.55,0.349
R009,2025-03-01,ING006,Oil,20,30,3.24,7.0,1.3,0.323
R009,2025-03-01,ING007,Flour,10,15,1.75,1.75,0.0,0.157
R009,2025-03-01,ING008,Bread,8,4,2.14,4.76,0.93,0.312
R009,2025-03-01,ING009,Lettuce,2,3,4.05,7.56,0.83,0.238
R009,2025-03-01,ING010,Cheese,4,5,0.68,2.48,0.35,0.205
R009,2025-03-02,ING001,Rice,12,3,1.58,2.77,0.77,0.378
R009,2025-03-02,ING002,Chicken,2,2,0.0,2.19,0.13,0.199
R009,2025-03-02,ING003,Paneer,3,4,0.0,3.56,0.35,0.387
R009,2025-03-02,ING004,Onion,5,7,3.85,6.22,1.5,0.157
R009,2025-03-02,ING005,Tomato,4,5,3.01,5.29,0.75,0.331
R009,2025-03-02,ING006,Oil,20,30,1.95,4.91,1.25,0.243
R009,2025-03-02,ING007,Flour,10,15,2.52,5.01,1.11,0.213
R009,2025-03-02,ING008,Bread,8,4,3.87,7.32,0.59,0.201
R009,2025-03-02,ING009,Lettuce,2,3,1.53,5.27,1.03,0.277
R009,2025-03-02,ING010,Cheese,4,5,2.51,4.1,0.66,0.392
R009,2025-03-03,ING001,Rice,12,3,1.0,1.65,0.23,0.303
R009,2025-03-03,ING002,Chicken,2,2,0.41,0.44,0.0,0.186
R009,2025-03-03,ING003,Paneer,3,4,0.31,3.27,0.65,0.391
R009,2025-03-03,ING004,Onion,5,7,0.61,4.57,0.53,0.273
R009,2025-03-03,ING005,Tomato,4,5,1.55,4.04,0.52,0.249
R009,2025-03-03,ING006,Oil,20,30,0.15,3.3,0.63,0.27
R009,2025-03-03,ING007,Flour,10,15,0.0,3.88,0.25,0.394
R009,2025-03-03,ING008,Bread,8,4,0.0,3.56,0.6,0.177
R009,2025-03-03,ING009,Lettuce,2,3,1.34,2.96,0.86,0.205
R009,2025-03-03,ING010,Cheese,4,5,2.58,2.69,0.07,0.247
R009,2025-03-04,ING001,Rice,12,3,4.73,6.66,1.73,0.243
R009,2025-03-04,ING002,Chicken,2,2,3.33,4.92,1.08,0.373
R009,2025-03-04,ING003,Paneer,3,4,3.66,6.34,0.85,0.343
R009,2025-03-04,ING004,Onion,5,7,3.66,6.99,1.21,0.222
R009,2025-03-04,ING005,Tomato,4,5,1.59,1.97,0.24,0.275
R009,2025-03-04,ING006,Oil,20,30,3.39,5.64,0.84,0.213
R009,2025-03-04,ING007,Flour,10,15,1.47,2.12,0.41,0.397
R009,2025-03-04,ING008,Bread,8,4,4.39,7.05,1.37,0.238
R009,2025-03-04,ING009,Lettuce,2,3,3.04,5.03,1.15,0.283
R009,2025-03-04,ING010,Cheese,4,5,4.38,5.82,0.73,0.385
R009,2025-03-05,ING001,Rice,12,3,0.0,1.8,0.39,0.308
R009,2025-03-05,ING002,Chicken,2,2,0.98,2.3,1.11,0.308
R009,2025-03-05,ING003,Paneer,3,4,4.27,7.99,0.94,0.168
R009,2025-03-05,ING004,Onion,5,7,2.96,5.01,0.64,0.245
R009,2025-03-05,ING005,Tomato,4,5,1.04,1.07,0.16,0.327
R009,2025-03-05,ING006,Oil,20,30,0.93,4.92,1.36,0.33
R009,2025-03-05,ING007,Flour,10,15,2.85,4.58,1.02,0.337
R009,2025-03-05,ING008,Bread,8,4,4.02,7.97,1.17,0.328
R009,2025-03-05,ING009,Lettuce,2,3,2.99,6.44,0.98,0.229
R009,2025-03-05,ING010,Cheese,4,5,0.83,2.8,0.06,0.281
R009,2025-03-06,ING001,Rice,12,3,3.84,5.66,0.9,0.384
R009,2025-03-06,ING002,Chicken,2,2,3.36,4.11,0.19,0.399
R009,2025-03-06,ING003,Paneer,3,4,2.12,2.25,0.46,0.343
R009,2025-03-06,ING004,Onion,5,7,5.43,6.22,0.78,0.343
R009,2025-03-06,ING005,Tomato,4,5,4.34,5.53,0.91,0.206
R009,2025-03-06,ING006,Oil,20,30,3.05,3.37,0.77,0.21
R009,2025-03-06,ING007,Flour,10,15,2.16,2.25,0.44,0.156
R009,2025-03-06,ING008,Bread,8,4,1.84,3.22,0.73,0.195
R009,2025-03-06,ING009,Lettuce,2,3,4.04,7.16,0.67,0.287
R009,2025-03-06,ING010,Cheese,4,5,2.93,4.07,0.08,0.348
R009,2025-03-07,ING001,Rice,12,3,1.95,4.36,1.19,0.044
R009,2025-03-07,ING002,Chicken,2,2,5.9,8.41,1.65,0.241
R009,2025-03-07,ING003,Paneer,3,4,4.27,5.39,0.86,0.044
R009,2025-03-07,ING004,Onion,5,7,0.93,1.64,0.0,0.038
R009,2025-03-07,ING005,Tomato,4,5,0.7,1.38,0.0,0.073
R009,2025-03-07,ING006,Oil,20,30,3.22,6.87,0.56,0.152
R009,2025-03-07,ING007,Flour,10,15,2.87,5.48,0.49,0.003
R009,2025-03-07,ING008,Bread,8,4,0.53,2.07,0.0,0.179
R009,2025-03-07,ING009,Lettuce,2,3,2.32,2.64,0.22,0.134
R009,2025-03-07,ING010,Cheese,4,5,2.87,3.09,0.88,0.061
R009,2025-03-08,ING001,Rice,12,3,4.64,7.99,1.19,0.19
R009,2025-03-08,ING002,Chicken,2,2,2.72,3.64,0.74,0.083
R009,2025-03-08,ING003,Paneer,3,4,3.75,5.29,0.78,0.224
R009,2025-03-08,ING004,Onion,5,7,5.1,7.83,1.28,0.024
R009,2025-03-08,ING005,Tomato,4,5,2.78,4.01,0.93,0.229
R009,2025-03-08,ING006,Oil,20,30,3.58,4.16,0.83,0.005
R009,2025-03-08,ING007,Flour,10,15,1.92,3.48,0.93,0.017
R009,2025-03-08,ING008,Bread,8,4,4.9,5.86,0.88,0.145
R009,2025-03-08,ING009,Lettuce,2,3,1.82,3.4,0.64,0.019
R009,2025-03-08,ING010,Cheese,4,5,2.82,4.41,0.71,0.204
R009,2025-03-09,ING001,Rice,12,3,1.24,1.98,0.49,0.268
R009,2025-03-09,ING002,Chicken,2,2,1.98,4.23,0.19,0.152
R009,2025-03-09,ING003,Paneer,3,4,0.41,4.05,0.63,0.298
R009,2025-03-09,ING004,Onion,5,7,2.44,3.77,0.2,0.216
R009,2025-03-09,ING005,Tomato,4,5,0.96,1.67,0.0,0.231
R009,2025-03-09,ING006,Oil,20,30,0.05,1.64,0.66,0.274
R009,2025-03-09,ING007,Flour,10,15,2.34,2.67,0.8,0.318
R009,2025-03-09,ING008,Bread,8,4,5.96,9.54,1.7,0.154
R009,2025-03-09,ING009,Lettuce,2,3,4.84,4.89,1.13,0.274
R009,2025-03-09,ING010,Cheese,4,5,2.13,3.43,0.74,0.259
R009,2025-03-10,ING001,Rice,12,3,1.82,2.26,0.28,0.087
R009,2025-03-10,ING002,Chicken,2,2,3.59,6.84,1.26,0.233
R009,2025-03-10,ING003,Paneer,3,4,1.92,4.29,0.6,0.204
R009,2025-03-10,ING004,Onion,5,7,4.0,7.19,1.04,0.19
R009,2025-03-10,ING005,Tomato,4,5,0.0,1.81,0.13,0.045
R009,2025-03-10,ING006,Oil,20,30,2.52,4.48,1.25,0.108
R009,2025-03-10,ING007,Flour,10,15,2.44,4.75,0.48,0.017
R009,2025-03-10,ING008,Bread,8,4,0.0,1.33,0.64,0.103
R009,2025-03-10,ING009,Lettuce,2,3,0.0,0.65,0.32,0.044
R009,2025-03-10,ING010,Cheese,4,5,2.63,4.1,0.11,0.17
R009,2025-03-11,ING001,Rice,12,3,0.5,0.92,0.01,0.316
R009,2025-03-11,ING002,Chicken,2,2,3.38,4.4,0.35,0.242
R009,2025-03-11,ING003,Paneer,3,4,2.92,6.17,0.95,0.302
R009,2025-03-11,ING004,Onion,5,7,3.32,5.4,0.46,0.398
R009,2025-03-11,ING005,Tomato,4,5,0.0,0.66,0.18,0.318
R009,2025-03-11,ING006,Oil,20,30,1.92,5.6,0.86,0.28
R009,2025-03-11,ING007,Flour,10,15,3.37,4.33,0.47,0.266
R009,2025-03-11,ING008,Bread,8,4,4.07,7.68,1.21,0.218
R009,2025-03-11,ING009,Lettuce,2,3,1.8,5.62,0.54,0.191
R009,2025-03-11,ING010,Cheese,4,5,0.89,4.15,0.92,0.363
R009,2025-03-12,ING001,Rice,12,3,3.2,4.13,0.28,0.092
R009,2025-03-12,ING002,Chicken,2,2,0.89,1.51,0.0,0.173
R009,2025-03-12,ING003,Paneer,3,4,0.7,1.53,0.2,0.021
R009,2025-03-12,ING004,Onion,5,7,2.09,2.22,0.13,0.223
R009,2025-03-12,ING005,Tomato,4,5,0.0,0.41,0.7,0.071
R009,2025-03-12,ING006,Oil,20,30,3.38,4.17,0.84,0.192
R009,2025-03-12,ING007,Flour,10,15,2.83,4.48,0.68,0.016
R009,2025-03-12,ING008,Bread,8,4,1.18,2.18,0.16,0.191
R009,2025-03-12,ING009,Lettuce,2,3,1.59,3.34,0.7,0.149
R009,2025-03-12,ING010,Cheese,4,5,2.36,4.68,0.58,0.089
R009,2025-03-13,ING001,Rice,12,3,2.76,5.32,0.72,0.228
R009,2025-03-13,ING002,Chicken,2,2,0.0,3.41,0.82,0.07
R009,2025-03-13,ING003,Paneer,3,4,2.9,6.65,0.56,0.036
R009,2025-03-13,ING004,Onion,5,7,3.03,7.02,1.08,0.124
R009,2025-03-13,ING005,Tomato,4,5,2.76,5.12,0.56,0.174
R009,2025-03-13,ING006,Oil,20,30,1.0,4.13,0.48,0.236
R009,2025-03-13,ING007,Flour,10,15,4.13,5.11,0.93,0.194
R009,2025-03-13,ING008,Bread,8,4,5.26,8.29,1.19,0.172
R009,2025-03-13,ING009,Lettuce,2,3,1.29,3.83,0.83,0.036
R009,2025-03-13,ING010,Cheese,4,5,4.55,5.72,0.67,0.019
R009,2025-03-14,ING001,Rice,12,3,0.85,3.01,0.67,0.127
R009,2025-03-14,ING002,Chicken,2,2,1.48,3.45,0.0,0.083
R009,2025-03-14,ING003,Paneer,3,4,0.0,1.51,0.51,0.054
R009,2025-03-14,ING004,Onion,5,7,1.03,1.23,0.0,0.248
R009,2025-03-14,ING005,Tomato,4,5,0.59,3.54,0.73,0.249
R009,2025-03-14,ING006,Oil,20,30,2.54,4.19,0.24,0.093
R009,2025-03-14,ING007,Flour,10,15,0.28,0.63,0.0,0.198
R009,2025-03-14,ING008,Bread,8,4,0.59,1.57,0.61,0.096
R009,2025-03-14,ING009,Lettuce,2,3,0.0,1.1,0.39,0.113
R009,2025-03-14,ING010,Cheese,4,5,0.0,1.75,0.03,0.139
R009,2025-03-15,ING001,Rice,12,3,3.39,6.3,1.56,0.341
R009,2025-03-15,ING002,Chicken,2,2,4.77,7.87,1.2,0.166
R009,2025-03-15,ING003,Paneer,3,4,0.0,3.39,0.62,0.205
R009,2025-03-15,ING004,Onion,5,7,1.18,2.28,0.65,0.334
R009,2025-03-15,ING005,Tomato,4,5,1.86,3.91,0.03,0.17
R009,2025-03-15,ING006,Oil,20,30,6.11,6.77,0.98,0.377
R009,2025-03-15,ING007,Flour,10,15,5.04,6.65,0.78,0.331
R009,2025-03-15,ING008,Bread,8,4,3.01,4.56,0.81,0.393
R009,2025-03-15,ING009,Lettuce,2,3,1.52,5.41,0.71,0.236
R009,2025-03-15,ING010,Cheese,4,5,1.83,4.72,1.22,0.241
R009,2025-03-16,ING001,Rice,12,3,2.53,4.66,0.3,0.134
R009,2025-03-16,ING002,Chicken,2,2,2.35,5.96,0.84,0.033
R009,2025-03-16,ING003,Paneer,3,4,4.35,7.61,1.07,0.076
R009,2025-03-16,ING004,Onion,5,7,2.61,4.85,0.7,0.247
R009,2025-03-16,ING005,Tomato,4,5,0.17,2.23,0.16,0.226
R009,2025-03-16,ING006,Oil,20,30,2.08,4.51,0.57,0.144
R009,2025-03-16,ING007,Flour,10,15,0.21,2.31,0.58,0.232
R009,2025-03-16,ING008,Bread,8,4,1.36,3.78,1.02,0.069
R009,2025-03-16,ING009,Lettuce,2,3,2.37,4.06,0.46,0.068
R009,2025-03-16,ING010,Cheese,4,5,1.2,4.27,0.44,0.209
R009,2025-03-17,ING001,Rice,12,3,2.2,5.9,0.71,0.331
R009,2025-03-17,ING002,Chicken,2,2,5.16,8.9,1.08,0.165
R009,2025-03-17,ING003,Paneer,3,4,1.14,3.07,0.26,0.247
R009,2025-03-17,ING004,Onion,5,7,5.26,6.91,1.32,0.26
R009,2025-03-17,ING005,Tomato,4,5,1.22,1.4,0.53,0.3
R009,2025-03-17,ING006,Oil,20,30,2.02,5.18,0.29,0.387
R009,2025-03-17,ING007,Flour,10,15,2.21,5.77,1.16,0.382
R009,2025-03-17,ING008,Bread,8,4,0.23,1.5,0.53,0.384
R009,2025-03-17,ING009,Lettuce,2,3,2.93,5.59,1.33,0.213
R009,2025-03-17,ING010,Cheese,4,5,5.69,5.74,0.98,0.275
R009,2025-03-18,ING001,Rice,12,3,0.0,3.31,1.34,0.018
R009,2025-03-18,ING002,Chicken,2,2,2.26,3.74,0.05,0.033
R009,2025-03-18,ING003,Paneer,3,4,3.18,4.39,1.06,0.074
R009,2025-03-18,ING004,Onion,5,7,0.0,0.3,0.0,0.124
R009,2025-03-18,ING005,Tomato,4,5,3.68,4.73,1.29,0.141
R009,2025-03-18,ING006,Oil,20,30,1.78,2.76,0.71,0.063
R009,2025-03-18,ING007,Flour,10,15,1.23,4.68,0.63,0.087
R009,2025-03-18,ING008,Bread,8,4,0.55,2.38,0.15,0.166
R009,2025-03-18,ING009,Lettuce,2,3,3.15,5.14,0.97,0.006
R009,2025-03-18,ING010,Cheese,4,5,0.64,1.41,0.43,0.047
R009,2025-03-19,ING001,Rice,12,3,1.87,2.51,0.62,0.305
R009,2025-03-19,ING002,Chicken,2,2,4.92,6.81,1.07,0.34
R009,2025-03-19,ING003,Paneer,3,4,2.62,6.15,1.4,0.316
R009,2025-03-19,ING004,Onion,5,7,2.95,4.98,0.38,0.26
R009,2025-03-19,ING005,Tomato,4,5,2.48,5.67,0.46,0.27
R009,2025-03-19,ING006,Oil,20,30,2.14,4.37,0.75,0.391
R009,2025-03-19,ING007,Flour,10,15,0.46,1.81,0.72,0.382
R009,2025-03-19,ING008,Bread,8,4,4.06,6.31,0.85,0.322
R009,2025-03-19,ING009,Lettuce,2,3,3.68,5.37,0.8,0.203
R009,2025-03-19,ING010,Cheese,4,5,4.22,4.5,0.71,0.288
R009,2025-03-20,ING001,Rice,12,3,0.15,3.63,0.54,0.082
R009,2025-03-20,ING002,Chicken,2,2,2.36,3.83,1.07,0.106
R009,2025-03-20,ING003,Paneer,3,4,2.88,5.57,1.02,0.048
R009,2025-03-20,ING004,Onion,5,7,1.21,4.74,1.02,0.248
R009,2025-03-20,ING005,Tomato,4,5,2.74,4.5,0.86,0.068
R009,2025-03-20,ING006,Oil,20,30,2.92,3.21,0.0,0.18
R009,2025-03-20,ING007,Flour,10,15,1.92,3.24,0.0,0.064
R009,2025-03-20,ING008,Bread,8,4,0.0,0.26,0.0,0.05
R009,2025-03-20,ING009,Lettuce,2,3,3.59,6.57,0.62,0.033
R009,2025-03-20,ING010,Cheese,4,5,2.56,5.34,0.24,0.159
R009,2025-03-21,ING001,Rice,12,3,2.47,3.4,0.0,0.181
R009,2025-03-21,ING002,Chicken,2,2,5.62,8.47,1.07,0.078
R009,2025-03-21,ING003,Paneer,3,4,1.95,4.15,0.83,0.091
R009,2025-03-21,ING004,Onion,5,7,3.7,6.99,1.38,0.169
R009,2025-03-21,ING005,Tomato,4,5,3.87,4.38,0.13,0.206
R009,2025-03-21,ING006,Oil,20,30,2.23,5.78,0.65,0.037
R009,2025-03-21,ING007,Flour,10,15,3.55,4.6,0.43,0.039
R009,2025-03-21,ING008,Bread,8,4,2.82,5.74,0.9,0.2
R009,2025-03-21,ING009,Lettuce,2,3,1.25,1.29,0.0,0.086
R009,2025-03-21,ING010,Cheese,4,5,3.03,3.87,0.73,0.172
R009,2025-03-22,ING001,Rice,12,3,4.92,6.61,0.8,0.39
R009,2025-03-22,ING002,Chicken,2,2,0.0,1.06,0.5,0.379
R009,2025-03-22,ING003,Paneer,3,4,1.95,4.19,0.54,0.38
R009,2025-03-22,ING004,Onion,5,7,0.0,3.92,0.37,0.381
R009,2025-03-22,ING005,Tomato,4,5,4.44,8.22,1.21,0.203
R009,2025-03-22,ING006,Oil,20,30,1.02,3.88,0.32,0.159
R009,2025-03-22,ING007,Flour,10,15,2.42,4.81,0.67,0.213
R009,2025-03-22,ING008,Bread,8,4,1.67,2.07,0.42,0.279
R009,2025-03-22,ING009,Lettuce,2,3,3.78,5.02,0.03,0.33
R009,2025-03-22,ING010,Cheese,4,5,0.48,0.49,0.0,0.153
R009,2025-03-23,ING001,Rice,12,3,1.32,4.22,0.7,0.092
R009,2025-03-23,ING002,Chicken,2,2,2.62,3.02,0.45,0.142
R009,2025-03-23,ING003,Paneer,3,4,1.32,3.56,0.46,0.027
R009,2025-03-23,ING004,Onion,5,7,0.0,1.2,0.28,0.059
R009,2025-03-23,ING005,Tomato,4,5,0.0,2.46,0.21,0.153
R009,2025-03-23,ING006,Oil,20,30,5.87,7.58,1.42,0.166
R009,2025-03-23,ING007,Flour,10,15,0.63,3.49,0.85,0.183
R009,2025-03-23,ING008,Bread,8,4,3.61,5.46,0.56,0.19
R009,2025-03-23,ING009,Lettuce,2,3,1.23,3.66,0.57,0.052
R009,2025-03-23,ING010,Cheese,4,5,4.07,6.89,0.83,0.162
R009,2025-03-24,ING001,Rice,12,3,1.63,2.12,0.31,0.201
R009,2025-03-24,ING002,Chicken,2,2,1.72,3.19,0.23,0.244
R009,2025-03-24,ING003,Paneer,3,4,1.66,2.87,0.42,0.169
R009,2025-03-24,ING004,Onion,5,7,5.87,8.29,1.22,0.223
R009,2025-03-24,ING005,Tomato,4,5,3.79,5.85,0.73,0.16
R009,2025-03-24,ING006,Oil,20,30,4.03,4.89,0.81,0.11
R009,2025-03-24,ING007,Flour,10,15,4.36,5.3,0.62,0.245
R009,2025-03-24,ING008,Bread,8,4,1.32,4.74,0.98,0.032
R009,2025-03-24,ING009,Lettuce,2,3,0.64,3.89,0.68,0.149
R009,2025-03-24,ING010,Cheese,4,5,2.5,3.41,0.15,0.06
R009,2025-03-25,ING001,Rice,12,3,2.51,6.44,0.81,0.047
R009,2025-03-25,ING002,Chicken,2,2,1.4,3.57,0.55,0.092
R009,2025-03-25,ING003,Paneer,3,4,0.0,0.06,0.0,0.057
R009,2025-03-25,ING004,Onion,5,7,0.38,4.02,0.75,0.089
R009,2025-03-25,ING005,Tomato,4,5,1.12,2.48,0.25,0.056
R009,2025-03-25,ING006,Oil,20,30,0.25,3.36,1.02,0.213
R009,2025-03-25,ING007,Flour,10,15,2.59,4.85,0.55,0.051
R009,2025-03-25,ING008,Bread,8,4,2.58,4.39,0.94,0.089
R009,2025-03-25,ING009,Lettuce,2,3,0.17,4.12,0.84,0.183
R009,2025-03-25,ING010,Cheese,4,5,1.24,3.73,0.44,0.053
R009,2025-03-26,ING001,Rice,12,3,1.06,1.3,0.26,0.229
R009,2025-03-26,ING002,Chicken,2,2,1.93,3.19,0.16,0.151
R009,2025-03-26,ING003,Paneer,3,4,4.2,7.82,1.32,0.074
R009,2025-03-26,ING004,Onion,5,7,3.38,6.58,1.12,0.016
R009,2025-03-26,ING005,Tomato,4,5,4.11,7.41,1.02,0.053
R009,2025-03-26,ING006,Oil,20,30,3.43,4.37,0.46,0.18
R009,2025-03-26,ING007,Flour,10,15,2.16,3.76,0.16,0.143
R009,2025-03-26,ING008,Bread,8,4,4.86,6.52,1.35,0.212
R009,2025-03-26,ING009,Lettuce,2,3,5.86,6.38,0.67,0.238
R009,2025-03-26,ING010,Cheese,4,5,3.59,7.44,0.59,0.231
R009,2025-03-27,ING001,Rice,12,3,1.71,2.88,0.21,0.164
R009,2025-03-27,ING002,Chicken,2,2,2.73,4.84,0.45,0.236
R009,2025-03-27,ING003,Paneer,3,4,3.94,6.75,1.11,0.045
R009,2025-03-27,ING004,Onion,5,7,3.33,4.44,0.96,0.161
R009,2025-03-27,ING005,Tomato,4,5,1.92,4.41,0.86,0.106
R009,2025-03-27,ING006,Oil,20,30,3.02,3.82,0.57,0.004
R009,2025-03-27,ING007,Flour,10,15,0.0,3.13,0.37,0.173
R009,2025-03-27,ING008,Bread,8,4,0.16,1.93,0.34,0.152
R009,2025-03-27,ING009,Lettuce,2,3,2.67,6.15,0.87,0.067
R009,2025-03-27,ING010,Cheese,4,5,1.11,3.03,0.24,0.095
R009,2025-03-28,ING001,Rice,12,3,4.29,8.02,1.19,0.091
R009,2025-03-28,ING002,Chicken,2,2,1.97,2.62,0.45,0.105
R009,2025-03-28,ING003,Paneer,3,4,2.28,6.21,1.16,0.094
R009,2025-03-28,ING004,Onion,5,7,0.94,3.68,1.07,0.077
R009,2025-03-28,ING005,Tomato,4,5,2.24,4.65,0.83,0.023
R009,2025-03-28,ING006,Oil,20,30,1.89,3.0,0.0,0.197
R009,2025-03-28,ING007,Flour,10,15,2.17,3.03,0.47,0.192
R009,2025-03-28,ING008,Bread,8,4,2.34,2.86,0.22,0.164
R009,2025-03-28,ING009,Lettuce,2,3,2.26,6.21,0.8,0.2
R009,2025-03-28,ING010,Cheese,4,5,4.32,5.99,0.51,0.243
R009,2025-03-29,ING001,Rice,12,3,2.67,4.49,0.56,0.259
R009,2025-03-29,ING002,Chicken,2,2,0.97,4.45,0.62,0.295
R009,2025-03-29,ING003,Paneer,3,4,3.35,5.58,1.17,0.227
R009,2025-03-29,ING004,Onion,5,7,3.58,6.48,0.55,0.297
R009,2025-03-29,ING005,Tomato,4,5,0.99,4.71,0.02,0.373
R009,2025-03-29,ING006,Oil,20,30,2.84,6.3,1.39,0.191
R009,2025-03-29,ING007,Flour,10,15,1.07,1.43,0.59,0.226
R009,2025-03-29,ING008,Bread,8,4,0.17,3.19,0.31,0.297
R009,2025-03-29,ING009,Lettuce,2,3,2.42,3.73,1.24,0.27
R009,2025-03-29,ING010,Cheese,4,5,0.0,2.13,0.78,0.372
R009,2025-03-30,ING001,Rice,12,3,2.17,2.77,0.74,0.016
R009,2025-03-30,ING002,Chicken,2,2,5.45,5.52,0.9,0.054
R009,2025-03-30,ING003,Paneer,3,4,4.67,5.84,0.69,0.207
R009,2025-03-30,ING004,Onion,5,7,4.48,7.21,1.13,0.012
R009,2025-03-30,ING005,Tomato,4,5,2.22,4.47,0.4,0.23
R009,2025-03-30,ING006,Oil,20,30,2.59,5.38,0.85,0.115
R009,2025-03-30,ING007,Flour,10,15,4.33,5.93,1.31,0.216
R009,2025-03-30,ING008,Bread,8,4,6.1,7.99,1.12,0.168
R009,2025-03-30,ING009,Lettuce,2,3,6.14,10.1,1.71,0.068
R009,2025-03-30,ING010,Cheese,4,5,4.06,4.9,0.61,0.242
R009,2025-03-31,ING001,Rice,12,3,2.43,2.49,0.49,0.023
R009,2025-03-31,ING002,Chicken,2,2,0.0,1.6,0.0,0.145
R009,2025-03-31,ING003,Paneer,3,4,1.04,2.02,0.15,0.031
R009,2025-03-31,ING004,Onion,5,7,1.31,2.4,0.51,0.065
R009,2025-03-31,ING005,Tomato,4,5,0.72,1.05,0.0,0.072
R009,2025-03-31,ING006,Oil,20,30,3.01,4.86,0.0,0.217
R009,2025-03-31,ING007,Flour,10,15,1.37,2.99,0.59,0.225
R009,2025-03-31,ING008,Bread,8,4,0.69,1.06,0.51,0.046
R009,2025-03-31,ING009,Lettuce,2,3,4.07,6.33,0.86,0.154
R009,2025-03-31,ING010,Cheese,4,5,1.61,5.19,1.01,0.166
R010,2025-01-01,ING001,Rice,12,3,0.0,1.9,0.03,0.074
R010,2025-01-01,ING002,Chicken,2,2,0.0,0.6,0.09,0.005
R010,2025-01-01,ING003,Paneer,3,4,1.54,3.95,0.67,0.037
R010,2025-01-01,ING004,Onion,5,7,0.42,2.13,0.23,0.038
R010,2025-01-01,ING005,Tomato,4,5,2.08,5.44,1.84,0.069
R010,2025-01-01,ING006,Oil,20,30,2.79,5.44,0.54,0.138
R010,2025-01-01,ING007,Flour,10,15,0.0,3.4,1.04,0.233
R010,2025-01-01,ING008,Bread,8,4,0.92,2.44,0.47,0.217
R010,2025-01-01,ING009,Lettuce,2,3,2.45,6.37,0.88,0.066
R010,2025-01-01,ING010,Cheese,4,5,1.46,1.82,0.55,0.139
R010,2025-01-02,ING001,Rice,12,3,1.85,2.33,0.34,0.334
R010,2025-01-02,ING002,Chicken,2,2,3.27,4.74,0.34,0.286
R010,2025-01-02,ING003,Paneer,3,4,1.71,4.63,1.3,0.338
R010,2025-01-02,ING004,Onion,5,7,3.64,5.21,0.66,0.268
R010,2025-01-02,ING005,Tomato,4,5,0.41,2.41,0.23,0.18
R010,2025-01-02,ING006,Oil,20,30,1.86,1.96,0.0,0.161
R010,2025-01-02,ING007,Flour,10,15,0.58,2.13,0.89,0.36
R010,2025-01-02,ING008,Bread,8,4,1.95,4.52,0.57,0.377
R010,2025-01-02,ING009,Lettuce,2,3,2.34,3.29,0.76,0.391
R010,2025-01-02,ING010,Cheese,4,5,0.0,1.62,0.6,0.344
R010,2025-01-03,ING001,Rice,12,3,1.97,4.33,0.47,0.252
R010,2025-01-03,ING002,Chicken,2,2,2.26,2.99,0.33,0.292
R010,2025-01-03,ING003,Paneer,3,4,2.26,4.88,0.52,0.289
R010,2025-01-03,ING004,Onion,5,7,0.41,3.91,0.66,0.347
R010,2025-01-03,ING005,Tomato,4,5,0.0,1.88,0.58,0.291
R010,2025-01-03,ING006,Oil,20,30,1.64,4.97,1.04,0.256
R010,2025-01-03,ING007,Flour,10,15,0.05,4.04,0.69,0.375
R010,2025-01-03,ING008,Bread,8,4,0.35,2.43,0.15,0.361
R010,2025-01-03,ING009,Lettuce,2,3,0.0,2.0,0.53,0.385
R010,2025-01-03,ING010,Cheese,4,5,2.02,2.84,0.49,0.381
R010,2025-01-04,ING001,Rice,12,3,0.0,1.52,0.25,0.217
R010,2025-01-04,ING002,Chicken,2,2,0.28,3.98,0.42,0.276
R010,2025-01-04,ING003,Paneer,3,4,1.28,1.46,0.0,0.278
R010,2025-01-04,ING004,Onion,5,7,3.58,4.57,0.5,0.348
R010,2025-01-04,ING005,Tomato,4,5,0.62,4.38,0.71,0.314
R010,2025-01-04,ING006,Oil,20,30,0.0,1.7,0.38,0.178
R010,2025-01-04,ING007,Flour,10,15,2.22,5.66,1.0,0.229
R010,2025-01-04,ING008,Bread,8,4,0.0,2.26,0.08,0.274
R010,2025-01-04,ING009,Lettuce,2,3,0.0,2.94,0.12,0.316
R010,2025-01-04,ING010,Cheese,4,5,0.08,0.6,0.0,0.298
R010,2025-01-05,ING001,Rice,12,3,3.44,5.35,0.62,0.031
R010,2025-01-05,ING002,Chicken,2,2,0.4,0.47,0.0,0.178
R010,2025-01-05,ING003,Paneer,3,4,0.0,0.25,0.0,0.088
R010,2025-01-05,ING004,Onion,5,7,0.39,2.52,0.55,0.245
R010,2025-01-05,ING005,Tomato,4,5,2.03,3.72,0.63,0.094
R010,2025-01-05,ING006,Oil,20,30,0.8,1.5,0.62,0.058
R010,2025-01-05,ING007,Flour,10,15,2.17,4.05,0.34,0.137
R010,2025-01-05,ING008,Bread,8,4,0.61,2.02,0.15,0.235
R010,2025-01-05,ING009,Lettuce,2,3,2.66,5.77,0.83,0.19
R010,2025-01-05,ING010,Cheese,4,5,2.64,5.82,0.92,0.143
R010,2025-01-06,ING001,Rice,12,3,1.78,2.86,0.64,0.005
R010,2025-01-06,ING002,Chicken,2,2,1.76,3.54,0.06,0.029
R010,2025-01-06,ING003,Paneer,3,4,2.85,4.45,0.41,0.211
R010,2025-01-06,ING004,Onion,5,7,0.0,2.55,0.51,0.107
R010,2025-01-06,ING005,Tomato,4,5,3.5,6.28,1.19,0.192
R010,2025-01-06,ING006,Oil,20,30,1.31,4.25,0.42,0.155
R010,2025-01-06,ING007,Flour,10,15,3.15,5.3,0.22,0.005
R010,2025-01-06,ING008,Bread,8,4,2.67,4.0,0.59,0.03
R010,2025-01-06,ING009,Lettuce,2,3,0.0,0.64,0.24,0.094
R010,2025-01-06,ING010,Cheese,4,5,0.61,4.38,0.47,0.059
R010,2025-01-07,ING001,Rice,12,3,3.47,3.9,0.95,0.193
R010,2025-01-07,ING002,Chicken,2,2,0.0,2.48,0.47,0.351
R010,2025-01-07,ING003,Paneer,3,4,4.32,7.02,0.75,0.322
R010,2025-01-07,ING004,Onion,5,7,0.0,2.07,0.0,0.399
R010,2025-01-07,ING005,Tomato,4,5,2.4,3.08,0.7,0.238
R010,2025-01-07,ING006,Oil,20,30,1.19,2.45,0.29,0.316
R010,2025-01-07,ING007,Flour,10,15,2.07,4.29,0.52,0.345
R010,2025-01-07,ING008,Bread,8,4,2.13,5.74,0.2,0.176
R010,2025-01-07,ING009,Lettuce,2,3,0.0,2.71,0.0,0.221
R010,2025-01-07,ING010,Cheese,4,5,0.02,3.83,0.37,0.366
R010,2025-01-08,ING001,Rice,12,3,0.0,1.29,0.63,0.39
R010,2025-01-08,ING002,Chicken,2,2,1.71,4.6,0.76,0.168
R010,2025-01-08,ING003,Paneer,3,4,0.0,1.01,0.33,0.301
R010,2025-01-08,ING004,Onion,5,7,3.22,5.97,1.19,0.261
R010,2025-01-08,ING005,Tomato,4,5,0.73,2.88,0.44,0.331
R010,2025-01-08,ING006,Oil,20,30,6.13,9.73,1.26,0.2
R010,2025-01-08,ING007,Flour,10,15,0.71,3.96,1.03,0.304
R010,2025-01-08,ING008,Bread,8,4,2.08,5.99,0.52,0.306
R010,2025-01-08,ING009,Lettuce,2,3,0.55,3.01,0.53,0.185
R010,2025-01-08,ING010,Cheese,4,5,0.0,3.67,0.39,0.249
R010,2025-01-09,ING001,Rice,12,3,1.96,5.09,1.14,0.21
R010,2025-01-09,ING002,Chicken,2,2,1.64,2.3,0.13,0.288
R010,2025-01-09,ING003,Paneer,3,4,0.05,2.83,0.17,0.184
R010,2025-01-09,ING004,Onion,5,7,0.07,1.93,0.07,0.276
R010,2025-01-09,ING005,Tomato,4,5,2.76,3.59,0.0,0.243
R010,2025-01-09,ING006,Oil,20,30,1.87,2.02,0.16,0.162
R010,2025-01-09,ING007,Flour,10,15,3.09,4.79,0.97,0.298
R010,2025-01-09,ING008,Bread,8,4,3.59,5.76,1.07,0.32
R010,2025-01-09,ING009,Lettuce,2,3,1.96,5.74,0.4,0.215
R010,2025-01-09,ING010,Cheese,4,5,1.09,2.84,0.71,0.167
R010,2025-01-10,ING001,Rice,12,3,1.01,4.33,0.54,0.179
R010,2025-01-10,ING002,Chicken,2,2,1.51,3.69,0.34,0.215
R010,2025-01-10,ING003,Paneer,3,4,1.59,4.59,0.9,0.373
R010,2025-01-10,ING004,Onion,5,7,1.93,5.87,0.8,0.288
R010,2025-01-10,ING005,Tomato,4,5,0.0,2.31,0.34,0.224
R010,2025-01-10,ING006,Oil,20,30,0.51,3.36,0.53,0.359
R010,2025-01-10,ING007,Flour,10,15,1.34,3.0,0.48,0.38
R010,2025-01-10,ING008,Bread,8,4,1.23,3.12,0.03,0.255
R010,2025-01-10,ING009,Lettuce,2,3,2.77,5.28,0.39,0.192
R010,2025-01-10,ING010,Cheese,4,5,0.47,2.1,0.53,0.385
R010,2025-01-11,ING001,Rice,12,3,0.0,3.34,0.0,0.055
R010,2025-01-11,ING002,Chicken,2,2,3.78,5.1,1.34,0.179
R010,2025-01-11,ING003,Paneer,3,4,1.91,3.79,0.43,0.088
R010,2025-01-11,ING004,Onion,5,7,1.56,5.07,0.78,0.246
R010,2025-01-11,ING005,Tomato,4,5,4.53,7.95,1.49,0.227
R010,2025-01-11,ING006,Oil,20,30,1.39,3.46,0.82,0.155
R010,2025-01-11,ING007,Flour,10,15,0.0,1.58,0.0,0.183
R010,2025-01-11,ING008,Bread,8,4,2.58,6.48,1.1,0.101
R010,2025-01-11,ING009,Lettuce,2,3,0.19,2.14,0.71,0.178
R010,2025-01-11,ING010,Cheese,4,5,2.32,6.24,0.55,0.201
R010,2025-01-12,ING001,Rice,12,3,4.37,7.39,1.46,0.225
R010,2025-01-12,ING002,Chicken,2,2,3.99,7.95,1.16,0.184
R010,2025-01-12,ING003,Paneer,3,4,0.0,3.66,0.29,0.084
R010,2025-01-12,ING004,Onion,5,7,0.9,2.99,0.0,0.13
R010,2025-01-12,ING005,Tomato,4,5,1.76,2.76,0.03,0.045
R010,2025-01-12,ING006,Oil,20,30,2.93,6.0,0.27,0.208
R010,2025-01-12,ING007,Flour,10,15,2.12,3.52,0.21,0.182
R010,2025-01-12,ING008,Bread,8,4,0.9,2.89,0.22,0.194
R010,2025-01-12,ING009,Lettuce,2,3,0.0,2.58,0.33,0.008
R010,2025-01-12,ING010,Cheese,4,5,1.14,2.06,0.15,0.08
R010,2025-01-13,ING001,Rice,12,3,0.97,3.47,0.41,0.095
R010,2025-01-13,ING002,Chicken,2,2,0.0,0.8,0.0,0.129
R010,2025-01-13,ING003,Paneer,3,4,3.17,6.54,0.6,0.192
R010,2025-01-13,ING004,Onion,5,7,1.0,2.86,0.29,0.176
R010,2025-01-13,ING005,Tomato,4,5,0.0,0.58,0.0,0.132
R010,2025-01-13,ING006,Oil,20,30,0.0,2.74,1.0,0.096
R010,2025-01-13,ING007,Flour,10,15,3.04,4.32,0.79,0.139
R010,2025-01-13,ING008,Bread,8,4,2.71,3.83,0.26,0.211
R010,2025-01-13,ING009,Lettuce,2,3,0.21,3.88,0.54,0.053
R010,2025-01-13,ING010,Cheese,4,5,0.7,1.38,0.0,0.211
R010,2025-01-14,ING001,Rice,12,3,0.0,2.63,0.11,0.071
R010,2025-01-14,ING002,Chicken,2,2,2.49,4.83,0.82,0.228
R010,2025-01-14,ING003,Paneer,3,4,3.54,7.28,1.1,0.035
R010,2025-01-14,ING004,Onion,5,7,1.19,4.39,0.68,0.186
R010,2025-01-14,ING005,Tomato,4,5,1.47,3.37,0.51,0.064
R010,2025-01-14,ING006,Oil,20,30,0.0,3.84,0.19,0.043
R010,2025-01-14,ING007,Flour,10,15,0.84,2.06,0.32,0.086
R010,2025-01-14,ING008,Bread,8,4,2.39,2.85,0.0,0.169
R010,2025-01-14,ING009,Lettuce,2,3,1.01,3.86,0.36,0.193
R010,2025-01-14,ING010,Cheese,4,5,0.72,4.2,0.36,0.059
R010,2025-01-15,ING001,Rice,12,3,1.24,3.71,0.62,0.136
R010,2025-01-15,ING002,Chicken,2,2,0.74,4.46,1.21,0.178
R010,2025-01-15,ING003,Paneer,3,4,0.0,3.96,1.07,0.005
R010,2025-01-15,ING004,Onion,5,7,2.45,5.31,0.96,0.098
R010,2025-01-15,ING005,Tomato,4,5,1.75,4.6,0.7,0.075
R010,2025-01-15,ING006,Oil,20,30,3.34,4.04,0.0,0.021
R010,2025-01-15,ING007,Flour,10,15,1.14,2.97,0.46,0.171
R010,2025-01-15,ING008,Bread,8,4,0.0,3.01,0.75,0.022
R010,2025-01-15,ING009,Lettuce,2,3,0.0,3.14,0.35,0.046
R010,2025-01-15,ING010,Cheese,4,5,1.23,1.99,0.0,0.018
R010,2025-01-16,ING001,Rice,12,3,1.71,3.07,1.17,0.306
R010,2025-01-16,ING002,Chicken,2,2,2.09,2.88,0.19,0.375
R010,2025-01-16,ING003,Paneer,3,4,1.51,5.36,0.84,0.235
R010,2025-01-16,ING004,Onion,5,7,0.0,2.75,0.62,0.353
R010,2025-01-16,ING005,Tomato,4,5,0.0,2.07,0.22,0.154
R010,2025-01-16,ING006,Oil,20,30,0.1,1.42,0.1,0.39
R010,2025-01-16,ING007,Flour,10,15,0.0,2.2,0.29,0.221
R010,2025-01-16,ING008,Bread,8,4,0.0,3.67,0.65,0.155
R010,2025-01-16,ING009,Lettuce,2,3,2.41,5.5,0.41,0.229
R010,2025-01-16,ING010,Cheese,4,5,2.13,4.95,1.11,0.235
R010,2025-01-17,ING001,Rice,12,3,1.43,3.07,0.56,0.338
R010,2025-01-17,ING002,Chicken,2,2,2.34,3.04,0.15,0.296
R010,2025-01-17,ING003,Paneer,3,4,0.0,0.61,0.04,0.151
R010,2025-01-17,ING004,Onion,5,7,1.26,3.0,0.51,0.399
R010,2025-01-17,ING005,Tomato,4,5,1.12,4.13,0.09,0.355
R010,2025-01-17,ING006,Oil,20,30,4.56,6.26,0.82,0.348
R010,2025-01-17,ING007,Flour,10,15,0.0,1.49,0.0,0.302
R010,2025-01-17,ING008,Bread,8,4,0.74,2.58,0.59,0.162
R010,2025-01-17,ING009,Lettuce,2,3,1.7,4.54,0.19,0.325
R010,2025-01-17,ING010,Cheese,4,5,0.0,2.77,0.2,0.376
R010,2025-01-18,ING001,Rice,12,3,2.36,4.91,0.73,0.139
R010,2025-01-18,ING002,Chicken,2,2,0.31,1.19,0.22,0.118
R010,2025-01-18,ING003,Paneer,3,4,2.98,4.59,0.86,0.207
R010,2025-01-18,ING004,Onion,5,7,1.61,2.16,0.0,0.14
R010,2025-01-18,ING005,Tomato,4,5,3.25,5.26,0.68,0.181
R010,2025-01-18,ING006,Oil,20,30,0.49,1.76,0.5,0.026
R010,2025-01-18,ING007,Flour,10,15,1.07,2.61,0.51,0.175
R010,2025-01-18,ING008,Bread,8,4,2.59,2.6,0.76,0.076
R010,2025-01-18,ING009,Lettuce,2,3,1.48,3.31,0.51,0.231
R010,2025-01-18,ING010,Cheese,4,5,1.0,4.77,0.26,0.101
R010,2025-01-19,ING001,Rice,12,3,2.89,3.27,0.8,0.156
R010,2025-01-19,ING002,Chicken,2,2,1.17,2.16,0.42,0.167
R010,2025-01-19,ING003,Paneer,3,4,3.48,7.13,1.35,0.073
R010,2025-01-19,ING004,Onion,5,7,2.12,5.63,1.14,0.19
R010,2025-01-19,ING005,Tomato,4,5,2.36,4.44,1.09,0.184
R010,2025-01-19,ING006,Oil,20,30,2.66,4.77,0.18,0.155
R010,2025-01-19,ING007,Flour,10,15,0.39,1.55,0.0,0.158
R010,2025-01-19,ING008,Bread,8,4,3.18,6.25,0.73,0.04
R010,2025-01-19,ING009,Lettuce,2,3,2.94,3.32,0.25,0.111
R010,2025-01-19,ING010,Cheese,4,5,2.25,5.3,0.58,0.059
R010,2025-01-20,ING001,Rice,12,3,1.82,5.48,0.4,0.12
R010,2025-01-20,ING002,Chicken,2,2,0.0,3.29,0.3,0.249
R010,2025-01-20,ING003,Paneer,3,4,0.51,1.91,0.25,0.22
R010,2025-01-20,ING004,Onion,5,7,1.46,2.1,0.32,0.135
R010,2025-01-20,ING005,Tomato,4,5,1.43,1.75,0.55,0.217
R010,2025-01-20,ING006,Oil,20,30,2.08,2.93,0.46,0.204
R010,2025-01-20,ING007,Flour,10,15,1.7,2.63,0.64,0.219
R010,2025-01-20,ING008,Bread,8,4,1.31,3.38,0.54,0.118
R010,2025-01-20,ING009,Lettuce,2,3,0.22,3.06,0.45,0.192
R010,2025-01-20,ING010,Cheese,4,5,2.13,3.18,0.81,0.006
R010,2025-01-21,ING001,Rice,12,3,1.48,2.79,0.06,0.069
R010,2025-01-21,ING002,Chicken,2,2,1.51,5.33,1.04,0.246
R010,2025-01-21,ING003,Paneer,3,4,3.92,7.58,0.98,0.161
R010,2025-01-21,ING004,Onion,5,7,1.54,3.4,0.68,0.167
R010,2025-01-21,ING005,Tomato,4,5,0.0,2.28,0.0,0.226
R010,2025-01-21,ING006,Oil,20,30,0.99,1.32,0.39,0.023
R010,2025-01-21,ING007,Flour,10,15,0.0,0.1,0.0,0.193
R010,2025-01-21,ING008,Bread,8,4,3.54,6.83,1.1,0.141
R010,2025-01-21,ING009,Lettuce,2,3,1.3,2.98,1.25,0.071
R010,2025-01-21,ING010,Cheese,4,5,1.35,2.19,0.54,0.101
R010,2025-01-22,ING001,Rice,12,3,0.9,2.91,0.71,0.077
R010,2025-01-22,ING002,Chicken,2,2,2.05,2.59,0.64,0.144
R010,2025-01-22,ING003,Paneer,3,4,0.81,4.73,1.0,0.048
R010,2025-01-22,ING004,Onion,5,7,3.03,5.66,1.06,0.072
R010,2025-01-22,ING005,Tomato,4,5,0.65,2.91,0.83,0.181
R010,2025-01-22,ING006,Oil,20,30,0.0,0.84,0.49,0.06
R010,2025-01-22,ING007,Flour,10,15,3.15,5.39,0.71,0.106
R010,2025-01-22,ING008,Bread,8,4,2.33,5.3,0.53,0.066
R010,2025-01-22,ING009,Lettuce,2,3,1.02,1.24,0.32,0.137
R010,2025-01-22,ING010,Cheese,4,5,0.0,3.23,0.45,0.069
R010,2025-01-23,ING001,Rice,12,3,0.05,2.55,0.19,0.182
R010,2025-01-23,ING002,Chicken,2,2,2.0,2.04,0.29,0.216
R010,2025-01-23,ING003,Paneer,3,4,1.44,3.1,0.59,0.342
R010,2025-01-23,ING004,Onion,5,7,0.16,3.72,0.42,0.16
R010,2025-01-23,ING005,Tomato,4,5,0.65,2.76,0.85,0.37
R010,2025-01-23,ING006,Oil,20,30,0.0,0.43,0.06,0.346
R010,2025-01-23,ING007,Flour,10,15,0.56,2.15,0.69,0.283
R010,2025-01-23,ING008,Bread,8,4,0.19,0.77,0.0,0.287
R010,2025-01-23,ING009,Lettuce,2,3,2.5,5.6,1.0,0.172
R010,2025-01-23,ING010,Cheese,4,5,0.0,2.64,0.11,0.233
R010,2025-01-24,ING001,Rice,12,3,3.03,3.24,0.4,0.091
R010,2025-01-24,ING002,Chicken,2,2,0.0,2.78,0.52,0.04
R010,2025-01-24,ING003,Paneer,3,4,0.0,0.45,0.64,0.139
R010,2025-01-24,ING004,Onion,5,7,0.0,1.36,0.15,0.188
R010,2025-01-24,ING005,Tomato,4,5,1.27,2.43,1.11,0.011
R010,2025-01-24,ING006,Oil,20,30,1.74,3.03,0.0,0.017
R010,2025-01-24,ING007,Flour,10,15,0.26,0.91,0.29,0.019
R010,2025-01-24,ING008,Bread,8,4,0.29,3.98,1.1,0.002
R010,2025-01-24,ING009,Lettuce,2,3,2.65,4.27,0.57,0.01
R010,2025-01-24,ING010,Cheese,4,5,0.28,1.99,0.15,0.105
R010,2025-01-25,ING001,Rice,12,3,0.0,3.22,0.51,0.242
R010,2025-01-25,ING002,Chicken,2,2,0.99,1.67,0.08,0.118
R010,2025-01-25,ING003,Paneer,3,4,0.0,0.27,0.02,0.065
R010,2025-01-25,ING004,Onion,5,7,2.43,2.62,0.0,0.149
R010,2025-01-25,ING005,Tomato,4,5,2.01,4.72,0.73,0.117
R010,2025-01-25,ING006,Oil,20,30,7.62,8.36,1.28,0.165
R010,2025-01-25,ING007,Flour,10,15,4.1,4.33,0.96,0.161
R010,2025-01-25,ING008,Bread,8,4,3.3,3.56,0.37,0.183
R010,2025-01-25,ING009,Lettuce,2,3,3.56,7.0,0.79,0.226
R010,2025-01-25,ING010,Cheese,4,5,0.67,1.19,0.42,0.142
R010,2025-01-26,ING001,Rice,12,3,0.13,3.15,0.54,0.224
R010,2025-01-26,ING002,Chicken,2,2,3.17,5.25,0.97,0.299
R010,2025-01-26,ING003,Paneer,3,4,0.2,0.91,0.0,0.195
R010,2025-01-26,ING004,Onion,5,7,1.46,5.4,0.73,0.2
R010,2025-01-26,ING005,Tomato,4,5,0.0,0.19,0.0,0.386
R010,2025-01-26,ING006,Oil,20,30,2.49,4.24,1.34,0.383
R010,2025-01-26,ING007,Flour,10,15,0.0,1.84,0.19,0.344
R010,2025-01-26,ING008,Bread,8,4,2.66,3.17,0.41,0.386
R010,2025-01-26,ING009,Lettuce,2,3,0.0,0.29,0.04,0.21
R010,2025-01-26,ING010,Cheese,4,5,0.0,1.88,0.0,0.283
R010,2025-01-27,ING001,Rice,12,3,2.79,6.53,0.71,0.108
R010,2025-01-27,ING002,Chicken,2,2,4.29,7.16,1.54,0.091
R010,2025-01-27,ING003,Paneer,3,4,0.14,3.45,1.09,0.249
R010,2025-01-27,ING004,Onion,5,7,0.0,1.24,0.29,0.047
R010,2025-01-27,ING005,Tomato,4,5,2.24,3.27,1.14,0.165
R010,2025-01-27,ING006,Oil,20,30,4.48,5.85,0.58,0.174
R010,2025-01-27,ING007,Flour,10,15,3.95,5.67,0.95,0.212
R010,2025-01-27,ING008,Bread,8,4,0.15,3.02,0.11,0.216
R010,2025-01-27,ING009,Lettuce,2,3,0.82,2.58,0.17,0.138
R010,2025-01-27,ING010,Cheese,4,5,4.01,4.21,0.88,0.057
R010,2025-01-28,ING001,Rice,12,3,2.4,2.78,0.39,0.141
R010,2025-01-28,ING002,Chicken,2,2,2.44,5.41,0.56,0.184
R010,2025-01-28,ING003,Paneer,3,4,0.82,3.77,1.01,0.126
R010,2025-01-28,ING004,Onion,5,7,1.37,4.89,0.31,0.145
R010,2025-01-28,ING005,Tomato,4,5,1.98,2.87,1.2,0.125
R010,2025-01-28,ING006,Oil,20,30,1.42,2.32,0.0,0.134
R010,2025-01-28,ING007,Flour,10,15,0.0,2.44,0.03,0.125
R010,2025-01-28,ING008,Bread,8,4,2.94,3.45,0.97,0.124
R010,2025-01-28,ING009,Lettuce,2,3,0.27,4.15,0.58,0.153
R010,2025-01-28,ING010,Cheese,4,5,0.0,2.6,0.51,0.12
R010,2025-01-29,ING001,Rice,12,3,1.94,2.13,0.16,0.008
R010,2025-01-29,ING002,Chicken,2,2,0.0,2.61,0.4,0.175
R010,2025-01-29,ING003,Paneer,3,4,0.0,2.08,0.35,0.146
R010,2025-01-29,ING004,Onion,5,7,2.43,4.37,0.71,0.145
R010,2025-01-29,ING005,Tomato,4,5,2.52,5.34,0.47,0.094
R010,2025-01-29,ING006,Oil,20,30,0.0,0.59,0.0,0.096
R010,2025-01-29,ING007,Flour,10,15,0.79,4.17,0.25,0.086
R010,2025-01-29,ING008,Bread,8,4,0.0,1.2,0.34,0.129
R010,2025-01-29,ING009,Lettuce,2,3,1.8,4.4,0.41,0.056
R010,2025-01-29,ING010,Cheese,4,5,0.0,3.69,0.16,0.087
R010,2025-01-30,ING001,Rice,12,3,3.83,7.76,1.05,0.23
R010,2025-01-30,ING002,Chicken,2,2,0.0,2.07,0.0,0.133
R010,2025-01-30,ING003,Paneer,3,4,1.52,5.5,0.86,0.202
R010,2025-01-30,ING004,Onion,5,7,1.9,2.33,0.11,0.173
R010,2025-01-30,ING005,Tomato,4,5,2.99,5.58,0.79,0.096
R010,2025-01-30,ING006,Oil,20,30,0.0,0.15,0.11,0.194
R010,2025-01-30,ING007,Flour,10,15,0.68,0.86,0.22,0.164
R010,2025-01-30,ING008,Bread,8,4,1.29,2.32,0.26,0.095
R010,2025-01-30,ING009,Lettuce,2,3,0.0,0.51,0.01,0.205
R010,2025-01-30,ING010,Cheese,4,5,0.0,1.26,0.0,0.106
R010,2025-01-31,ING001,Rice,12,3,0.0,3.01,0.33,0.073
R010,2025-01-31,ING002,Chicken,2,2,2.45,3.53,0.7,0.127
R010,2025-01-31,ING003,Paneer,3,4,2.97,6.53,1.26,0.155
R010,2025-01-31,ING004,Onion,5,7,3.32,3.83,1.05,0.142
R010,2025-01-31,ING005,Tomato,4,5,1.59,2.71,0.32,0.103
R010,2025-01-31,ING006,Oil,20,30,1.72,2.05,0.0,0.169
R010,2025-01-31,ING007,Flour,10,15,0.24,0.25,0.0,0.139
R010,2025-01-31,ING008,Bread,8,4,1.61,4.06,0.16,0.184
R010,2025-01-31,ING009,Lettuce,2,3,1.37,2.77,0.48,0.023
R010,2025-01-31,ING010,Cheese,4,5,1.14,1.18,0.49,0.159
R010,2025-02-01,ING001,Rice,12,3,1.72,4.48,1.02,0.328
R010,2025-02-01,ING002,Chicken,2,2,1.61,5.51,0.82,0.268
R010,2025-02-01,ING003,Paneer,3,4,3.46,4.33,0.79,0.256
R010,2025-02-01,ING004,Onion,5,7,2.57,2.68,0.48,0.238
R010,2025-02-01,ING005,Tomato,4,5,2.54,6.3,0.82,0.38
R010,2025-02-01,ING006,Oil,20,30,3.85,5.62,1.29,0.28
R010,2025-02-01,ING007,Flour,10,15,0.0,1.84,0.51,0.378
R010,2025-02-01,ING008,Bread,8,4,2.28,4.45,1.02,0.28
R010,2025-02-01,ING009,Lettuce,2,3,4.02,4.06,0.97,0.172
R010,2025-02-01,ING010,Cheese,4,5,4.29,8.2,0.99,0.269
R010,2025-02-02,ING001,Rice,12,3,1.38,5.31,0.76,0.334
R010,2025-02-02,ING002,Chicken,2,2,0.0,3.84,0.0,0.197
R010,2025-02-02,ING003,Paneer,3,4,0.0,1.66,0.21,0.336
R010,2025-02-02,ING004,Onion,5,7,0.0,3.01,0.0,0.261
R010,2025-02-02,ING005,Tomato,4,5,1.18,2.58,0.6,0.221
R010,2025-02-02,ING006,Oil,20,30,1.61,2.19,0.2,0.316
R010,2025-02-02,ING007,Flour,10,15,0.35,1.5,0.0,0.175
R010,2025-02-02,ING008,Bread,8,4,0.71,1.62,0.45,0.159
R010,2025-02-02,ING009,Lettuce,2,3,1.81,3.82,0.5,0.217
R010,2025-02-02,ING010,Cheese,4,5,1.38,4.89,0.66,0.268
R010,2025-02-03,ING001,Rice,12,3,2.76,4.26,0.19,0.16
R010,2025-02-03,ING002,Chicken,2,2,1.08,2.44,0.41,0.123
R010,2025-02-03,ING003,Paneer,3,4,1.7,4.92,0.6,0.242
R010,2025-02-03,ING004,Onion,5,7,0.32,2.49,0.78,0.201
R010,2025-02-03,ING005,Tomato,4,5,0.0,1.89,0.25,0.12
R010,2025-02-03,ING006,Oil,20,30,1.83,5.25,1.06,0.198
R010,2025-02-03,ING007,Flour,10,15,1.03,4.76,0.6,0.124
R010,2025-02-03,ING008,Bread,8,4,3.72,5.39,0.7,0.048
R010,2025-02-03,ING009,Lettuce,2,3,3.39,4.5,0.42,0.082
R010,2025-02-03,ING010,Cheese,4,5,0.15,0.63,0.0,0.047
R010,2025-02-04,ING001,Rice,12,3,3.92,4.94,0.94,0.22
R010,2025-02-04,ING002,Chicken,2,2,0.0,3.2,0.98,0.239
R010,2025-02-04,ING003,Paneer,3,4,3.2,3.58,0.61,0.186
R010,2025-02-04,ING004,Onion,5,7,0.0,2.74,0.81,0.155
R010,2025-02-04,ING005,Tomato,4,5,1.05,3.63,0.16,0.193
R010,2025-02-04,ING006,Oil,20,30,3.38,5.0,1.13,0.101
R010,2025-02-04,ING007,Flour,10,15,1.78,4.7,0.76,0.235
R010,2025-02-04,ING008,Bread,8,4,0.26,1.29,0.45,0.039
R010,2025-02-04,ING009,Lettuce,2,3,2.85,3.74,0.9,0.132
R010,2025-02-04,ING010,Cheese,4,5,0.91,3.72,0.64,0.096
R010,2025-02-05,ING001,Rice,12,3,2.76,3.46,0.01,0.042
R010,2025-02-05,ING002,Chicken,2,2,5.96,7.4,1.22,0.195
R010,2025-02-05,ING003,Paneer,3,4,2.37,3.17,0.6,0.125
R010,2025-02-05,ING004,Onion,5,7,1.15,4.05,0.62,0.07
R010,2025-02-05,ING005,Tomato,4,5,1.42,4.62,0.75,0.12
R010,2025-02-05,ING006,Oil,20,30,0.8,3.08,0.68,0.187
R010,2025-02-05,ING007,Flour,10,15,1.5,5.14,1.5,0.222
R010,2025-02-05,ING008,Bread,8,4,2.8,5.16,0.77,0.02
R010,2025-02-05,ING009,Lettuce,2,3,0.0,2.62,0.91,0.129
R010,2025-02-05,ING010,Cheese,4,5,0.0,0.4,0.12,0.133
R010,2025-02-06,ING001,Rice,12,3,1.77,2.65,0.7,0.208
R010,2025-02-06,ING002,Chicken,2,2,3.5,4.94,1.11,0.135
R010,2025-02-06,ING003,Paneer,3,4,1.77,2.54,0.15,0.226
R010,2025-02-06,ING004,Onion,5,7,1.03,2.52,0.0,0.07
R010,2025-02-06,ING005,Tomato,4,5,0.0,1.34,0.0,0.243
R010,2025-02-06,ING006,Oil,20,30,2.51,3.33,0.17,0.033
R010,2025-02-06,ING007,Flour,10,15,1.37,4.47,0.55,0.208
R010,2025-02-06,ING008,Bread,8,4,2.6,3.95,1.09,0.094
R010,2025-02-06,ING009,Lettuce,2,3,3.42,6.97,1.29,0.247
R010,2025-02-06,ING010,Cheese,4,5,0.0,3.78,0.18,0.169
R010,2025-02-07,ING001,Rice,12,3,1.62,4.79,0.65,0.31
R010,2025-02-07,ING002,Chicken,2,2,0.05,3.02,1.0,0.371
R010,2025-02-07,ING003,Paneer,3,4,3.97,5.52,0.89,0.206
R010,2025-02-07,ING004,Onion,5,7,2.18,5.15,0.87,0.3
R010,2025-02-07,ING005,Tomato,4,5,0.0,2.92,0.35,0.164
R010,2025-02-07,ING006,Oil,20,30,2.7,5.24,1.15,0.329
R010,2025-02-07,ING007,Flour,10,15,0.0,1.27,0.0,0.217
R010,2025-02-07,ING008,Bread,8,4,0.49,2.85,0.02,0.206
R010,2025-02-07,ING009,Lettuce,2,3,0.22,0.83,0.15,0.252
R010,2025-02-07,ING010,Cheese,4,5,2.43,2.88,0.48,0.287
R010,2025-02-08,ING001,Rice,12,3,0.6,1.03,0.0,0.032
R010,2025-02-08,ING002,Chicken,2,2,2.39,5.86,0.62,0.165
R010,2025-02-08,ING003,Paneer,3,4,1.52,4.1,0.82,0.129
R010,2025-02-08,ING004,Onion,5,7,3.16,3.45,0.77,0.157
R010,2025-02-08,ING005,Tomato,4,5,2.13,4.25,0.62,0.231
R010,2025-02-08,ING006,Oil,20,30,2.55,6.31,1.14,0.105
R010,2025-02-08,ING007,Flour,10,15,4.59,6.06,0.35,0.062
R010,2025-02-08,ING008,Bread,8,4,1.25,2.93,0.55,0.093
R010,2025-02-08,ING009,Lettuce,2,3,0.0,0.43,0.71,0.116
R010,2025-02-08,ING010,Cheese,4,5,0.44,3.01,0.15,0.073
R010,2025-02-09,ING001,Rice,12,3,2.42,4.63,0.47,0.169
R010,2025-02-09,ING002,Chicken,2,2,1.75,2.59,0.54,0.06
R010,2025-02-09,ING003,Paneer,3,4,2.7,4.59,0.91,0.16
R010,2025-02-09,ING004,Onion,5,7,0.93,4.01,0.55,0.181
R010,2025-02-09,ING005,Tomato,4,5,5.02,6.63,1.06,0.067
R010,2025-02-09,ING006,Oil,20,30,0.93,2.42,0.79,0.23
R010,2025-02-09,ING007,Flour,10,15,2.43,5.06,0.96,0.112
R010,2025-02-09,ING008,Bread,8,4,2.01,4.44,0.38,0.126
R010,2025-02-09,ING009,Lettuce,2,3,1.06,4.34,0.14,0.167
R010,2025-02-09,ING010,Cheese,4,5,3.14,5.04,0.67,0.239
R010,2025-02-10,ING001,Rice,12,3,1.76,4.13,0.66,0.192
R010,2025-02-10,ING002,Chicken,2,2,6.38,7.97,1.14,0.232
R010,2025-02-10,ING003,Paneer,3,4,1.29,3.79,0.44,0.309
R010,2025-02-10,ING004,Onion,5,7,1.85,1.96,0.17,0.239
R010,2025-02-10,ING005,Tomato,4,5,2.69,4.84,0.95,0.348
R010,2025-02-10,ING006,Oil,20,30,0.0,0.59,0.0,0.161
R010,2025-02-10,ING007,Flour,10,15,1.2,4.2,0.3,0.312
R010,2025-02-10,ING008,Bread,8,4,0.23,2.41,0.0,0.157
R010,2025-02-10,ING009,Lettuce,2,3,1.46,4.11,0.56,0.374
R010,2025-02-10,ING010,Cheese,4,5,0.0,2.17,0.8,0.27
R010,2025-02-11,ING001,Rice,12,3,1.97,4.07,0.68,0.074
R010,2025-02-11,ING002,Chicken,2,2,4.72,6.39,1.69,0.021
R010,2025-02-11,ING003,Paneer,3,4,0.0,3.31,0.52,0.021
R010,2025-02-11,ING004,Onion,5,7,1.12,4.37,0.78,0.225
R010,2025-02-11,ING005,Tomato,4,5,2.99,4.19,0.71,0.197
R010,2025-02-11,ING006,Oil,20,30,2.09,4.66,1.0,0.239
R010,2025-02-11,ING007,Flour,10,15,1.23,3.45,0.22,0.215
R010,2025-02-11,ING008,Bread,8,4,0.0,2.69,0.54,0.243
R010,2025-02-11,ING009,Lettuce,2,3,0.37,2.35,0.34,0.141
R010,2025-02-11,ING010,Cheese,4,5,1.21,3.52,0.11,0.209
R010,2025-02-12,ING001,Rice,12,3,2.6,6.24,0.48,0.332
R010,2025-02-12,ING002,Chicken,2,2,2.22,5.56,0.87,0.186
R010,2025-02-12,ING003,Paneer,3,4,1.83,3.98,0.33,0.165
R010,2025-02-12,ING004,Onion,5,7,2.6,3.53,0.29,0.313
R010,2025-02-12,ING005,Tomato,4,5,0.73,2.51,0.34,0.346
R010,2025-02-12,ING006,Oil,20,30,0.0,1.94,0.27,0.282
R010,2025-02-12,ING007,Flour,10,15,1.01,3.97,0.68,0.294
R010,2025-02-12,ING008,Bread,8,4,0.0,1.53,0.2,0.302
R010,2025-02-12,ING009,Lettuce,2,3,1.16,3.49,0.64,0.162
R010,2025-02-12,ING010,Cheese,4,5,3.48,6.18,1.33,0.381
R010,2025-02-13,ING001,Rice,12,3,0.37,1.55,0.01,0.139
R010,2025-02-13,ING002,Chicken,2,2,0.21,3.09,0.99,0.059
R010,2025-02-13,ING003,Paneer,3,4,1.58,1.97,0.0,0.062
R010,2025-02-13,ING004,Onion,5,7,1.25,4.31,0.58,0.192
R010,2025-02-13,ING005,Tomato,4,5,1.84,3.96,0.47,0.136
R010,2025-02-13,ING006,Oil,20,30,4.42,8.07,1.61,0.106
R010,2025-02-13,ING007,Flour,10,15,0.66,3.03,0.94,0.046
R010,2025-02-13,ING008,Bread,8,4,0.0,3.19,0.87,0.077
R010,2025-02-13,ING009,Lettuce,2,3,0.0,0.66,0.19,0.054
R010,2025-02-13,ING010,Cheese,4,5,1.29,3.94,0.82,0.041
R010,2025-02-14,ING001,Rice,12,3,0.47,2.97,0.64,0.379
R010,2025-02-14,ING002,Chicken,2,2,2.52,4.37,0.66,0.164
R010,2025-02-14,ING003,Paneer,3,4,0.96,4.89,0.84,0.208
R010,2025-02-14,ING004,Onion,5,7,0.95,4.17,0.67,0.308
R010,2025-02-14,ING005,Tomato,4,5,3.29,6.17,1.0,0.228
R010,2025-02-14,ING006,Oil,20,30,2.51,6.29,1.25,0.332
R010,2025-02-14,ING007,Flour,10,15,3.03,3.83,0.99,0.228
R010,2025-02-14,ING008,Bread,8,4,4.58,8.46,1.77,0.319
R010,2025-02-14,ING009,Lettuce,2,3,4.09,8.05,1.82,0.334
R010,2025-02-14,ING010,Cheese,4,5,2.32,2.37,0.47,0.36
R010,2025-02-15,ING001,Rice,12,3,2.21,2.77,0.61,0.043
R010,2025-02-15,ING002,Chicken,2,2,0.0,1.6,0.11,0.094
R010,2025-02-15,ING003,Paneer,3,4,2.49,6.21,1.1,0.091
R010,2025-02-15,ING004,Onion,5,7,2.81,6.65,1.05,0.038
R010,2025-02-15,ING005,Tomato,4,5,0.71,2.4,0.46,0.072
R010,2025-02-15,ING006,Oil,20,30,2.26,3.45,0.39,0.126
R010,2025-02-15,ING007,Flour,10,15,2.29,3.43,0.41,0.089
R010,2025-02-15,ING008,Bread,8,4,0.63,4.37,0.84,0.136
R010,2025-02-15,ING009,Lettuce,2,3,1.21,3.42,0.21,0.175
R010,2025-02-15,ING010,Cheese,4,5,1.34,3.85,0.31,0.201
R010,2025-02-16,ING001,Rice,12,3,1.15,1.16,0.0,0.006
R010,2025-02-16,ING002,Chicken,2,2,4.51,5.08,1.24,0.127
R010,2025-02-16,ING003,Paneer,3,4,1.13,1.44,0.37,0.186
R010,2025-02-16,ING004,Onion,5,7,3.55,4.28,1.04,0.236
R010,2025-02-16,ING005,Tomato,4,5,3.36,3.68,0.82,0.136
R010,2025-02-16,ING006,Oil,20,30,1.09,4.06,0.43,0.24
R010,2025-02-16,ING007,Flour,10,15,2.75,5.32,1.26,0.114
R010,2025-02-16,ING008,Bread,8,4,0.15,2.08,0.04,0.069
R010,2025-02-16,ING009,Lettuce,2,3,1.48,2.46,0.52,0.085
R010,2025-02-16,ING010,Cheese,4,5,2.82,6.77,1.23,0.128
R010,2025-02-17,ING001,Rice,12,3,3.82,6.24,0.82,0.003
R010,2025-02-17,ING002,Chicken,2,2,0.5,4.27,1.23,0.076
R010,2025-02-17,ING003,Paneer,3,4,0.0,0.38,0.2,0.089
R010,2025-02-17,ING004,Onion,5,7,3.61,3.87,0.8,0.096
R010,2025-02-17,ING005,Tomato,4,5,2.62,6.02,1.09,0.186
R010,2025-02-17,ING006,Oil,20,30,0.86,3.02,0.58,0.087
R010,2025-02-17,ING007,Flour,10,15,0.0,0.1,0.0,0.084
R010,2025-02-17,ING008,Bread,8,4,1.63,4.81,0.96,0.019
R010,2025-02-17,ING009,Lettuce,2,3,1.44,2.06,0.52,0.028
R010,2025-02-17,ING010,Cheese,4,5,0.0,1.55,0.0,0.149
R010,2025-02-18,ING001,Rice,12,3,2.17,5.33,0.99,0.26
R010,2025-02-18,ING002,Chicken,2,2,0.19,0.77,0.35,0.211
R010,2025-02-18,ING003,Paneer,3,4,0.0,1.65,0.0,0.355
R010,2025-02-18,ING004,Onion,5,7,1.92,3.55,0.53,0.375
R010,2025-02-18,ING005,Tomato,4,5,1.79,2.44,0.12,0.275
R010,2025-02-18,ING006,Oil,20,30,3.19,4.85,0.66,0.272
R010,2025-02-18,ING007,Flour,10,15,2.47,2.92,0.64,0.176
R010,2025-02-18,ING008,Bread,8,4,1.11,4.0,0.97,0.163
R010,2025-02-18,ING009,Lettuce,2,3,3.21,6.99,0.54,0.32
R010,2025-02-18,ING010,Cheese,4,5,2.4,6.18,1.69,0.295
R010,2025-02-19,ING001,Rice,12,3,4.86,8.55,1.52,0.391
R010,2025-02-19,ING002,Chicken,2,2,0.0,3.58,0.71,0.151
R010,2025-02-19,ING003,Paneer,3,4,0.68,2.96,0.7,0.161
R010,2025-02-19,ING004,Onion,5,7,0.64,2.66,0.15,0.384
R010,2025-02-19,ING005,Tomato,4,5,1.9,5.4,1.15,0.191
R010,2025-02-19,ING006,Oil,20,30,2.48,4.07,0.54,0.392
R010,2025-02-19,ING007,Flour,10,15,1.96,2.68,0.05,0.183
R010,2025-02-19,ING008,Bread,8,4,1.59,3.77,0.68,0.32
R010,2025-02-19,ING009,Lettuce,2,3,3.3,4.68,0.53,0.349
R010,2025-02-19,ING010,Cheese,4,5,0.56,2.01,0.3,0.19
R010,2025-02-20,ING001,Rice,12,3,2.17,2.26,0.19,0.13
R010,2025-02-20,ING002,Chicken,2,2,1.85,2.3,0.0,0.01
R010,2025-02-20,ING003,Paneer,3,4,1.61,2.24,0.44,0.164
R010,2025-02-20,ING004,Onion,5,7,2.11,3.84,0.25,0.223
R010,2025-02-20,ING005,Tomato,4,5,1.83,2.13,0.32,0.052
R010,2025-02-20,ING006,Oil,20,30,1.43,2.43,0.39,0.056
R010,2025-02-20,ING007,Flour,10,15,0.66,2.74,0.0,0.048
R010,2025-02-20,ING008,Bread,8,4,0.75,3.94,0.9,0.169
R010,2025-02-20,ING009,Lettuce,2,3,0.0,1.59,0.54,0.004
R010,2025-02-20,ING010,Cheese,4,5,1.32,3.64,0.0,0.063
R010,2025-02-21,ING001,Rice,12,3,0.98,3.39,0.24,0.29
R010,2025-02-21,ING002,Chicken,2,2,1.31,2.06,0.26,0.36
R010,2025-02-21,ING003,Paneer,3,4,0.27,1.28,0.0,0.305
R010,2025-02-21,ING004,Onion,5,7,1.66,2.02,0.13,0.159
R010,2025-02-21,ING005,Tomato,4,5,0.73,1.21,0.04,0.253
R010,2025-02-21,ING006,Oil,20,30,0.0,0.11,0.0,0.323
R010,2025-02-21,ING007,Flour,10,15,0.27,0.29,0.0,0.371
R010,2025-02-21,ING008,Bread,8,4,2.27,4.19,0.67,0.266
R010,2025-02-21,ING009,Lettuce,2,3,2.67,3.72,0.75,0.202
R010,2025-02-21,ING010,Cheese,4,5,0.0,2.74,0.23,0.285
R010,2025-02-22,ING001,Rice,12,3,2.42,6.12,0.93,0.223
R010,2025-02-22,ING002,Chicken,2,2,1.67,3.89,0.42,0.238
R010,2025-02-22,ING003,Paneer,3,4,2.59,4.55,0.35,0.326
R010,2025-02-22,ING004,Onion,5,7,0.86,3.21,0.99,0.152
R010,2025-02-22,ING005,Tomato,4,5,0.8,0.93,0.0,0.172
R010,2025-02-22,ING006,Oil,20,30,0.0,0.16,0.15,0.337
R010,2025-02-22,ING007,Flour,10,15,3.43,7.3,0.7,0.281
R010,2025-02-22,ING008,Bread,8,4,3.57,3.95,0.6,0.151
R010,2025-02-22,ING009,Lettuce,2,3,2.64,6.08,1.09,0.367
R010,2025-02-22,ING010,Cheese,4,5,2.74,3.21,0.51,0.392
R010,2025-02-23,ING001,Rice,12,3,2.1,4.92,0.18,0.067
R010,2025-02-23,ING002,Chicken,2,2,3.69,4.25,1.1,0.036
R010,2025-02-23,ING003,Paneer,3,4,2.11,3.67,0.31,0.058
R010,2025-02-23,ING004,Onion,5,7,2.85,3.41,0.37,0.183
R010,2025-02-23,ING005,Tomato,4,5,4.24,7.88,0.72,0.128
R010,2025-02-23,ING006,Oil,20,30,0.0,3.92,0.96,0.049
R010,2025-02-23,ING007,Flour,10,15,0.42,3.03,0.14,0.042
R010,2025-02-23,ING008,Bread,8,4,0.0,0.75,0.08,0.188
R010,2025-02-23,ING009,Lettuce,2,3,0.0,2.43,0.01,0.024
R010,2025-02-23,ING010,Cheese,4,5,1.16,1.23,0.05,0.024
R010,2025-02-24,ING001,Rice,12,3,2.31,3.79,0.14,0.011
R010,2025-02-24,ING002,Chicken,2,2,1.22,4.97,0.64,0.103
R010,2025-02-24,ING003,Paneer,3,4,2.39,5.95,0.88,0.087
R010,2025-02-24,ING004,Onion,5,7,2.83,4.44,0.28,0.042
R010,2025-02-24,ING005,Tomato,4,5,0.0,2.36,0.94,0.199
R010,2025-02-24,ING006,Oil,20,30,2.9,3.21,0.54,0.07
R010,2025-02-24,ING007,Flour,10,15,0.23,0.81,0.0,0.213
R010,2025-02-24,ING008,Bread,8,4,0.82,3.18,0.54,0.112
R010,2025-02-24,ING009,Lettuce,2,3,3.05,6.51,0.98,0.121
R010,2025-02-24,ING010,Cheese,4,5,0.0,2.53,0.4,0.174
R010,2025-02-25,ING001,Rice,12,3,0.0,0.99,0.05,0.215
R010,2025-02-25,ING002,Chicken,2,2,3.45,5.68,0.91,0.356
R010,2025-02-25,ING003,Paneer,3,4,0.0,2.42,0.53,0.392
R010,2025-02-25,ING004,Onion,5,7,1.68,3.34,0.11,0.362
R010,2025-02-25,ING005,Tomato,4,5,2.72,3.25,0.99,0.361
R010,2025-02-25,ING006,Oil,20,30,0.3,2.62,0.31,0.219
R010,2025-02-25,ING007,Flour,10,15,2.94,4.9,0.93,0.309
R010,2025-02-25,ING008,Bread,8,4,3.86,4.42,0.69,0.31
R010,2025-02-25,ING009,Lettuce,2,3,2.15,3.33,0.0,0.192
R010,2025-02-25,ING010,Cheese,4,5,1.95,1.98,0.59,0.288
R010,2025-02-26,ING001,Rice,12,3,0.64,1.59,0.0,0.316
R010,2025-02-26,ING002,Chicken,2,2,1.73,3.65,0.8,0.206
R010,2025-02-26,ING003,Paneer,3,4,1.41,1.63,0.03,0.19
R010,2025-02-26,ING004,Onion,5,7,2.17,5.83,1.25,0.175
R010,2025-02-26,ING005,Tomato,4,5,1.58,4.93,1.17,0.377
R010,2025-02-26,ING006,Oil,20,30,0.0,0.94,0.51,0.341
R010,2025-02-26,ING007,Flour,10,15,1.34,2.98,0.44,0.304
R010,2025-02-26,ING008,Bread,8,4,1.74,2.61,0.58,0.315
R010,2025-02-26,ING009,Lettuce,2,3,1.49,3.16,0.58,0.359
R010,2025-02-26,ING010,Cheese,4,5,1.98,3.41,0.68,0.387
R010,2025-02-27,ING001,Rice,12,3,0.91,3.8,1.0,0.194
R010,2025-02-27,ING002,Chicken,2,2,0.0,0.27,0.58,0.349
R010,2025-02-27,ING003,Paneer,3,4,2.13,5.23,0.93,0.215
R010,2025-02-27,ING004,Onion,5,7,0.0,4.0,0.98,0.336
R010,2025-02-27,ING005,Tomato,4,5,0.93,2.1,0.25,0.151
R010,2025-02-27,ING006,Oil,20,30,3.73,3.89,0.98,0.315
R010,2025-02-27,ING007,Flour,10,15,1.42,5.26,0.66,0.292
R010,2025-02-27,ING008,Bread,8,4,0.0,0.71,0.0,0.38
R010,2025-02-27,ING009,Lettuce,2,3,3.23,5.67,0.6,0.349
R010,2025-02-27,ING010,Cheese,4,5,1.85,4.85,0.62,0.25
R010,2025-02-28,ING001,Rice,12,3,0.0,2.6,0.14,0.207
R010,2025-02-28,ING002,Chicken,2,2,4.49,7.35,1.07,0.344
R010,2025-02-28,ING003,Paneer,3,4,0.0,2.43,0.56,0.291
R010,2025-02-28,ING004,Onion,5,7,0.32,3.29,0.43,0.366
R010,2025-02-28,ING005,Tomato,4,5,1.98,2.85,0.48,0.167
R010,2025-02-28,ING006,Oil,20,30,3.81,6.5,1.05,0.253
R010,2025-02-28,ING007,Flour,10,15,2.1,5.76,1.03,0.23
R010,2025-02-28,ING008,Bread,8,4,0.9,4.86,0.77,0.282
R010,2025-02-28,ING009,Lettuce,2,3,0.0,0.41,0.0,0.351
R010,2025-02-28,ING010,Cheese,4,5,0.0,3.27,0.83,0.166
R010,2025-03-01,ING001,Rice,12,3,0.32,3.18,0.37,0.182
R010,2025-03-01,ING002,Chicken,2,2,2.75,4.69,0.83,0.179
R010,2025-03-01,ING003,Paneer,3,4,0.0,3.54,0.92,0.273
R010,2025-03-01,ING004,Onion,5,7,3.15,6.44,0.89,0.316
R010,2025-03-01,ING005,Tomato,4,5,0.0,3.24,0.95,0.169
R010,2025-03-01,ING006,Oil,20,30,1.14,4.31,1.26,0.387
R010,2025-03-01,ING007,Flour,10,15,2.72,5.12,1.59,0.151
R010,2025-03-01,ING008,Bread,8,4,1.96,2.37,0.07,0.27
R010,2025-03-01,ING009,Lettuce,2,3,0.88,3.22,0.56,0.397
R010,2025-03-01,ING010,Cheese,4,5,0.75,2.18,0.0,0.155
R010,2025-03-02,ING001,Rice,12,3,1.76,5.71,0.85,0.251
R010,2025-03-02,ING002,Chicken,2,2,2.97,6.07,0.83,0.237
R010,2025-03-02,ING003,Paneer,3,4,1.0,1.87,0.77,0.35
R010,2025-03-02,ING004,Onion,5,7,0.24,2.88,0.13,0.389
R010,2025-03-02,ING005,Tomato,4,5,1.29,4.34,0.79,0.3
R010,2025-03-02,ING006,Oil,20,30,2.5,3.18,0.47,0.394
R010,2025-03-02,ING007,Flour,10,15,2.77,4.15,0.27,0.319
R010,2025-03-02,ING008,Bread,8,4,2.54,3.17,0.04,0.219
R010,2025-03-02,ING009,Lettuce,2,3,1.08,4.39,0.97,0.257
R010,2025-03-02,ING010,Cheese,4,5,0.93,0.96,0.07,0.23
R010,2025-03-03,ING001,Rice,12,3,1.78,2.52,0.19,0.224
R010,2025-03-03,ING002,Chicken,2,2,0.0,0.92,0.21,0.258
R010,2025-03-03,ING003,Paneer,3,4,1.26,1.67,0.0,0.367
R010,2025-03-03,ING004,Onion,5,7,3.38,5.61,0.95,0.275
R010,2025-03-03,ING005,Tomato,4,5,3.64,4.84,0.68,0.219
R010,2025-03-03,ING006,Oil,20,30,1.17,3.17,1.13,0.34
R010,2025-03-03,ING007,Flour,10,15,1.21,1.9,0.36,0.35
R010,2025-03-03,ING008,Bread,8,4,3.71,6.85,1.42,0.152
R010,2025-03-03,ING009,Lettuce,2,3,0.55,4.27,0.81,0.311
R010,2025-03-03,ING010,Cheese,4,5,1.17,3.31,0.34,0.21
R010,2025-03-04,ING001,Rice,12,3,0.34,1.39,0.0,0.246
R010,2025-03-04,ING002,Chicken,2,2,2.65,5.66,0.85,0.036
R010,2025-03-04,ING003,Paneer,3,4,1.98,5.89,0.56,0.236
R010,2025-03-04,ING004,Onion,5,7,0.21,1.72,0.01,0.064
R010,2025-03-04,ING005,Tomato,4,5,1.91,3.14,0.86,0.129
R010,2025-03-04,ING006,Oil,20,30,0.0,0.29,0.0,0.048
R010,2025-03-04,ING007,Flour,10,15,0.0,3.05,0.42,0.116
R010,2025-03-04,ING008,Bread,8,4,1.06,2.77,0.63,0.23
R010,2025-03-04,ING009,Lettuce,2,3,3.68,4.89,0.58,0.143
R010,2025-03-04,ING010,Cheese,4,5,2.42,6.18,0.4,0.012
R010,2025-03-05,ING001,Rice,12,3,1.85,4.57,0.85,0.235
R010,2025-03-05,ING002,Chicken,2,2,0.0,2.4,0.12,0.14
R010,2025-03-05,ING003,Paneer,3,4,2.57,5.67,0.71,0.139
R010,2025-03-05,ING004,Onion,5,7,1.82,3.16,0.71,0.11
R010,2025-03-05,ING005,Tomato,4,5,1.03,4.09,0.42,0.139
R010,2025-03-05,ING006,Oil,20,30,0.96,3.46,0.63,0.145
R010,2025-03-05,ING007,Flour,10,15,1.72,3.2,0.5,0.073
R010,2025-03-05,ING008,Bread,8,4,2.91,3.24,0.0,0.096
R010,2025-03-05,ING009,Lettuce,2,3,2.25,4.46,1.02,0.191
R010,2025-03-05,ING010,Cheese,4,5,1.73,2.12,0.68,0.087
R010,2025-03-06,ING001,Rice,12,3,1.7,4.08,1.13,0.089
R010,2025-03-06,ING002,Chicken,2,2,1.22,3.25,0.06,0.107
R010,2025-03-06,ING003,Paneer,3,4,4.52,4.67,0.67,0.04
R010,2025-03-06,ING004,Onion,5,7,1.02,1.06,0.15,0.031
R010,2025-03-06,ING005,Tomato,4,5,0.0,1.23,0.0,0.015
R010,2025-03-06,ING006,Oil,20,30,1.27,3.91,0.24,0.107
R010,2025-03-06,ING007,Flour,10,15,2.43,2.59,0.3,0.246
R010,2025-03-06,ING008,Bread,8,4,1.38,2.15,0.36,0.094
R010,2025-03-06,ING009,Lettuce,2,3,0.0,3.16,0.94,0.052
R010,2025-03-06,ING010,Cheese,4,5,0.68,0.98,0.0,0.106
R010,2025-03-07,ING001,Rice,12,3,0.8,2.53,0.85,0.251
R010,2025-03-07,ING002,Chicken,2,2,0.29,0.32,0.02,0.223
R010,2025-03-07,ING003,Paneer,3,4,1.53,2.56,0.25,0.292
R010,2025-03-07,ING004,Onion,5,7,2.02,2.35,0.0,0.168
R010,2025-03-07,ING005,Tomato,4,5,0.0,1.74,0.0,0.167
R010,2025-03-07,ING006,Oil,20,30,1.49,2.97,0.29,0.326
R010,2025-03-07,ING007,Flour,10,15,1.6,3.44,0.37,0.285
R010,2025-03-07,ING008,Bread,8,4,0.83,1.87,0.52,0.156
R010,2025-03-07,ING009,Lettuce,2,3,2.31,4.57,0.76,0.29
R010,2025-03-07,ING010,Cheese,4,5,3.62,5.33,0.79,0.388
R010,2025-03-08,ING001,Rice,12,3,1.28,3.78,0.57,0.015
R010,2025-03-08,ING002,Chicken,2,2,0.3,4.25,0.47,0.167
R010,2025-03-08,ING003,Paneer,3,4,2.24,2.52,0.11,0.231
R010,2025-03-08,ING004,Onion,5,7,2.06,5.63,0.87,0.249
R010,2025-03-08,ING005,Tomato,4,5,0.0,1.11,0.27,0.123
R010,2025-03-08,ING006,Oil,20,30,2.17,3.75,0.17,0.062
R010,2025-03-08,ING007,Flour,10,15,0.0,1.65,0.0,0.176
R010,2025-03-08,ING008,Bread,8,4,2.04,5.34,1.15,0.17
R010,2025-03-08,ING009,Lettuce,2,3,1.38,2.44,0.56,0.046
R010,2025-03-08,ING010,Cheese,4,5,4.04,7.71,1.11,0.131
R010,2025-03-09,ING001,Rice,12,3,0.49,1.12,0.02,0.229
R010,2025-03-09,ING002,Chicken,2,2,2.05,2.13,0.0,0.194
R010,2025-03-09,ING003,Paneer,3,4,0.52,4.32,0.22,0.3
R010,2025-03-09,ING004,Onion,5,7,1.6,5.44,0.62,0.273
R010,2025-03-09,ING005,Tomato,4,5,0.0,2.5,0.0,0.207
R010,2025-03-09,ING006,Oil,20,30,0.86,4.08,0.34,0.307
R010,2025-03-09,ING007,Flour,10,15,2.09,4.02,0.69,0.342
R010,2025-03-09,ING008,Bread,8,4,0.0,2.08,0.0,0.259
R010,2025-03-09,ING009,Lettuce,2,3,0.8,3.62,0.2,0.173
R010,2025-03-09,ING010,Cheese,4,5,0.0,1.49,0.17,0.363
R010,2025-03-10,ING001,Rice,12,3,0.0,2.67,0.32,0.052
R010,2025-03-10,ING002,Chicken,2,2,2.84,4.78,0.54,0.071
R010,2025-03-10,ING003,Paneer,3,4,3.36,4.54,0.5,0.171
R010,2025-03-10,ING004,Onion,5,7,2.45,3.93,0.15,0.136
R010,2025-03-10,ING005,Tomato,4,5,0.66,2.1,0.0,0.145
R010,2025-03-10,ING006,Oil,20,30,1.83,2.12,0.0,0.158
R010,2025-03-10,ING007,Flour,10,15,1.25,3.78,1.15,0.105
R010,2025-03-10,ING008,Bread,8,4,0.0,1.74,0.0,0.075
R010,2025-03-10,ING009,Lettuce,2,3,0.19,0.2,0.0,0.233
R010,2025-03-10,ING010,Cheese,4,5,0.0,1.22,0.0,0.16
R010,2025-03-11,ING001,Rice,12,3,3.41,4.77,0.98,0.22
R010,2025-03-11,ING002,Chicken,2,2,0.0,1.29,0.39,0.046
R010,2025-03-11,ING003,Paneer,3,4,0.0,3.08,0.54,0.232
R010,2025-03-11,ING004,Onion,5,7,0.0,3.19,0.42,0.1
R010,2025-03-11,ING005,Tomato,4,5,0.86,1.14,0.0,0.03
R010,2025-03-11,ING006,Oil,20,30,1.88,4.61,0.82,0.136
R010,2025-03-11,ING007,Flour,10,15,2.93,6.45,0.87,0.114
R010,2025-03-11,ING008,Bread,8,4,1.02,3.44,0.63,0.238
R010,2025-03-11,ING009,Lettuce,2,3,2.22,3.75,0.55,0.179
R010,2025-03-11,ING010,Cheese,4,5,0.0,2.6,0.65,0.1
R010,2025-03-12,ING001,Rice,12,3,1.48,3.12,0.8,0.03
R010,2025-03-12,ING002,Chicken,2,2,0.07,0.53,0.0,0.137
R010,2025-03-12,ING003,Paneer,3,4,0.0,3.9,0.35,0.008
R010,2025-03-12,ING004,Onion,5,7,0.22,1.3,0.42,0.148
R010,2025-03-12,ING005,Tomato,4,5,1.56,3.8,0.66,0.072
R010,2025-03-12,ING006,Oil,20,30,2.64,4.8,1.14,0.156
R010,2025-03-12,ING007,Flour,10,15,0.6,0.84,0.19,0.075
R010,2025-03-12,ING008,Bread,8,4,0.0,2.46,0.41,0.019
R010,2025-03-12,ING009,Lettuce,2,3,1.58,1.96,0.38,0.189
R010,2025-03-12,ING010,Cheese,4,5,2.48,5.77,1.13,0.167
R010,2025-03-13,ING001,Rice,12,3,1.65,2.97,0.52,0.144
R010,2025-03-13,ING002,Chicken,2,2,2.89,5.05,0.58,0.093
R010,2025-03-13,ING003,Paneer,3,4,2.43,5.24,1.24,0.108
R010,2025-03-13,ING004,Onion,5,7,1.45,3.03,0.3,0.126
R010,2025-03-13,ING005,Tomato,4,5,0.0,1.25,0.48,0.148
R010,2025-03-13,ING006,Oil,20,30,1.13,4.47,0.56,0.113
R010,2025-03-13,ING007,Flour,10,15,0.68,3.36,1.23,0.124
R010,2025-03-13,ING008,Bread,8,4,1.17,4.15,0.83,0.003
R010,2025-03-13,ING009,Lettuce,2,3,0.93,1.74,0.38,0.093
R010,2025-03-13,ING010,Cheese,4,5,0.0,1.98,0.33,0.098
R010,2025-03-14,ING001,Rice,12,3,0.0,0.83,0.14,0.22
R010,2025-03-14,ING002,Chicken,2,2,2.43,4.31,0.42,0.268
R010,2025-03-14,ING003,Paneer,3,4,0.35,0.75,0.32,0.302
R010,2025-03-14,ING004,Onion,5,7,0.78,3.95,0.31,0.385
R010,2025-03-14,ING005,Tomato,4,5,4.33,4.87,0.69,0.279
R010,2025-03-14,ING006,Oil,20,30,1.78,5.27,0.29,0.328
R010,2025-03-14,ING007,Flour,10,15,4.32,5.93,0.65,0.228
R010,2025-03-14,ING008,Bread,8,4,3.0,3.72,0.19,0.304
R010,2025-03-14,ING009,Lettuce,2,3,0.0,0.19,0.0,0.312
R010,2025-03-14,ING010,Cheese,4,5,3.3,3.68,0.8,0.33
R010,2025-03-15,ING001,Rice,12,3,3.71,6.98,1.42,0.209
R010,2025-03-15,ING002,Chicken,2,2,1.02,3.49,0.52,0.208
R010,2025-03-15,ING003,Paneer,3,4,3.59,5.74,0.74,0.015
R010,2025-03-15,ING004,Onion,5,7,3.12,6.82,0.87,0.162
R010,2025-03-15,ING005,Tomato,4,5,0.0,0.6,0.0,0.178
R010,2025-03-15,ING006,Oil,20,30,2.86,4.12,0.75,0.036
R010,2025-03-15,ING007,Flour,10,15,2.01,3.74,0.44,0.069
R010,2025-03-15,ING008,Bread,8,4,2.53,3.05,0.01,0.147
R010,2025-03-15,ING009,Lettuce,2,3,1.87,5.02,0.63,0.216
R010,2025-03-15,ING010,Cheese,4,5,1.34,3.93,0.95,0.227
R010,2025-03-16,ING001,Rice,12,3,0.5,2.77,0.15,0.15
R010,2025-03-16,ING002,Chicken,2,2,0.16,2.77,0.09,0.308
R010,2025-03-16,ING003,Paneer,3,4,0.57,2.6,0.27,0.205
R010,2025-03-16,ING004,Onion,5,7,0.93,3.72,0.51,0.197
R010,2025-03-16,ING005,Tomato,4,5,0.32,2.67,0.39,0.368
R010,2025-03-16,ING006,Oil,20,30,1.72,5.45,0.69,0.386
R010,2025-03-16,ING007,Flour,10,15,1.2,4.93,0.8,0.208
R010,2025-03-16,ING008,Bread,8,4,1.18,1.55,0.51,0.211
R010,2025-03-16,ING009,Lettuce,2,3,1.87,2.78,0.39,0.166
R010,2025-03-16,ING010,Cheese,4,5,0.0,1.69,0.24,0.294
R010,2025-03-17,ING001,Rice,12,3,2.97,5.07,0.73,0.15
R010,2025-03-17,ING002,Chicken,2,2,1.23,2.55,0.18,0.154
R010,2025-03-17,ING003,Paneer,3,4,0.88,1.67,0.45,0.231
R010,2025-03-17,ING004,Onion,5,7,0.0,2.87,0.88,0.22
R010,2025-03-17,ING005,Tomato,4,5,0.5,0.88,0.0,0.119
R010,2025-03-17,ING006,Oil,20,30,1.27,2.18,0.56,0.027
R010,2025-03-17,ING007,Flour,10,15,2.46,4.9,0.59,0.232
R010,2025-03-17,ING008,Bread,8,4,0.97,1.62,0.28,0.126
R010,2025-03-17,ING009,Lettuce,2,3,1.81,2.69,0.02,0.066
R010,2025-03-17,ING010,Cheese,4,5,0.66,2.25,0.32,0.233
R010,2025-03-18,ING001,Rice,12,3,0.0,0.18,0.0,0.17
R010,2025-03-18,ING002,Chicken,2,2,1.74,5.4,0.94,0.383
R010,2025-03-18,ING003,Paneer,3,4,3.5,7.02,1.06,0.359
R010,2025-03-18,ING004,Onion,5,7,1.84,2.03,0.14,0.152
R010,2025-03-18,ING005,Tomato,4,5,1.2,3.36,0.45,0.375
R010,2025-03-18,ING006,Oil,20,30,0.74,4.24,0.53,0.249
R010,2025-03-18,ING007,Flour,10,15,3.16,4.19,0.61,0.274
R010,2025-03-18,ING008,Bread,8,4,2.83,4.34,0.58,0.35
R010,2025-03-18,ING009,Lettuce,2,3,2.67,4.28,0.74,0.213
R010,2025-03-18,ING010,Cheese,4,5,3.24,7.15,1.47,0.299
R010,2025-03-19,ING001,Rice,12,3,0.0,3.79,0.56,0.253
R010,2025-03-19,ING002,Chicken,2,2,0.14,0.22,0.46,0.238
R010,2025-03-19,ING003,Paneer,3,4,0.0,1.76,0.02,0.257
R010,2025-03-19,ING004,Onion,5,7,0.85,0.96,0.29,0.341
R010,2025-03-19,ING005,Tomato,4,5,0.0,1.27,0.82,0.256
R010,2025-03-19,ING006,Oil,20,30,2.8,6.42,1.22,0.362
R010,2025-03-19,ING007,Flour,10,15,0.0,3.92,0.85,0.196
R010,2025-03-19,ING008,Bread,8,4,1.35,5.2,0.88,0.232
R010,2025-03-19,ING009,Lettuce,2,3,0.55,4.39,0.76,0.301
R010,2025-03-19,ING010,Cheese,4,5,3.97,5.74,0.71,0.156
R010,2025-03-20,ING001,Rice,12,3,1.25,2.51,0.2,0.167
R010,2025-03-20,ING002,Chicken,2,2,2.62,5.05,0.31,0.161
R010,2025-03-20,ING003,Paneer,3,4,4.18,6.13,0.0,0.097
R010,2025-03-20,ING004,Onion,5,7,1.57,3.87,0.53,0.228
R010,2025-03-20,ING005,Tomato,4,5,1.19,3.35,0.17,0.194
R010,2025-03-20,ING006,Oil,20,30,1.12,1.25,0.24,0.214
R010,2025-03-20,ING007,Flour,10,15,2.23,3.58,0.45,0.021
R010,2025-03-20,ING008,Bread,8,4,1.63,2.08,0.42,0.231
R010,2025-03-20,ING009,Lettuce,2,3,1.43,4.49,0.43,0.203
R010,2025-03-20,ING010,Cheese,4,5,0.0,0.17,0.23,0.01
R010,2025-03-21,ING001,Rice,12,3,1.33,1.78,0.09,0.231
R010,2025-03-21,ING002,Chicken,2,2,0.91,4.39,0.02,0.213
R010,2025-03-21,ING003,Paneer,3,4,1.02,3.73,0.48,0.181
R010,2025-03-21,ING004,Onion,5,7,1.66,2.43,0.2,0.02
R010,2025-03-21,ING005,Tomato,4,5,1.01,3.36,0.19,0.051
R010,2025-03-21,ING006,Oil,20,30,1.91,5.67,0.78,0.108
R010,2025-03-21,ING007,Flour,10,15,2.04,3.92,0.33,0.223
R010,2025-03-21,ING008,Bread,8,4,0.91,4.27,0.98,0.035
R010,2025-03-21,ING009,Lettuce,2,3,0.95,4.17,0.79,0.029
R010,2025-03-21,ING010,Cheese,4,5,0.2,1.14,0.0,0.102
R010,2025-03-22,ING001,Rice,12,3,1.34,2.66,0.23,0.304
R010,2025-03-22,ING002,Chicken,2,2,2.6,2.71,0.63,0.269
R010,2025-03-22,ING003,Paneer,3,4,3.17,5.68,0.69,0.254
R010,2025-03-22,ING004,Onion,5,7,1.85,4.13,0.32,0.314
R010,2025-03-22,ING005,Tomato,4,5,0.43,2.55,0.16,0.242
R010,2025-03-22,ING006,Oil,20,30,1.47,2.5,0.0,0.23
R010,2025-03-22,ING007,Flour,10,15,3.5,5.23,0.75,0.299
R010,2025-03-22,ING008,Bread,8,4,1.67,1.96,0.9,0.158
R010,2025-03-22,ING009,Lettuce,2,3,0.12,3.24,0.71,0.181
R010,2025-03-22,ING010,Cheese,4,5,3.46,6.58,1.04,0.303
R010,2025-03-23,ING001,Rice,12,3,0.31,1.64,0.07,0.333
R010,2025-03-23,ING002,Chicken,2,2,0.71,0.94,0.26,0.252
R010,2025-03-23,ING003,Paneer,3,4,0.0,0.71,0.15,0.246
R010,2025-03-23,ING004,Onion,5,7,1.1,2.92,0.32,0.293
R010,2025-03-23,ING005,Tomato,4,5,0.33,1.92,0.25,0.391
R010,2025-03-23,ING006,Oil,20,30,0.0,1.92,0.05,0.297
R010,2025-03-23,ING007,Flour,10,15,0.0,2.32,0.0,0.171
R010,2025-03-23,ING008,Bread,8,4,0.0,1.22,0.14,0.249
R010,2025-03-23,ING009,Lettuce,2,3,1.55,2.1,0.52,0.261
R010,2025-03-23,ING010,Cheese,4,5,0.0,2.37,0.23,0.25
R010,2025-03-24,ING001,Rice,12,3,0.09,2.38,0.09,0.162
R010,2025-03-24,ING002,Chicken,2,2,1.48,3.46,0.27,0.263
R010,2025-03-24,ING003,Paneer,3,4,3.12,6.38,0.82,0.288
R010,2025-03-24,ING004,Onion,5,7,0.0,2.56,0.64,0.245
R010,2025-03-24,ING005,Tomato,4,5,0.81,3.75,0.41,0.308
R010,2025-03-24,ING006,Oil,20,30,0.74,3.91,0.35,0.191
R010,2025-03-24,ING007,Flour,10,15,3.3,5.0,0.45,0.16
R010,2025-03-24,ING008,Bread,8,4,1.18,4.53,0.78,0.343
R010,2025-03-24,ING009,Lettuce,2,3,0.35,0.85,0.12,0.289
R010,2025-03-24,ING010,Cheese,4,5,1.5,3.41,0.74,0.376
R010,2025-03-25,ING001,Rice,12,3,0.0,0.61,0.2,0.313
R010,2025-03-25,ING002,Chicken,2,2,1.75,4.39,1.13,0.285
R010,2025-03-25,ING003,Paneer,3,4,0.0,1.75,0.0,0.22
R010,2025-03-25,ING004,Onion,5,7,3.52,4.62,0.91,0.383
R010,2025-03-25,ING005,Tomato,4,5,3.07,3.5,1.05,0.243
R010,2025-03-25,ING006,Oil,20,30,0.61,2.78,0.38,0.275
R010,2025-03-25,ING007,Flour,10,15,0.0,1.58,0.34,0.333
R010,2025-03-25,ING008,Bread,8,4,0.0,0.23,0.12,0.195
R010,2025-03-25,ING009,Lettuce,2,3,2.46,5.91,1.81,0.399
R010,2025-03-25,ING010,Cheese,4,5,0.0,1.85,0.5,0.284
R010,2025-03-26,ING001,Rice,12,3,0.0,2.18,0.27,0.174
R010,2025-03-26,ING002,Chicken,2,2,2.45,2.92,0.04,0.256
R010,2025-03-26,ING003,Paneer,3,4,1.32,2.54,0.55,0.318
R010,2025-03-26,ING004,Onion,5,7,0.18,1.3,0.29,0.265
R010,2025-03-26,ING005,Tomato,4,5,1.64,3.91,0.57,0.297
R010,2025-03-26,ING006,Oil,20,30,0.04,0.21,0.0,0.277
R010,2025-03-26,ING007,Flour,10,15,1.88,3.66,0.28,0.212
R010,2025-03-26,ING008,Bread,8,4,2.99,5.93,0.3,0.197
R010,2025-03-26,ING009,Lettuce,2,3,1.1,3.01,0.83,0.231
R010,2025-03-26,ING010,Cheese,4,5,0.48,3.89,0.71,0.324
R010,2025-03-27,ING001,Rice,12,3,0.0,1.14,0.71,0.364
R010,2025-03-27,ING002,Chicken,2,2,0.47,4.22,0.69,0.151
R010,2025-03-27,ING003,Paneer,3,4,0.0,1.2,0.54,0.218
R010,2025-03-27,ING004,Onion,5,7,0.82,1.88,0.01,0.351
R010,2025-03-27,ING005,Tomato,4,5,0.0,0.1,0.24,0.246
R010,2025-03-27,ING006,Oil,20,30,1.4,2.19,0.36,0.384
R010,2025-03-27,ING007,Flour,10,15,0.53,2.77,0.0,0.194
R010,2025-03-27,ING008,Bread,8,4,4.17,5.76,1.05,0.329
R010,2025-03-27,ING009,Lettuce,2,3,1.52,4.38,0.41,0.305
R010,2025-03-27,ING010,Cheese,4,5,0.77,4.35,0.82,0.375
R010,2025-03-28,ING001,Rice,12,3,2.62,2.83,0.37,0.064
R010,2025-03-28,ING002,Chicken,2,2,2.5,3.44,0.64,0.197
R010,2025-03-28,ING003,Paneer,3,4,1.09,3.54,0.59,0.164
R010,2025-03-28,ING004,Onion,5,7,1.74,3.27,0.3,0.09
R010,2025-03-28,ING005,Tomato,4,5,1.1,1.75,0.0,0.194
R010,2025-03-28,ING006,Oil,20,30,0.0,2.51,0.47,0.202
R010,2025-03-28,ING007,Flour,10,15,3.93,7.29,0.65,0.209
R010,2025-03-28,ING008,Bread,8,4,0.37,3.11,0.0,0.069
R010,2025-03-28,ING009,Lettuce,2,3,1.96,2.11,0.71,0.154
R010,2025-03-28,ING010,Cheese,4,5,1.32,1.59,0.5,0.176
R010,2025-03-29,ING001,Rice,12,3,0.0,2.4,0.36,0.16
R010,2025-03-29,ING002,Chicken,2,2,0.0,0.7,0.0,0.176
R010,2025-03-29,ING003,Paneer,3,4,0.16,2.2,0.61,0.236
R010,2025-03-29,ING004,Onion,5,7,2.41,5.88,0.94,0.202
R010,2025-03-29,ING005,Tomato,4,5,3.91,4.23,0.39,0.197
R010,2025-03-29,ING006,Oil,20,30,0.0,1.59,0.0,0.173
R010,2025-03-29,ING007,Flour,10,15,0.57,2.81,0.41,0.149
R010,2025-03-29,ING008,Bread,8,4,1.49,2.74,0.1,0.231
R010,2025-03-29,ING009,Lettuce,2,3,4.79,7.8,0.68,0.037
R010,2025-03-29,ING010,Cheese,4,5,1.11,1.95,0.0,0.141
R010,2025-03-30,ING001,Rice,12,3,1.29,2.92,0.3,0.217
R010,2025-03-30,ING002,Chicken,2,2,3.85,7.27,1.73,0.224
R010,2025-03-30,ING003,Paneer,3,4,1.87,2.59,0.65,0.125
R010,2025-03-30,ING004,Onion,5,7,3.06,4.66,1.35,0.116
R010,2025-03-30,ING005,Tomato,4,5,1.31,1.69,0.31,0.134
R010,2025-03-30,ING006,Oil,20,30,0.97,4.43,0.54,0.133
R010,2025-03-30,ING007,Flour,10,15,2.27,2.33,0.14,0.103
R010,2025-03-30,ING008,Bread,8,4,0.24,0.95,0.24,0.227
R010,2025-03-30,ING009,Lettuce,2,3,0.65,3.59,0.99,0.197
R010,2025-03-30,ING010,Cheese,4,5,0.28,3.32,0.38,0.24
R010,2025-03-31,ING001,Rice,12,3,0.0,0.44,0.0,0.125
R010,2025-03-31,ING002,Chicken,2,2,4.1,6.2,1.38,0.05
R010,2025-03-31,ING003,Paneer,3,4,3.45,4.37,0.66,0.187
R010,2025-03-31,ING004,Onion,5,7,0.0,3.05,0.25,0.067
R010,2025-03-31,ING005,Tomato,4,5,2.61,5.37,0.7,0.215
R010,2025-03-31,ING006,Oil,20,30,0.0,1.87,0.39,0.212
R010,2025-03-31,ING007,Flour,10,15,2.14,2.54,0.16,0.027
R010,2025-03-31,ING008,Bread,8,4,0.0,0.61,0.26,0.201
R010,2025-03-31,ING009,Lettuce,2,3,0.54,2.47,0.64,0.102
R010,2025-03-31,ING010,Cheese,4,5,0.24,2.68,1.19,0.147
